#include "disk_sfx_assets.h"

const uint8_t picocalc_disk_sfx_spin[] = {
    0x7f, 0x7e, 0x7f, 0x7f, 0x7f, 0x7e, 0x80, 0x7f, 0x7f, 0x7f, 0x7e, 0x7f,
    0x7e, 0x7e, 0x7e, 0x7e, 0x7e, 0x7f, 0x7f, 0x7e, 0x7e, 0x7e, 0x7e, 0x7e,
    0x7f, 0x7f, 0x7f, 0x80, 0x80, 0x80, 0x81, 0x80, 0x80, 0x81, 0x81, 0x81,
    0x81, 0x81, 0x81, 0x80, 0x81, 0x80, 0x80, 0x80, 0x7f, 0x80, 0x80, 0x80,
    0x80, 0x7f, 0x7f, 0x80, 0x7f, 0x7f, 0x80, 0x7e, 0x81, 0x7f, 0x80, 0x7f,
    0x7f, 0x81, 0x7e, 0x7f, 0x7e, 0x7f, 0x80, 0x7f, 0x7f, 0x7e, 0x7e, 0x80,
    0x7d, 0x80, 0x7f, 0x80, 0x80, 0x80, 0x80, 0x80, 0x81, 0x80, 0x80, 0x80,
    0x7f, 0x81, 0x80, 0x80, 0x7e, 0x80, 0x7f, 0x7f, 0x80, 0x7f, 0x7f, 0x80,
    0x80, 0x80, 0x7f, 0x80, 0x80, 0x80, 0x81, 0x80, 0x80, 0x80, 0x80, 0x7f,
    0x80, 0x7f, 0x7f, 0x7f, 0x80, 0x7f, 0x7f, 0x7e, 0x80, 0x7e, 0x80, 0x7f,
    0x7e, 0x80, 0x7f, 0x7f, 0x80, 0x7e, 0x80, 0x81, 0x7d, 0x80, 0x80, 0x7f,
    0x7e, 0x81, 0x7f, 0x7f, 0x80, 0x80, 0x81, 0x7f, 0x7f, 0x7f, 0x80, 0x7f,
    0x7e, 0x80, 0x7f, 0x80, 0x7f, 0x7f, 0x7f, 0x80, 0x7f, 0x7f, 0x7e, 0x7f,
    0x7f, 0x7f, 0x7e, 0x80, 0x7e, 0x7e, 0x80, 0x7f, 0x81, 0x7e, 0x7f, 0x81,
    0x7e, 0x81, 0x81, 0x80, 0x80, 0x80, 0x81, 0x80, 0x81, 0x80, 0x80, 0x7f,
    0x7f, 0x80, 0x80, 0x7e, 0x7e, 0x7f, 0x7f, 0x7e, 0x7e, 0x7f, 0x80, 0x7d,
    0x80, 0x7f, 0x81, 0x7f, 0x80, 0x80, 0x7f, 0x7f, 0x80, 0x80, 0x80, 0x80,
    0x80, 0x80, 0x80, 0x80, 0x80, 0x82, 0x81, 0x81, 0x81, 0x82, 0x80, 0x83,
    0x80, 0x82, 0x82, 0x81, 0x81, 0x81, 0x80, 0x80, 0x80, 0x80, 0x7f, 0x80,
    0x7f, 0x7f, 0x7e, 0x7e, 0x7f, 0x7e, 0x7e, 0x7e, 0x7e, 0x7e, 0x7d, 0x7e,
    0x7d, 0x7e, 0x7d, 0x7e, 0x7e, 0x7f, 0x7e, 0x7f, 0x7f, 0x80, 0x7f, 0x80,
    0x81, 0x80, 0x81, 0x81, 0x81, 0x82, 0x81, 0x82, 0x82, 0x81, 0x81, 0x81,
    0x82, 0x80, 0x81, 0x81, 0x80, 0x80, 0x7f, 0x80, 0x80, 0x7e, 0x7e, 0x7f,
    0x7e, 0x7e, 0x7e, 0x7e, 0x7d, 0x7d, 0x7d, 0x7e, 0x7e, 0x7d, 0x7e, 0x7e,
    0x7f, 0x7f, 0x7f, 0x7f, 0x7f, 0x80, 0x80, 0x80, 0x7f, 0x7f, 0x80, 0x80,
    0x80, 0x80, 0x81, 0x80, 0x80, 0x80, 0x80, 0x80, 0x80, 0x80, 0x81, 0x80,
    0x7f, 0x80, 0x80, 0x7f, 0x7f, 0x80, 0x7f, 0x80, 0x7f, 0x80, 0x7f, 0x80,
    0x80, 0x80, 0x80, 0x80, 0x81, 0x80, 0x80, 0x80, 0x80, 0x80, 0x81, 0x80,
    0x7f, 0x80, 0x80, 0x80, 0x80, 0x80, 0x80, 0x7f, 0x7f, 0x7f, 0x7f, 0x80,
    0x80, 0x7f, 0x7f, 0x7f, 0x7f, 0x7f, 0x7f, 0x7f, 0x7f, 0x7e, 0x7f, 0x7f,
    0x7f, 0x80, 0x7f, 0x7f, 0x7f, 0x81, 0x80, 0x80, 0x80, 0x80, 0x7f, 0x7f,
    0x7f, 0x80, 0x80, 0x80, 0x80, 0x80, 0x80, 0x80, 0x80, 0x81, 0x80, 0x80,
    0x81, 0x80, 0x80, 0x80, 0x7f, 0x7f, 0x7f, 0x7f, 0x7f, 0x7f, 0x7e, 0x7f,
    0x7e, 0x7e, 0x7e, 0x7f, 0x7e, 0x7f, 0x7f, 0x7f, 0x7e, 0x80, 0x80, 0x80,
    0x80, 0x7f, 0x7f, 0x7f, 0x80, 0x7f, 0x7f, 0x7f, 0x7e, 0x7f, 0x80, 0x7f,
    0x7f, 0x80, 0x80, 0x80, 0x80, 0x81, 0x80, 0x81, 0x80, 0x80, 0x81, 0x81,
    0x80, 0x80, 0x81, 0x7f, 0x80, 0x80, 0x80, 0x80, 0x80, 0x7f, 0x80, 0x7f,
    0x7f, 0x7f, 0x80, 0x80, 0x80, 0x80, 0x80, 0x80, 0x80, 0x80, 0x80, 0x80,
    0x80, 0x80, 0x80, 0x7f, 0x7f, 0x80, 0x7f, 0x80, 0x7f, 0x7f, 0x7f, 0x7f,
    0x7f, 0x7f, 0x7e, 0x7f, 0x7f, 0x7f, 0x7f, 0x7f, 0x7f, 0x7f, 0x7f, 0x7f,
    0x7f, 0x80, 0x7f, 0x80, 0x80, 0x80, 0x7f, 0x80, 0x7f, 0x7f, 0x7f, 0x80,
    0x7f, 0x7f, 0x80, 0x7f, 0x80, 0x80, 0x80, 0x80, 0x80, 0x80, 0x7f, 0x7f,
    0x7f, 0x7f, 0x7e, 0x7f, 0x7f, 0x7f, 0x7f, 0x7f, 0x7f, 0x7f, 0x7f, 0x7f,
    0x7e, 0x7f, 0x7f, 0x80, 0x7f, 0x80, 0x7f, 0x80, 0x7f, 0x7f, 0x80, 0x80,
    0x7f, 0x7e, 0x80, 0x7f, 0x7f, 0x7f, 0x7f, 0x7e, 0x7f, 0x7f, 0x7f, 0x80,
    0x80, 0x7f, 0x80, 0x7f, 0x7f, 0x80, 0x80, 0x7f, 0x7f, 0x80, 0x80, 0x7f,
    0x80, 0x80, 0x7f, 0x80, 0x80, 0x81, 0x81, 0x81, 0x80, 0x81, 0x81, 0x81,
    0x80, 0x81, 0x80, 0x80, 0x7f, 0x80, 0x7f, 0x7f, 0x7e, 0x7f, 0x7e, 0x7e,
    0x7e, 0x7f, 0x7f, 0x7e, 0x7e, 0x7e, 0x7e, 0x7e, 0x7f, 0x7f, 0x7f, 0x7f,
    0x7f, 0x80, 0x80, 0x80, 0x80, 0x7f, 0x80, 0x80, 0x80, 0x7f, 0x80, 0x81,
    0x80, 0x80, 0x81, 0x81, 0x80, 0x81, 0x81, 0x81, 0x81, 0x81, 0x81, 0x81,
    0x81, 0x81, 0x80, 0x80, 0x80, 0x80, 0x7f, 0x7f, 0x80, 0x7f, 0x7f, 0x7e,
    0x7f, 0x7f, 0x7e, 0x7f, 0x7f, 0x7f, 0x7f, 0x80, 0x80, 0x80, 0x7f, 0x80,
    0x7f, 0x80, 0x7f, 0x7f, 0x7f, 0x80, 0x7f, 0x80, 0x80, 0x80, 0x7f, 0x7f,
    0x80, 0x7f, 0x80, 0x80, 0x80, 0x80, 0x80, 0x80, 0x80, 0x7f, 0x7f, 0x80,
    0x7f, 0x7f, 0x7e, 0x80, 0x7e, 0x7f, 0x7f, 0x7e, 0x7f, 0x7f, 0x80, 0x80,
    0x80, 0x80, 0x80, 0x7f, 0x80, 0x80, 0x81, 0x7f, 0x7f, 0x7f, 0x7f, 0x80,
    0x80, 0x80, 0x7f, 0x7f, 0x7f, 0x7f, 0x7f, 0x7f, 0x80, 0x7e, 0x7f, 0x7f,
    0x7f, 0x7f, 0x7e, 0x7e, 0x80, 0x7f, 0x7f, 0x80, 0x80, 0x80, 0x80, 0x7f,
    0x80, 0x80, 0x80, 0x80, 0x80, 0x81, 0x80, 0x80, 0x80, 0x80, 0x80, 0x80,
    0x80, 0x80, 0x80, 0x81, 0x80, 0x81, 0x80, 0x80, 0x80, 0x81, 0x81, 0x80,
    0x80, 0x7f, 0x7f, 0x7f, 0x7e, 0x7f, 0x7e, 0x7e, 0x7e, 0x7f, 0x7e, 0x7e,
    0x7e, 0x7f, 0x7f, 0x7f, 0x7f, 0x80, 0x80, 0x7f, 0x7f, 0x7f, 0x80, 0x80,
    0x81, 0x80, 0x80, 0x80, 0x7f, 0x81, 0x7f, 0x81, 0x80, 0x80, 0x80, 0x80,
    0x81, 0x80, 0x81, 0x80, 0x81, 0x80, 0x81, 0x7f, 0x81, 0x80, 0x7f, 0x7f,
    0x7f, 0x7f, 0x80, 0x7f, 0x80, 0x7f, 0x7f, 0x80, 0x7f, 0x80, 0x80, 0x80,
    0x80, 0x7f, 0x80, 0x7f, 0x7f, 0x7f, 0x7f, 0x7f, 0x80, 0x7f, 0x7f, 0x7f,
    0x7f, 0x80, 0x7e, 0x80, 0x7f, 0x80, 0x7e, 0x7f, 0x7f, 0x7f, 0x7f, 0x7f,
    0x7f, 0x7f, 0x80, 0x7f, 0x80, 0x80, 0x80, 0x80, 0x7f, 0x7f, 0x80, 0x80,
    0x80, 0x7f, 0x7f, 0x7e, 0x7f, 0x7f, 0x7f, 0x7f, 0x7f, 0x7f, 0x7f, 0x81,
    0x80, 0x80, 0x80, 0x80, 0x80, 0x81, 0x81, 0x7f, 0x80, 0x7e, 0x80, 0x7f,
    0x80, 0x7f, 0x7f, 0x7d, 0x7f, 0x7f, 0x80, 0x80, 0x7e, 0x81, 0x7f, 0x80,
    0x80, 0x80, 0x80, 0x80, 0x81, 0x81, 0x81, 0x80, 0x80, 0x7f, 0x80, 0x7f,
    0x7f, 0x7f, 0x80, 0x7f, 0x7f, 0x7f, 0x7f, 0x7e, 0x7f, 0x80, 0x7f, 0x80,
    0x7f, 0x80, 0x7f, 0x80, 0x7f, 0x80, 0x80, 0x7f, 0x80, 0x80, 0x81, 0x80,
    0x81, 0x80, 0x80, 0x81, 0x80, 0x7f, 0x81, 0x80, 0x7e, 0x80, 0x80, 0x7f,
    0x7e, 0x7e, 0x7f, 0x7d, 0x7f, 0x7d, 0x7f, 0x7e, 0x7e, 0x7e, 0x7e, 0x7e,
    0x7e, 0x7e, 0x7f, 0x7e, 0x80, 0x7e, 0x80, 0x80, 0x7e, 0x80, 0x7e, 0x80,
    0x80, 0x80, 0x80, 0x80, 0x81, 0x80, 0x80, 0x81, 0x80, 0x81, 0x81, 0x81,
    0x80, 0x80, 0x80, 0x80, 0x80, 0x7f, 0x81, 0x80, 0x81, 0x80, 0x80, 0x80,
    0x7f, 0x7f, 0x7e, 0x80, 0x7f, 0x7e, 0x7e, 0x7e, 0x7d, 0x7e, 0x7e, 0x7f,
    0x7e, 0x7f, 0x7f, 0x80, 0x7f, 0x7f, 0x81, 0x80, 0x80, 0x81, 0x80, 0x7f,
    0x80, 0x80, 0x7f, 0x7f, 0x80, 0x80, 0x80, 0x80, 0x80, 0x80, 0x80, 0x80,
    0x81, 0x80, 0x80, 0x81, 0x80, 0x80, 0x80, 0x7f, 0x7f, 0x7f, 0x7f, 0x7f,
    0x7f, 0x7f, 0x7f, 0x7f, 0x7f, 0x80, 0x7f, 0x81, 0x80, 0x80, 0x80, 0x81,
    0x80, 0x80, 0x80, 0x80, 0x80, 0x80, 0x80, 0x7f, 0x80, 0x7f, 0x7f, 0x7f,
    0x80, 0x80, 0x80, 0x80, 0x7f, 0x80, 0x7f, 0x7f, 0x7f, 0x7f, 0x7e, 0x7e,
    0x7e, 0x7e, 0x7e, 0x7e, 0x7f, 0x7f, 0x7f, 0x7f, 0x80, 0x7f, 0x7f, 0x80,
    0x81, 0x80, 0x81, 0x81, 0x81, 0x81, 0x80, 0x80, 0x80, 0x80, 0x80, 0x80,
    0x80, 0x80, 0x80, 0x80, 0x80, 0x7f, 0x80, 0x7f, 0x80, 0x7f, 0x7f, 0x7f,
    0x7e, 0x7e, 0x7f, 0x7f, 0x7f, 0x7f, 0x7e, 0x7f, 0x80, 0x7f, 0x80, 0x80,
    0x80, 0x80, 0x80, 0x81, 0x80, 0x80, 0x80, 0x80, 0x80, 0x7f, 0x7f, 0x7f,
    0x7f, 0x7f, 0x7f, 0x7f, 0x7f, 0x80, 0x80, 0x7f, 0x80, 0x7f, 0x80, 0x80,
    0x80, 0x80, 0x80, 0x7f, 0x80, 0x80, 0x80, 0x7f, 0x7f, 0x7f, 0x7f, 0x7f,
    0x7e, 0x7f, 0x7f, 0x7f, 0x7f, 0x7f, 0x7f, 0x80, 0x80, 0x80, 0x7f, 0x7f,
    0x7f, 0x7f, 0x7f, 0x7f, 0x81, 0x80, 0x80, 0x7f, 0x80, 0x80, 0x7f, 0x7f,
    0x80, 0x80, 0x80, 0x80, 0x80, 0x7f, 0x7e, 0x7f, 0x7e, 0x80, 0x7e, 0x80,
    0x7f, 0x7f, 0x7f, 0x80, 0x7f, 0x7f, 0x80, 0x7f, 0x81, 0x80, 0x80, 0x7f,
    0x80, 0x7f, 0x81, 0x80, 0x80, 0x81, 0x80, 0x81, 0x7f, 0x81, 0x80, 0x80,
    0x81, 0x80, 0x81, 0x80, 0x80, 0x7f, 0x7f, 0x7f, 0x7f, 0x7e, 0x7f, 0x7e,
    0x7f, 0x7e, 0x7f, 0x7f, 0x80, 0x80, 0x80, 0x80, 0x80, 0x80, 0x7f, 0x7f,
    0x80, 0x7f, 0x7f, 0x7f, 0x7f, 0x7f, 0x7f, 0x7f, 0x7f, 0x7f, 0x7f, 0x7f,
    0x80, 0x80, 0x7f, 0x80, 0x7f, 0x80, 0x7f, 0x80, 0x80, 0x80, 0x7f, 0x7f,
    0x7f, 0x80, 0x7f, 0x81, 0x7f, 0x81, 0x80, 0x81, 0x80, 0x7f, 0x81, 0x7f,
    0x82, 0x7f, 0x82, 0x80, 0x81, 0x7f, 0x80, 0x7f, 0x7f, 0x7f, 0x80, 0x7f,
    0x7e, 0x7f, 0x7f, 0x7e, 0x7e, 0x7f, 0x7f, 0x7f, 0x80, 0x80, 0x7f, 0x7f,
    0x7f, 0x7f, 0x7f, 0x81, 0x7f, 0x80, 0x7f, 0x7f, 0x7f, 0x7f, 0x80, 0x80,
    0x80, 0x7f, 0x81, 0x7f, 0x81, 0x7f, 0x80, 0x80, 0x80, 0x81, 0x80, 0x81,
    0x80, 0x80, 0x81, 0x80, 0x81, 0x80, 0x7f, 0x80, 0x7f, 0x7f, 0x7f, 0x7f,
    0x7f, 0x7e, 0x7f, 0x7f, 0x7e, 0x7e, 0x7e, 0x7f, 0x7f, 0x7f, 0x7f, 0x7f,
    0x7f, 0x7f, 0x81, 0x80, 0x7f, 0x80, 0x80, 0x80, 0x81, 0x80, 0x80, 0x7f,
    0x7f, 0x7f, 0x80, 0x80, 0x80, 0x7f, 0x80, 0x7f, 0x80, 0x80, 0x7f, 0x7f,
    0x7f, 0x7f, 0x7f, 0x80, 0x7f, 0x80, 0x7f, 0x7f, 0x80, 0x80, 0x80, 0x7f,
    0x80, 0x7f, 0x80, 0x80, 0x80, 0x81, 0x80, 0x80, 0x81, 0x81, 0x81, 0x80,
    0x80, 0x80, 0x80, 0x80, 0x80, 0x80, 0x7f, 0x7f, 0x7f, 0x7f, 0x7f, 0x7f,
    0x7f, 0x7e, 0x7f, 0x7f, 0x7f, 0x7e, 0x7e, 0x7f, 0x7e, 0x7e, 0x7f, 0x7f,
    0x7f, 0x7e, 0x7f, 0x7f, 0x7f, 0x7f, 0x7f, 0x7f, 0x80, 0x7f, 0x80, 0x81,
    0x80, 0x81, 0x81, 0x80, 0x80, 0x80, 0x81, 0x81, 0x80, 0x81, 0x80, 0x81,
    0x7f, 0x81, 0x80, 0x81, 0x7f, 0x7f, 0x7f, 0x7f, 0x7f, 0x7e, 0x7f, 0x7e,
    0x7f, 0x7e, 0x7f, 0x7e, 0x7f, 0x7f, 0x7f, 0x7f, 0x80, 0x7f, 0x80, 0x80,
    0x7f, 0x80, 0x80, 0x80, 0x80, 0x80, 0x80, 0x80, 0x80, 0x80, 0x80, 0x80,
    0x7f, 0x80, 0x80, 0x80, 0x80, 0x81, 0x80, 0x80, 0x80, 0x80, 0x80, 0x80,
    0x7f, 0x80, 0x7f, 0x7e, 0x7f, 0x7f, 0x80, 0x7f, 0x80, 0x7f, 0x7f, 0x7f,
    0x7f, 0x80, 0x80, 0x80, 0x80, 0x80, 0x80, 0x80, 0x80, 0x80, 0x80, 0x80,
    0x80, 0x7f, 0x80, 0x7f, 0x80, 0x7f, 0x7f, 0x80, 0x80, 0x80, 0x80, 0x7f,
    0x7f, 0x7f, 0x7f, 0x7f, 0x7f, 0x7f, 0x7e, 0x7f, 0x7f, 0x7f, 0x7f, 0x7e,
    0x7f, 0x7f, 0x80, 0x80, 0x7f, 0x7f, 0x7f, 0x7f, 0x80, 0x80, 0x80, 0x80,
    0x80, 0x81, 0x81, 0x80, 0x80, 0x80, 0x80, 0x80, 0x80, 0x80, 0x7f, 0x80,
    0x7e, 0x7f, 0x7f, 0x7f, 0x7f, 0x7f, 0x7e, 0x7f, 0x7e, 0x7f, 0x7f, 0x80,
    0x80, 0x80, 0x80, 0x80, 0x80, 0x80, 0x80, 0x7f, 0x7f, 0x7f, 0x7f, 0x7f,
    0x7e, 0x7e, 0x7e, 0x7f, 0x7f, 0x7f, 0x7f, 0x7f, 0x7f, 0x7f, 0x80, 0x80,
    0x80, 0x7f, 0x80, 0x80, 0x80, 0x80, 0x7f, 0x7f, 0x80, 0x80, 0x80, 0x80,
    0x80, 0x7f, 0x80, 0x80, 0x80, 0x80, 0x80, 0x80, 0x81, 0x81, 0x80, 0x80,
    0x80, 0x80, 0x80, 0x80, 0x80, 0x80, 0x80, 0x7f, 0x7f, 0x7f, 0x7f, 0x7f,
    0x7f, 0x7f, 0x7f, 0x7f, 0x7e, 0x7f, 0x7f, 0x7f, 0x7e, 0x7f, 0x7e, 0x7e,
    0x7e, 0x7e, 0x7e, 0x7f, 0x7e, 0x7f, 0x7f, 0x80, 0x80, 0x80, 0x80, 0x80,
    0x80, 0x80, 0x81, 0x80, 0x80, 0x80, 0x80, 0x80, 0x80, 0x81, 0x80, 0x81,
    0x80, 0x80, 0x80, 0x80, 0x80, 0x7f, 0x7f, 0x7f, 0x7f, 0x7f, 0x7f, 0x7f,
    0x7f, 0x7f, 0x7e, 0x7f, 0x7f, 0x80, 0x80, 0x80, 0x80, 0x7f, 0x80, 0x7f,
    0x80, 0x80, 0x80, 0x80, 0x80, 0x80, 0x80, 0x80, 0x80, 0x80, 0x80, 0x80,
    0x7f, 0x7f, 0x80, 0x80, 0x81, 0x80, 0x80, 0x80, 0x7f, 0x80, 0x7f, 0x7f,
    0x80, 0x7f, 0x7f, 0x7f, 0x7f, 0x80, 0x7f, 0x7e, 0x80, 0x7e, 0x80, 0x7f,
    0x7f, 0x80, 0x80, 0x80, 0x7f, 0x80, 0x7f, 0x80, 0x81, 0x7f, 0x80, 0x7f,
    0x80, 0x7f, 0x80, 0x7f, 0x7f, 0x7f, 0x7f, 0x7f, 0x7f, 0x7e, 0x80, 0x7e,
    0x80, 0x7e, 0x7f, 0x7f, 0x7f, 0x80, 0x7e, 0x81, 0x7d, 0x80, 0x7e, 0x80,
    0x7f, 0x80, 0x7f, 0x7f, 0x80, 0x80, 0x80, 0x7f, 0x81, 0x80, 0x80, 0x80,
    0x81, 0x81, 0x7f, 0x80, 0x80, 0x80, 0x80, 0x80, 0x81, 0x7f, 0x80, 0x7f,
    0x80, 0x7f, 0x7f, 0x7e, 0x7f, 0x7f, 0x7e, 0x7f, 0x7e, 0x7f, 0x80, 0x7d,
    0x80, 0x7d, 0x81, 0x7f, 0x7e, 0x81, 0x7e, 0x80, 0x7e, 0x81, 0x80, 0x80,
    0x80, 0x80, 0x81, 0x80, 0x80, 0x80, 0x80, 0x80, 0x80, 0x80, 0x80, 0x80,
    0x80, 0x7f, 0x80, 0x80, 0x80, 0x7f, 0x7f, 0x7f, 0x7f, 0x80, 0x7f, 0x7f,
    0x80, 0x7f, 0x7f, 0x7f, 0x80, 0x7f, 0x80, 0x80, 0x81, 0x80, 0x7f, 0x7f,
    0x80, 0x80, 0x81, 0x81, 0x81, 0x80, 0x80, 0x81, 0x81, 0x80, 0x7f, 0x80,
    0x80, 0x7f, 0x80, 0x7f, 0x80, 0x7e, 0x7f, 0x7f, 0x7f, 0x7f, 0x7f, 0x7f,
    0x7f, 0x7f, 0x80, 0x7f, 0x7f, 0x7e, 0x7f, 0x7f, 0x7f, 0x80, 0x80, 0x7f,
    0x7f, 0x7f, 0x80, 0x7f, 0x80, 0x7f, 0x80, 0x7f, 0x80, 0x80, 0x80, 0x81,
    0x80, 0x80, 0x80, 0x81, 0x81, 0x7f, 0x81, 0x80, 0x80, 0x7f, 0x7f, 0x7f,
    0x7f, 0x7f, 0x7f, 0x7f, 0x7f, 0x7f, 0x7f, 0x7f, 0x7f, 0x7e, 0x80, 0x7e,
    0x80, 0x7f, 0x81, 0x7e, 0x80, 0x7f, 0x80, 0x7f, 0x80, 0x7f, 0x7e, 0x7f,
    0x7e, 0x80, 0x7e, 0x80, 0x7e, 0x7f, 0x7f, 0x7f, 0x81, 0x7f, 0x80, 0x81,
    0x80, 0x81, 0x80, 0x7f, 0x80, 0x80, 0x80, 0x7f, 0x7f, 0x7f, 0x7f, 0x80,
    0x7f, 0x81, 0x7e, 0x80, 0x7e, 0x80, 0x80, 0x80, 0x80, 0x7f, 0x80, 0x80,
    0x80, 0x80, 0x7f, 0x7f, 0x80, 0x7f, 0x80, 0x80, 0x7e, 0x7f, 0x7e, 0x80,
    0x7f, 0x7e, 0x80, 0x7f, 0x7f, 0x7d, 0x83, 0x7d, 0x7f, 0x7f, 0x81, 0x7d,
    0x81, 0x7f, 0x7f, 0x80, 0x80, 0x7e, 0x7f, 0x82, 0x7f, 0x7f, 0x7f, 0x80,
    0x7f, 0x80, 0x80, 0x80, 0x7f, 0x80, 0x80, 0x7e, 0x7f, 0x81, 0x80, 0x80,
    0x80, 0x81, 0x80, 0x7f, 0x7f, 0x7e, 0x7f, 0x7f, 0x7e, 0x81, 0x7d, 0x81,
    0x7f, 0x7f, 0x80, 0x7d, 0x81, 0x7f, 0x7f, 0x80, 0x7f, 0x7f, 0x7f, 0x7f,
    0x80, 0x81, 0x7e, 0x81, 0x7f, 0x80, 0x7f, 0x7f, 0x7f, 0x80, 0x7e, 0x7f,
    0x7f, 0x80, 0x80, 0x7f, 0x80, 0x7f, 0x80, 0x7f, 0x81, 0x80, 0x80, 0x7f,
    0x80, 0x7f, 0x80, 0x80, 0x80, 0x80, 0x80, 0x81, 0x80, 0x80, 0x80, 0x80,
    0x81, 0x81, 0x80, 0x81, 0x82, 0x80, 0x81, 0x80, 0x80, 0x80, 0x80, 0x7f,
    0x7f, 0x7f, 0x7f, 0x7e, 0x80, 0x7e, 0x7f, 0x7f, 0x7e, 0x7f, 0x7f, 0x7f,
    0x7f, 0x7f, 0x7e, 0x7f, 0x7f, 0x7f, 0x7f, 0x7f, 0x80, 0x7f, 0x80, 0x80,
    0x80, 0x80, 0x80, 0x81, 0x80, 0x81, 0x81, 0x81, 0x81, 0x82, 0x82, 0x81,
    0x81, 0x81, 0x81, 0x81, 0x81, 0x80, 0x80, 0x81, 0x80, 0x7f, 0x7f, 0x7e,
    0x7e, 0x7f, 0x7f, 0x7e, 0x7e, 0x7e, 0x7e, 0x7e, 0x7e, 0x7d, 0x7e, 0x7e,
    0x7f, 0x7f, 0x7f, 0x7f, 0x7f, 0x7f, 0x7f, 0x80, 0x7f, 0x80, 0x80, 0x7f,
    0x7f, 0x80, 0x80, 0x80, 0x81, 0x81, 0x80, 0x80, 0x80, 0x80, 0x80, 0x80,
    0x80, 0x80, 0x80, 0x80, 0x80, 0x80, 0x7f, 0x7f, 0x7f, 0x7f, 0x7f, 0x7f,
    0x7f, 0x7f, 0x7f, 0x80, 0x80, 0x80, 0x7f, 0x80, 0x80, 0x80, 0x80, 0x80,
    0x80, 0x80, 0x80, 0x7e, 0x80, 0x7f, 0x7f, 0x7f, 0x7f, 0x7f, 0x7f, 0x7f,
    0x7f, 0x80, 0x7f, 0x7e, 0x7f, 0x7f, 0x80, 0x7f, 0x80, 0x7f, 0x7f, 0x7f,
    0x7f, 0x7f, 0x7f, 0x7f, 0x7f, 0x80, 0x80, 0x80, 0x7f, 0x80, 0x80, 0x80,
    0x80, 0x80, 0x80, 0x80, 0x7f, 0x80, 0x80, 0x7f, 0x80, 0x80, 0x80, 0x80,
    0x80, 0x80, 0x80, 0x7f, 0x80, 0x80, 0x80, 0x7f, 0x7f, 0x7f, 0x7f, 0x7f,
    0x7f, 0x7e, 0x7f, 0x7f, 0x7f, 0x7e, 0x7f, 0x7f, 0x7e, 0x80, 0x80, 0x80,
    0x7f, 0x80, 0x7f, 0x80, 0x80, 0x80, 0x80, 0x80, 0x80, 0x80, 0x80, 0x7f,
    0x7f, 0x80, 0x7f, 0x80, 0x80, 0x80, 0x80, 0x80, 0x80, 0x7f, 0x80, 0x80,
    0x80, 0x80, 0x80, 0x80, 0x80, 0x7f, 0x7f, 0x7f, 0x7f, 0x7f, 0x80, 0x7f,
    0x7f, 0x80, 0x80, 0x80, 0x7f, 0x7f, 0x7f, 0x7f, 0x7f, 0x80, 0x80, 0x7f,
    0x7f, 0x80, 0x7f, 0x7f, 0x80, 0x80, 0x7f, 0x7f, 0x7f, 0x7f, 0x7f, 0x7f,
    0x7f, 0x7e, 0x7f, 0x7f, 0x7f, 0x7f, 0x7f, 0x7f, 0x7f, 0x7f, 0x80, 0x80,
    0x80, 0x7f, 0x7f, 0x80, 0x80, 0x80, 0x80, 0x80, 0x80, 0x80, 0x80, 0x7f,
    0x80, 0x80, 0x80, 0x80, 0x80, 0x80, 0x80, 0x80, 0x80, 0x81, 0x80, 0x81,
    0x80, 0x80, 0x80, 0x7f, 0x7f, 0x7f, 0x7f, 0x7f, 0x7f, 0x7f, 0x7f, 0x7f,
    0x7f, 0x7e, 0x7f, 0x80, 0x7f, 0x80, 0x7f, 0x7f, 0x80, 0x80, 0x80, 0x7f,
    0x80, 0x7f, 0x80, 0x80, 0x7f, 0x80, 0x80, 0x7f, 0x7e, 0x80, 0x7f, 0x7f,
    0x7f, 0x7f, 0x80, 0x80, 0x80, 0x7f, 0x80, 0x80, 0x80, 0x7f, 0x80, 0x7f,
    0x7f, 0x7f, 0x7f, 0x7f, 0x7f, 0x7f, 0x80, 0x7f, 0x80, 0x80, 0x80, 0x80,
    0x81, 0x81, 0x80, 0x80, 0x80, 0x7f, 0x7f, 0x80, 0x7f, 0x7f, 0x7e, 0x7f,
    0x7f, 0x7e, 0x7e, 0x7f, 0x7e, 0x7f, 0x7f, 0x7f, 0x80, 0x7e, 0x7f, 0x7f,
    0x7f, 0x7f, 0x80, 0x7f, 0x7f, 0x7f, 0x80, 0x80, 0x7f, 0x80, 0x81, 0x80,
    0x80, 0x81, 0x80, 0x81, 0x81, 0x80, 0x80, 0x80, 0x81, 0x81, 0x81, 0x81,
    0x81, 0x80, 0x81, 0x81, 0x81, 0x81, 0x80, 0x80, 0x7f, 0x80, 0x7f, 0x7e,
    0x7e, 0x7f, 0x7e, 0x7e, 0x7e, 0x7f, 0x7e, 0x7f, 0x7f, 0x7f, 0x7f, 0x7f,
    0x7f, 0x7f, 0x80, 0x80, 0x80, 0x7f, 0x80, 0x7f, 0x7f, 0x7f, 0x7f, 0x7f,
    0x80, 0x7f, 0x80, 0x7f, 0x80, 0x7f, 0x7f, 0x81, 0x80, 0x81, 0x80, 0x80,
    0x80, 0x81, 0x7f, 0x80, 0x80, 0x81, 0x7f, 0x7f, 0x7f, 0x7e, 0x7f, 0x7f,
    0x7f, 0x80, 0x80, 0x80, 0x80, 0x7f, 0x81, 0x80, 0x80, 0x80, 0x81, 0x80,
    0x7f, 0x7f, 0x80, 0x7f, 0x7f, 0x7f, 0x7f, 0x7f, 0x7f, 0x7e, 0x7f, 0x7e,
    0x7f, 0x7f, 0x7e, 0x7f, 0x7e, 0x7f, 0x7e, 0x7f, 0x7f, 0x7f, 0x7f, 0x7f,
    0x7f, 0x7f, 0x80, 0x80, 0x80, 0x80, 0x81, 0x80, 0x80, 0x81, 0x82, 0x81,
    0x80, 0x81, 0x80, 0x80, 0x80, 0x80, 0x80, 0x80, 0x81, 0x81, 0x80, 0x80,
    0x80, 0x81, 0x80, 0x81, 0x80, 0x7f, 0x7f, 0x7f, 0x7f, 0x7e, 0x7f, 0x7e,
    0x7f, 0x7f, 0x7e, 0x7e, 0x7e, 0x7e, 0x7f, 0x7f, 0x7f, 0x80, 0x7f, 0x7f,
    0x7f, 0x80, 0x80, 0x7f, 0x80, 0x80, 0x7f, 0x80, 0x7f, 0x7f, 0x80, 0x7f,
    0x80, 0x80, 0x80, 0x80, 0x80, 0x80, 0x80, 0x80, 0x7f, 0x7f, 0x7f, 0x80,
    0x7f, 0x80, 0x80, 0x7f, 0x80, 0x7f, 0x80, 0x80, 0x7f, 0x81, 0x80, 0x7f,
    0x80, 0x80, 0x80, 0x80, 0x80, 0x7f, 0x80, 0x80, 0x80, 0x7f, 0x7f, 0x7f,
    0x7f, 0x7f, 0x7f, 0x7e, 0x7f, 0x7f, 0x7f, 0x7f, 0x7f, 0x7f, 0x7f, 0x80,
    0x7f, 0x7f, 0x7f, 0x80, 0x7f, 0x7e, 0x7f, 0x7f, 0x7f, 0x7f, 0x7e, 0x80,
    0x7f, 0x80, 0x80, 0x80, 0x80, 0x80, 0x80, 0x7f, 0x80, 0x80, 0x7f, 0x80,
    0x7f, 0x7f, 0x80, 0x80, 0x80, 0x80, 0x81, 0x81, 0x80, 0x80, 0x81, 0x81,
    0x80, 0x7f, 0x7f, 0x80, 0x7f, 0x7f, 0x7e, 0x7f, 0x7f, 0x7e, 0x7e, 0x80,
    0x7f, 0x7f, 0x7f, 0x7e, 0x7f, 0x7f, 0x80, 0x7e, 0x80, 0x7f, 0x81, 0x7f,
    0x7f, 0x80, 0x7f, 0x7f, 0x7f, 0x80, 0x80, 0x80, 0x7f, 0x7f, 0x80, 0x7f,
    0x7f, 0x7f, 0x81, 0x80, 0x80, 0x80, 0x7f, 0x7f, 0x80, 0x80, 0x80, 0x81,
    0x80, 0x80, 0x80, 0x81, 0x80, 0x80, 0x80, 0x81, 0x80, 0x81, 0x80, 0x7f,
    0x80, 0x80, 0x80, 0x7f, 0x7f, 0x7d, 0x80, 0x7d, 0x7e, 0x7e, 0x7f, 0x7f,
    0x7f, 0x7e, 0x7e, 0x7e, 0x7f, 0x7d, 0x7e, 0x7e, 0x7f, 0x7f, 0x7e, 0x80,
    0x7d, 0x7f, 0x7e, 0x7f, 0x7f, 0x7e, 0x81, 0x80, 0x80, 0x80, 0x81, 0x80,
    0x81, 0x81, 0x81, 0x81, 0x81, 0x81, 0x81, 0x80, 0x81, 0x81, 0x81, 0x81,
    0x80, 0x81, 0x80, 0x80, 0x7f, 0x80, 0x80, 0x7f, 0x81, 0x7e, 0x80, 0x7e,
    0x7d, 0x7f, 0x7e, 0x7f, 0x7e, 0x7f, 0x7f, 0x7f, 0x80, 0x7f, 0x80, 0x80,
    0x80, 0x80, 0x80, 0x7f, 0x7f, 0x7f, 0x7f, 0x7e, 0x80, 0x7f, 0x7f, 0x7f,
    0x7f, 0x7f, 0x80, 0x80, 0x80, 0x80, 0x80, 0x80, 0x80, 0x80, 0x80, 0x80,
    0x7f, 0x80, 0x7f, 0x80, 0x80, 0x80, 0x7f, 0x80, 0x7f, 0x80, 0x80, 0x80,
    0x80, 0x80, 0x80, 0x81, 0x80, 0x81, 0x80, 0x81, 0x80, 0x80, 0x80, 0x80,
    0x80, 0x80, 0x7f, 0x80, 0x7f, 0x7f, 0x80, 0x7f, 0x80, 0x7f, 0x80, 0x7f,
    0x7f, 0x7f, 0x7f, 0x7e, 0x7f, 0x7e, 0x7f, 0x7e, 0x7f, 0x7e, 0x7f, 0x80,
    0x7f, 0x7e, 0x7f, 0x7f, 0x80, 0x7f, 0x80, 0x80, 0x80, 0x80, 0x80, 0x80,
    0x80, 0x81, 0x80, 0x80, 0x7f, 0x81, 0x80, 0x80, 0x81, 0x80, 0x80, 0x7f,
    0x7f, 0x80, 0x7f, 0x7e, 0x7f, 0x7e, 0x7f, 0x7e, 0x7f, 0x7f, 0x7e, 0x7f,
    0x80, 0x80, 0x7f, 0x80, 0x81, 0x80, 0x80, 0x81, 0x80, 0x7f, 0x80, 0x80,
    0x7f, 0x7e, 0x7f, 0x7e, 0x7e, 0x7e, 0x7e, 0x7e, 0x7f, 0x80, 0x80, 0x80,
    0x7f, 0x81, 0x80, 0x81, 0x80, 0x80, 0x81, 0x80, 0x80, 0x80, 0x80, 0x7f,
    0x7f, 0x80, 0x80, 0x80, 0x80, 0x7f, 0x7f, 0x80, 0x80, 0x80, 0x80, 0x80,
    0x80, 0x80, 0x80, 0x7f, 0x80, 0x7f, 0x80, 0x7f, 0x80, 0x7f, 0x7f, 0x7f,
    0x7f, 0x80, 0x7f, 0x80, 0x7f, 0x7f, 0x7f, 0x80, 0x7f, 0x7f, 0x7e, 0x7f,
    0x7f, 0x7f, 0x7f, 0x7e, 0x80, 0x7e, 0x80, 0x7e, 0x80, 0x7d, 0x81, 0x7f,
    0x80, 0x80, 0x7f, 0x81, 0x80, 0x80, 0x80, 0x81, 0x7f, 0x81, 0x80, 0x81,
    0x80, 0x7f, 0x81, 0x7f, 0x81, 0x7f, 0x80, 0x80, 0x7f, 0x7f, 0x7f, 0x7f,
    0x7f, 0x7f, 0x7f, 0x7e, 0x7f, 0x7e, 0x7f, 0x7f, 0x7f, 0x80, 0x7f, 0x80,
    0x80, 0x80, 0x7f, 0x7f, 0x7f, 0x80, 0x7f, 0x7f, 0x7f, 0x7f, 0x7f, 0x80,
    0x80, 0x80, 0x7f, 0x7f, 0x7f, 0x80, 0x80, 0x81, 0x7f, 0x80, 0x7f, 0x80,
    0x80, 0x80, 0x7f, 0x7f, 0x7f, 0x7f, 0x80, 0x7f, 0x80, 0x7f, 0x81, 0x7e,
    0x82, 0x7f, 0x81, 0x7f, 0x81, 0x80, 0x80, 0x81, 0x7f, 0x80, 0x7f, 0x80,
    0x80, 0x7f, 0x7f, 0x7f, 0x7e, 0x7e, 0x7e, 0x7f, 0x7e, 0x7e, 0x7e, 0x7f,
    0x7f, 0x80, 0x7e, 0x7e, 0x7f, 0x7f, 0x7f, 0x7f, 0x7f, 0x7e, 0x7f, 0x7f,
    0x80, 0x7e, 0x7f, 0x7e, 0x7f, 0x7f, 0x80, 0x80, 0x80, 0x80, 0x7f, 0x80,
    0x7f, 0x80, 0x81, 0x80, 0x81, 0x80, 0x80, 0x80, 0x81, 0x81, 0x80, 0x80,
    0x80, 0x80, 0x7f, 0x80, 0x7f, 0x80, 0x7f, 0x7f, 0x7f, 0x7f, 0x7f, 0x7e,
    0x7f, 0x7f, 0x7f, 0x7f, 0x7f, 0x80, 0x80, 0x80, 0x80, 0x80, 0x80, 0x7f,
    0x80, 0x80, 0x80, 0x80, 0x7f, 0x80, 0x7f, 0x80, 0x7f, 0x81, 0x80, 0x80,
    0x80, 0x80, 0x80, 0x80, 0x80, 0x7f, 0x80, 0x80, 0x80, 0x80, 0x80, 0x7f,
    0x80, 0x80, 0x80, 0x80, 0x80, 0x80, 0x7f, 0x80, 0x81, 0x80, 0x80, 0x81,
    0x81, 0x80, 0x80, 0x80, 0x80, 0x80, 0x7f, 0x80, 0x7f, 0x7f, 0x7e, 0x7f,
    0x7f, 0x7e, 0x7f, 0x7e, 0x7e, 0x7f, 0x7e, 0x7f, 0x7e, 0x7e, 0x7f, 0x7f,
    0x7f, 0x7f, 0x7f, 0x80, 0x7f, 0x7f, 0x7f, 0x7f, 0x80, 0x80, 0x81, 0x80,
    0x80, 0x80, 0x80, 0x80, 0x80, 0x80, 0x80, 0x7f, 0x80, 0x80, 0x80, 0x81,
    0x80, 0x81, 0x80, 0x81, 0x80, 0x81, 0x80, 0x7f, 0x80, 0x7f, 0x80, 0x7e,
    0x7f, 0x7e, 0x7e, 0x7e, 0x7f, 0x7e, 0x7f, 0x7e, 0x7e, 0x7f, 0x7f, 0x7f,
    0x80, 0x80, 0x80, 0x80, 0x80, 0x80, 0x80, 0x80, 0x80, 0x80, 0x80, 0x80,
    0x80, 0x80, 0x7f, 0x80, 0x80, 0x80, 0x80, 0x7f, 0x80, 0x7f, 0x80, 0x80,
    0x81, 0x80, 0x80, 0x80, 0x80, 0x80, 0x80, 0x80, 0x7f, 0x7f, 0x7f, 0x80,
    0x80, 0x7f, 0x80, 0x80, 0x80, 0x80, 0x80, 0x7f, 0x80, 0x80, 0x80, 0x80,
    0x80, 0x7f, 0x80, 0x80, 0x7f, 0x80, 0x7f, 0x7f, 0x7f, 0x7f, 0x7f, 0x7f,
    0x7f, 0x7f, 0x7f, 0x7f, 0x7f, 0x7f, 0x7f, 0x7f, 0x7f, 0x7f, 0x7f, 0x7f,
    0x7f, 0x7f, 0x7f, 0x7f, 0x7f, 0x80, 0x80, 0x7f, 0x80, 0x7f, 0x80, 0x7f,
    0x7f, 0x80, 0x7f, 0x80, 0x80, 0x80, 0x80, 0x80, 0x80, 0x80, 0x80, 0x80,
    0x80, 0x80, 0x80, 0x7f, 0x7f, 0x7e, 0x7f, 0x7e, 0x7e, 0x7e, 0x7e, 0x7e,
    0x7f, 0x7f, 0x7f, 0x7f, 0x7f, 0x7f, 0x7f, 0x80, 0x80, 0x7f, 0x7f, 0x7f,
    0x80, 0x7f, 0x7f, 0x7f, 0x7f, 0x7f, 0x7f, 0x7f, 0x7f, 0x7f, 0x7f, 0x7f,
    0x80, 0x80, 0x80, 0x81, 0x7f, 0x7f, 0x80, 0x80, 0x80, 0x80, 0x80, 0x80,
    0x80, 0x7f, 0x80, 0x80, 0x80, 0x80, 0x80, 0x80, 0x80, 0x81, 0x80, 0x80,
    0x80, 0x81, 0x80, 0x81, 0x80, 0x80, 0x81, 0x80, 0x81, 0x80, 0x80, 0x7f,
    0x7f, 0x80, 0x7f, 0x80, 0x7f, 0x7f, 0x7f, 0x7f, 0x7f, 0x7f, 0x7f, 0x7e,
    0x7f, 0x7e, 0x7f, 0x7f, 0x7f, 0x80, 0x7e, 0x7f, 0x7f, 0x7f, 0x7f, 0x7f,
    0x80, 0x80, 0x80, 0x80, 0x80, 0x80, 0x80, 0x80, 0x80, 0x80, 0x80, 0x81,
    0x80, 0x81, 0x80, 0x81, 0x80, 0x81, 0x80, 0x80, 0x80, 0x7f, 0x7f, 0x7f,
    0x7f, 0x7f, 0x7e, 0x7e, 0x7e, 0x7f, 0x7f, 0x7f, 0x7f, 0x7f, 0x80, 0x7f,
    0x80, 0x80, 0x80, 0x80, 0x80, 0x81, 0x7f, 0x81, 0x7f, 0x80, 0x7f, 0x80,
    0x80, 0x80, 0x80, 0x80, 0x80, 0x7f, 0x7f, 0x80, 0x80, 0x81, 0x80, 0x81,
    0x80, 0x80, 0x7f, 0x80, 0x7f, 0x81, 0x7f, 0x80, 0x7f, 0x7f, 0x80, 0x7f,
    0x80, 0x80, 0x7f, 0x80, 0x7f, 0x81, 0x80, 0x80, 0x7f, 0x80, 0x81, 0x7f,
    0x80, 0x80, 0x81, 0x80, 0x80, 0x80, 0x7f, 0x7e, 0x7e, 0x7f, 0x80, 0x7f,
    0x7f, 0x7f, 0x7e, 0x7f, 0x7e, 0x80, 0x7e, 0x7e, 0x7d, 0x80, 0x7e, 0x80,
    0x7e, 0x7f, 0x7f, 0x7e, 0x80, 0x7e, 0x80, 0x7f, 0x80, 0x7f, 0x81, 0x80,
    0x7f, 0x80, 0x80, 0x81, 0x80, 0x81, 0x82, 0x80, 0x80, 0x80, 0x81, 0x81,
    0x80, 0x80, 0x81, 0x7f, 0x80, 0x7f, 0x7f, 0x7f, 0x7e, 0x7f, 0x7d, 0x7e,
    0x7f, 0x7d, 0x7f, 0x7e, 0x7e, 0x7f, 0x7d, 0x80, 0x7d, 0x81, 0x7f, 0x7f,
    0x7f, 0x7f, 0x80, 0x7f, 0x80, 0x80, 0x80, 0x7f, 0x80, 0x80, 0x7f, 0x7f,
    0x80, 0x80, 0x80, 0x80, 0x80, 0x80, 0x80, 0x80, 0x81, 0x80, 0x80, 0x80,
    0x80, 0x7f, 0x7f, 0x80, 0x80, 0x80, 0x80, 0x81, 0x7f, 0x7f, 0x7f, 0x80,
    0x80, 0x80, 0x80, 0x80, 0x80, 0x80, 0x80, 0x80, 0x7f, 0x7f, 0x80, 0x80,
    0x80, 0x7f, 0x7f, 0x7d, 0x7e, 0x7f, 0x7e, 0x7f, 0x7e, 0x7e, 0x7e, 0x7e,
    0x7f, 0x7f, 0x7e, 0x80, 0x7f, 0x7f, 0x7f, 0x7f, 0x80, 0x7f, 0x7f, 0x7f,
    0x7f, 0x80, 0x80, 0x80, 0x7f, 0x80, 0x80, 0x80, 0x81, 0x80, 0x80, 0x80,
    0x81, 0x81, 0x81, 0x81, 0x80, 0x81, 0x81, 0x81, 0x81, 0x80, 0x80, 0x81,
    0x80, 0x80, 0x80, 0x80, 0x7f, 0x80, 0x7e, 0x80, 0x7e, 0x7f, 0x7e, 0x7e,
    0x7f, 0x7f, 0x7e, 0x80, 0x7e, 0x80, 0x7f, 0x80, 0x80, 0x7f, 0x81, 0x7e,
    0x80, 0x80, 0x7f, 0x80, 0x7e, 0x7f, 0x80, 0x7e, 0x81, 0x7d, 0x80, 0x7f,
    0x80, 0x80, 0x7f, 0x81, 0x80, 0x7f, 0x7f, 0x80, 0x80, 0x7f, 0x80, 0x7f,
    0x7f, 0x7f, 0x80, 0x80, 0x80, 0x80, 0x7f, 0x80, 0x80, 0x7f, 0x80, 0x7f,
    0x80, 0x81, 0x80, 0x81, 0x80, 0x81, 0x7f, 0x80, 0x7f, 0x80, 0x7f, 0x7f,
    0x7f, 0x7f, 0x7e, 0x7f, 0x7e, 0x7f, 0x7d, 0x7f, 0x7f, 0x7e, 0x7f, 0x7f,
    0x7f, 0x80, 0x7d, 0x80, 0x80, 0x7d, 0x80, 0x80, 0x7f, 0x7f, 0x81, 0x7f,
    0x80, 0x80, 0x80, 0x80, 0x7f, 0x7f, 0x80, 0x81, 0x81, 0x7f, 0x80, 0x80,
    0x81, 0x80, 0x80, 0x81, 0x81, 0x81, 0x80, 0x80, 0x80, 0x7f, 0x80, 0x7f,
    0x7f, 0x7f, 0x80, 0x80, 0x7f, 0x7f, 0x7f, 0x7f, 0x80, 0x7d, 0x7f, 0x80,
    0x7f, 0x7f, 0x7f, 0x7f, 0x7f, 0x7f, 0x80, 0x7e, 0x7f, 0x7e, 0x7f, 0x7f,
    0x7e, 0x7e, 0x7f, 0x7f, 0x7f, 0x7f, 0x7f, 0x80, 0x7e, 0x81, 0x7f, 0x80,
    0x80, 0x80, 0x80, 0x80, 0x7f, 0x80, 0x80, 0x80, 0x80, 0x80, 0x80, 0x80,
    0x81, 0x80, 0x80, 0x80, 0x80, 0x81, 0x81, 0x80, 0x82, 0x80, 0x81, 0x80,
    0x81, 0x80, 0x7f, 0x80, 0x80, 0x7f, 0x7f, 0x7e, 0x7f, 0x7f, 0x7e, 0x7e,
    0x7f, 0x7f, 0x7f, 0x7e, 0x7e, 0x7e, 0x7f, 0x7f, 0x7f, 0x7e, 0x7f, 0x7e,
    0x7f, 0x7f, 0x7f, 0x7f, 0x7f, 0x80, 0x80, 0x80, 0x80, 0x80, 0x80, 0x80,
    0x82, 0x81, 0x81, 0x81, 0x81, 0x81, 0x81, 0x81, 0x81, 0x80, 0x81, 0x81,
    0x81, 0x80, 0x80, 0x7f, 0x80, 0x7f, 0x7f, 0x7f, 0x7e, 0x7f, 0x7e, 0x7e,
    0x7e, 0x7e, 0x7f, 0x7e, 0x7f, 0x7f, 0x7f, 0x7f, 0x7f, 0x7e, 0x7f, 0x7f,
    0x80, 0x80, 0x80, 0x80, 0x7f, 0x80, 0x7f, 0x7f, 0x80, 0x80, 0x80, 0x80,
    0x80, 0x80, 0x80, 0x80, 0x80, 0x80, 0x80, 0x80, 0x80, 0x80, 0x80, 0x80,
    0x7f, 0x80, 0x80, 0x7f, 0x80, 0x7f, 0x80, 0x80, 0x80, 0x7f, 0x80, 0x80,
    0x80, 0x80, 0x80, 0x81, 0x7f, 0x80, 0x7f, 0x80, 0x7f, 0x7f, 0x7f, 0x7f,
    0x7f, 0x80, 0x7f, 0x7f, 0x7f, 0x7f, 0x7f, 0x7f, 0x7f, 0x7f, 0x7f, 0x7f,
    0x7f, 0x80, 0x7f, 0x7e, 0x7f, 0x7f, 0x7f, 0x7f, 0x7f, 0x7f, 0x80, 0x7f,
    0x7f, 0x7f, 0x80, 0x7f, 0x80, 0x80, 0x80, 0x80, 0x80, 0x80, 0x7f, 0x80,
    0x7f, 0x80, 0x80, 0x7f, 0x80, 0x80, 0x80, 0x80, 0x80, 0x7f, 0x80, 0x80,
    0x80, 0x7f, 0x7f, 0x7f, 0x7e, 0x7e, 0x7f, 0x7f, 0x7f, 0x7f, 0x7f, 0x7f,
    0x7f, 0x7f, 0x7f, 0x7f, 0x80, 0x7f, 0x80, 0x80, 0x80, 0x80, 0x7f, 0x7f,
    0x80, 0x80, 0x7f, 0x7f, 0x80, 0x7f, 0x7f, 0x80, 0x7f, 0x80, 0x7f, 0x7f,
    0x80, 0x80, 0x80, 0x7f, 0x80, 0x80, 0x80, 0x80, 0x80, 0x7f, 0x80, 0x80,
    0x7f, 0x80, 0x80, 0x81, 0x80, 0x80, 0x80, 0x80, 0x80, 0x80, 0x80, 0x80,
    0x80, 0x81, 0x80, 0x80, 0x7f, 0x7f, 0x7f, 0x7f, 0x80, 0x80, 0x7f, 0x80,
    0x7f, 0x7f, 0x7f, 0x7e, 0x7e, 0x7f, 0x7f, 0x7f, 0x7f, 0x7f, 0x7f, 0x7e,
    0x7e, 0x7e, 0x7f, 0x7f, 0x7f, 0x7f, 0x80, 0x80, 0x7f, 0x7f, 0x81, 0x80,
    0x81, 0x81, 0x80, 0x80, 0x80, 0x80, 0x80, 0x80, 0x80, 0x80, 0x80, 0x80,
    0x80, 0x81, 0x80, 0x80, 0x81, 0x80, 0x81, 0x80, 0x7f, 0x7f, 0x80, 0x7f,
    0x80, 0x7f, 0x7f, 0x80, 0x7f, 0x7f, 0x7f, 0x7f, 0x7f, 0x7f, 0x80, 0x7f,
    0x80, 0x80, 0x80, 0x80, 0x7f, 0x80, 0x80, 0x7f, 0x7f, 0x80, 0x7e, 0x7f,
    0x7f, 0x7f, 0x7f, 0x7f, 0x7f, 0x80, 0x7f, 0x80, 0x80, 0x80, 0x80, 0x80,
    0x80, 0x7f, 0x80, 0x80, 0x80, 0x7f, 0x7f, 0x80, 0x7f, 0x80, 0x80, 0x80,
    0x80, 0x80, 0x80, 0x80, 0x81, 0x81, 0x81, 0x81, 0x81, 0x80, 0x81, 0x80,
    0x80, 0x80, 0x80, 0x7f, 0x7f, 0x7f, 0x7e, 0x7e, 0x7e, 0x7e, 0x7f, 0x7f,
    0x7f, 0x7e, 0x7f, 0x7f, 0x7e, 0x80, 0x7f, 0x7f, 0x7f, 0x7f, 0x7f, 0x7f,
    0x80, 0x7f, 0x7f, 0x80, 0x80, 0x80, 0x80, 0x80, 0x80, 0x80, 0x80, 0x80,
    0x81, 0x81, 0x81, 0x81, 0x81, 0x80, 0x81, 0x81, 0x81, 0x81, 0x80, 0x80,
    0x80, 0x80, 0x80, 0x7f, 0x7e, 0x7f, 0x7f, 0x7f, 0x7f, 0x7f, 0x7e, 0x7e,
    0x7f, 0x7f, 0x7f, 0x7f, 0x7f, 0x7f, 0x7f, 0x7f, 0x7f, 0x7f, 0x7f, 0x7f,
    0x7f, 0x7f, 0x80, 0x7f, 0x7f, 0x7f, 0x7f, 0x7f, 0x7f, 0x7f, 0x7f, 0x81,
    0x80, 0x80, 0x80, 0x80, 0x80, 0x80, 0x80, 0x80, 0x7f, 0x80, 0x81, 0x7e,
    0x80, 0x7e, 0x80, 0x7f, 0x7f, 0x80, 0x80, 0x80, 0x7f, 0x80, 0x80, 0x80,
    0x80, 0x80, 0x80, 0x80, 0x80, 0x80, 0x7f, 0x7f, 0x7f, 0x7f, 0x7f, 0x7f,
    0x7f, 0x7e, 0x7f, 0x7f, 0x7f, 0x7f, 0x7e, 0x7f, 0x7f, 0x7f, 0x7e, 0x80,
    0x7e, 0x80, 0x7f, 0x7f, 0x7e, 0x7f, 0x7f, 0x7f, 0x7f, 0x80, 0x80, 0x80,
    0x80, 0x80, 0x80, 0x80, 0x80, 0x7f, 0x80, 0x80, 0x80, 0x80, 0x7f, 0x80,
    0x80, 0x80, 0x80, 0x81, 0x80, 0x80, 0x80, 0x80, 0x7f, 0x80, 0x7f, 0x7f,
    0x7f, 0x7e, 0x7e, 0x7f, 0x7e, 0x7f, 0x7f, 0x7e, 0x7e, 0x7e, 0x80, 0x7f,
    0x7e, 0x80, 0x7f, 0x7f, 0x7f, 0x80, 0x80, 0x7f, 0x7f, 0x7f, 0x80, 0x80,
    0x80, 0x7f, 0x80, 0x7e, 0x80, 0x80, 0x7f, 0x80, 0x80, 0x80, 0x80, 0x80,
    0x80, 0x80, 0x80, 0x80, 0x7f, 0x80, 0x7f, 0x80, 0x7f, 0x7f, 0x7f, 0x80,
    0x7f, 0x80, 0x80, 0x7f, 0x80, 0x80, 0x80, 0x80, 0x80, 0x80, 0x80, 0x80,
    0x80, 0x7f, 0x80, 0x80, 0x7f, 0x80, 0x7f, 0x80, 0x7f, 0x7f, 0x7f, 0x7f,
    0x7f, 0x7f, 0x80, 0x7e, 0x80, 0x7f, 0x80, 0x7f, 0x7f, 0x7e, 0x7f, 0x7f,
    0x7e, 0x80, 0x7e, 0x80, 0x7f, 0x80, 0x80, 0x80, 0x80, 0x80, 0x80, 0x80,
    0x80, 0x80, 0x80, 0x80, 0x7f, 0x80, 0x80, 0x7f, 0x81, 0x80, 0x80, 0x80,
    0x81, 0x80, 0x80, 0x80, 0x7f, 0x80, 0x7f, 0x80, 0x7f, 0x80, 0x7e, 0x7f,
    0x7e, 0x7e, 0x7e, 0x7f, 0x7f, 0x7e, 0x7f, 0x7e, 0x80, 0x7f, 0x80, 0x7f,
    0x80, 0x80, 0x7f, 0x81, 0x80, 0x7f, 0x7f, 0x7f, 0x7f, 0x7f, 0x7f, 0x80,
    0x7e, 0x7f, 0x7f, 0x80, 0x80, 0x7f, 0x81, 0x80, 0x80, 0x7f, 0x81, 0x7f,
    0x81, 0x7f, 0x81, 0x80, 0x80, 0x80, 0x81, 0x82, 0x81, 0x81, 0x82, 0x81,
    0x81, 0x81, 0x7f, 0x80, 0x81, 0x80, 0x80, 0x80, 0x7f, 0x7f, 0x7e, 0x7f,
    0x7e, 0x80, 0x7d, 0x7f, 0x7f, 0x7e, 0x7f, 0x7e, 0x7f, 0x7e, 0x7f, 0x7f,
    0x7d, 0x80, 0x7e, 0x7f, 0x7f, 0x7e, 0x7f, 0x7e, 0x7f, 0x7f, 0x80, 0x81,
    0x7e, 0x80, 0x7f, 0x81, 0x81, 0x80, 0x81, 0x80, 0x81, 0x81, 0x81, 0x80,
    0x80, 0x81, 0x7f, 0x81, 0x80, 0x80, 0x80, 0x7f, 0x80, 0x7f, 0x80, 0x7e,
    0x80, 0x7f, 0x7f, 0x80, 0x7e, 0x7e, 0x7e, 0x7e, 0x7f, 0x7e, 0x7f, 0x7f,
    0x80, 0x80, 0x7e, 0x80, 0x7f, 0x7f, 0x80, 0x7f, 0x7f, 0x7f, 0x7f, 0x7f,
    0x7f, 0x7f, 0x7f, 0x80, 0x80, 0x7f, 0x80, 0x80, 0x7f, 0x80, 0x80, 0x81,
    0x80, 0x80, 0x7f, 0x80, 0x80, 0x7f, 0x7f, 0x80, 0x7f, 0x7f, 0x80, 0x7f,
    0x80, 0x7f, 0x80, 0x80, 0x81, 0x81, 0x80, 0x80, 0x80, 0x80, 0x81, 0x80,
    0x7f, 0x7f, 0x7f, 0x80, 0x7f, 0x80, 0x7f, 0x7f, 0x7f, 0x7f, 0x7f, 0x80,
    0x80, 0x7e, 0x7f, 0x7f, 0x7e, 0x7f, 0x7f, 0x7f, 0x7f, 0x7f, 0x7f, 0x7f,
    0x7f, 0x7e, 0x7f, 0x7f, 0x80, 0x80, 0x80, 0x7f, 0x80, 0x81, 0x80, 0x81,
    0x80, 0x81, 0x80, 0x80, 0x80, 0x80, 0x80, 0x80, 0x80, 0x80, 0x81, 0x7f,
    0x80, 0x80, 0x80, 0x80, 0x7f, 0x7f, 0x7f, 0x7f, 0x7f, 0x7f, 0x7e, 0x7e,
    0x7f, 0x7e, 0x7f, 0x7f, 0x7f, 0x7f, 0x7f, 0x7f, 0x7f, 0x7f, 0x80, 0x7f,
    0x80, 0x80, 0x80, 0x80, 0x7f, 0x7f, 0x7f, 0x7f, 0x7e, 0x7e, 0x7e, 0x7e,
    0x7f, 0x7f, 0x7f, 0x80, 0x7f, 0x80, 0x7f, 0x80, 0x80, 0x80, 0x80, 0x81,
    0x80, 0x80, 0x7f, 0x80, 0x7f, 0x80, 0x80, 0x81, 0x80, 0x80, 0x80, 0x80,
    0x80, 0x80, 0x80, 0x80, 0x81, 0x80, 0x80, 0x80, 0x7f, 0x7f, 0x7f, 0x80,
    0x7f, 0x80, 0x80, 0x80, 0x80, 0x7f, 0x7f, 0x7f, 0x7f, 0x7f, 0x80, 0x80,
    0x7f, 0x7f, 0x7f, 0x7f, 0x7f, 0x7f, 0x81, 0x7e, 0x80, 0x7e, 0x80, 0x7f,
    0x80, 0x80, 0x7f, 0x81, 0x7f, 0x81, 0x80, 0x81, 0x80, 0x81, 0x80, 0x81,
    0x80, 0x80, 0x81, 0x7f, 0x81, 0x80, 0x81, 0x80, 0x80, 0x80, 0x7f, 0x7f,
    0x7f, 0x80, 0x7f, 0x7e, 0x7e, 0x7e, 0x7f, 0x7e, 0x7e, 0x7e, 0x7e, 0x7f,
    0x7f, 0x7f, 0x7f, 0x7f, 0x80, 0x80, 0x7f, 0x7f, 0x7f, 0x7f, 0x7f, 0x7f,
    0x7f, 0x7f, 0x7f, 0x7f, 0x7f, 0x80, 0x80, 0x7f, 0x80, 0x7f, 0x80, 0x80,
    0x80, 0x7f, 0x80, 0x80, 0x80, 0x7f, 0x80, 0x7f, 0x80, 0x7f, 0x80, 0x80,
    0x80, 0x7f, 0x81, 0x80, 0x81, 0x80, 0x7f, 0x81, 0x7f, 0x82, 0x7f, 0x81,
    0x80, 0x81, 0x7f, 0x7f, 0x7f, 0x7f, 0x7f, 0x7f, 0x7f, 0x7f, 0x80, 0x7f,
    0x7e, 0x7f, 0x7f, 0x7f, 0x7f, 0x7f, 0x7f, 0x7f, 0x7f, 0x7e, 0x7f, 0x7f,
    0x80, 0x7e, 0x7f, 0x7f, 0x7f, 0x80, 0x7f, 0x7f, 0x7f, 0x80, 0x7f, 0x80,
    0x7e, 0x81, 0x7f, 0x81, 0x80, 0x80, 0x80, 0x80, 0x80, 0x80, 0x80, 0x81,
    0x80, 0x81, 0x80, 0x81, 0x80, 0x80, 0x7f, 0x80, 0x7f, 0x80, 0x7f, 0x7f,
    0x7f, 0x7f, 0x7f, 0x7f, 0x7f, 0x7f, 0x7f, 0x7f, 0x7f, 0x7f, 0x80, 0x7f,
    0x7f, 0x80, 0x80, 0x80, 0x7f, 0x80, 0x7f, 0x80, 0x7f, 0x80, 0x7f, 0x7f,
    0x80, 0x7f, 0x7f, 0x7f, 0x80, 0x80, 0x80, 0x7f, 0x80, 0x7f, 0x80, 0x7f,
    0x7f, 0x7f, 0x80, 0x7f, 0x7f, 0x7f, 0x7f, 0x80, 0x7f, 0x80, 0x7f, 0x80,
    0x81, 0x80, 0x81, 0x80, 0x80, 0x80, 0x80, 0x81, 0x80, 0x81, 0x80, 0x80,
    0x80, 0x80, 0x80, 0x80, 0x7f, 0x7f, 0x7e, 0x7f, 0x80, 0x7f, 0x7e, 0x7f,
    0x7f, 0x7e, 0x7f, 0x7e, 0x7f, 0x7e, 0x7f, 0x7e, 0x7f, 0x7f, 0x7f, 0x7f,
    0x7e, 0x7f, 0x80, 0x7f, 0x7f, 0x80, 0x80, 0x81, 0x80, 0x80, 0x80, 0x80,
    0x80, 0x80, 0x81, 0x80, 0x81, 0x80, 0x81, 0x80, 0x81, 0x80, 0x81, 0x80,
    0x80, 0x7f, 0x7f, 0x7f, 0x7f, 0x7f, 0x7e, 0x7f, 0x7e, 0x7f, 0x7e, 0x7f,
    0x7e, 0x7f, 0x7f, 0x7f, 0x7f, 0x80, 0x80, 0x81, 0x80, 0x80, 0x80, 0x80,
    0x80, 0x80, 0x81, 0x80, 0x7f, 0x80, 0x80, 0x80, 0x80, 0x7f, 0x80, 0x80,
    0x80, 0x7f, 0x80, 0x7f, 0x7f, 0x80, 0x7f, 0x7f, 0x7f, 0x7f, 0x80, 0x7f,
    0x7f, 0x7f, 0x80, 0x80, 0x7e, 0x7f, 0x80, 0x7f, 0x80, 0x80, 0x81, 0x80,
    0x80, 0x80, 0x7f, 0x80, 0x7f, 0x7f, 0x80, 0x7f, 0x7f, 0x80, 0x7f, 0x7f,
    0x7f, 0x7f, 0x7f, 0x7f, 0x7f, 0x7f, 0x7f, 0x7f, 0x7f, 0x7f, 0x7f, 0x7f,
    0x7f, 0x7f, 0x80, 0x80, 0x7f, 0x7f, 0x7f, 0x80, 0x7f, 0x80, 0x80, 0x80,
    0x80, 0x80, 0x80, 0x80, 0x81, 0x80, 0x81, 0x80, 0x81, 0x80, 0x81, 0x80,
    0x80, 0x81, 0x80, 0x80, 0x80, 0x80, 0x7f, 0x7f, 0x80, 0x7e, 0x7f, 0x7f,
    0x7f, 0x7e, 0x7f, 0x7f, 0x7f, 0x7f, 0x80, 0x7f, 0x80, 0x7f, 0x7f, 0x80,
    0x80, 0x80, 0x7f, 0x80, 0x7f, 0x7f, 0x80, 0x7f, 0x7f, 0x7f, 0x7e, 0x7e,
    0x7f, 0x7f, 0x80, 0x7f, 0x80, 0x80, 0x7f, 0x80, 0x80, 0x81, 0x7f, 0x80,
    0x80, 0x80, 0x80, 0x7f, 0x7f, 0x7f, 0x7f, 0x80, 0x7f, 0x7f, 0x7f, 0x7f,
    0x80, 0x80, 0x80, 0x81, 0x80, 0x80, 0x80, 0x81, 0x80, 0x80, 0x80, 0x7f,
    0x80, 0x80, 0x80, 0x80, 0x7f, 0x7f, 0x7f, 0x80, 0x7f, 0x80, 0x7f, 0x7f,
    0x7f, 0x7f, 0x7f, 0x7e, 0x7e, 0x7f, 0x7f, 0x7f, 0x7f, 0x7f, 0x7f, 0x7e,
    0x7f, 0x7e, 0x80, 0x7e, 0x80, 0x80, 0x80, 0x80, 0x80, 0x80, 0x80, 0x80,
    0x81, 0x80, 0x80, 0x81, 0x80, 0x81, 0x80, 0x80, 0x81, 0x80, 0x80, 0x80,
    0x80, 0x80, 0x7f, 0x7f, 0x7f, 0x7f, 0x7f, 0x7e, 0x7f, 0x7f, 0x7f, 0x7e,
    0x7f, 0x7f, 0x7f, 0x7f, 0x7f, 0x7f, 0x7f, 0x80, 0x7f, 0x7f, 0x80, 0x7f,
    0x80, 0x7f, 0x80, 0x7f, 0x80, 0x7f, 0x7f, 0x80, 0x80, 0x80, 0x7f, 0x7f,
    0x7f, 0x80, 0x80, 0x80, 0x81, 0x7f, 0x80, 0x80, 0x80, 0x80, 0x7f, 0x7f,
    0x7f, 0x7f, 0x80, 0x81, 0x7e, 0x80, 0x7f, 0x80, 0x80, 0x80, 0x7f, 0x7f,
    0x80, 0x7f, 0x81, 0x80, 0x80, 0x80, 0x80, 0x80, 0x7f, 0x80, 0x7f, 0x80,
    0x7e, 0x80, 0x7f, 0x7f, 0x7f, 0x80, 0x7f, 0x80, 0x7f, 0x7f, 0x7e, 0x7f,
    0x7f, 0x7e, 0x80, 0x7e, 0x81, 0x7d, 0x80, 0x7e, 0x80, 0x7e, 0x7f, 0x80,
    0x80, 0x7f, 0x7f, 0x80, 0x7f, 0x81, 0x80, 0x81, 0x81, 0x81, 0x81, 0x80,
    0x81, 0x81, 0x80, 0x80, 0x80, 0x81, 0x80, 0x80, 0x7f, 0x80, 0x7f, 0x7f,
    0x7f, 0x7f, 0x7e, 0x7e, 0x7f, 0x7e, 0x7e, 0x80, 0x7d, 0x80, 0x7d, 0x80,
    0x7f, 0x7e, 0x81, 0x7e, 0x81, 0x7e, 0x81, 0x7f, 0x7f, 0x80, 0x80, 0x80,
    0x80, 0x80, 0x80, 0x80, 0x80, 0x80, 0x81, 0x81, 0x81, 0x80, 0x80, 0x80,
    0x80, 0x81, 0x80, 0x80, 0x80, 0x80, 0x80, 0x80, 0x80, 0x7f, 0x80, 0x80,
    0x80, 0x80, 0x80, 0x80, 0x7f, 0x80, 0x80, 0x80, 0x7f, 0x7f, 0x80, 0x80,
    0x80, 0x7f, 0x7f, 0x7f, 0x80, 0x80, 0x80, 0x7f, 0x7f, 0x80, 0x7f, 0x80,
    0x7f, 0x7f, 0x7e, 0x7f, 0x7f, 0x7e, 0x7f, 0x7e, 0x7f, 0x7f, 0x7e, 0x7f,
    0x7f, 0x7f, 0x7e, 0x7f, 0x7f, 0x7f, 0x7f, 0x80, 0x7f, 0x7f, 0x80, 0x80,
    0x80, 0x80, 0x7f, 0x80, 0x80, 0x81, 0x80, 0x80, 0x80, 0x80, 0x80, 0x80,
    0x80, 0x81, 0x80, 0x80, 0x80, 0x80, 0x7f, 0x7f, 0x7f, 0x7f, 0x7f, 0x7f,
    0x7f, 0x7f, 0x7f, 0x7f, 0x7e, 0x7f, 0x7e, 0x80, 0x7f, 0x80, 0x7f, 0x81,
    0x7f, 0x80, 0x7f, 0x81, 0x7f, 0x80, 0x7f, 0x7f, 0x80, 0x80, 0x80, 0x7e,
    0x80, 0x7f, 0x80, 0x7f, 0x80, 0x82, 0x80, 0x81, 0x81, 0x80, 0x80, 0x80,
    0x81, 0x80, 0x80, 0x81, 0x80, 0x80, 0x7f, 0x80, 0x80, 0x7f, 0x81, 0x7f,
    0x80, 0x7f, 0x7f, 0x80, 0x80, 0x80, 0x80, 0x7f, 0x80, 0x7f, 0x80, 0x7f,
    0x80, 0x81, 0x7f, 0x7f, 0x7f, 0x7f, 0x7f, 0x7e, 0x7f, 0x7e, 0x7d, 0x80,
    0x7f, 0x7e, 0x7d, 0x83, 0x7c, 0x7f, 0x7f, 0x81, 0x7c, 0x81, 0x7e, 0x80,
    0x80, 0x80, 0x7d, 0x7f, 0x82, 0x7f, 0x80, 0x7f, 0x81, 0x80, 0x80, 0x80,
    0x80, 0x80, 0x81, 0x80, 0x80, 0x81, 0x81, 0x80, 0x80, 0x80, 0x81, 0x80,
    0x80, 0x80, 0x7f, 0x7f, 0x7e, 0x7e, 0x81, 0x7d, 0x80, 0x7d, 0x7f, 0x7f,
    0x7d, 0x81, 0x7e, 0x7e, 0x80, 0x7e, 0x7e, 0x80, 0x7f, 0x80, 0x7f, 0x7e,
    0x81, 0x80, 0x7f, 0x7e, 0x7f, 0x7e, 0x7f, 0x7e, 0x7e, 0x7e, 0x7f, 0x80,
    0x7f, 0x81, 0x7f, 0x80, 0x7f, 0x81, 0x7f, 0x81, 0x7f, 0x80, 0x80, 0x80,
    0x80, 0x80, 0x80, 0x7f, 0x80, 0x81, 0x80, 0x80, 0x80, 0x80, 0x80, 0x81,
    0x80, 0x81, 0x7f, 0x81, 0x80, 0x81, 0x80, 0x80, 0x7f, 0x7f, 0x7f, 0x80,
    0x7e, 0x7f, 0x7e, 0x7f, 0x7f, 0x7e, 0x7f, 0x7e, 0x7f, 0x7e, 0x7f, 0x7e,
    0x7f, 0x7e, 0x7e, 0x7f, 0x7f, 0x7f, 0x7f, 0x7f, 0x7f, 0x80, 0x80, 0x80,
    0x80, 0x80, 0x81, 0x80, 0x81, 0x81, 0x81, 0x81, 0x81, 0x81, 0x80, 0x81,
    0x80, 0x81, 0x80, 0x80, 0x80, 0x7f, 0x80, 0x7f, 0x7f, 0x7e, 0x7f, 0x7e,
    0x7f, 0x7f, 0x7e, 0x7e, 0x7e, 0x7e, 0x7e, 0x7f, 0x7e, 0x7e, 0x7f, 0x7f,
    0x7f, 0x7e, 0x7f, 0x7f, 0x7f, 0x7f, 0x7f, 0x7f, 0x7f, 0x7f, 0x7f, 0x80,
    0x80, 0x80, 0x80, 0x80, 0x80, 0x80, 0x80, 0x80, 0x80, 0x80, 0x80, 0x80,
    0x80, 0x80, 0x7f, 0x7f, 0x7f, 0x80, 0x7f, 0x7f, 0x7f, 0x7f, 0x7f, 0x80,
    0x80, 0x7f, 0x80, 0x80, 0x80, 0x80, 0x80, 0x80, 0x80, 0x80, 0x80, 0x80,
    0x7f, 0x80, 0x7f, 0x7f, 0x7f, 0x7f, 0x7f, 0x7f, 0x7f, 0x7f, 0x7f, 0x7f,
    0x7f, 0x7f, 0x80, 0x7f, 0x7f, 0x7f, 0x7f, 0x7f, 0x7f, 0x7f, 0x7f, 0x7f,
    0x7f, 0x7f, 0x80, 0x80, 0x80, 0x80, 0x80, 0x80, 0x81, 0x81, 0x80, 0x80,
    0x80, 0x80, 0x81, 0x80, 0x80, 0x80, 0x80, 0x80, 0x80, 0x81, 0x80, 0x80,
    0x80, 0x81, 0x80, 0x80, 0x80, 0x7f, 0x7f, 0x7f, 0x7f, 0x80, 0x7f, 0x7e,
    0x7f, 0x7f, 0x7e, 0x7e, 0x7e, 0x7f, 0x7f, 0x7f, 0x7f, 0x7f, 0x80, 0x80,
    0x80, 0x80, 0x80, 0x80, 0x80, 0x7f, 0x80, 0x80, 0x80, 0x7f, 0x7f, 0x7f,
    0x80, 0x7f, 0x80, 0x80, 0x80, 0x81, 0x80, 0x80, 0x80, 0x80, 0x80, 0x80,
    0x80, 0x7f, 0x7f, 0x80, 0x7f, 0x7f, 0x7f, 0x80, 0x80, 0x80, 0x80, 0x80,
    0x80, 0x7f, 0x80, 0x80, 0x80, 0x7f, 0x80, 0x80, 0x80, 0x7f, 0x80, 0x7f,
    0x7f, 0x7f, 0x80, 0x80, 0x7f, 0x7f, 0x7f, 0x7f, 0x7f, 0x7f, 0x7e, 0x7f,
    0x7f, 0x7f, 0x7f, 0x7f, 0x7e, 0x7f, 0x7f, 0x7f, 0x7f, 0x80, 0x7f, 0x7f,
    0x7f, 0x80, 0x80, 0x80, 0x80, 0x80, 0x80, 0x80, 0x80, 0x7f, 0x80, 0x7f,
    0x7f, 0x80, 0x80, 0x80, 0x80, 0x81, 0x80, 0x80, 0x81, 0x80, 0x80, 0x80,
    0x80, 0x80, 0x7f, 0x7f, 0x7f, 0x7f, 0x7e, 0x7f, 0x7e, 0x7f, 0x7e, 0x7f,
    0x7f, 0x7e, 0x7f, 0x7f, 0x7f, 0x7f, 0x7f, 0x7f, 0x7f, 0x7f, 0x7f, 0x7f,
    0x7f, 0x7f, 0x7f, 0x7e, 0x7f, 0x7e, 0x7f, 0x7e, 0x7f, 0x7f, 0x7f, 0x7f,
    0x7f, 0x80, 0x80, 0x80, 0x81, 0x80, 0x7f, 0x80, 0x80, 0x80, 0x7f, 0x80,
    0x80, 0x80, 0x7f, 0x80, 0x80, 0x80, 0x80, 0x80, 0x80, 0x80, 0x81, 0x80,
    0x80, 0x80, 0x7f, 0x80, 0x7f, 0x7f, 0x80, 0x7f, 0x7f, 0x7f, 0x7e, 0x7f,
    0x7f, 0x7e, 0x7f, 0x80, 0x7f, 0x80, 0x7e, 0x7f, 0x7f, 0x7f, 0x7f, 0x7f,
    0x7f, 0x7f, 0x7f, 0x7f, 0x7f, 0x7f, 0x7f, 0x80, 0x80, 0x80, 0x80, 0x80,
    0x80, 0x81, 0x80, 0x80, 0x81, 0x81, 0x81, 0x81, 0x81, 0x80, 0x81, 0x81,
    0x81, 0x81, 0x80, 0x80, 0x80, 0x80, 0x80, 0x80, 0x7f, 0x7f, 0x7f, 0x7f,
    0x7f, 0x7e, 0x7f, 0x7e, 0x7f, 0x7f, 0x7f, 0x7f, 0x7f, 0x7f, 0x80, 0x80,
    0x80, 0x7f, 0x80, 0x7f, 0x7f, 0x7f, 0x7f, 0x7f, 0x7f, 0x7e, 0x7f, 0x7f,
    0x7e, 0x80, 0x80, 0x7f, 0x81, 0x80, 0x80, 0x80, 0x80, 0x80, 0x80, 0x80,
    0x80, 0x7f, 0x80, 0x7e, 0x7f, 0x7f, 0x7e, 0x7f, 0x7f, 0x7f, 0x7f, 0x80,
    0x80, 0x80, 0x80, 0x81, 0x80, 0x81, 0x80, 0x81, 0x81, 0x80, 0x7f, 0x80,
    0x80, 0x7f, 0x80, 0x7f, 0x7f, 0x7f, 0x7f, 0x7f, 0x7e, 0x7e, 0x7e, 0x7e,
    0x7f, 0x7e, 0x7e, 0x7f, 0x7f, 0x7f, 0x80, 0x7e, 0x7f, 0x7f, 0x7f, 0x7f,
    0x80, 0x7f, 0x80, 0x80, 0x80, 0x80, 0x80, 0x81, 0x80, 0x80, 0x81, 0x80,
    0x80, 0x80, 0x80, 0x80, 0x80, 0x80, 0x80, 0x80, 0x81, 0x81, 0x80, 0x80,
    0x80, 0x80, 0x7f, 0x7f, 0x7f, 0x7f, 0x7f, 0x7f, 0x7f, 0x7f, 0x7f, 0x7f,
    0x7f, 0x7e, 0x7e, 0x7f, 0x7e, 0x7f, 0x7f, 0x7f, 0x80, 0x7f, 0x80, 0x80,
    0x80, 0x7f, 0x80, 0x80, 0x80, 0x80, 0x7f, 0x80, 0x7f, 0x80, 0x80, 0x80,
    0x80, 0x7f, 0x80, 0x80, 0x80, 0x80, 0x7f, 0x7f, 0x7f, 0x7f, 0x80, 0x80,
    0x7f, 0x7f, 0x7f, 0x7f, 0x80, 0x7f, 0x81, 0x80, 0x7f, 0x81, 0x80, 0x80,
    0x80, 0x81, 0x80, 0x80, 0x80, 0x80, 0x80, 0x80, 0x7f, 0x7f, 0x80, 0x80,
    0x80, 0x7f, 0x7f, 0x7f, 0x7f, 0x7f, 0x7f, 0x80, 0x7f, 0x7f, 0x7f, 0x7e,
    0x7f, 0x7f, 0x7e, 0x7e, 0x7e, 0x7e, 0x7f, 0x7e, 0x7f, 0x7e, 0x80, 0x80,
    0x80, 0x80, 0x7f, 0x7f, 0x7f, 0x80, 0x80, 0x80, 0x80, 0x7f, 0x80, 0x80,
    0x80, 0x81, 0x80, 0x81, 0x81, 0x80, 0x81, 0x81, 0x81, 0x80, 0x7f, 0x80,
    0x81, 0x7f, 0x80, 0x7f, 0x7f, 0x7f, 0x7f, 0x7f, 0x80, 0x7e, 0x7f, 0x80,
    0x7f, 0x80, 0x7f, 0x80, 0x7f, 0x80, 0x7f, 0x80, 0x7f, 0x80, 0x80, 0x7e,
    0x7f, 0x7e, 0x7f, 0x80, 0x80, 0x7f, 0x7f, 0x80, 0x7e, 0x80, 0x7f, 0x80,
    0x7f, 0x80, 0x80, 0x7f, 0x80, 0x7f, 0x80, 0x7f, 0x81, 0x80, 0x81, 0x80,
    0x81, 0x80, 0x81, 0x80, 0x81, 0x80, 0x81, 0x80, 0x80, 0x7f, 0x7f, 0x80,
    0x7f, 0x7f, 0x7e, 0x7f, 0x7e, 0x7f, 0x7f, 0x7f, 0x7f, 0x7e, 0x7f, 0x7f,
    0x7f, 0x80, 0x7e, 0x7f, 0x7f, 0x7f, 0x80, 0x7d, 0x80, 0x7e, 0x7f, 0x7f,
    0x7f, 0x7f, 0x7e, 0x80, 0x7f, 0x7f, 0x80, 0x81, 0x80, 0x80, 0x81, 0x81,
    0x82, 0x80, 0x81, 0x80, 0x80, 0x80, 0x80, 0x81, 0x81, 0x80, 0x81, 0x80,
    0x80, 0x80, 0x80, 0x80, 0x80, 0x81, 0x7f, 0x80, 0x7e, 0x7f, 0x7f, 0x7e,
    0x7e, 0x7e, 0x7f, 0x7f, 0x7f, 0x80, 0x7f, 0x7f, 0x80, 0x7f, 0x80, 0x7f,
    0x7f, 0x7f, 0x7f, 0x7e, 0x7d, 0x7f, 0x7e, 0x7e, 0x7f, 0x7f, 0x7f, 0x80,
    0x7f, 0x80, 0x7f, 0x7f, 0x80, 0x80, 0x80, 0x7e, 0x80, 0x7f, 0x7f, 0x7e,
    0x7f, 0x7f, 0x7f, 0x7f, 0x80, 0x7f, 0x7f, 0x80, 0x80, 0x80, 0x80, 0x80,
    0x80, 0x80, 0x81, 0x80, 0x80, 0x80, 0x80, 0x80, 0x80, 0x80, 0x80, 0x7f,
    0x80, 0x7f, 0x7f, 0x80, 0x7f, 0x80, 0x7f, 0x80, 0x7f, 0x80, 0x7f, 0x7f,
    0x7f, 0x7f, 0x7f, 0x80, 0x7e, 0x80, 0x7f, 0x7f, 0x7f, 0x80, 0x80, 0x80,
    0x80, 0x81, 0x80, 0x81, 0x80, 0x80, 0x81, 0x80, 0x80, 0x81, 0x81, 0x80,
    0x81, 0x80, 0x80, 0x80, 0x80, 0x81, 0x7f, 0x7f, 0x7f, 0x7f, 0x7f, 0x7f,
    0x7f, 0x7e, 0x7f, 0x7e, 0x7e, 0x7e, 0x7f, 0x7f, 0x7e, 0x7f, 0x7f, 0x7f,
    0x7f, 0x7f, 0x7f, 0x80, 0x7f, 0x80, 0x7e, 0x80, 0x7f, 0x7f, 0x7f, 0x7e,
    0x7f, 0x7d, 0x7e, 0x7e, 0x7e, 0x7f, 0x7f, 0x7e, 0x7f, 0x7f, 0x80, 0x7f,
    0x80, 0x80, 0x80, 0x80, 0x80, 0x80, 0x80, 0x80, 0x80, 0x80, 0x80, 0x80,
    0x80, 0x80, 0x80, 0x81, 0x7f, 0x81, 0x80, 0x80, 0x80, 0x80, 0x80, 0x80,
    0x80, 0x80, 0x7f, 0x80, 0x80, 0x80, 0x80, 0x80, 0x7f, 0x80, 0x80, 0x80,
    0x80, 0x80, 0x80, 0x7f, 0x7f, 0x7f, 0x80, 0x7e, 0x7f, 0x7e, 0x7e, 0x7f,
    0x7e, 0x80, 0x7d, 0x80, 0x7e, 0x80, 0x7d, 0x80, 0x7f, 0x80, 0x80, 0x80,
    0x80, 0x7f, 0x80, 0x7f, 0x81, 0x7f, 0x81, 0x80, 0x80, 0x81, 0x7f, 0x81,
    0x7f, 0x81, 0x80, 0x80, 0x80, 0x80, 0x7f, 0x7f, 0x7f, 0x7f, 0x7e, 0x7f,
    0x7e, 0x7e, 0x7e, 0x7e, 0x7f, 0x7f, 0x80, 0x7f, 0x80, 0x80, 0x80, 0x80,
    0x80, 0x80, 0x80, 0x7f, 0x7f, 0x7f, 0x80, 0x7e, 0x80, 0x80, 0x80, 0x80,
    0x80, 0x80, 0x80, 0x80, 0x7f, 0x80, 0x80, 0x7f, 0x80, 0x80, 0x7f, 0x7f,
    0x80, 0x7f, 0x7f, 0x7f, 0x7f, 0x80, 0x7f, 0x81, 0x7e, 0x82, 0x7e, 0x81,
    0x80, 0x81, 0x80, 0x80, 0x81, 0x80, 0x81, 0x7f, 0x80, 0x7f, 0x7f, 0x80,
    0x7f, 0x7f, 0x7f, 0x7e, 0x7f, 0x80, 0x7f, 0x7f, 0x7f, 0x7f, 0x80, 0x7f,
    0x7f, 0x7f, 0x7f, 0x7f, 0x7f, 0x80, 0x7f, 0x7f, 0x7e, 0x80, 0x7f, 0x80,
    0x7f, 0x80, 0x80, 0x80, 0x7e, 0x7f, 0x80, 0x7f, 0x80, 0x7f, 0x80, 0x80,
    0x80, 0x80, 0x80, 0x80, 0x80, 0x80, 0x81, 0x80, 0x80, 0x7f, 0x7f, 0x7f,
    0x80, 0x7f, 0x7f, 0x7f, 0x7f, 0x7f, 0x7f, 0x7f, 0x7f, 0x7e, 0x7f, 0x7f,
    0x80, 0x7e, 0x80, 0x7f, 0x80, 0x80, 0x80, 0x80, 0x7f, 0x80, 0x80, 0x7f,
    0x7f, 0x7e, 0x80, 0x7f, 0x7f, 0x7f, 0x81, 0x7f, 0x81, 0x80, 0x80, 0x80,
    0x80, 0x81, 0x7f, 0x7f, 0x7f, 0x80, 0x7f, 0x7f, 0x80, 0x7f, 0x7f, 0x7f,
    0x80, 0x80, 0x80, 0x80, 0x80, 0x80, 0x80, 0x81, 0x81, 0x80, 0x7f, 0x80,
    0x80, 0x80, 0x80, 0x80, 0x80, 0x7f, 0x80, 0x80, 0x7f, 0x7f, 0x7f, 0x7f,
    0x7f, 0x7f, 0x80, 0x7e, 0x7e, 0x7f, 0x7f, 0x7f, 0x7f, 0x7f, 0x7f, 0x7e,
    0x7f, 0x7f, 0x7e, 0x7e, 0x7f, 0x80, 0x80, 0x80, 0x80, 0x80, 0x80, 0x80,
    0x80, 0x80, 0x80, 0x80, 0x80, 0x80, 0x81, 0x80, 0x80, 0x80, 0x80, 0x80,
    0x80, 0x80, 0x80, 0x80, 0x80, 0x80, 0x7f, 0x7f, 0x7e, 0x7f, 0x7e, 0x7e,
    0x7e, 0x7e, 0x7f, 0x7e, 0x7f, 0x7f, 0x7f, 0x7e, 0x7f, 0x80, 0x80, 0x80,
    0x80, 0x80, 0x80, 0x7f, 0x80, 0x7f, 0x7f, 0x7f, 0x7f, 0x7f, 0x80, 0x80,
    0x7f, 0x80, 0x7f, 0x7f, 0x7f, 0x80, 0x7f, 0x7f, 0x7f, 0x7f, 0x80, 0x7f,
    0x7f, 0x7f, 0x7f, 0x7f, 0x80, 0x80, 0x7e, 0x7f, 0x80, 0x80, 0x80, 0x80,
    0x80, 0x80, 0x80, 0x81, 0x80, 0x80, 0x80, 0x80, 0x81, 0x80, 0x80, 0x80,
    0x7f, 0x7f, 0x80, 0x80, 0x7f, 0x7f, 0x80, 0x7f, 0x7f, 0x80, 0x80, 0x7f,
    0x7f, 0x7f, 0x7f, 0x7f, 0x7f, 0x80, 0x7f, 0x80, 0x7f, 0x7f, 0x7f, 0x7f,
    0x80, 0x7f, 0x80, 0x80, 0x80, 0x80, 0x80, 0x80, 0x80, 0x80, 0x80, 0x81,
    0x81, 0x81, 0x81, 0x81, 0x81, 0x81, 0x81, 0x80, 0x7f, 0x80, 0x80, 0x80,
    0x7f, 0x7f, 0x7e, 0x7f, 0x7f, 0x7f, 0x7f, 0x7f, 0x7f, 0x7e, 0x7f, 0x80,
    0x80, 0x7f, 0x7f, 0x80, 0x7f, 0x80, 0x80, 0x7f, 0x7f, 0x7f, 0x7f, 0x80,
    0x7f, 0x7f, 0x7f, 0x7f, 0x7f, 0x80, 0x7f, 0x7f, 0x7f, 0x80, 0x80, 0x80,
    0x80, 0x80, 0x7f, 0x7f, 0x81, 0x7f, 0x7f, 0x7e, 0x7f, 0x7f, 0x7f, 0x7f,
    0x7f, 0x7f, 0x7f, 0x80, 0x80, 0x80, 0x80, 0x80, 0x81, 0x81, 0x80, 0x80,
    0x80, 0x80, 0x81, 0x80, 0x80, 0x81, 0x80, 0x80, 0x80, 0x80, 0x7f, 0x7f,
    0x7f, 0x7f, 0x80, 0x80, 0x7f, 0x7f, 0x7e, 0x7f, 0x7f, 0x7f, 0x7f, 0x7f,
    0x7e, 0x7e, 0x7f, 0x7e, 0x7e, 0x7f, 0x7e, 0x7f, 0x7f, 0x80, 0x7f, 0x80,
    0x7f, 0x80, 0x80, 0x80, 0x80, 0x80, 0x81, 0x80, 0x81, 0x80, 0x80, 0x80,
    0x81, 0x81, 0x81, 0x81, 0x80, 0x81, 0x80, 0x80, 0x7f, 0x7e, 0x7f, 0x7f,
    0x7f, 0x7e, 0x80, 0x7f, 0x7f, 0x7f, 0x7f, 0x7f, 0x7f, 0x7f, 0x7f, 0x7f,
    0x80, 0x7f, 0x80, 0x7f, 0x80, 0x7f, 0x7f, 0x7f, 0x80, 0x80, 0x80, 0x7f,
    0x80, 0x7f, 0x80, 0x7f, 0x7f, 0x80, 0x80, 0x80, 0x80, 0x80, 0x80, 0x80,
    0x80, 0x7f, 0x80, 0x80, 0x7f, 0x7f, 0x80, 0x80, 0x7f, 0x7f, 0x81, 0x7f,
    0x80, 0x7f, 0x81, 0x80, 0x80, 0x7f, 0x80, 0x81, 0x80, 0x80, 0x80, 0x80,
    0x80, 0x7f, 0x80, 0x7f, 0x7e, 0x7e, 0x7f, 0x80, 0x7f, 0x7f, 0x7f, 0x7f,
    0x7f, 0x7e, 0x80, 0x7e, 0x80, 0x7e, 0x7f, 0x7f, 0x80, 0x7f, 0x7e, 0x80,
    0x7e, 0x80, 0x7e, 0x80, 0x7f, 0x80, 0x7f, 0x80, 0x80, 0x7f, 0x81, 0x7f,
    0x81, 0x80, 0x80, 0x81, 0x80, 0x80, 0x7f, 0x81, 0x80, 0x80, 0x80, 0x80,
    0x7f, 0x7f, 0x7f, 0x7f, 0x80, 0x7e, 0x80, 0x7e, 0x7e, 0x80, 0x7e, 0x7f,
    0x7e, 0x7e, 0x80, 0x7d, 0x81, 0x7d, 0x80, 0x7f, 0x7f, 0x80, 0x7f, 0x81,
    0x7f, 0x81, 0x80, 0x81, 0x80, 0x81, 0x80, 0x7f, 0x80, 0x80, 0x81, 0x80,
    0x80, 0x80, 0x80, 0x80, 0x80, 0x80, 0x80, 0x80, 0x80, 0x80, 0x80, 0x80,
    0x80, 0x7f, 0x80, 0x80, 0x81, 0x80, 0x80, 0x80, 0x80, 0x80, 0x80, 0x80,
    0x7f, 0x7f, 0x80, 0x80, 0x80, 0x7f, 0x7f, 0x80, 0x7f, 0x80, 0x7f, 0x80,
    0x7f, 0x7f, 0x7f, 0x7e, 0x7f, 0x7e, 0x7f, 0x7e, 0x7e, 0x7e, 0x7f, 0x7e,
    0x80, 0x7e, 0x7f, 0x7e, 0x7e, 0x7f, 0x7f, 0x7f, 0x80, 0x7f, 0x7f, 0x80,
    0x80, 0x7f, 0x81, 0x80, 0x81, 0x80, 0x81, 0x81, 0x80, 0x80, 0x80, 0x81,
    0x80, 0x80, 0x81, 0x80, 0x81, 0x81, 0x80, 0x80, 0x81, 0x80, 0x7f, 0x7f,
    0x7f, 0x7f, 0x7f, 0x7e, 0x80, 0x7f, 0x7f, 0x7e, 0x7f, 0x7f, 0x7e, 0x7e,
    0x7f, 0x7e, 0x80, 0x7e, 0x7f, 0x7f, 0x7f, 0x80, 0x7e, 0x7f, 0x7f, 0x7f,
    0x80, 0x7e, 0x7f, 0x80, 0x7d, 0x81, 0x7e, 0x80, 0x7f, 0x80, 0x80, 0x80,
    0x81, 0x81, 0x80, 0x80, 0x7f, 0x80, 0x80, 0x80, 0x7f, 0x7f, 0x7f, 0x7f,
    0x7f, 0x80, 0x7f, 0x80, 0x7f, 0x80, 0x7f, 0x80, 0x80, 0x80, 0x80, 0x7f,
    0x81, 0x80, 0x80, 0x80, 0x80, 0x7f, 0x80, 0x80, 0x80, 0x7f, 0x7f, 0x7f,
    0x7f, 0x7e, 0x7f, 0x7e, 0x80, 0x80, 0x7e, 0x7d, 0x82, 0x7d, 0x81, 0x7d,
    0x80, 0x80, 0x7d, 0x80, 0x80, 0x7f, 0x7e, 0x81, 0x7e, 0x80, 0x80, 0x80,
    0x80, 0x7f, 0x80, 0x80, 0x81, 0x80, 0x7e, 0x81, 0x80, 0x81, 0x80, 0x81,
    0x80, 0x81, 0x80, 0x80, 0x7f, 0x80, 0x80, 0x7f, 0x80, 0x80, 0x7d, 0x80,
    0x7e, 0x7f, 0x7f, 0x7e, 0x80, 0x7f, 0x7e, 0x80, 0x7f, 0x7f, 0x7e, 0x7f,
    0x7f, 0x7f, 0x80, 0x80, 0x7f, 0x80, 0x7f, 0x7f, 0x7f, 0x7e, 0x7f, 0x7f,
    0x7f, 0x7f, 0x7f, 0x80, 0x80, 0x7e, 0x82, 0x7f, 0x80, 0x7f, 0x80, 0x80,
    0x80, 0x80, 0x81, 0x80, 0x81, 0x80, 0x80, 0x80, 0x80, 0x80, 0x80, 0x80,
    0x80, 0x80, 0x80, 0x80, 0x7f, 0x81, 0x80, 0x80, 0x80, 0x80, 0x80, 0x7f,
    0x7f, 0x7f, 0x7f, 0x80, 0x7f, 0x7f, 0x7f, 0x7e, 0x80, 0x7e, 0x7f, 0x7f,
    0x7f, 0x7f, 0x7f, 0x7f, 0x7f, 0x7f, 0x7e, 0x7f, 0x7f, 0x80, 0x7f, 0x7f,
    0x80, 0x80, 0x80, 0x80, 0x80, 0x81, 0x80, 0x81, 0x81, 0x82, 0x81, 0x80,
    0x81, 0x81, 0x81, 0x80, 0x81, 0x80, 0x81, 0x80, 0x80, 0x80, 0x80, 0x80,
    0x7f, 0x80, 0x7f, 0x7f, 0x7f, 0x7e, 0x7e, 0x7e, 0x7e, 0x7e, 0x7f, 0x7e,
    0x7e, 0x7e, 0x7e, 0x7f, 0x7f, 0x7e, 0x7f, 0x7f, 0x7f, 0x7f, 0x7f, 0x7f,
    0x80, 0x80, 0x80, 0x7f, 0x80, 0x80, 0x80, 0x80, 0x80, 0x80, 0x80, 0x80,
    0x80, 0x80, 0x80, 0x80, 0x80, 0x7f, 0x7f, 0x80, 0x80, 0x7f, 0x7f, 0x80,
    0x7f, 0x80, 0x80, 0x80, 0x80, 0x80, 0x80, 0x80, 0x80, 0x7f, 0x7f, 0x80,
    0x80, 0x80, 0x80, 0x7f, 0x80, 0x7f, 0x7f, 0x7f, 0x7f, 0x7f, 0x7f, 0x80,
    0x7f, 0x80, 0x7f, 0x7f, 0x7f, 0x7f, 0x80, 0x7f, 0x7f, 0x7f, 0x7f, 0x7f,
    0x7f, 0x7f, 0x7f, 0x7f, 0x80, 0x7f, 0x80, 0x80, 0x7f, 0x80, 0x7f, 0x81,
    0x80, 0x81, 0x80, 0x80, 0x80, 0x80, 0x7f, 0x80, 0x7f, 0x80, 0x80, 0x80,
    0x80, 0x80, 0x80, 0x80, 0x81, 0x80, 0x80, 0x80, 0x7f, 0x80, 0x80, 0x80,
    0x7f, 0x7f, 0x7f, 0x7f, 0x7f, 0x7f, 0x7e, 0x7e, 0x7e, 0x7e, 0x7f, 0x7f,
    0x7f, 0x7f, 0x7f, 0x80, 0x7f, 0x80, 0x80, 0x7f, 0x80, 0x80, 0x7f, 0x7f,
    0x7f, 0x7f, 0x7f, 0x7f, 0x7f, 0x7f, 0x80, 0x7f, 0x7f, 0x80, 0x7f, 0x80,
    0x80, 0x80, 0x7f, 0x80, 0x80, 0x81, 0x80, 0x81, 0x80, 0x80, 0x81, 0x80,
    0x80, 0x80, 0x80, 0x80, 0x80, 0x80, 0x80, 0x7f, 0x7f, 0x80, 0x80, 0x80,
    0x7f, 0x80, 0x80, 0x80, 0x80, 0x80, 0x80, 0x7f, 0x80, 0x7f, 0x80, 0x7f,
    0x7f, 0x7f, 0x7e, 0x7e, 0x7f, 0x7f, 0x7f, 0x7f, 0x7e, 0x7e, 0x7f, 0x7e,
    0x7f, 0x7f, 0x7f, 0x7f, 0x7f, 0x80, 0x7f, 0x80, 0x80, 0x81, 0x80, 0x7f,
    0x7f, 0x80, 0x80, 0x80, 0x80, 0x80, 0x80, 0x80, 0x80, 0x81, 0x80, 0x80,
    0x80, 0x81, 0x81, 0x81, 0x7f, 0x7f, 0x7f, 0x7f, 0x7f, 0x7f, 0x7f, 0x7f,
    0x7f, 0x7f, 0x7f, 0x7e, 0x7f, 0x7f, 0x7f, 0x80, 0x7f, 0x80, 0x7f, 0x80,
    0x7f, 0x80, 0x7f, 0x7f, 0x7f, 0x7f, 0x7f, 0x7f, 0x7f, 0x7f, 0x7f, 0x7f,
    0x7f, 0x7f, 0x80, 0x7f, 0x80, 0x7f, 0x80, 0x80, 0x80, 0x7f, 0x80, 0x80,
    0x80, 0x7f, 0x7f, 0x7f, 0x80, 0x80, 0x80, 0x80, 0x80, 0x7f, 0x80, 0x80,
    0x80, 0x80, 0x80, 0x81, 0x81, 0x80, 0x7f, 0x81, 0x7f, 0x80, 0x80, 0x80,
    0x80, 0x7f, 0x7f, 0x7f, 0x7f, 0x7f, 0x7e, 0x80, 0x80, 0x80, 0x7e, 0x7d,
    0x7f, 0x7e, 0x7f, 0x7f, 0x7f, 0x7f, 0x7f, 0x7f, 0x7f, 0x80, 0x80, 0x7f,
    0x80, 0x80, 0x81, 0x80, 0x80, 0x80, 0x80, 0x80, 0x80, 0x80, 0x81, 0x81,
    0x81, 0x81, 0x80, 0x80, 0x81, 0x81, 0x81, 0x81, 0x80, 0x81, 0x80, 0x80,
    0x7f, 0x7f, 0x7f, 0x7e, 0x7f, 0x7f, 0x80, 0x7f, 0x7f, 0x7f, 0x7f, 0x7f,
    0x7f, 0x80, 0x7f, 0x7f, 0x7f, 0x7f, 0x80, 0x80, 0x7e, 0x7f, 0x7f, 0x7f,
    0x7f, 0x7f, 0x7e, 0x7e, 0x80, 0x7f, 0x7f, 0x7f, 0x80, 0x80, 0x80, 0x80,
    0x81, 0x81, 0x80, 0x80, 0x7f, 0x80, 0x80, 0x81, 0x7e, 0x80, 0x7f, 0x80,
    0x7f, 0x80, 0x80, 0x80, 0x80, 0x80, 0x80, 0x80, 0x81, 0x80, 0x81, 0x7f,
    0x80, 0x80, 0x80, 0x80, 0x7f, 0x7f, 0x7f, 0x7f, 0x7f, 0x7f, 0x7e, 0x7f,
    0x7f, 0x7e, 0x7f, 0x7e, 0x7e, 0x7e, 0x7f, 0x7f, 0x7f, 0x7f, 0x7f, 0x7f,
    0x7f, 0x7f, 0x80, 0x7f, 0x80, 0x80, 0x80, 0x80, 0x81, 0x81, 0x81, 0x81,
    0x81, 0x81, 0x80, 0x81, 0x80, 0x80, 0x81, 0x80, 0x80, 0x80, 0x81, 0x80,
    0x80, 0x80, 0x80, 0x80, 0x80, 0x80, 0x7f, 0x7e, 0x7e, 0x7f, 0x7e, 0x7e,
    0x7e, 0x7e, 0x7e, 0x7e, 0x7e, 0x7e, 0x7d, 0x7e, 0x7f, 0x7e, 0x7f, 0x80,
    0x7f, 0x80, 0x7f, 0x7f, 0x7f, 0x80, 0x7f, 0x80, 0x80, 0x7f, 0x7f, 0x80,
    0x7f, 0x80, 0x80, 0x80, 0x80, 0x80, 0x81, 0x80, 0x81, 0x7f, 0x80, 0x80,
    0x80, 0x7f, 0x80, 0x7f, 0x7f, 0x7f, 0x7f, 0x80, 0x80, 0x7f, 0x7f, 0x80,
    0x7f, 0x80, 0x80, 0x80, 0x7f, 0x80, 0x80, 0x80, 0x80, 0x80, 0x80, 0x80,
    0x7f, 0x7f, 0x80, 0x7f, 0x80, 0x80, 0x7f, 0x80, 0x7e, 0x7f, 0x7f, 0x80,
    0x7f, 0x80, 0x7f, 0x7f, 0x7f, 0x7f, 0x7e, 0x7f, 0x7f, 0x7f, 0x7f, 0x7f,
    0x7f, 0x80, 0x80, 0x80, 0x80, 0x80, 0x80, 0x80, 0x80, 0x7f, 0x80, 0x80,
    0x80, 0x81, 0x81, 0x7f, 0x80, 0x81, 0x81, 0x81, 0x81, 0x82, 0x81, 0x81,
    0x81, 0x80, 0x80, 0x7e, 0x80, 0x7f, 0x7f, 0x7f, 0x7f, 0x7d, 0x7e, 0x7e,
    0x7f, 0x7f, 0x7e, 0x7f, 0x7f, 0x80, 0x7f, 0x80, 0x7f, 0x7f, 0x80, 0x80,
    0x81, 0x80, 0x7f, 0x7f, 0x7f, 0x7f, 0x7f, 0x80, 0x7f, 0x7e, 0x80, 0x7e,
    0x80, 0x7f, 0x7f, 0x80, 0x7f, 0x80, 0x7f, 0x80, 0x7f, 0x80, 0x7e, 0x7f,
    0x7f, 0x80, 0x81, 0x80, 0x80, 0x81, 0x7f, 0x80, 0x80, 0x81, 0x80, 0x7f,
    0x80, 0x7f, 0x7f, 0x80, 0x7f, 0x7f, 0x7f, 0x7e, 0x80, 0x7e, 0x80, 0x7e,
    0x7e, 0x7f, 0x7e, 0x7f, 0x7e, 0x7f, 0x7e, 0x7e, 0x7e, 0x7e, 0x80, 0x7e,
    0x7f, 0x7f, 0x7e, 0x7f, 0x7f, 0x80, 0x7f, 0x7f, 0x81, 0x80, 0x81, 0x80,
    0x81, 0x81, 0x80, 0x81, 0x81, 0x81, 0x81, 0x82, 0x80, 0x80, 0x80, 0x80,
    0x81, 0x81, 0x80, 0x81, 0x80, 0x81, 0x7f, 0x81, 0x7f, 0x80, 0x80, 0x7e,
    0x81, 0x7f, 0x7e, 0x7e, 0x7e, 0x7e, 0x7e, 0x80, 0x80, 0x80, 0x80, 0x7e,
    0x80, 0x80, 0x7f, 0x7f, 0x80, 0x7e, 0x7f, 0x7f, 0x7e, 0x7f, 0x7f, 0x7f,
    0x7f, 0x7f, 0x7f, 0x7f, 0x80, 0x80, 0x81, 0x80, 0x81, 0x80, 0x80, 0x80,
    0x80, 0x80, 0x7f, 0x7f, 0x80, 0x80, 0x80, 0x80, 0x80, 0x80, 0x80, 0x80,
    0x80, 0x81, 0x80, 0x81, 0x80, 0x81, 0x7f, 0x80, 0x80, 0x7f, 0x80, 0x7f,
    0x80, 0x7f, 0x80, 0x7f, 0x7f, 0x7f, 0x7f, 0x80, 0x80, 0x80, 0x7f, 0x7f,
    0x80, 0x7e, 0x7f, 0x7f, 0x7f, 0x7e, 0x7f, 0x7f, 0x7f, 0x7f, 0x80, 0x80,
    0x7f, 0x80, 0x80, 0x7f, 0x80, 0x80, 0x80, 0x80, 0x80, 0x81, 0x81, 0x80,
    0x80, 0x80, 0x80, 0x80, 0x80, 0x80, 0x80, 0x80, 0x80, 0x81, 0x80, 0x80,
    0x80, 0x80, 0x80, 0x7f, 0x7f, 0x7f, 0x7e, 0x7e, 0x7e, 0x7e, 0x7f, 0x7e,
    0x7e, 0x7e, 0x7f, 0x7f, 0x7f, 0x7f, 0x80, 0x80, 0x7f, 0x7f, 0x80, 0x80,
    0x7f, 0x7f, 0x7f, 0x7e, 0x7e, 0x7f, 0x7e, 0x7e, 0x7e, 0x7f, 0x7e, 0x7f,
    0x80, 0x7f, 0x7f, 0x7f, 0x80, 0x80, 0x80, 0x7f, 0x80, 0x80, 0x80, 0x80,
    0x80, 0x7f, 0x80, 0x80, 0x81, 0x80, 0x80, 0x80, 0x80, 0x80, 0x80, 0x81,
    0x7f, 0x80, 0x80, 0x81, 0x80, 0x7f, 0x7f, 0x7f, 0x80, 0x80, 0x80, 0x80,
    0x80, 0x80, 0x7f, 0x7f, 0x7f, 0x80, 0x7f, 0x80, 0x80, 0x7f, 0x7f, 0x7f,
    0x7e, 0x7f, 0x7e, 0x80, 0x7e, 0x80, 0x7f, 0x7f, 0x7f, 0x7e, 0x80, 0x7e,
    0x80, 0x7f, 0x82, 0x7f, 0x80, 0x7f, 0x80, 0x80, 0x80, 0x81, 0x80, 0x82,
    0x7f, 0x81, 0x80, 0x80, 0x80, 0x7f, 0x81, 0x7f, 0x81, 0x80, 0x80, 0x7f,
    0x7f, 0x7f, 0x7e, 0x7f, 0x7f, 0x7e, 0x7f, 0x7e, 0x80, 0x7e, 0x7f, 0x7f,
    0x80, 0x80, 0x80, 0x80, 0x80, 0x7f, 0x80, 0x7f, 0x7f, 0x7f, 0x80, 0x80,
    0x7f, 0x7f, 0x80, 0x80, 0x80, 0x80, 0x80, 0x80, 0x80, 0x80, 0x7f, 0x80,
    0x7f, 0x80, 0x7f, 0x80, 0x80, 0x7f, 0x7f, 0x7f, 0x7f, 0x80, 0x7f, 0x80,
    0x80, 0x80, 0x80, 0x7f, 0x81, 0x7f, 0x82, 0x7f, 0x82, 0x80, 0x81, 0x80,
    0x7f, 0x7e, 0x7f, 0x7f, 0x7f, 0x7f, 0x7f, 0x80, 0x7f, 0x7e, 0x7f, 0x7f,
    0x7f, 0x7e, 0x7f, 0x7f, 0x7f, 0x7f, 0x7f, 0x7e, 0x7e, 0x7f, 0x7f, 0x7f,
    0x7f, 0x7f, 0x80, 0x7f, 0x80, 0x80, 0x80, 0x7f, 0x81, 0x7e, 0x81, 0x7f,
    0x80, 0x80, 0x80, 0x80, 0x81, 0x81, 0x81, 0x80, 0x81, 0x80, 0x80, 0x81,
    0x80, 0x80, 0x80, 0x80, 0x7f, 0x7f, 0x7f, 0x7e, 0x7f, 0x7f, 0x7f, 0x7f,
    0x7e, 0x7e, 0x7e, 0x7e, 0x7f, 0x7f, 0x7f, 0x80, 0x80, 0x80, 0x7f, 0x80,
    0x80, 0x7f, 0x80, 0x80, 0x80, 0x7f, 0x7f, 0x7f, 0x7f, 0x80, 0x80, 0x80,
    0x7f, 0x80, 0x80, 0x81, 0x80, 0x80, 0x7f, 0x80, 0x80, 0x7f, 0x80, 0x80,
    0x80, 0x7f, 0x80, 0x80, 0x80, 0x7f, 0x80, 0x80, 0x7f, 0x80, 0x80, 0x80,
    0x80, 0x80, 0x80, 0x80, 0x80, 0x7f, 0x80, 0x80, 0x80, 0x80, 0x7f, 0x7f,
    0x7e, 0x7f, 0x7f, 0x7f, 0x7f, 0x7f, 0x7f, 0x7e, 0x7e, 0x7f, 0x7e, 0x7e,
    0x7f, 0x7f, 0x7f, 0x7f, 0x7f, 0x7f, 0x7f, 0x7f, 0x7f, 0x80, 0x80, 0x80,
    0x7f, 0x80, 0x81, 0x80, 0x80, 0x80, 0x80, 0x80, 0x81, 0x81, 0x81, 0x81,
    0x81, 0x81, 0x80, 0x81, 0x81, 0x82, 0x7f, 0x81, 0x80, 0x80, 0x7f, 0x7e,
    0x80, 0x7e, 0x7f, 0x7e, 0x7f, 0x7e, 0x7e, 0x7e, 0x80, 0x7e, 0x7e, 0x7f,
    0x7f, 0x7f, 0x80, 0x80, 0x80, 0x7f, 0x7f, 0x80, 0x80, 0x80, 0x7f, 0x80,
    0x7f, 0x7f, 0x80, 0x80, 0x7f, 0x7f, 0x7f, 0x7f, 0x7f, 0x80, 0x7f, 0x80,
    0x80, 0x80, 0x80, 0x7f, 0x7f, 0x80, 0x80, 0x80, 0x7f, 0x80, 0x7f, 0x7f,
    0x7f, 0x7f, 0x80, 0x7f, 0x80, 0x7f, 0x80, 0x81, 0x80, 0x80, 0x80, 0x7f,
    0x80, 0x80, 0x80, 0x80, 0x80, 0x7f, 0x80, 0x80, 0x80, 0x7f, 0x80, 0x7f,
    0x7f, 0x80, 0x80, 0x81, 0x80, 0x7f, 0x7f, 0x7f, 0x7f, 0x7f, 0x7f, 0x7f,
    0x7f, 0x7f, 0x7f, 0x7f, 0x7f, 0x7f, 0x80, 0x7f, 0x80, 0x7f, 0x80, 0x7f,
    0x7f, 0x80, 0x7f, 0x80, 0x80, 0x80, 0x80, 0x81, 0x81, 0x80, 0x80, 0x80,
    0x80, 0x80, 0x81, 0x80, 0x7f, 0x80, 0x7e, 0x80, 0x7f, 0x7f, 0x7f, 0x7f,
    0x7f, 0x7f, 0x7f, 0x80, 0x7e, 0x7f, 0x7f, 0x80, 0x80, 0x7f, 0x80, 0x7f,
    0x80, 0x7f, 0x7f, 0x7f, 0x7f, 0x7f, 0x7f, 0x7e, 0x7e, 0x7f, 0x7f, 0x80,
    0x7f, 0x80, 0x7f, 0x80, 0x7f, 0x7f, 0x80, 0x7f, 0x7f, 0x7f, 0x7f, 0x80,
    0x7f, 0x7f, 0x7e, 0x7f, 0x80, 0x7f, 0x7e, 0x7f, 0x7f, 0x7f, 0x7f, 0x7f,
    0x80, 0x81, 0x81, 0x80, 0x80, 0x80, 0x7f, 0x80, 0x80, 0x80, 0x80, 0x80,
    0x80, 0x7f, 0x7f, 0x7f, 0x80, 0x7f, 0x7f, 0x7f, 0x7f, 0x7f, 0x7f, 0x7f,
    0x7e, 0x7f, 0x7e, 0x7e, 0x7f, 0x7f, 0x7f, 0x7f, 0x7f, 0x7f, 0x7f, 0x7f,
    0x7f, 0x80, 0x80, 0x80, 0x81, 0x80, 0x80, 0x7f, 0x80, 0x81, 0x81, 0x80,
    0x80, 0x81, 0x81, 0x81, 0x80, 0x81, 0x81, 0x82, 0x81, 0x81, 0x80, 0x80,
    0x80, 0x80, 0x80, 0x80, 0x7f, 0x7f, 0x80, 0x7f, 0x7f, 0x7f, 0x7e, 0x7f,
    0x7f, 0x80, 0x7f, 0x7e, 0x7f, 0x7f, 0x80, 0x80, 0x7f, 0x80, 0x7f, 0x80,
    0x7f, 0x80, 0x80, 0x7f, 0x7f, 0x7f, 0x80, 0x80, 0x7f, 0x7f, 0x7f, 0x7f,
    0x80, 0x80, 0x7f, 0x80, 0x80, 0x80, 0x7f, 0x7f, 0x7f, 0x80, 0x80, 0x80,
    0x80, 0x7e, 0x80, 0x7f, 0x80, 0x7f, 0x80, 0x80, 0x7f, 0x81, 0x7f, 0x81,
    0x80, 0x80, 0x80, 0x80, 0x81, 0x80, 0x80, 0x7f, 0x80, 0x7e, 0x7f, 0x7f,
    0x80, 0x7f, 0x7f, 0x7f, 0x7e, 0x7d, 0x7e, 0x7e, 0x7e, 0x7f, 0x7e, 0x7f,
    0x7d, 0x80, 0x7d, 0x80, 0x7f, 0x7f, 0x7f, 0x7f, 0x80, 0x7f, 0x80, 0x7f,
    0x80, 0x7f, 0x80, 0x80, 0x80, 0x80, 0x80, 0x7f, 0x81, 0x81, 0x81, 0x80,
    0x80, 0x80, 0x81, 0x80, 0x81, 0x7f, 0x80, 0x7f, 0x80, 0x7f, 0x7f, 0x7e,
    0x7e, 0x7e, 0x7f, 0x7e, 0x80, 0x7e, 0x80, 0x7e, 0x7f, 0x80, 0x7e, 0x82,
    0x7e, 0x80, 0x7f, 0x81, 0x80, 0x80, 0x80, 0x7f, 0x81, 0x80, 0x80, 0x81,
    0x7f, 0x7f, 0x80, 0x81, 0x80, 0x81, 0x81, 0x7f, 0x80, 0x80, 0x80, 0x80,
    0x80, 0x80, 0x80, 0x80, 0x80, 0x7f, 0x7f, 0x80, 0x80, 0x81, 0x7f, 0x80,
    0x80, 0x80, 0x80, 0x80, 0x80, 0x7f, 0x80, 0x80, 0x80, 0x80, 0x80, 0x80,
    0x80, 0x80, 0x80, 0x7f, 0x7f, 0x7f, 0x7f, 0x7f, 0x80, 0x7f, 0x7f, 0x7e,
    0x7f, 0x7f, 0x7e, 0x7f, 0x7f, 0x7f, 0x7f, 0x7f, 0x7f, 0x7f, 0x7f, 0x7f,
    0x7f, 0x7f, 0x80, 0x7f, 0x80, 0x80, 0x80, 0x80, 0x80, 0x7f, 0x80, 0x80,
    0x80, 0x80, 0x81, 0x80, 0x80, 0x81, 0x7f, 0x80, 0x80, 0x80, 0x80, 0x80,
    0x80, 0x80, 0x7f, 0x7f, 0x7e, 0x7f, 0x7e, 0x7f, 0x7f, 0x7f, 0x7e, 0x7f,
    0x7f, 0x7e, 0x7f, 0x7e, 0x7f, 0x7e, 0x7f, 0x7f, 0x80, 0x7f, 0x80, 0x7f,
    0x81, 0x7f, 0x80, 0x7f, 0x7f, 0x80, 0x7f, 0x80, 0x7e, 0x7f, 0x7f, 0x7f,
    0x80, 0x80, 0x81, 0x7f, 0x81, 0x80, 0x81, 0x80, 0x80, 0x80, 0x80, 0x7f,
    0x80, 0x7f, 0x80, 0x80, 0x7f, 0x7f, 0x7f, 0x81, 0x7e, 0x80, 0x7f, 0x80,
    0x80, 0x80, 0x80, 0x80, 0x80, 0x80, 0x80, 0x81, 0x7f, 0x81, 0x81, 0x80,
    0x7f, 0x80, 0x7f, 0x80, 0x7e, 0x80, 0x7e, 0x7e, 0x7f, 0x7f, 0x7d, 0x7e,
    0x82, 0x7c, 0x80, 0x7e, 0x80, 0x7d, 0x81, 0x7e, 0x80, 0x80, 0x7f, 0x7e,
    0x80, 0x81, 0x7f, 0x80, 0x7f, 0x81, 0x7f, 0x80, 0x80, 0x80, 0x81, 0x7f,
    0x81, 0x80, 0x80, 0x81, 0x80, 0x80, 0x81, 0x81, 0x80, 0x80, 0x80, 0x7e,
    0x80, 0x7f, 0x7f, 0x80, 0x7d, 0x81, 0x7d, 0x80, 0x7f, 0x7d, 0x81, 0x7e,
    0x7f, 0x7f, 0x7e, 0x80, 0x80, 0x80, 0x7f, 0x7f, 0x80, 0x80, 0x7e, 0x7f,
    0x7f, 0x80, 0x7e, 0x7f, 0x7f, 0x7f, 0x7e, 0x7f, 0x80, 0x81, 0x80, 0x81,
    0x7f, 0x80, 0x81, 0x80, 0x81, 0x80, 0x80, 0x81, 0x80, 0x80, 0x80, 0x80,
    0x80, 0x80, 0x80, 0x80, 0x80, 0x81, 0x80, 0x7f, 0x80, 0x80, 0x81, 0x7f,
    0x81, 0x80, 0x80, 0x7f, 0x7f, 0x7f, 0x7f, 0x80, 0x7f, 0x7e, 0x7f, 0x7e,
    0x7f, 0x7f, 0x7e, 0x7f, 0x7f, 0x7e, 0x7f, 0x7f, 0x7e, 0x7f, 0x7f, 0x7e,
    0x7f, 0x7f, 0x80, 0x7f, 0x7f, 0x7f, 0x80, 0x80, 0x80, 0x81, 0x80, 0x80,
    0x80, 0x80, 0x81, 0x80, 0x80, 0x81, 0x80, 0x80, 0x81, 0x80, 0x80, 0x80,
    0x80, 0x80, 0x7f, 0x80, 0x80, 0x80, 0x7f, 0x7f, 0x80, 0x7f, 0x7f, 0x7f,
    0x7f, 0x7e, 0x7e, 0x7e, 0x7e, 0x7e, 0x7e, 0x7f, 0x7f, 0x7f, 0x7f, 0x7f,
    0x7f, 0x7f, 0x80, 0x80, 0x7f, 0x7f, 0x80, 0x80, 0x80, 0x80, 0x80, 0x81,
    0x81, 0x80, 0x80, 0x81, 0x80, 0x81, 0x80, 0x81, 0x80, 0x80, 0x80, 0x80,
    0x80, 0x80, 0x80, 0x80, 0x7f, 0x7f, 0x80, 0x80, 0x80, 0x7f, 0x80, 0x80,
    0x80, 0x80, 0x80, 0x7f, 0x80, 0x80, 0x80, 0x80, 0x7f, 0x80, 0x7f, 0x7e,
    0x80, 0x7f, 0x7f, 0x7f, 0x7f, 0x7f, 0x7f, 0x7f, 0x7f, 0x7e, 0x7e, 0x7f,
    0x7f, 0x7f, 0x7e, 0x7e, 0x7e, 0x7f, 0x7f, 0x7f, 0x7e, 0x7e, 0x7f, 0x80,
    0x7f, 0x7f, 0x80, 0x7f, 0x7f, 0x80, 0x80, 0x80, 0x7f, 0x7f, 0x7f, 0x80,
    0x80, 0x80, 0x7f, 0x80, 0x80, 0x80, 0x81, 0x7f, 0x81, 0x80, 0x80, 0x80,
    0x80, 0x80, 0x7f, 0x7f, 0x80, 0x7f, 0x80, 0x7e, 0x7f, 0x7f, 0x7f, 0x7f,
    0x7f, 0x7e, 0x7f, 0x7f, 0x7f, 0x7f, 0x80, 0x80, 0x80, 0x80, 0x80, 0x80,
    0x7f, 0x80, 0x7f, 0x7f, 0x80, 0x80, 0x7f, 0x7f, 0x7f, 0x80, 0x7f, 0x80,
    0x80, 0x80, 0x80, 0x80, 0x80, 0x7f, 0x80, 0x80, 0x80, 0x80, 0x80, 0x80,
    0x80, 0x80, 0x80, 0x80, 0x80, 0x80, 0x81, 0x80, 0x7f, 0x80, 0x7f, 0x7f,
    0x7f, 0x80, 0x80, 0x80, 0x80, 0x80, 0x7f, 0x80, 0x7f, 0x7f, 0x7f, 0x7f,
    0x7f, 0x7f, 0x7f, 0x7e, 0x7e, 0x7e, 0x7f, 0x7e, 0x7f, 0x7f, 0x7e, 0x7f,
    0x7f, 0x7f, 0x7f, 0x7f, 0x80, 0x80, 0x80, 0x80, 0x80, 0x80, 0x80, 0x80,
    0x81, 0x80, 0x81, 0x80, 0x80, 0x80, 0x80, 0x80, 0x80, 0x80, 0x80, 0x80,
    0x80, 0x80, 0x81, 0x81, 0x80, 0x81, 0x80, 0x81, 0x80, 0x7f, 0x80, 0x7f,
    0x80, 0x7f, 0x80, 0x7f, 0x7f, 0x7f, 0x7f, 0x7f, 0x7f, 0x7f, 0x7e, 0x7f,
    0x80, 0x80, 0x7f, 0x7f, 0x80, 0x7f, 0x80, 0x80, 0x7f, 0x7f, 0x7f, 0x7f,
    0x7f, 0x7f, 0x7f, 0x7f, 0x7e, 0x80, 0x7f, 0x80, 0x7f, 0x7f, 0x80, 0x81,
    0x80, 0x80, 0x80, 0x7f, 0x80, 0x80, 0x80, 0x7f, 0x80, 0x7f, 0x80, 0x80,
    0x80, 0x7f, 0x80, 0x7f, 0x80, 0x80, 0x80, 0x81, 0x80, 0x80, 0x80, 0x7f,
    0x80, 0x7f, 0x81, 0x7f, 0x80, 0x80, 0x7f, 0x7e, 0x7f, 0x7f, 0x7d, 0x7f,
    0x7f, 0x7f, 0x7f, 0x7e, 0x7e, 0x7e, 0x7f, 0x7e, 0x7f, 0x7e, 0x7f, 0x7f,
    0x7f, 0x80, 0x7f, 0x7e, 0x7f, 0x80, 0x80, 0x80, 0x80, 0x80, 0x80, 0x7f,
    0x80, 0x80, 0x80, 0x80, 0x81, 0x81, 0x80, 0x80, 0x81, 0x80, 0x81, 0x81,
    0x81, 0x80, 0x80, 0x80, 0x80, 0x7e, 0x7f, 0x80, 0x7e, 0x7f, 0x7f, 0x7f,
    0x7f, 0x7f, 0x7f, 0x7f, 0x80, 0x7f, 0x80, 0x7f, 0x7f, 0x7f, 0x7f, 0x80,
    0x7f, 0x7f, 0x7f, 0x7f, 0x7f, 0x7e, 0x7f, 0x7f, 0x7f, 0x7f, 0x7f, 0x80,
    0x7f, 0x81, 0x80, 0x81, 0x81, 0x80, 0x80, 0x80, 0x7f, 0x80, 0x80, 0x80,
    0x80, 0x7f, 0x80, 0x7f, 0x80, 0x7f, 0x7f, 0x80, 0x7f, 0x81, 0x80, 0x80,
    0x81, 0x80, 0x81, 0x80, 0x80, 0x80, 0x7f, 0x80, 0x7f, 0x7f, 0x7f, 0x7f,
    0x7e, 0x7f, 0x7f, 0x7e, 0x7f, 0x7e, 0x7f, 0x7f, 0x7e, 0x7f, 0x7e, 0x7e,
    0x7e, 0x7f, 0x7f, 0x7f, 0x7e, 0x7f, 0x7f, 0x80, 0x80, 0x80, 0x7f, 0x80,
    0x80, 0x81, 0x80, 0x80, 0x81, 0x80, 0x80, 0x80, 0x80, 0x80, 0x80, 0x80,
    0x81, 0x81, 0x80, 0x81, 0x80, 0x80, 0x80, 0x81, 0x81, 0x80, 0x80, 0x80,
    0x7f, 0x7f, 0x7f, 0x7e, 0x7f, 0x7e, 0x7e, 0x7e, 0x7e, 0x7e, 0x7e, 0x7e,
    0x7e, 0x7f, 0x7f, 0x80, 0x7f, 0x80, 0x7f, 0x80, 0x7f, 0x7f, 0x80, 0x80,
    0x80, 0x80, 0x80, 0x7f, 0x80, 0x7f, 0x81, 0x7f, 0x80, 0x81, 0x80, 0x80,
    0x80, 0x80, 0x80, 0x7f, 0x7f, 0x80, 0x7f, 0x80, 0x7f, 0x7f, 0x80, 0x80,
    0x80, 0x81, 0x80, 0x81, 0x80, 0x7f, 0x80, 0x80, 0x80, 0x80, 0x80, 0x80,
    0x81, 0x80, 0x80, 0x7f, 0x80, 0x80, 0x80, 0x7f, 0x7f, 0x80, 0x7f, 0x7f,
    0x7e, 0x7e, 0x80, 0x7e, 0x7f, 0x7e, 0x7f, 0x7f, 0x7e, 0x7f, 0x7f, 0x7e,
    0x7f, 0x7e, 0x7f, 0x80, 0x7f, 0x80, 0x7f, 0x80, 0x80, 0x80, 0x80, 0x81,
    0x80, 0x80, 0x7f, 0x80, 0x7f, 0x80, 0x80, 0x80, 0x81, 0x7f, 0x81, 0x80,
    0x81, 0x82, 0x81, 0x80, 0x80, 0x81, 0x80, 0x80, 0x7f, 0x80, 0x7e, 0x7f,
    0x7e, 0x7e, 0x7f, 0x7e, 0x7e, 0x7f, 0x7e, 0x7f, 0x81, 0x7e, 0x80, 0x7f,
    0x81, 0x7f, 0x80, 0x7f, 0x80, 0x7f, 0x80, 0x7f, 0x7f, 0x7f, 0x7e, 0x7e,
    0x80, 0x80, 0x7f, 0x7f, 0x7f, 0x80, 0x80, 0x7f, 0x80, 0x80, 0x80, 0x80,
    0x7f, 0x80, 0x80, 0x80, 0x7f, 0x80, 0x80, 0x80, 0x7f, 0x81, 0x80, 0x81,
    0x80, 0x81, 0x80, 0x81, 0x7f, 0x81, 0x80, 0x80, 0x80, 0x7f, 0x7f, 0x7e,
    0x80, 0x7f, 0x7f, 0x7f, 0x7e, 0x7f, 0x7f, 0x7e, 0x7f, 0x7f, 0x7f, 0x7e,
    0x7e, 0x7f, 0x7e, 0x7f, 0x7d, 0x80, 0x7e, 0x7f, 0x7f, 0x7f, 0x80, 0x7f,
    0x81, 0x80, 0x80, 0x81, 0x81, 0x80, 0x80, 0x80, 0x81, 0x81, 0x80, 0x80,
    0x80, 0x80, 0x80, 0x80, 0x80, 0x80, 0x7f, 0x81, 0x80, 0x80, 0x7f, 0x7f,
    0x80, 0x7f, 0x80, 0x7e, 0x80, 0x7e, 0x7f, 0x7e, 0x7e, 0x7e, 0x7e, 0x7e,
    0x7e, 0x7e, 0x7f, 0x7f, 0x7f, 0x81, 0x7f, 0x81, 0x80, 0x7f, 0x7e, 0x80,
    0x7f, 0x7e, 0x7f, 0x7f, 0x7f, 0x80, 0x7f, 0x7f, 0x80, 0x7f, 0x80, 0x80,
    0x80, 0x80, 0x80, 0x80, 0x80, 0x80, 0x7f, 0x80, 0x80, 0x80, 0x7f, 0x80,
    0x7f, 0x80, 0x80, 0x7f, 0x80, 0x80, 0x80, 0x80, 0x80, 0x80, 0x80, 0x81,
    0x80, 0x7f, 0x7f, 0x80, 0x80, 0x80, 0x80, 0x80, 0x7f, 0x7f, 0x80, 0x7f,
    0x7f, 0x7f, 0x80, 0x7f, 0x80, 0x7f, 0x7f, 0x7f, 0x7e, 0x7e, 0x7e, 0x7e,
    0x7e, 0x7f, 0x7f, 0x7f, 0x7f, 0x7f, 0x7f, 0x7f, 0x80, 0x80, 0x80, 0x80,
    0x80, 0x80, 0x80, 0x80, 0x80, 0x80, 0x80, 0x80, 0x80, 0x80, 0x80, 0x80,
    0x80, 0x80, 0x80, 0x80, 0x80, 0x80, 0x7f, 0x7f, 0x7f, 0x7f, 0x7f, 0x7f,
    0x7f, 0x7f, 0x7e, 0x7f, 0x7f, 0x7f, 0x7f, 0x7f, 0x80, 0x7f, 0x80, 0x80,
    0x80, 0x7f, 0x80, 0x7f, 0x80, 0x7f, 0x7f, 0x7f, 0x7e, 0x7e, 0x7e, 0x7e,
    0x7e, 0x7e, 0x7f, 0x7f, 0x7f, 0x7f, 0x7f, 0x80, 0x7f, 0x80, 0x80, 0x80,
    0x80, 0x80, 0x80, 0x81, 0x80, 0x80, 0x80, 0x80, 0x80, 0x80, 0x80, 0x7f,
    0x80, 0x7f, 0x80, 0x80, 0x80, 0x80, 0x80, 0x80, 0x80, 0x80, 0x80, 0x7f,
    0x7f, 0x7f, 0x7f, 0x80, 0x7f, 0x7f, 0x7f, 0x7f, 0x7f, 0x7f, 0x7f, 0x7f,
    0x7f, 0x80, 0x7f, 0x7f, 0x7f, 0x7f, 0x7f, 0x7e, 0x80, 0x7e, 0x80, 0x7e,
    0x80, 0x7f, 0x81, 0x7f, 0x80, 0x80, 0x80, 0x81, 0x7f, 0x81, 0x80, 0x81,
    0x7f, 0x82, 0x7f, 0x82, 0x80, 0x80, 0x81, 0x7f, 0x81, 0x7f, 0x81, 0x80,
    0x80, 0x80, 0x7f, 0x80, 0x7f, 0x7f, 0x7e, 0x7e, 0x7e, 0x7f, 0x7e, 0x7e,
    0x7e, 0x7f, 0x7f, 0x7f, 0x7f, 0x7f, 0x7f, 0x80, 0x7f, 0x7f, 0x7f, 0x7f,
    0x7f, 0x80, 0x80, 0x80, 0x7f, 0x7f, 0x80, 0x80, 0x7f, 0x80, 0x7f, 0x80,
    0x80, 0x80, 0x80, 0x7f, 0x80, 0x80, 0x80, 0x80, 0x80, 0x80, 0x80, 0x7f,
    0x80, 0x80, 0x80, 0x7f, 0x81, 0x7f, 0x81, 0x7f, 0x81, 0x80, 0x81, 0x81,
    0x80, 0x82, 0x7f, 0x81, 0x7f, 0x80, 0x7f, 0x7f, 0x7f, 0x7f, 0x7f, 0x7f,
    0x7e, 0x7e, 0x7f, 0x7f, 0x7f, 0x7f, 0x7f, 0x7f, 0x7e, 0x7f, 0x7f, 0x7f,
    0x7f, 0x7f, 0x7f, 0x7f, 0x80, 0x7f, 0x80, 0x7f, 0x80, 0x7f, 0x80, 0x7f,
    0x80, 0x80, 0x7f, 0x81, 0x7f, 0x80, 0x7f, 0x7f, 0x80, 0x80, 0x81, 0x81,
    0x80, 0x81, 0x80, 0x82, 0x81, 0x80, 0x7f, 0x80, 0x7f, 0x80, 0x7f, 0x7f,
    0x7e, 0x7e, 0x7f, 0x7f, 0x7f, 0x7f, 0x7f, 0x7e, 0x7e, 0x7f, 0x80, 0x7f,
    0x7f, 0x7f, 0x7f, 0x80, 0x7f, 0x80, 0x7f, 0x7f, 0x7f, 0x7f, 0x7f, 0x80,
    0x7f, 0x7f, 0x7f, 0x80, 0x80, 0x80, 0x7f, 0x80, 0x7f, 0x80, 0x80, 0x7f,
    0x7f, 0x7f, 0x80, 0x7f, 0x80, 0x80, 0x7f, 0x7f, 0x7f, 0x80, 0x7f, 0x80,
    0x80, 0x80, 0x80, 0x81, 0x81, 0x81, 0x80, 0x80, 0x80, 0x80, 0x80, 0x80,
    0x7f, 0x80, 0x7f, 0x80, 0x7f, 0x7f, 0x7e, 0x7e, 0x7e, 0x7f, 0x80, 0x7f,
    0x7f, 0x7f, 0x7e, 0x7e, 0x7f, 0x7f, 0x7e, 0x7e, 0x7f, 0x7f, 0x7f, 0x7f,
    0x7f, 0x7f, 0x80, 0x80, 0x80, 0x80, 0x80, 0x80, 0x80, 0x80, 0x81, 0x81,
    0x80, 0x81, 0x81, 0x81, 0x81, 0x81, 0x81, 0x81, 0x81, 0x81, 0x81, 0x80,
    0x81, 0x80, 0x81, 0x7f, 0x80, 0x7e, 0x7f, 0x7f, 0x7f, 0x7f, 0x7f, 0x7f,
    0x7e, 0x7f, 0x7f, 0x7f, 0x7e, 0x7f, 0x80, 0x80, 0x7f, 0x80, 0x80, 0x80,
    0x7f, 0x80, 0x7f, 0x80, 0x7f, 0x80, 0x7f, 0x7f, 0x7f, 0x80, 0x80, 0x7e,
    0x80, 0x7f, 0x81, 0x7f, 0x80, 0x80, 0x80, 0x7f, 0x7f, 0x81, 0x80, 0x7f,
    0x80, 0x7f, 0x80, 0x7f, 0x7f, 0x80, 0x80, 0x80, 0x80, 0x80, 0x81, 0x7f,
    0x80, 0x80, 0x80, 0x80, 0x80, 0x80, 0x80, 0x80, 0x80, 0x80, 0x7f, 0x7f,
    0x7f, 0x80, 0x7f, 0x7f, 0x7f, 0x80, 0x7f, 0x7f, 0x7f, 0x80, 0x7f, 0x7f,
    0x7e, 0x7f, 0x7f, 0x7e, 0x7f, 0x7f, 0x7f, 0x7f, 0x7e, 0x7f, 0x7e, 0x80,
    0x7f, 0x7f, 0x7f, 0x7f, 0x80, 0x7f, 0x7f, 0x80, 0x80, 0x7f, 0x80, 0x80,
    0x81, 0x80, 0x80, 0x81, 0x80, 0x80, 0x80, 0x80, 0x80, 0x7f, 0x7f, 0x7e,
    0x7f, 0x7f, 0x7f, 0x7f, 0x7f, 0x7f, 0x7f, 0x7f, 0x7f, 0x80, 0x80, 0x80,
    0x80, 0x80, 0x80, 0x81, 0x7f, 0x80, 0x7f, 0x80, 0x80, 0x80, 0x7f, 0x7f,
    0x7f, 0x7f, 0x7f, 0x7f, 0x80, 0x7f, 0x80, 0x80, 0x80, 0x80, 0x80, 0x80,
    0x7f, 0x80, 0x80, 0x80, 0x7f, 0x80, 0x7f, 0x7f, 0x7f, 0x80, 0x7f, 0x7f,
    0x80, 0x7f, 0x7f, 0x80, 0x80, 0x80, 0x81, 0x81, 0x80, 0x80, 0x80, 0x81,
    0x80, 0x80, 0x7f, 0x80, 0x80, 0x80, 0x7f, 0x7f, 0x7e, 0x7f, 0x7f, 0x7f,
    0x7f, 0x7f, 0x7f, 0x7e, 0x7f, 0x7f, 0x7f, 0x7f, 0x7e, 0x7e, 0x7e, 0x7f,
    0x7e, 0x7e, 0x7f, 0x7e, 0x7f, 0x7e, 0x80, 0x7f, 0x80, 0x80, 0x80, 0x80,
    0x80, 0x80, 0x80, 0x81, 0x80, 0x81, 0x81, 0x81, 0x81, 0x81, 0x81, 0x81,
    0x81, 0x80, 0x81, 0x80, 0x80, 0x80, 0x7f, 0x80, 0x7f, 0x7f, 0x7f, 0x80,
    0x7f, 0x7f, 0x7f, 0x7f, 0x80, 0x7f, 0x80, 0x80, 0x7f, 0x80, 0x7f, 0x81,
    0x80, 0x80, 0x80, 0x7f, 0x7f, 0x7f, 0x80, 0x7f, 0x7f, 0x7f, 0x7f, 0x7f,
    0x80, 0x80, 0x7f, 0x80, 0x7f, 0x80, 0x80, 0x80, 0x80, 0x80, 0x80, 0x80,
    0x7f, 0x80, 0x7f, 0x80, 0x80, 0x80, 0x80, 0x81, 0x7f, 0x81, 0x7f, 0x81,
    0x80, 0x80, 0x80, 0x80, 0x82, 0x80, 0x80, 0x80, 0x81, 0x80, 0x7f, 0x80,
    0x80, 0x7f, 0x7e, 0x7f, 0x7f, 0x7e, 0x80, 0x7e, 0x7e, 0x7f, 0x7e, 0x80,
    0x7e, 0x7f, 0x7e, 0x7f, 0x7f, 0x7e, 0x7f, 0x7d, 0x7f, 0x7d, 0x80, 0x7e,
    0x80, 0x7f, 0x80, 0x7f, 0x7f, 0x7f, 0x7f, 0x81, 0x80, 0x81, 0x7f, 0x81,
    0x81, 0x7f, 0x80, 0x80, 0x81, 0x80, 0x7f, 0x80, 0x80, 0x80, 0x7f, 0x7f,
    0x7f, 0x80, 0x7f, 0x7f, 0x7f, 0x7d, 0x80, 0x7e, 0x80, 0x7f, 0x7d, 0x81,
    0x7d, 0x81, 0x7e, 0x80, 0x80, 0x7e, 0x81, 0x7e, 0x81, 0x7f, 0x80, 0x80,
    0x80, 0x80, 0x80, 0x80, 0x7f, 0x80, 0x80, 0x80, 0x80, 0x80, 0x81, 0x81,
    0x80, 0x80, 0x80, 0x80, 0x7f, 0x80, 0x7f, 0x7f, 0x7f, 0x7f, 0x7f, 0x7f,
    0x7f, 0x80, 0x7f, 0x80, 0x80, 0x7f, 0x7f, 0x80, 0x7f, 0x80, 0x80, 0x80,
    0x80, 0x80, 0x80, 0x7f, 0x80, 0x80, 0x80, 0x80, 0x80, 0x80, 0x7f, 0x80,
    0x7f, 0x7f, 0x7e, 0x80, 0x7e, 0x7f, 0x7e, 0x7e, 0x7f, 0x7f, 0x7f, 0x80,
    0x7f, 0x7f, 0x7f, 0x7f, 0x7f, 0x7f, 0x7f, 0x80, 0x7f, 0x80, 0x7f, 0x80,
    0x80, 0x80, 0x80, 0x80, 0x81, 0x80, 0x80, 0x80, 0x80, 0x80, 0x81, 0x81,
    0x80, 0x81, 0x80, 0x81, 0x80, 0x81, 0x80, 0x80, 0x7f, 0x7f, 0x7f, 0x7f,
    0x7f, 0x7f, 0x7e, 0x7e, 0x7e, 0x7e, 0x7e, 0x7f, 0x7e, 0x80, 0x7e, 0x81,
    0x7e, 0x80, 0x7f, 0x80, 0x80, 0x7f, 0x80, 0x80, 0x7f, 0x80, 0x80, 0x7f,
    0x80, 0x7e, 0x81, 0x7e, 0x80, 0x80, 0x80, 0x80, 0x80, 0x81, 0x80, 0x80,
    0x80, 0x80, 0x80, 0x80, 0x80, 0x80, 0x80, 0x7f, 0x80, 0x7f, 0x80, 0x7f,
    0x80, 0x7f, 0x7f, 0x7f, 0x80, 0x7f, 0x7f, 0x80, 0x7f, 0x80, 0x80, 0x7f,
    0x80, 0x81, 0x7f, 0x80, 0x7f, 0x7f, 0x7f, 0x7f, 0x7f, 0x7f, 0x7e, 0x7f,
    0x7d, 0x80, 0x7f, 0x7e, 0x7c, 0x83, 0x7c, 0x7f, 0x7f, 0x80, 0x7e, 0x7e,
    0x7f, 0x7f, 0x80, 0x80, 0x80, 0x7e, 0x81, 0x7f, 0x80, 0x80, 0x80, 0x80,
    0x80, 0x81, 0x7f, 0x7f, 0x82, 0x80, 0x7f, 0x81, 0x81, 0x82, 0x81, 0x81,
    0x81, 0x7f, 0x80, 0x80, 0x7f, 0x80, 0x7f, 0x7e, 0x80, 0x7e, 0x80, 0x7f,
    0x7e, 0x81, 0x7e, 0x7f, 0x80, 0x7f, 0x7f, 0x7f, 0x7f, 0x7f, 0x7f, 0x80,
    0x7f, 0x7e, 0x81, 0x7f, 0x7f, 0x7f, 0x7e, 0x7f, 0x7f, 0x7e, 0x7e, 0x7e,
    0x7f, 0x80, 0x7e, 0x81, 0x7f, 0x81, 0x7f, 0x80, 0x80, 0x82, 0x7f, 0x80,
    0x80, 0x81, 0x80, 0x80, 0x80, 0x80, 0x80, 0x80, 0x80, 0x80, 0x80, 0x80,
    0x80, 0x80, 0x81, 0x80, 0x81, 0x80, 0x80, 0x80, 0x80, 0x7f, 0x80, 0x7f,
    0x7f, 0x7f, 0x7f, 0x80, 0x7e, 0x7f, 0x7f, 0x7e, 0x80, 0x7f, 0x7e, 0x7e,
    0x7f, 0x7e, 0x7f, 0x7d, 0x7e, 0x7f, 0x7f, 0x7f, 0x7e, 0x7f, 0x7f, 0x7f,
    0x7f, 0x80, 0x80, 0x80, 0x80, 0x81, 0x81, 0x81, 0x81, 0x81, 0x81, 0x81,
    0x81, 0x81, 0x80, 0x81, 0x81, 0x80, 0x80, 0x80, 0x80, 0x7f, 0x7f, 0x7f,
    0x80, 0x7f, 0x7f, 0x7f, 0x7f, 0x7f, 0x7e, 0x7e, 0x7e, 0x7e, 0x7f, 0x7f,
    0x7f, 0x7f, 0x7f, 0x7f, 0x7f, 0x7f, 0x7f, 0x7f, 0x80, 0x80, 0x7f, 0x7f,
    0x7f, 0x7f, 0x7f, 0x80, 0x80, 0x7f, 0x80, 0x80, 0x80, 0x80, 0x7f, 0x7f,
    0x80, 0x80, 0x80, 0x80, 0x80, 0x7f, 0x80, 0x7f, 0x80, 0x7f, 0x7f, 0x7f,
    0x80, 0x80, 0x7f, 0x7f, 0x80, 0x80, 0x80, 0x81, 0x80, 0x80, 0x80, 0x80,
    0x80, 0x80, 0x7f, 0x80, 0x7f, 0x7f, 0x7f, 0x7e, 0x7e, 0x7e, 0x7f, 0x7f,
    0x7f, 0x7f, 0x7e, 0x7f, 0x7f, 0x7f, 0x7f, 0x7f, 0x7f, 0x7f, 0x7f, 0x7f,
    0x7f, 0x7f, 0x7f, 0x80, 0x80, 0x7f, 0x80, 0x80, 0x81, 0x80, 0x80, 0x80,
    0x80, 0x80, 0x81, 0x80, 0x80, 0x80, 0x80, 0x81, 0x80, 0x81, 0x81, 0x80,
    0x80, 0x81, 0x80, 0x80, 0x80, 0x80, 0x7f, 0x7f, 0x7f, 0x7f, 0x7f, 0x7e,
    0x7e, 0x7f, 0x7f, 0x7f, 0x7e, 0x7e, 0x7f, 0x7f, 0x7f, 0x7f, 0x80, 0x7f,
    0x80, 0x80, 0x80, 0x80, 0x7f, 0x7f, 0x80, 0x80, 0x7f, 0x7f, 0x7f, 0x7f,
    0x7f, 0x7f, 0x80, 0x80, 0x80, 0x81, 0x80, 0x80, 0x80, 0x80, 0x80, 0x80,
    0x80, 0x80, 0x81, 0x7f, 0x80, 0x80, 0x7f, 0x80, 0x80, 0x80, 0x80, 0x80,
    0x80, 0x80, 0x7f, 0x7f, 0x80, 0x7f, 0x80, 0x80, 0x80, 0x80, 0x7f, 0x7f,
    0x7f, 0x7f, 0x7f, 0x80, 0x80, 0x80, 0x7f, 0x7f, 0x7f, 0x7f, 0x7f, 0x7f,
    0x7f, 0x7f, 0x7f, 0x7f, 0x7f, 0x7f, 0x7e, 0x7f, 0x7f, 0x7f, 0x7f, 0x80,
    0x7f, 0x80, 0x80, 0x7f, 0x80, 0x7f, 0x81, 0x81, 0x80, 0x7f, 0x80, 0x80,
    0x80, 0x80, 0x80, 0x80, 0x80, 0x80, 0x81, 0x80, 0x80, 0x7f, 0x80, 0x80,
    0x81, 0x7f, 0x80, 0x7f, 0x7f, 0x7f, 0x7f, 0x7f, 0x7f, 0x7f, 0x7f, 0x7f,
    0x7e, 0x7f, 0x80, 0x7e, 0x7f, 0x80, 0x80, 0x7f, 0x80, 0x80, 0x80, 0x80,
    0x7f, 0x7f, 0x7f, 0x7f, 0x7f, 0x80, 0x7f, 0x7e, 0x7f, 0x7f, 0x7f, 0x80,
    0x7f, 0x80, 0x80, 0x80, 0x80, 0x80, 0x80, 0x7f, 0x7f, 0x7f, 0x7f, 0x7f,
    0x7f, 0x80, 0x7f, 0x80, 0x7f, 0x80, 0x7f, 0x80, 0x80, 0x80, 0x81, 0x81,
    0x81, 0x80, 0x81, 0x80, 0x81, 0x80, 0x80, 0x80, 0x80, 0x80, 0x7f, 0x7f,
    0x7f, 0x7f, 0x7f, 0x7f, 0x80, 0x7f, 0x7e, 0x7f, 0x7f, 0x7f, 0x7e, 0x7f,
    0x7f, 0x7f, 0x7f, 0x80, 0x7f, 0x80, 0x7f, 0x80, 0x7f, 0x81, 0x7f, 0x81,
    0x80, 0x80, 0x80, 0x80, 0x80, 0x7f, 0x80, 0x80, 0x80, 0x80, 0x81, 0x80,
    0x80, 0x81, 0x80, 0x80, 0x80, 0x80, 0x80, 0x7f, 0x7f, 0x7f, 0x7e, 0x7e,
    0x7f, 0x7e, 0x7f, 0x7f, 0x7e, 0x7f, 0x7f, 0x7f, 0x7f, 0x7f, 0x7f, 0x7f,
    0x80, 0x7f, 0x80, 0x80, 0x80, 0x80, 0x80, 0x7f, 0x7f, 0x7f, 0x80, 0x7f,
    0x7e, 0x7f, 0x7e, 0x80, 0x7f, 0x80, 0x80, 0x7f, 0x80, 0x80, 0x81, 0x80,
    0x80, 0x7f, 0x80, 0x7f, 0x81, 0x7e, 0x80, 0x7f, 0x7f, 0x80, 0x80, 0x80,
    0x80, 0x81, 0x80, 0x81, 0x81, 0x82, 0x80, 0x81, 0x80, 0x81, 0x80, 0x80,
    0x80, 0x7f, 0x80, 0x7f, 0x7f, 0x7e, 0x7f, 0x7e, 0x7e, 0x7f, 0x7e, 0x7f,
    0x7e, 0x7e, 0x7e, 0x7f, 0x7e, 0x7f, 0x7f, 0x7f, 0x7f, 0x7f, 0x7f, 0x7f,
    0x7f, 0x7f, 0x7f, 0x80, 0x80, 0x80, 0x80, 0x80, 0x80, 0x81, 0x80, 0x80,
    0x80, 0x80, 0x80, 0x80, 0x80, 0x81, 0x80, 0x80, 0x80, 0x80, 0x81, 0x80,
    0x80, 0x80, 0x80, 0x80, 0x7f, 0x7f, 0x80, 0x7e, 0x7f, 0x7f, 0x7e, 0x7f,
    0x7f, 0x7f, 0x7e, 0x7e, 0x7f, 0x80, 0x7e, 0x7f, 0x80, 0x7f, 0x80, 0x7f,
    0x80, 0x7f, 0x7f, 0x80, 0x81, 0x7f, 0x80, 0x7f, 0x80, 0x7f, 0x80, 0x80,
    0x7f, 0x81, 0x80, 0x80, 0x80, 0x80, 0x80, 0x7f, 0x7f, 0x80, 0x7f, 0x7f,
    0x7f, 0x80, 0x7e, 0x7f, 0x7f, 0x80, 0x80, 0x80, 0x81, 0x80, 0x80, 0x80,
    0x80, 0x80, 0x80, 0x81, 0x80, 0x7f, 0x80, 0x7f, 0x7f, 0x80, 0x7f, 0x7f,
    0x7f, 0x7f, 0x80, 0x7f, 0x7f, 0x7f, 0x7f, 0x7f, 0x7f, 0x7f, 0x80, 0x7f,
    0x7f, 0x7e, 0x7f, 0x7e, 0x7f, 0x7f, 0x7e, 0x80, 0x7f, 0x80, 0x80, 0x7f,
    0x80, 0x7f, 0x7f, 0x80, 0x80, 0x7f, 0x80, 0x80, 0x7f, 0x7f, 0x80, 0x80,
    0x7f, 0x7f, 0x81, 0x80, 0x80, 0x81, 0x81, 0x80, 0x80, 0x81, 0x80, 0x80,
    0x7e, 0x7f, 0x80, 0x7f, 0x7f, 0x7f, 0x7e, 0x7e, 0x7e, 0x7f, 0x80, 0x7e,
    0x7f, 0x7f, 0x7f, 0x7f, 0x7f, 0x80, 0x7e, 0x80, 0x80, 0x80, 0x7f, 0x7f,
    0x7f, 0x7f, 0x7e, 0x7f, 0x7f, 0x80, 0x7f, 0x80, 0x80, 0x80, 0x7f, 0x80,
    0x80, 0x81, 0x80, 0x80, 0x80, 0x80, 0x80, 0x7f, 0x80, 0x80, 0x80, 0x80,
    0x81, 0x80, 0x81, 0x80, 0x81, 0x80, 0x81, 0x81, 0x80, 0x81, 0x81, 0x7f,
    0x80, 0x80, 0x7e, 0x7f, 0x7e, 0x80, 0x7d, 0x7f, 0x7d, 0x7f, 0x7e, 0x7f,
    0x7f, 0x7e, 0x7f, 0x7f, 0x7e, 0x7f, 0x7f, 0x7f, 0x7f, 0x7f, 0x80, 0x7e,
    0x7f, 0x7f, 0x80, 0x80, 0x7e, 0x81, 0x80, 0x80, 0x80, 0x80, 0x80, 0x80,
    0x81, 0x80, 0x81, 0x80, 0x80, 0x80, 0x80, 0x81, 0x80, 0x81, 0x81, 0x80,
    0x81, 0x80, 0x81, 0x7f, 0x80, 0x7f, 0x80, 0x81, 0x7d, 0x80, 0x7e, 0x7e,
    0x7e, 0x7f, 0x7e, 0x7e, 0x7e, 0x7f, 0x7e, 0x80, 0x7f, 0x80, 0x80, 0x7f,
    0x80, 0x80, 0x7f, 0x7f, 0x7f, 0x7f, 0x7e, 0x7f, 0x7e, 0x80, 0x7f, 0x7f,
    0x7f, 0x7f, 0x80, 0x7f, 0x80, 0x80, 0x81, 0x80, 0x81, 0x7f, 0x80, 0x7f,
    0x7f, 0x7f, 0x7f, 0x80, 0x80, 0x80, 0x80, 0x7f, 0x80, 0x80, 0x80, 0x80,
    0x81, 0x80, 0x81, 0x80, 0x82, 0x80, 0x80, 0x80, 0x80, 0x7f, 0x7f, 0x80,
    0x80, 0x7f, 0x80, 0x7f, 0x7f, 0x80, 0x7f, 0x7f, 0x7f, 0x80, 0x7f, 0x80,
    0x7f, 0x7f, 0x7e, 0x7f, 0x7e, 0x7f, 0x7e, 0x80, 0x7f, 0x7f, 0x7f, 0x80,
    0x80, 0x7f, 0x7f, 0x80, 0x81, 0x81, 0x80, 0x80, 0x80, 0x80, 0x80, 0x80,
    0x80, 0x7f, 0x80, 0x80, 0x80, 0x7f, 0x80, 0x80, 0x7f, 0x7f, 0x7f, 0x7f,
    0x7e, 0x7e, 0x7e, 0x7e, 0x7f, 0x7e, 0x7e, 0x7e, 0x7f, 0x7e, 0x7e, 0x7f,
    0x7f, 0x80, 0x80, 0x80, 0x80, 0x80, 0x80, 0x7f, 0x80, 0x80, 0x7f, 0x7f,
    0x7f, 0x7e, 0x7e, 0x7e, 0x7e, 0x7e, 0x7f, 0x7f, 0x80, 0x7f, 0x7f, 0x80,
    0x80, 0x7f, 0x80, 0x81, 0x80, 0x80, 0x81, 0x80, 0x7f, 0x80, 0x80, 0x7f,
    0x80, 0x80, 0x80, 0x80, 0x7f, 0x80, 0x80, 0x80, 0x81, 0x80, 0x81, 0x80,
    0x80, 0x80, 0x7f, 0x7f, 0x7f, 0x80, 0x7f, 0x7f, 0x7f, 0x81, 0x80, 0x80,
    0x7f, 0x7f, 0x7f, 0x80, 0x80, 0x80, 0x80, 0x7e, 0x7f, 0x7e, 0x7f, 0x7e,
    0x80, 0x7e, 0x7f, 0x7f, 0x7f, 0x80, 0x7e, 0x80, 0x7e, 0x81, 0x7f, 0x81,
    0x80, 0x81, 0x80, 0x81, 0x80, 0x80, 0x81, 0x80, 0x82, 0x80, 0x81, 0x80,
    0x80, 0x81, 0x80, 0x80, 0x7f, 0x7f, 0x7f, 0x7f, 0x7f, 0x7f, 0x7e, 0x7f,
    0x7f, 0x7e, 0x7e, 0x7f, 0x7e, 0x7e, 0x7f, 0x7f, 0x7f, 0x7f, 0x7f, 0x7f,
    0x80, 0x80, 0x7f, 0x7f, 0x7f, 0x7f, 0x7f, 0x7f, 0x7f, 0x7f, 0x80, 0x80,
    0x80, 0x7f, 0x80, 0x80, 0x80, 0x81, 0x81, 0x7f, 0x80, 0x7f, 0x80, 0x7f,
    0x80, 0x80, 0x7f, 0x7f, 0x7f, 0x80, 0x80, 0x80, 0x80, 0x81, 0x7f, 0x81,
    0x7f, 0x82, 0x7f, 0x82, 0x7f, 0x82, 0x80, 0x80, 0x80, 0x7f, 0x7f, 0x7f,
    0x7e, 0x7f, 0x7e, 0x7e, 0x7e, 0x7e, 0x7e, 0x7e, 0x7f, 0x7f, 0x7e, 0x7f,
    0x7f, 0x7f, 0x7f, 0x7f, 0x7f, 0x7f, 0x7f, 0x7f, 0x7f, 0x7f, 0x7f, 0x80,
    0x7f, 0x80, 0x7f, 0x81, 0x7e, 0x80, 0x80, 0x80, 0x80, 0x80, 0x80, 0x80,
    0x80, 0x81, 0x81, 0x81, 0x81, 0x81, 0x81, 0x81, 0x81, 0x81, 0x80, 0x80,
    0x81, 0x80, 0x80, 0x80, 0x7f, 0x80, 0x7f, 0x7f, 0x7f, 0x7f, 0x7f, 0x7f,
    0x7f, 0x7f, 0x7f, 0x7f, 0x7f, 0x7f, 0x7f, 0x7f, 0x7f, 0x7f, 0x7f, 0x80,
    0x7f, 0x7f, 0x7f, 0x7e, 0x7f, 0x7e, 0x7f, 0x80, 0x7f, 0x7f, 0x80, 0x7f,
    0x80, 0x7f, 0x80, 0x80, 0x80, 0x80, 0x7f, 0x80, 0x80, 0x80, 0x80, 0x80,
    0x80, 0x80, 0x80, 0x80, 0x80, 0x80, 0x81, 0x80, 0x81, 0x80, 0x81, 0x81,
    0x80, 0x81, 0x80, 0x81, 0x80, 0x80, 0x80, 0x7f, 0x7f, 0x7e, 0x7e, 0x7f,
    0x7f, 0x7e, 0x7f, 0x7e, 0x7f, 0x7e, 0x7f, 0x7f, 0x80, 0x7f, 0x7e, 0x7e,
    0x7f, 0x7e, 0x7f, 0x7f, 0x7f, 0x7f, 0x7f, 0x80, 0x80, 0x7f, 0x80, 0x80,
    0x7f, 0x80, 0x80, 0x81, 0x80, 0x81, 0x81, 0x81, 0x80, 0x80, 0x81, 0x80,
    0x81, 0x80, 0x80, 0x7f, 0x81, 0x80, 0x7f, 0x7f, 0x7f, 0x7f, 0x7e, 0x7f,
    0x7e, 0x7e, 0x7e, 0x7f, 0x7e, 0x7f, 0x7f, 0x7e, 0x7f, 0x7f, 0x7f, 0x80,
    0x80, 0x80, 0x80, 0x7f, 0x80, 0x7f, 0x80, 0x7f, 0x80, 0x7f, 0x7f, 0x7f,
    0x80, 0x7f, 0x7f, 0x7f, 0x7f, 0x80, 0x7f, 0x80, 0x80, 0x7f, 0x7f, 0x7f,
    0x80, 0x80, 0x7f, 0x80, 0x7f, 0x7f, 0x7f, 0x7f, 0x7f, 0x7f, 0x7e, 0x7f,
    0x7f, 0x80, 0x7f, 0x80, 0x80, 0x80, 0x80, 0x80, 0x80, 0x80, 0x80, 0x7f,
    0x7f, 0x80, 0x80, 0x80, 0x80, 0x7f, 0x7f, 0x7f, 0x7f, 0x7e, 0x7f, 0x7f,
    0x7f, 0x7f, 0x7f, 0x7e, 0x7f, 0x7e, 0x7e, 0x7f, 0x7e, 0x7f, 0x7f, 0x7f,
    0x7f, 0x7f, 0x7f, 0x7f, 0x80, 0x80, 0x80, 0x80, 0x80, 0x80, 0x80, 0x80,
    0x80, 0x80, 0x81, 0x80, 0x81, 0x81, 0x81, 0x80, 0x81, 0x81, 0x80, 0x81,
    0x80, 0x80, 0x80, 0x7f, 0x7f, 0x7e, 0x7e, 0x7f, 0x7e, 0x7f, 0x7f, 0x7e,
    0x7f, 0x7f, 0x80, 0x7f, 0x80, 0x80, 0x7f, 0x7f, 0x7f, 0x80, 0x80, 0x7f,
    0x80, 0x7f, 0x7f, 0x7f, 0x7f, 0x7f, 0x7f, 0x80, 0x80, 0x80, 0x80, 0x80,
    0x80, 0x7f, 0x80, 0x80, 0x81, 0x80, 0x80, 0x80, 0x80, 0x7f, 0x80, 0x7f,
    0x7f, 0x7f, 0x80, 0x80, 0x7f, 0x80, 0x80, 0x80, 0x81, 0x81, 0x81, 0x81,
    0x81, 0x81, 0x81, 0x80, 0x81, 0x80, 0x81, 0x81, 0x80, 0x80, 0x80, 0x7f,
    0x7f, 0x7f, 0x80, 0x7f, 0x7f, 0x7f, 0x7f, 0x7f, 0x7f, 0x7e, 0x7f, 0x7f,
    0x7e, 0x7f, 0x7f, 0x7e, 0x7f, 0x7e, 0x7f, 0x7e, 0x7f, 0x7f, 0x7f, 0x80,
    0x7f, 0x80, 0x7f, 0x80, 0x80, 0x80, 0x80, 0x7f, 0x80, 0x80, 0x80, 0x80,
    0x81, 0x80, 0x81, 0x80, 0x81, 0x80, 0x80, 0x80, 0x80, 0x7f, 0x80, 0x7f,
    0x7f, 0x7e, 0x7f, 0x7e, 0x7f, 0x7e, 0x7f, 0x7e, 0x7f, 0x7f, 0x7f, 0x80,
    0x7f, 0x7f, 0x80, 0x80, 0x80, 0x7f, 0x80, 0x7e, 0x80, 0x7e, 0x7f, 0x7e,
    0x80, 0x80, 0x7f, 0x7f, 0x7f, 0x7f, 0x7f, 0x80, 0x80, 0x80, 0x81, 0x7f,
    0x81, 0x80, 0x7f, 0x7f, 0x80, 0x7f, 0x80, 0x80, 0x80, 0x80, 0x7e, 0x80,
    0x80, 0x80, 0x80, 0x7f, 0x81, 0x80, 0x81, 0x80, 0x81, 0x80, 0x80, 0x80,
    0x80, 0x81, 0x80, 0x80, 0x7f, 0x80, 0x7f, 0x7f, 0x80, 0x80, 0x7f, 0x80,
    0x7e, 0x7f, 0x7f, 0x7f, 0x7f, 0x7e, 0x80, 0x7e, 0x7f, 0x7d, 0x80, 0x7d,
    0x7f, 0x7e, 0x7f, 0x7e, 0x7e, 0x80, 0x7e, 0x7f, 0x7e, 0x80, 0x80, 0x7f,
    0x80, 0x80, 0x80, 0x7f, 0x81, 0x82, 0x81, 0x81, 0x80, 0x81, 0x81, 0x81,
    0x80, 0x81, 0x7f, 0x80, 0x80, 0x80, 0x80, 0x7f, 0x7f, 0x7e, 0x7f, 0x80,
    0x7e, 0x80, 0x7f, 0x80, 0x7f, 0x7e, 0x81, 0x7d, 0x81, 0x7f, 0x80, 0x7f,
    0x80, 0x80, 0x80, 0x80, 0x7f, 0x80, 0x7f, 0x7f, 0x80, 0x7f, 0x80, 0x7f,
    0x7f, 0x80, 0x80, 0x80, 0x80, 0x80, 0x80, 0x7f, 0x80, 0x80, 0x7f, 0x7f,
    0x7f, 0x7f, 0x7f, 0x7f, 0x80, 0x7f, 0x7f, 0x7f, 0x80, 0x80, 0x80, 0x80,
    0x80, 0x7f, 0x80, 0x80, 0x80, 0x80, 0x80, 0x80, 0x80, 0x7f, 0x7f, 0x81,
    0x7f, 0x7f, 0x7f, 0x80, 0x7f, 0x7f, 0x7f, 0x7f, 0x7f, 0x7f, 0x7f, 0x7e,
    0x7f, 0x7e, 0x7f, 0x7f, 0x7f, 0x7e, 0x7f, 0x7f, 0x7f, 0x7f, 0x7f, 0x7f,
    0x7f, 0x80, 0x7f, 0x80, 0x81, 0x80, 0x80, 0x81, 0x81, 0x81, 0x80, 0x81,
    0x81, 0x81, 0x81, 0x81, 0x81, 0x81, 0x80, 0x80, 0x80, 0x81, 0x81, 0x80,
    0x7f, 0x80, 0x7f, 0x7f, 0x80, 0x7f, 0x80, 0x7f, 0x7f, 0x7f, 0x7e, 0x7f,
    0x7e, 0x7f, 0x7f, 0x7f, 0x80, 0x7f, 0x7f, 0x80, 0x7f, 0x81, 0x7e, 0x80,
    0x7f, 0x80, 0x80, 0x7e, 0x7f, 0x7f, 0x7e, 0x80, 0x7e, 0x81, 0x7f, 0x81,
    0x80, 0x80, 0x80, 0x80, 0x80, 0x80, 0x80, 0x81, 0x7f, 0x80, 0x80, 0x80,
    0x7f, 0x80, 0x80, 0x7f, 0x80, 0x7e, 0x7f, 0x7f, 0x80, 0x80, 0x7f, 0x80,
    0x81, 0x80, 0x7f, 0x80, 0x81, 0x7f, 0x80, 0x7f, 0x7f, 0x7f, 0x7f, 0x7f,
    0x7f, 0x7e, 0x7f, 0x7d, 0x7f, 0x7e, 0x80, 0x7e, 0x7d, 0x81, 0x7d, 0x80,
    0x7e, 0x7f, 0x7e, 0x82, 0x7c, 0x80, 0x80, 0x7f, 0x7e, 0x81, 0x80, 0x7f,
    0x80, 0x80, 0x80, 0x80, 0x80, 0x80, 0x81, 0x80, 0x7f, 0x80, 0x80, 0x80,
    0x80, 0x80, 0x81, 0x80, 0x80, 0x7f, 0x7f, 0x80, 0x7e, 0x7f, 0x7f, 0x80,
    0x7f, 0x7e, 0x80, 0x7e, 0x80, 0x7f, 0x7d, 0x81, 0x7e, 0x7f, 0x80, 0x7f,
    0x80, 0x80, 0x80, 0x7f, 0x80, 0x80, 0x81, 0x7e, 0x7f, 0x80, 0x80, 0x7e,
    0x7f, 0x7d, 0x80, 0x7f, 0x7f, 0x80, 0x80, 0x7f, 0x81, 0x80, 0x80, 0x80,
    0x80, 0x80, 0x80, 0x80, 0x81, 0x80, 0x80, 0x7f, 0x80, 0x80, 0x80, 0x80,
    0x80, 0x80, 0x80, 0x81, 0x80, 0x81, 0x7f, 0x82, 0x80, 0x81, 0x80, 0x80,
    0x80, 0x80, 0x80, 0x7f, 0x7f, 0x7f, 0x7e, 0x7f, 0x7f, 0x7e, 0x7e, 0x7e,
    0x7e, 0x7e, 0x7e, 0x7e, 0x7e, 0x7e, 0x7e, 0x7f, 0x7e, 0x7e, 0x7e, 0x7f,
    0x7f, 0x7f, 0x7f, 0x7f, 0x80, 0x80, 0x80, 0x80, 0x81, 0x81, 0x81, 0x81,
    0x80, 0x80, 0x81, 0x81, 0x81, 0x81, 0x81, 0x80, 0x80, 0x80, 0x81, 0x80,
    0x80, 0x7f, 0x7f, 0x80, 0x7f, 0x7f, 0x7f, 0x7f, 0x7f, 0x7f, 0x7e, 0x7f,
    0x7f, 0x7f, 0x7f, 0x7f, 0x7f, 0x7f, 0x7f, 0x7f, 0x7f, 0x80, 0x80, 0x7f,
    0x7f, 0x7f, 0x7f, 0x80, 0x80, 0x80, 0x80, 0x7f, 0x80, 0x80, 0x80, 0x80,
    0x80, 0x81, 0x80, 0x7f, 0x80, 0x7f, 0x80, 0x7f, 0x7f, 0x80, 0x7f, 0x80,
    0x7f, 0x7f, 0x7f, 0x7f, 0x80, 0x80, 0x7f, 0x80, 0x80, 0x80, 0x80, 0x7f,
    0x80, 0x80, 0x80, 0x81, 0x80, 0x80, 0x80, 0x80, 0x7f, 0x80, 0x80, 0x7f,
    0x80, 0x7f, 0x80, 0x7f, 0x7f, 0x7f, 0x7f, 0x7f, 0x80, 0x80, 0x7f, 0x80,
    0x7f, 0x7f, 0x7f, 0x7f, 0x80, 0x7f, 0x7f, 0x7f, 0x7f, 0x80, 0x80, 0x80,
    0x7f, 0x80, 0x80, 0x80, 0x80, 0x7f, 0x80, 0x7f, 0x80, 0x80, 0x80, 0x80,
    0x7f, 0x80, 0x80, 0x80, 0x80, 0x81, 0x81, 0x80, 0x80, 0x80, 0x80, 0x80,
    0x80, 0x80, 0x7f, 0x7f, 0x7f, 0x7f, 0x7f, 0x7f, 0x7e, 0x7e, 0x7e, 0x7f,
    0x7f, 0x80, 0x7f, 0x80, 0x7f, 0x80, 0x80, 0x81, 0x81, 0x80, 0x80, 0x7f,
    0x80, 0x80, 0x7f, 0x7f, 0x7f, 0x7f, 0x7f, 0x7f, 0x80, 0x80, 0x7f, 0x80,
    0x7f, 0x80, 0x7f, 0x7f, 0x80, 0x80, 0x80, 0x80, 0x80, 0x80, 0x80, 0x7f,
    0x7f, 0x7f, 0x80, 0x80, 0x80, 0x80, 0x7f, 0x7f, 0x7f, 0x7f, 0x7f, 0x80,
    0x80, 0x7f, 0x80, 0x7f, 0x7f, 0x7f, 0x80, 0x80, 0x80, 0x7f, 0x80, 0x80,
    0x7f, 0x7f, 0x7e, 0x7f, 0x7e, 0x7f, 0x7e, 0x7e, 0x7f, 0x7f, 0x7e, 0x7f,
    0x7f, 0x7f, 0x7f, 0x7f, 0x7f, 0x7f, 0x80, 0x80, 0x7f, 0x80, 0x7f, 0x80,
    0x80, 0x81, 0x80, 0x80, 0x7f, 0x81, 0x81, 0x80, 0x80, 0x81, 0x80, 0x81,
    0x81, 0x80, 0x81, 0x80, 0x80, 0x81, 0x80, 0x80, 0x7f, 0x80, 0x7f, 0x7f,
    0x7f, 0x7f, 0x7f, 0x7f, 0x7f, 0x7f, 0x80, 0x7f, 0x7f, 0x7f, 0x80, 0x80,
    0x7f, 0x80, 0x7f, 0x80, 0x7f, 0x7f, 0x7f, 0x7f, 0x7f, 0x7e, 0x7f, 0x7f,
    0x7f, 0x7e, 0x7f, 0x7f, 0x80, 0x7f, 0x7f, 0x7f, 0x81, 0x80, 0x80, 0x80,
    0x7f, 0x80, 0x7f, 0x7f, 0x7f, 0x80, 0x7f, 0x7f, 0x80, 0x7f, 0x80, 0x80,
    0x80, 0x80, 0x81, 0x81, 0x81, 0x81, 0x81, 0x80, 0x7f, 0x80, 0x7f, 0x80,
    0x80, 0x7f, 0x7f, 0x7f, 0x7e, 0x7f, 0x7f, 0x7e, 0x7f, 0x80, 0x7f, 0x7f,
    0x7f, 0x7e, 0x7f, 0x7f, 0x7f, 0x7f, 0x7f, 0x80, 0x7f, 0x7f, 0x80, 0x7f,
    0x7f, 0x80, 0x80, 0x80, 0x80, 0x80, 0x80, 0x80, 0x80, 0x80, 0x81, 0x80,
    0x81, 0x81, 0x81, 0x81, 0x81, 0x81, 0x80, 0x81, 0x81, 0x81, 0x80, 0x7f,
    0x7f, 0x80, 0x7f, 0x7f, 0x7f, 0x7e, 0x7e, 0x7f, 0x80, 0x7f, 0x7e, 0x7f,
    0x7f, 0x7f, 0x7f, 0x7f, 0x7f, 0x7f, 0x7f, 0x7f, 0x7f, 0x80, 0x7f, 0x7f,
    0x7e, 0x7f, 0x7e, 0x7f, 0x7f, 0x7f, 0x7f, 0x7f, 0x80, 0x7f, 0x80, 0x80,
    0x80, 0x80, 0x80, 0x80, 0x80, 0x7f, 0x80, 0x7f, 0x80, 0x80, 0x7f, 0x7f,
    0x7e, 0x7f, 0x7f, 0x80, 0x80, 0x7f, 0x81, 0x81, 0x80, 0x81, 0x80, 0x80,
    0x80, 0x80, 0x80, 0x80, 0x7f, 0x7f, 0x7f, 0x7f, 0x7f, 0x7f, 0x7f, 0x7f,
    0x7e, 0x7f, 0x7f, 0x7f, 0x7f, 0x7e, 0x7f, 0x7f, 0x7f, 0x7e, 0x7f, 0x7e,
    0x80, 0x7f, 0x80, 0x7f, 0x7f, 0x80, 0x80, 0x80, 0x80, 0x80, 0x81, 0x80,
    0x81, 0x81, 0x80, 0x80, 0x81, 0x81, 0x80, 0x80, 0x80, 0x80, 0x80, 0x80,
    0x80, 0x80, 0x80, 0x80, 0x81, 0x81, 0x81, 0x80, 0x80, 0x7e, 0x7f, 0x80,
    0x7f, 0x7e, 0x7f, 0x7f, 0x7f, 0x7f, 0x7f, 0x7e, 0x7e, 0x7f, 0x7f, 0x80,
    0x80, 0x7f, 0x80, 0x80, 0x7f, 0x80, 0x80, 0x80, 0x80, 0x80, 0x80, 0x80,
    0x7f, 0x80, 0x7f, 0x80, 0x7f, 0x80, 0x81, 0x80, 0x80, 0x80, 0x80, 0x7f,
    0x80, 0x7f, 0x80, 0x7f, 0x7f, 0x7f, 0x7f, 0x7f, 0x7f, 0x7f, 0x80, 0x7f,
    0x80, 0x80, 0x7f, 0x80, 0x7f, 0x81, 0x80, 0x80, 0x80, 0x80, 0x80, 0x7f,
    0x7f, 0x80, 0x7f, 0x7f, 0x80, 0x7e, 0x80, 0x7f, 0x7f, 0x7f, 0x7e, 0x7f,
    0x7f, 0x80, 0x7d, 0x7f, 0x7f, 0x7e, 0x7f, 0x7f, 0x7e, 0x7f, 0x7e, 0x7f,
    0x80, 0x7e, 0x7f, 0x7f, 0x7f, 0x7f, 0x7f, 0x80, 0x80, 0x80, 0x80, 0x7f,
    0x80, 0x80, 0x80, 0x7f, 0x80, 0x7f, 0x7f, 0x81, 0x80, 0x80, 0x81, 0x80,
    0x7f, 0x80, 0x80, 0x80, 0x80, 0x7e, 0x80, 0x7f, 0x80, 0x7e, 0x80, 0x7e,
    0x7e, 0x7e, 0x7f, 0x7f, 0x7f, 0x80, 0x7e, 0x7f, 0x7f, 0x80, 0x7f, 0x7f,
    0x7f, 0x81, 0x81, 0x80, 0x7f, 0x7f, 0x80, 0x7f, 0x7f, 0x80, 0x81, 0x7f,
    0x80, 0x80, 0x80, 0x80, 0x80, 0x81, 0x80, 0x80, 0x80, 0x80, 0x7e, 0x80,
    0x80, 0x80, 0x7f, 0x7f, 0x80, 0x80, 0x80, 0x81, 0x81, 0x80, 0x81, 0x82,
    0x81, 0x7f, 0x81, 0x80, 0x7f, 0x80, 0x80, 0x7f, 0x7e, 0x7e, 0x7f, 0x7e,
    0x7f, 0x7e, 0x7f, 0x7f, 0x7e, 0x7f, 0x7f, 0x80, 0x7e, 0x7f, 0x80, 0x7e,
    0x80, 0x7e, 0x80, 0x7f, 0x7e, 0x80, 0x7f, 0x81, 0x7f, 0x80, 0x80, 0x7f,
    0x80, 0x80, 0x7f, 0x81, 0x80, 0x81, 0x81, 0x80, 0x80, 0x80, 0x80, 0x80,
    0x80, 0x80, 0x81, 0x7f, 0x80, 0x80, 0x80, 0x80, 0x7f, 0x80, 0x7e, 0x80,
    0x7f, 0x7e, 0x7f, 0x7e, 0x7f, 0x7e, 0x7e, 0x7f, 0x7e, 0x80, 0x7e, 0x80,
    0x80, 0x7f, 0x80, 0x80, 0x80, 0x80, 0x7f, 0x7e, 0x7f, 0x7e, 0x7f, 0x7f,
    0x7f, 0x7f, 0x7f, 0x80, 0x7f, 0x80, 0x7f, 0x80, 0x80, 0x80, 0x81, 0x80,
    0x80, 0x80, 0x80, 0x80, 0x80, 0x7f, 0x7f, 0x7f, 0x80, 0x80, 0x80, 0x80,
    0x80, 0x80, 0x80, 0x80, 0x80, 0x80, 0x81, 0x81, 0x80, 0x80, 0x80, 0x80,
    0x7f, 0x80, 0x80, 0x7f, 0x80, 0x7f, 0x80, 0x7f, 0x80, 0x80, 0x7f, 0x80,
    0x7f, 0x80, 0x7f, 0x7f, 0x7f, 0x7f, 0x7f, 0x7f, 0x7e, 0x7e, 0x7e, 0x7f,
    0x7f, 0x7f, 0x7f, 0x80, 0x7f, 0x7f, 0x7f, 0x80, 0x80, 0x80, 0x81, 0x81,
    0x7f, 0x80, 0x80, 0x80, 0x80, 0x80, 0x80, 0x80, 0x80, 0x80, 0x80, 0x80,
    0x80, 0x7f, 0x7f, 0x7f, 0x80, 0x80, 0x7f, 0x7e, 0x7e, 0x7f, 0x7f, 0x7f,
    0x7f, 0x7e, 0x7e, 0x7f, 0x7f, 0x7f, 0x7f, 0x7f, 0x80, 0x7f, 0x80, 0x7f,
    0x7f, 0x7f, 0x7f, 0x7f, 0x7f, 0x7e, 0x7e, 0x7f, 0x7e, 0x7e, 0x7f, 0x7f,
    0x7f, 0x80, 0x80, 0x80, 0x80, 0x80, 0x80, 0x7f, 0x81, 0x80, 0x81, 0x80,
    0x80, 0x80, 0x81, 0x80, 0x80, 0x80, 0x80, 0x80, 0x80, 0x80, 0x80, 0x81,
    0x80, 0x81, 0x81, 0x80, 0x80, 0x80, 0x80, 0x80, 0x7f, 0x7f, 0x80, 0x7f,
    0x80, 0x7f, 0x80, 0x7f, 0x80, 0x7f, 0x7f, 0x7f, 0x7f, 0x7f, 0x80, 0x7f,
    0x7f, 0x7f, 0x7d, 0x7f, 0x7e, 0x80, 0x7e, 0x80, 0x7e, 0x7f, 0x7e, 0x80,
    0x7f, 0x7e, 0x81, 0x7f, 0x81, 0x80, 0x81, 0x7f, 0x80, 0x80, 0x82, 0x80,
    0x80, 0x82, 0x80, 0x81, 0x80, 0x80, 0x80, 0x80, 0x81, 0x7f, 0x80, 0x80,
    0x7f, 0x7f, 0x7f, 0x7e, 0x7f, 0x7f, 0x7e, 0x7e, 0x7f, 0x7e, 0x7f, 0x7e,
    0x7f, 0x80, 0x80, 0x7f, 0x7f, 0x7f, 0x7f, 0x7f, 0x7f, 0x7f, 0x81, 0x7f,
    0x7f, 0x80, 0x80, 0x80, 0x80, 0x80, 0x80, 0x80, 0x80, 0x80, 0x80, 0x80,
    0x7f, 0x80, 0x7e, 0x7f, 0x7f, 0x80, 0x7e, 0x7f, 0x7f, 0x80, 0x7f, 0x80,
    0x7f, 0x81, 0x7f, 0x80, 0x80, 0x7f, 0x80, 0x80, 0x81, 0x7f, 0x82, 0x80,
    0x80, 0x7f, 0x7f, 0x7f, 0x7f, 0x7f, 0x7f, 0x7f, 0x7f, 0x7f, 0x7f, 0x7f,
    0x7f, 0x7f, 0x7f, 0x80, 0x80, 0x80, 0x7f, 0x7f, 0x7f, 0x7f, 0x7f, 0x80,
    0x7f, 0x80, 0x7f, 0x80, 0x7f, 0x80, 0x80, 0x7f, 0x80, 0x7f, 0x80, 0x7f,
    0x81, 0x7f, 0x80, 0x7f, 0x7f, 0x80, 0x80, 0x81, 0x80, 0x80, 0x81, 0x80,
    0x81, 0x80, 0x80, 0x7f, 0x7f, 0x7f, 0x80, 0x7f, 0x7f, 0x80, 0x80, 0x7f,
    0x7f, 0x7f, 0x7f, 0x80, 0x7f, 0x80, 0x80, 0x7f, 0x7f, 0x80, 0x80, 0x80,
    0x80, 0x7f, 0x80, 0x80, 0x80, 0x80, 0x80, 0x7f, 0x7f, 0x7e, 0x7f, 0x7f,
    0x80, 0x7f, 0x80, 0x7f, 0x7f, 0x80, 0x7f, 0x7f, 0x7e, 0x80, 0x7f, 0x80,
    0x7f, 0x80, 0x80, 0x7f, 0x7f, 0x7f, 0x80, 0x7f, 0x80, 0x80, 0x7f, 0x80,
    0x81, 0x80, 0x80, 0x80, 0x80, 0x80, 0x80, 0x80, 0x80, 0x7f, 0x80, 0x7f,
    0x7e, 0x7f, 0x7f, 0x7f, 0x7f, 0x7f, 0x7e, 0x7f, 0x7f, 0x7f, 0x7f, 0x7e,
    0x7e, 0x7f, 0x7f, 0x7f, 0x7e, 0x7f, 0x7f, 0x7f, 0x7f, 0x7f, 0x7f, 0x80,
    0x80, 0x7f, 0x80, 0x80, 0x81, 0x80, 0x80, 0x80, 0x80, 0x80, 0x81, 0x81,
    0x80, 0x80, 0x80, 0x81, 0x80, 0x81, 0x81, 0x81, 0x7f, 0x81, 0x80, 0x80,
    0x7f, 0x80, 0x7f, 0x7f, 0x7f, 0x7f, 0x7f, 0x7e, 0x7f, 0x7e, 0x7f, 0x7e,
    0x7f, 0x7f, 0x7f, 0x7f, 0x80, 0x7f, 0x80, 0x7f, 0x80, 0x7f, 0x7f, 0x7f,
    0x80, 0x80, 0x7f, 0x7f, 0x7f, 0x80, 0x7f, 0x7f, 0x80, 0x80, 0x80, 0x80,
    0x7f, 0x80, 0x80, 0x80, 0x80, 0x7f, 0x80, 0x80, 0x80, 0x80, 0x80, 0x80,
    0x7f, 0x7f, 0x80, 0x80, 0x80, 0x7f, 0x80, 0x81, 0x80, 0x81, 0x81, 0x81,
    0x81, 0x81, 0x81, 0x80, 0x80, 0x80, 0x80, 0x80, 0x7f, 0x7f, 0x7f, 0x7f,
    0x7e, 0x7f, 0x7f, 0x7f, 0x7e, 0x7f, 0x7e, 0x7f, 0x7f, 0x7e, 0x7e, 0x7e,
    0x7e, 0x7e, 0x7f, 0x7f, 0x7f, 0x7f, 0x80, 0x7e, 0x80, 0x7f, 0x80, 0x7f,
    0x7f, 0x7f, 0x7f, 0x80, 0x7f, 0x80, 0x80, 0x81, 0x80, 0x81, 0x81, 0x81,
    0x81, 0x80, 0x81, 0x81, 0x81, 0x80, 0x80, 0x80, 0x7f, 0x7f, 0x7f, 0x7f,
    0x7f, 0x7f, 0x7f, 0x7f, 0x7f, 0x80, 0x7f, 0x80, 0x7f, 0x80, 0x80, 0x7f,
    0x80, 0x80, 0x7f, 0x7f, 0x7f, 0x7f, 0x7f, 0x7f, 0x7e, 0x7e, 0x7f, 0x7f,
    0x7e, 0x80, 0x7f, 0x80, 0x80, 0x80, 0x80, 0x80, 0x80, 0x7f, 0x80, 0x7f,
    0x80, 0x7f, 0x7f, 0x7f, 0x7f, 0x80, 0x7f, 0x7f, 0x7f, 0x7f, 0x80, 0x80,
    0x80, 0x80, 0x80, 0x81, 0x81, 0x80, 0x80, 0x80, 0x80, 0x80, 0x80, 0x80,
    0x80, 0x80, 0x7f, 0x80, 0x7f, 0x7f, 0x7f, 0x7f, 0x80, 0x7f, 0x80, 0x7f,
    0x7e, 0x7f, 0x7f, 0x80, 0x7f, 0x7f, 0x7f, 0x7e, 0x7f, 0x7f, 0x7f, 0x7f,
    0x7e, 0x7f, 0x7f, 0x81, 0x7f, 0x80, 0x80, 0x80, 0x80, 0x80, 0x81, 0x80,
    0x80, 0x80, 0x80, 0x81, 0x80, 0x80, 0x80, 0x80, 0x81, 0x81, 0x81, 0x7f,
    0x7f, 0x7f, 0x7f, 0x7f, 0x7f, 0x7e, 0x7e, 0x7e, 0x7f, 0x7e, 0x7f, 0x7f,
    0x7f, 0x7f, 0x7f, 0x7f, 0x7f, 0x7f, 0x7f, 0x7f, 0x80, 0x7f, 0x7f, 0x80,
    0x7f, 0x7f, 0x80, 0x80, 0x80, 0x80, 0x80, 0x7f, 0x7f, 0x7f, 0x7f, 0x80,
    0x81, 0x80, 0x80, 0x81, 0x7f, 0x80, 0x80, 0x80, 0x81, 0x7f, 0x80, 0x80,
    0x7f, 0x80, 0x80, 0x80, 0x81, 0x7f, 0x81, 0x80, 0x81, 0x80, 0x81, 0x82,
    0x80, 0x81, 0x80, 0x80, 0x80, 0x80, 0x80, 0x7f, 0x80, 0x80, 0x80, 0x7e,
    0x7f, 0x7f, 0x7f, 0x7f, 0x80, 0x7e, 0x80, 0x7e, 0x7f, 0x7e, 0x7f, 0x7f,
    0x7e, 0x7f, 0x7e, 0x80, 0x7d, 0x80, 0x7d, 0x80, 0x7f, 0x80, 0x7f, 0x80,
    0x80, 0x80, 0x81, 0x80, 0x81, 0x80, 0x81, 0x81, 0x81, 0x81, 0x80, 0x81,
    0x81, 0x81, 0x81, 0x7f, 0x81, 0x80, 0x80, 0x7f, 0x81, 0x7f, 0x7f, 0x7f,
    0x7e, 0x7f, 0x7e, 0x7f, 0x7e, 0x7f, 0x80, 0x7d, 0x81, 0x7c, 0x80, 0x7f,
    0x7e, 0x81, 0x7f, 0x80, 0x7e, 0x80, 0x80, 0x80, 0x81, 0x7f, 0x7f, 0x80,
    0x80, 0x80, 0x80, 0x80, 0x7f, 0x80, 0x80, 0x80, 0x81, 0x80, 0x7f, 0x80,
    0x80, 0x7f, 0x80, 0x80, 0x7f, 0x7f, 0x7f, 0x7f, 0x80, 0x80, 0x80, 0x80,
    0x7f, 0x7f, 0x80, 0x80, 0x80, 0x7f, 0x80, 0x7f, 0x7f, 0x80, 0x80, 0x7f,
    0x7f, 0x7f, 0x80, 0x80, 0x7f, 0x7f, 0x7f, 0x7f, 0x7f, 0x7e, 0x80, 0x7e,
    0x7e, 0x7d, 0x7f, 0x7f, 0x7e, 0x7f, 0x7f, 0x7f, 0x80, 0x7e, 0x7f, 0x7f,
    0x7f, 0x7f, 0x7f, 0x7f, 0x7f, 0x7f, 0x7f, 0x7f, 0x7f, 0x7f, 0x80, 0x7f,
    0x80, 0x80, 0x81, 0x80, 0x80, 0x80, 0x80, 0x81, 0x80, 0x80, 0x80, 0x80,
    0x81, 0x80, 0x80, 0x80, 0x80, 0x80, 0x7f, 0x7f, 0x7f, 0x7f, 0x7f, 0x7f,
    0x7f, 0x7f, 0x7e, 0x7e, 0x7f, 0x7e, 0x7f, 0x7e, 0x80, 0x7f, 0x80, 0x7e,
    0x80, 0x7f, 0x80, 0x80, 0x80, 0x7f, 0x7f, 0x7f, 0x7f, 0x80, 0x7e, 0x81,
    0x7e, 0x7f, 0x7f, 0x80, 0x80, 0x7f, 0x80, 0x80, 0x80, 0x80, 0x80, 0x80,
    0x80, 0x7f, 0x80, 0x7f, 0x80, 0x80, 0x7f, 0x80, 0x80, 0x82, 0x80, 0x80,
    0x7f, 0x81, 0x80, 0x80, 0x81, 0x81, 0x81, 0x80, 0x80, 0x81, 0x80, 0x80,
    0x81, 0x80, 0x80, 0x80, 0x7f, 0x80, 0x7f, 0x80, 0x7e, 0x7e, 0x80, 0x7f,
    0x7f, 0x7d, 0x83, 0x7c, 0x7f, 0x7e, 0x81, 0x7c, 0x80, 0x7f, 0x7f, 0x80,
    0x80, 0x7f, 0x7e, 0x81, 0x7f, 0x80, 0x7f, 0x81, 0x80, 0x7f, 0x80, 0x80,
    0x80, 0x81, 0x81, 0x7f, 0x80, 0x81, 0x81, 0x81, 0x80, 0x80, 0x80, 0x7f,
    0x80, 0x7f, 0x80, 0x7e, 0x7e, 0x81, 0x7d, 0x81, 0x7f, 0x7e, 0x80, 0x7d,
    0x81, 0x7f, 0x7f, 0x7f, 0x7e, 0x7e, 0x80, 0x80, 0x7f, 0x7f, 0x7e, 0x80,
    0x7f, 0x7f, 0x7f, 0x7f, 0x7e, 0x7f, 0x7e, 0x80, 0x7f, 0x7f, 0x80, 0x7e,
    0x81, 0x7f, 0x80, 0x7f, 0x80, 0x80, 0x81, 0x7f, 0x81, 0x80, 0x80, 0x7f,
    0x80, 0x80, 0x80, 0x80, 0x80, 0x80, 0x81, 0x80, 0x80, 0x81, 0x80, 0x80,
    0x81, 0x80, 0x81, 0x80, 0x80, 0x7f, 0x7f, 0x7f, 0x7f, 0x7f, 0x7f, 0x7e,
    0x80, 0x7f, 0x7f, 0x7f, 0x7e, 0x7f, 0x7e, 0x7f, 0x7f, 0x7f, 0x7e, 0x7f,
    0x7e, 0x7e, 0x7e, 0x7e, 0x7f, 0x7f, 0x7f, 0x7f, 0x80, 0x7f, 0x80, 0x80,
    0x80, 0x81, 0x80, 0x81, 0x82, 0x81, 0x81, 0x81, 0x81, 0x80, 0x80, 0x80,
    0x80, 0x81, 0x80, 0x80, 0x80, 0x7f, 0x7f, 0x7f, 0x7f, 0x7f, 0x7f, 0x7f,
    0x7f, 0x7e, 0x7f, 0x7f, 0x7f, 0x7e, 0x7f, 0x7e, 0x7f, 0x7f, 0x7f, 0x7f,
    0x7e, 0x7e, 0x7f, 0x7f, 0x7f, 0x7f, 0x7f, 0x7f, 0x7f, 0x80, 0x80, 0x80,
    0x80, 0x80, 0x80, 0x80, 0x80, 0x80, 0x80, 0x80, 0x7f, 0x80, 0x80, 0x7f,
    0x80, 0x80, 0x80, 0x7f, 0x80, 0x80, 0x80, 0x80, 0x80, 0x80, 0x80, 0x80,
    0x80, 0x80, 0x80, 0x81, 0x80, 0x80, 0x81, 0x80, 0x81, 0x80, 0x80, 0x7f,
    0x80, 0x80, 0x7f, 0x7f, 0x7e, 0x80, 0x7f, 0x7f, 0x7f, 0x7f, 0x7f, 0x7f,
    0x7f, 0x7f, 0x7f, 0x7f, 0x7f, 0x7f, 0x7e, 0x7f, 0x7e, 0x7f, 0x7f, 0x7f,
    0x7f, 0x80, 0x7f, 0x80, 0x80, 0x81, 0x7f, 0x80, 0x80, 0x80, 0x80, 0x80,
    0x7f, 0x80, 0x80, 0x7f, 0x7f, 0x80, 0x7f, 0x80, 0x80, 0x80, 0x80, 0x80,
    0x81, 0x7f, 0x80, 0x80, 0x80, 0x80, 0x7f, 0x7f, 0x7f, 0x7e, 0x80, 0x7f,
    0x7f, 0x7f, 0x7f, 0x7f, 0x7e, 0x7f, 0x7f, 0x80, 0x80, 0x80, 0x80, 0x80,
    0x80, 0x80, 0x7f, 0x7f, 0x80, 0x80, 0x7f, 0x7f, 0x7f, 0x7f, 0x7f, 0x7f,
    0x7f, 0x7f, 0x80, 0x80, 0x80, 0x7f, 0x7f, 0x7f, 0x7f, 0x7f, 0x80, 0x81,
    0x80, 0x80, 0x80, 0x80, 0x80, 0x7f, 0x80, 0x80, 0x7f, 0x80, 0x7f, 0x7f,
    0x80, 0x80, 0x80, 0x80, 0x80, 0x80, 0x80, 0x80, 0x7f, 0x80, 0x80, 0x80,
    0x80, 0x80, 0x7f, 0x7f, 0x80, 0x7f, 0x7f, 0x7f, 0x7f, 0x7e, 0x7f, 0x7f,
    0x7e, 0x7f, 0x7f, 0x7e, 0x7f, 0x7f, 0x7f, 0x80, 0x7f, 0x80, 0x80, 0x80,
    0x7f, 0x80, 0x80, 0x81, 0x81, 0x81, 0x80, 0x80, 0x80, 0x80, 0x80, 0x80,
    0x80, 0x80, 0x80, 0x80, 0x81, 0x81, 0x81, 0x80, 0x80, 0x81, 0x80, 0x80,
    0x7f, 0x7f, 0x7f, 0x7f, 0x7f, 0x7e, 0x7e, 0x7e, 0x7f, 0x7e, 0x80, 0x7f,
    0x7f, 0x80, 0x7f, 0x80, 0x80, 0x80, 0x80, 0x7f, 0x80, 0x7f, 0x80, 0x7f,
    0x80, 0x7f, 0x7f, 0x7f, 0x7f, 0x7f, 0x7e, 0x7f, 0x7f, 0x7f, 0x80, 0x7f,
    0x80, 0x80, 0x80, 0x80, 0x80, 0x80, 0x80, 0x7f, 0x7f, 0x7f, 0x7f, 0x7f,
    0x80, 0x7f, 0x7f, 0x80, 0x80, 0x80, 0x80, 0x80, 0x81, 0x81, 0x80, 0x81,
    0x80, 0x80, 0x7f, 0x7f, 0x80, 0x7f, 0x7f, 0x7f, 0x7f, 0x7e, 0x7f, 0x7e,
    0x7e, 0x80, 0x7f, 0x7f, 0x7e, 0x7e, 0x7e, 0x7e, 0x7f, 0x7e, 0x7f, 0x80,
    0x80, 0x7f, 0x80, 0x80, 0x7f, 0x7f, 0x80, 0x80, 0x80, 0x80, 0x80, 0x80,
    0x80, 0x80, 0x7f, 0x80, 0x80, 0x80, 0x81, 0x81, 0x80, 0x80, 0x81, 0x81,
    0x80, 0x80, 0x80, 0x80, 0x80, 0x80, 0x80, 0x7f, 0x7f, 0x7f, 0x7f, 0x7f,
    0x7e, 0x7f, 0x7f, 0x7f, 0x7f, 0x80, 0x80, 0x7f, 0x7f, 0x80, 0x7f, 0x80,
    0x80, 0x80, 0x7f, 0x7f, 0x80, 0x7f, 0x7f, 0x7f, 0x7f, 0x7f, 0x80, 0x7f,
    0x80, 0x80, 0x80, 0x80, 0x80, 0x80, 0x80, 0x80, 0x80, 0x80, 0x7f, 0x80,
    0x7f, 0x81, 0x80, 0x80, 0x7f, 0x7f, 0x80, 0x80, 0x81, 0x80, 0x81, 0x80,
    0x80, 0x80, 0x81, 0x81, 0x81, 0x80, 0x81, 0x81, 0x80, 0x80, 0x7f, 0x7f,
    0x7f, 0x80, 0x7f, 0x7f, 0x7f, 0x7e, 0x7f, 0x7e, 0x7e, 0x7e, 0x7e, 0x7f,
    0x7e, 0x7e, 0x7e, 0x7f, 0x7f, 0x7f, 0x7e, 0x7f, 0x7f, 0x7f, 0x80, 0x80,
    0x7f, 0x80, 0x80, 0x81, 0x80, 0x81, 0x81, 0x80, 0x80, 0x80, 0x80, 0x80,
    0x80, 0x80, 0x80, 0x80, 0x80, 0x80, 0x80, 0x80, 0x80, 0x80, 0x80, 0x7f,
    0x7f, 0x7f, 0x7f, 0x7f, 0x7e, 0x7e, 0x7e, 0x7e, 0x7f, 0x7e, 0x7e, 0x7e,
    0x7e, 0x7e, 0x7f, 0x7e, 0x7f, 0x80, 0x7f, 0x7f, 0x7f, 0x80, 0x80, 0x80,
    0x7f, 0x80, 0x7f, 0x80, 0x80, 0x7f, 0x7f, 0x7f, 0x80, 0x80, 0x80, 0x80,
    0x80, 0x80, 0x7f, 0x80, 0x7f, 0x80, 0x80, 0x7f, 0x7f, 0x80, 0x80, 0x7f,
    0x7f, 0x80, 0x80, 0x80, 0x80, 0x81, 0x80, 0x7f, 0x81, 0x80, 0x80, 0x80,
    0x80, 0x80, 0x80, 0x80, 0x7f, 0x80, 0x7f, 0x80, 0x7f, 0x80, 0x7f, 0x7f,
    0x7f, 0x7e, 0x7f, 0x7f, 0x7f, 0x7e, 0x7e, 0x7e, 0x7f, 0x7f, 0x7e, 0x7f,
    0x7d, 0x7e, 0x7f, 0x7f, 0x7f, 0x7f, 0x7e, 0x80, 0x7f, 0x80, 0x7f, 0x80,
    0x80, 0x80, 0x80, 0x80, 0x80, 0x80, 0x80, 0x7f, 0x80, 0x7f, 0x7f, 0x80,
    0x80, 0x80, 0x81, 0x81, 0x80, 0x80, 0x81, 0x81, 0x80, 0x7f, 0x7f, 0x80,
    0x7f, 0x80, 0x7f, 0x7e, 0x7e, 0x7e, 0x7f, 0x80, 0x7e, 0x7f, 0x80, 0x7f,
    0x80, 0x80, 0x81, 0x7f, 0x80, 0x80, 0x81, 0x80, 0x80, 0x80, 0x7f, 0x7f,
    0x7f, 0x80, 0x80, 0x80, 0x80, 0x80, 0x80, 0x7f, 0x80, 0x7f, 0x80, 0x80,
    0x80, 0x80, 0x7f, 0x80, 0x80, 0x80, 0x7f, 0x80, 0x80, 0x81, 0x80, 0x81,
    0x81, 0x80, 0x81, 0x81, 0x80, 0x80, 0x80, 0x80, 0x7f, 0x80, 0x7f, 0x7f,
    0x80, 0x7d, 0x80, 0x7e, 0x80, 0x7e, 0x7f, 0x7f, 0x7e, 0x7f, 0x7f, 0x7e,
    0x80, 0x7e, 0x7f, 0x7f, 0x7f, 0x7f, 0x7e, 0x80, 0x7e, 0x80, 0x7f, 0x7f,
    0x80, 0x7f, 0x81, 0x80, 0x80, 0x80, 0x81, 0x81, 0x81, 0x81, 0x80, 0x81,
    0x80, 0x81, 0x7f, 0x80, 0x80, 0x80, 0x80, 0x80, 0x80, 0x80, 0x7f, 0x80,
    0x7f, 0x80, 0x80, 0x7f, 0x80, 0x7d, 0x7f, 0x7e, 0x7e, 0x7e, 0x7d, 0x7e,
    0x7e, 0x7e, 0x7f, 0x7e, 0x80, 0x7f, 0x7f, 0x80, 0x7f, 0x80, 0x80, 0x80,
    0x7f, 0x7f, 0x7f, 0x7e, 0x7f, 0x7f, 0x7f, 0x7f, 0x7f, 0x7e, 0x80, 0x80,
    0x80, 0x80, 0x80, 0x80, 0x80, 0x80, 0x7f, 0x7f, 0x80, 0x80, 0x7f, 0x80,
    0x7f, 0x80, 0x7f, 0x80, 0x80, 0x80, 0x80, 0x80, 0x81, 0x80, 0x7f, 0x80,
    0x80, 0x81, 0x80, 0x80, 0x80, 0x7f, 0x80, 0x80, 0x80, 0x80, 0x7f, 0x80,
    0x7f, 0x7f, 0x80, 0x7f, 0x80, 0x7f, 0x7f, 0x7f, 0x7f, 0x7f, 0x7f, 0x7e,
    0x7e, 0x7f, 0x7f, 0x7e, 0x7f, 0x80, 0x80, 0x7f, 0x80, 0x7f, 0x7f, 0x80,
    0x81, 0x81, 0x80, 0x80, 0x81, 0x80, 0x80, 0x80, 0x80, 0x80, 0x80, 0x81,
    0x80, 0x81, 0x80, 0x7f, 0x80, 0x7f, 0x80, 0x7f, 0x7f, 0x7f, 0x7f, 0x7f,
    0x7f, 0x7f, 0x7f, 0x7f, 0x7e, 0x7f, 0x7f, 0x7f, 0x7f, 0x7f, 0x7f, 0x7f,
    0x7f, 0x80, 0x80, 0x7f, 0x80, 0x7f, 0x80, 0x7f, 0x7f, 0x7e, 0x7e, 0x7e,
    0x7e, 0x7e, 0x7e, 0x7e, 0x7e, 0x7f, 0x7f, 0x7f, 0x7f, 0x7f, 0x7f, 0x80,
    0x80, 0x80, 0x80, 0x80, 0x80, 0x80, 0x80, 0x80, 0x80, 0x80, 0x7f, 0x81,
    0x80, 0x80, 0x80, 0x7f, 0x80, 0x80, 0x81, 0x80, 0x80, 0x80, 0x80, 0x80,
    0x80, 0x80, 0x7f, 0x80, 0x80, 0x80, 0x80, 0x80, 0x80, 0x80, 0x80, 0x80,
    0x7f, 0x80, 0x7f, 0x80, 0x7f, 0x80, 0x7e, 0x7e, 0x7f, 0x7f, 0x7f, 0x7e,
    0x80, 0x7e, 0x80, 0x7e, 0x80, 0x7e, 0x80, 0x7f, 0x80, 0x81, 0x80, 0x80,
    0x80, 0x80, 0x80, 0x81, 0x7f, 0x81, 0x80, 0x80, 0x81, 0x7f, 0x81, 0x7f,
    0x80, 0x7f, 0x80, 0x80, 0x80, 0x7f, 0x7f, 0x7f, 0x7f, 0x7e, 0x7f, 0x7f,
    0x7f, 0x7e, 0x7e, 0x7f, 0x80, 0x7f, 0x7f, 0x80, 0x7f, 0x80, 0x80, 0x7f,
    0x7f, 0x80, 0x7f, 0x80, 0x7f, 0x7f, 0x7f, 0x80, 0x80, 0x80, 0x7f, 0x7f,
    0x80, 0x80, 0x80, 0x80, 0x7f, 0x7f, 0x7f, 0x80, 0x80, 0x7f, 0x7f, 0x80,
    0x7f, 0x80, 0x80, 0x7f, 0x81, 0x7e, 0x81, 0x7f, 0x82, 0x80, 0x81, 0x7f,
    0x80, 0x80, 0x81, 0x81, 0x7f, 0x80, 0x7f, 0x80, 0x7f, 0x7f, 0x7f, 0x7e,
    0x7e, 0x7f, 0x7f, 0x7f, 0x7e, 0x7f, 0x7f, 0x7f, 0x80, 0x7f, 0x7f, 0x7f,
    0x7f, 0x7f, 0x80, 0x7e, 0x7f, 0x7e, 0x7f, 0x7f, 0x80, 0x7f, 0x80, 0x7f,
    0x80, 0x7f, 0x80, 0x80, 0x7f, 0x80, 0x80, 0x80, 0x80, 0x7f, 0x80, 0x81,
    0x81, 0x81, 0x81, 0x81, 0x80, 0x81, 0x81, 0x81, 0x80, 0x80, 0x80, 0x80,
    0x7f, 0x7f, 0x7f, 0x7f, 0x7f, 0x7f, 0x7f, 0x7f, 0x7f, 0x7f, 0x7e, 0x7f,
    0x80, 0x7f, 0x80, 0x80, 0x7f, 0x7f, 0x80, 0x7f, 0x80, 0x7f, 0x7f, 0x7f,
    0x7f, 0x80, 0x7f, 0x80, 0x7f, 0x80, 0x7f, 0x80, 0x7f, 0x7f, 0x7f, 0x80,
    0x80, 0x7f, 0x80, 0x7f, 0x80, 0x7f, 0x80, 0x80, 0x80, 0x7f, 0x80, 0x80,
    0x80, 0x80, 0x80, 0x80, 0x81, 0x81, 0x80, 0x80, 0x80, 0x80, 0x80, 0x80,
    0x7f, 0x80, 0x7f, 0x80, 0x7f, 0x7f, 0x7e, 0x7e, 0x7f, 0x7f, 0x7f, 0x7f,
    0x7f, 0x7f, 0x7e, 0x7f, 0x7f, 0x7f, 0x7f, 0x7e, 0x7f, 0x7f, 0x80, 0x7f,
    0x7f, 0x7f, 0x7f, 0x7f, 0x80, 0x7f, 0x80, 0x7f, 0x80, 0x80, 0x81, 0x7f,
    0x80, 0x80, 0x80, 0x80, 0x81, 0x81, 0x80, 0x81, 0x80, 0x81, 0x80, 0x81,
    0x80, 0x80, 0x80, 0x7f, 0x80, 0x7f, 0x7f, 0x7e, 0x7f, 0x7e, 0x7f, 0x7e,
    0x7e, 0x7e, 0x7f, 0x7e, 0x7f, 0x80, 0x7f, 0x80, 0x80, 0x80, 0x80, 0x80,
    0x80, 0x80, 0x80, 0x80, 0x7f, 0x80, 0x80, 0x80, 0x80, 0x80, 0x7f, 0x7f,
    0x80, 0x80, 0x7f, 0x7f, 0x80, 0x80, 0x7f, 0x7f, 0x7f, 0x80, 0x7f, 0x7f,
    0x80, 0x7f, 0x7e, 0x7f, 0x7e, 0x7f, 0x7f, 0x7f, 0x7f, 0x7f, 0x7f, 0x7f,
    0x80, 0x80, 0x80, 0x80, 0x80, 0x80, 0x80, 0x80, 0x7f, 0x7f, 0x80, 0x80,
    0x80, 0x80, 0x7f, 0x7f, 0x80, 0x7f, 0x80, 0x80, 0x7f, 0x7f, 0x80, 0x7f,
    0x7f, 0x7f, 0x7f, 0x7f, 0x7f, 0x7f, 0x7f, 0x7f, 0x7f, 0x7f, 0x7f, 0x7f,
    0x7f, 0x80, 0x80, 0x7f, 0x80, 0x80, 0x80, 0x80, 0x80, 0x80, 0x80, 0x80,
    0x81, 0x81, 0x81, 0x80, 0x80, 0x81, 0x80, 0x80, 0x81, 0x80, 0x7f, 0x7f,
    0x7f, 0x7f, 0x7f, 0x7f, 0x7f, 0x7f, 0x7f, 0x7f, 0x7f, 0x80, 0x7f, 0x80,
    0x80, 0x7f, 0x80, 0x80, 0x80, 0x7f, 0x80, 0x7f, 0x7f, 0x7f, 0x7f, 0x7f,
    0x7f, 0x7e, 0x7f, 0x7f, 0x7f, 0x7f, 0x80, 0x80, 0x7f, 0x80, 0x80, 0x80,
    0x80, 0x80, 0x7f, 0x80, 0x7f, 0x80, 0x80, 0x80, 0x7f, 0x7f, 0x80, 0x7f,
    0x80, 0x7f, 0x80, 0x7f, 0x80, 0x80, 0x80, 0x80, 0x80, 0x80, 0x80, 0x81,
    0x80, 0x80, 0x7f, 0x80, 0x80, 0x80, 0x80, 0x7f, 0x7f, 0x7f, 0x7e, 0x7f,
    0x7f, 0x7f, 0x7f, 0x7e, 0x7f, 0x7f, 0x7e, 0x7e, 0x7e, 0x7f, 0x7e, 0x7e,
    0x7e, 0x7f, 0x7e, 0x7e, 0x7f, 0x7e, 0x7f, 0x7f, 0x80, 0x7f, 0x80, 0x81,
    0x80, 0x80, 0x80, 0x80, 0x81, 0x81, 0x81, 0x80, 0x80, 0x81, 0x80, 0x81,
    0x80, 0x81, 0x80, 0x7f, 0x80, 0x80, 0x7f, 0x7f, 0x7f, 0x7f, 0x7f, 0x7f,
    0x7f, 0x7f, 0x7f, 0x7f, 0x7f, 0x7f, 0x80, 0x7f, 0x7f, 0x80, 0x7f, 0x80,
    0x7f, 0x80, 0x7f, 0x81, 0x7f, 0x80, 0x7f, 0x80, 0x7f, 0x7f, 0x80, 0x7f,
    0x7f, 0x7f, 0x80, 0x80, 0x80, 0x7f, 0x80, 0x80, 0x7f, 0x80, 0x80, 0x80,
    0x7f, 0x81, 0x80, 0x7f, 0x80, 0x80, 0x81, 0x7f, 0x7f, 0x80, 0x7f, 0x80,
    0x7e, 0x81, 0x7f, 0x80, 0x7f, 0x81, 0x81, 0x7f, 0x80, 0x7f, 0x80, 0x80,
    0x80, 0x7f, 0x80, 0x7f, 0x7f, 0x7f, 0x80, 0x7f, 0x7f, 0x7f, 0x7e, 0x7f,
    0x7e, 0x7f, 0x7e, 0x80, 0x7e, 0x7f, 0x7e, 0x7f, 0x7e, 0x7e, 0x7f, 0x7e,
    0x7f, 0x7e, 0x80, 0x7f, 0x80, 0x7f, 0x80, 0x80, 0x7f, 0x80, 0x80, 0x81,
    0x80, 0x81, 0x81, 0x81, 0x80, 0x80, 0x81, 0x81, 0x80, 0x80, 0x81, 0x7f,
    0x81, 0x80, 0x7f, 0x80, 0x7f, 0x7f, 0x7e, 0x7f, 0x80, 0x7d, 0x7f, 0x7e,
    0x7e, 0x80, 0x7c, 0x81, 0x7d, 0x81, 0x80, 0x80, 0x80, 0x7f, 0x81, 0x7f,
    0x80, 0x80, 0x81, 0x7f, 0x80, 0x80, 0x80, 0x80, 0x7f, 0x80, 0x80, 0x80,
    0x80, 0x80, 0x80, 0x7f, 0x80, 0x80, 0x80, 0x7f, 0x80, 0x7f, 0x80, 0x7f,
    0x80, 0x80, 0x7f, 0x7f, 0x7f, 0x7f, 0x7f, 0x7f, 0x7f, 0x80, 0x7f, 0x80,
    0x7f, 0x80, 0x7f, 0x80, 0x80, 0x80, 0x81, 0x80, 0x80, 0x7f, 0x80, 0x7f,
    0x80, 0x80, 0x7f, 0x80, 0x7f, 0x7f, 0x7e, 0x7f, 0x7f, 0x7f, 0x7f, 0x81,
    0x7f, 0x7f, 0x7f, 0x7e, 0x7f, 0x7f, 0x7f, 0x7f, 0x80, 0x7f, 0x80, 0x80,
    0x7f, 0x80, 0x80, 0x80, 0x80, 0x80, 0x80, 0x7f, 0x80,
};
const size_t picocalc_disk_sfx_spin_len = sizeof(picocalc_disk_sfx_spin);

const uint8_t picocalc_disk_sfx_track[] = {
    0x7f, 0x7e, 0x7f, 0x7f, 0x80, 0x7f, 0x80, 0x7f, 0x7f, 0x80, 0x80, 0x7f,
    0x7e, 0x7f, 0x80, 0x80, 0x80, 0x80, 0x7e, 0x7d, 0x7d, 0x7e, 0x82, 0x7f,
    0x81, 0x7e, 0x7d, 0x7d, 0x7d, 0x81, 0x7e, 0x7e, 0x7c, 0x7e, 0x7d, 0x7d,
    0x83, 0x84, 0x81, 0x7d, 0x7e, 0x7e, 0x81, 0x81, 0x84, 0x83, 0x85, 0x83,
    0x86, 0x83, 0x84, 0x80, 0x80, 0x81, 0x83, 0x8a, 0x8a, 0x87, 0x86, 0x83,
    0x80, 0x7f, 0x87, 0x88, 0x8e, 0x85, 0x86, 0x82, 0x80, 0x83, 0x81, 0x83,
    0x7e, 0x7f, 0x7b, 0x7b, 0x78, 0x79, 0x79, 0x76, 0x75, 0x75, 0x70, 0x71,
    0x70, 0x6e, 0x6f, 0x75, 0x78, 0x7a, 0x72, 0x7b, 0x71, 0x78, 0x72, 0x74,
    0x7a, 0x7d, 0x81, 0x7f, 0x7b, 0x74, 0x7e, 0x8d, 0x80, 0x88, 0x97, 0x8b,
    0x87, 0x87, 0x81, 0x8c, 0x89, 0x83, 0x98, 0x91, 0x82, 0x87, 0x83, 0x7b,
    0x81, 0x87, 0x84, 0x84, 0x8d, 0x86, 0x78, 0x7f, 0x7b, 0x76, 0x77, 0x82,
    0x79, 0x7c, 0x7b, 0x6c, 0x72, 0x75, 0x7d, 0x79, 0x82, 0x7f, 0x76, 0x82,
    0x77, 0x81, 0x83, 0x83, 0x83, 0x83, 0x88, 0x81, 0x86, 0x8b, 0x8c, 0x96,
    0x8d, 0x8b, 0x88, 0x81, 0x83, 0x8c, 0x99, 0x8d, 0x91, 0x8d, 0x82, 0x7f,
    0x7f, 0x7e, 0x82, 0x85, 0x88, 0x82, 0x7c, 0x81, 0x7d, 0x7d, 0x79, 0x77,
    0x73, 0x73, 0x74, 0x72, 0x75, 0x6b, 0x68, 0x6e, 0x71, 0x79, 0x76, 0x7b,
    0x77, 0x78, 0x7b, 0x77, 0x7f, 0x82, 0x7c, 0x7d, 0x79, 0x7b, 0x80, 0x82,
    0x81, 0x81, 0x84, 0x7f, 0x81, 0x85, 0x85, 0x86, 0x82, 0x86, 0x80, 0x78,
    0x76, 0x77, 0x7c, 0x7d, 0x7f, 0x80, 0x7d, 0x80, 0x7f, 0x87, 0x89, 0x85,
    0x83, 0x84, 0x7e, 0x83, 0x83, 0x86, 0x7e, 0x87, 0x80, 0x7a, 0x83, 0x86,
    0x84, 0x89, 0x8b, 0x82, 0x81, 0x89, 0x8c, 0x88, 0x88, 0x80, 0x81, 0x7f,
    0x7e, 0x87, 0x7a, 0x77, 0x7c, 0x78, 0x76, 0x73, 0x83, 0x76, 0x71, 0x80,
    0x77, 0x69, 0x73, 0x73, 0x72, 0x76, 0x72, 0x80, 0x76, 0x81, 0x8d, 0x87,
    0x82, 0x91, 0x83, 0x7c, 0x83, 0x8c, 0x87, 0x85, 0x7a, 0x81, 0x88, 0x92,
    0x9c, 0x91, 0x92, 0x8e, 0x90, 0x89, 0x8f, 0x93, 0x8f, 0x8a, 0x80, 0x7a,
    0x7d, 0x76, 0x79, 0x76, 0x74, 0x78, 0x7a, 0x7a, 0x78, 0x75, 0x70, 0x65,
    0x61, 0x5d, 0x6e, 0x6f, 0x6e, 0x6b, 0x70, 0x76, 0x7e, 0x80, 0x83, 0x87,
    0x89, 0x88, 0x7e, 0x81, 0x7c, 0x79, 0x7f, 0x86, 0x8d, 0x91, 0x93, 0x91,
    0x95, 0x90, 0x97, 0x95, 0x97, 0x94, 0x89, 0x82, 0x7f, 0x81, 0x80, 0x7d,
    0x7e, 0x7e, 0x7f, 0x7e, 0x81, 0x84, 0x82, 0x81, 0x7b, 0x6f, 0x6b, 0x68,
    0x69, 0x66, 0x6b, 0x6a, 0x6c, 0x72, 0x79, 0x7d, 0x85, 0x80, 0x7f, 0x82,
    0x85, 0x84, 0x85, 0x84, 0x7f, 0x7a, 0x78, 0x79, 0x80, 0x86, 0x89, 0x8d,
    0x8f, 0x8e, 0x90, 0x8c, 0x89, 0x8b, 0x8b, 0x88, 0x85, 0x81, 0x7c, 0x79,
    0x76, 0x78, 0x7b, 0x7c, 0x81, 0x83, 0x81, 0x82, 0x7c, 0x7a, 0x78, 0x78,
    0x79, 0x74, 0x73, 0x6f, 0x6d, 0x6a, 0x6f, 0x73, 0x7e, 0x86, 0x8a, 0x89,
    0x8d, 0x8d, 0x89, 0x88, 0x89, 0x8b, 0x89, 0x89, 0x81, 0x7c, 0x7c, 0x80,
    0x87, 0x87, 0x88, 0x8e, 0x93, 0x93, 0x90, 0x8b, 0x85, 0x84, 0x7d, 0x79,
    0x72, 0x6f, 0x6e, 0x6e, 0x70, 0x74, 0x78, 0x7c, 0x7b, 0x7c, 0x7b, 0x7d,
    0x7c, 0x7e, 0x7c, 0x7a, 0x74, 0x70, 0x70, 0x75, 0x77, 0x7a, 0x7d, 0x80,
    0x86, 0x87, 0x8c, 0x8d, 0x8b, 0x88, 0x87, 0x82, 0x7f, 0x84, 0x83, 0x81,
    0x81, 0x82, 0x83, 0x87, 0x8a, 0x8e, 0x8f, 0x8e, 0x8b, 0x89, 0x87, 0x81,
    0x7d, 0x7d, 0x7d, 0x7a, 0x75, 0x74, 0x77, 0x7d, 0x7f, 0x7c, 0x79, 0x7b,
    0x7e, 0x7c, 0x78, 0x77, 0x78, 0x77, 0x78, 0x77, 0x78, 0x79, 0x7b, 0x7d,
    0x80, 0x85, 0x88, 0x89, 0x88, 0x87, 0x85, 0x83, 0x81, 0x80, 0x7e, 0x7f,
    0x81, 0x80, 0x82, 0x86, 0x86, 0x88, 0x86, 0x84, 0x84, 0x85, 0x86, 0x80,
    0x7f, 0x79, 0x7a, 0x75, 0x79, 0x7d, 0x81, 0x82, 0x80, 0x80, 0x7d, 0x7b,
    0x79, 0x7b, 0x78, 0x7a, 0x78, 0x76, 0x75, 0x76, 0x7b, 0x7b, 0x7d, 0x7e,
    0x7e, 0x7e, 0x7f, 0x80, 0x81, 0x81, 0x81, 0x80, 0x80, 0x7e, 0x7e, 0x7c,
    0x7d, 0x7e, 0x82, 0x85, 0x87, 0x8a, 0x8a, 0x89, 0x87, 0x88, 0x88, 0x8a,
    0x88, 0x86, 0x83, 0x80, 0x7e, 0x7c, 0x7c, 0x7e, 0x7c, 0x7e, 0x7f, 0x81,
    0x85, 0x88, 0x88, 0x86, 0x83, 0x80, 0x7b, 0x76, 0x76, 0x74, 0x75, 0x74,
    0x75, 0x77, 0x7b, 0x7c, 0x82, 0x83, 0x89, 0x88, 0x8b, 0x87, 0x87, 0x83,
    0x82, 0x82, 0x7f, 0x80, 0x7c, 0x7d, 0x7c, 0x7d, 0x7f, 0x81, 0x83, 0x84,
    0x83, 0x82, 0x81, 0x7e, 0x7d, 0x7b, 0x79, 0x7a, 0x7c, 0x7c, 0x7b, 0x7c,
    0x7e, 0x7e, 0x80, 0x80, 0x81, 0x7f, 0x80, 0x7e, 0x7e, 0x7a, 0x7b, 0x7a,
    0x7b, 0x7e, 0x7f, 0x82, 0x82, 0x84, 0x84, 0x84, 0x83, 0x82, 0x82, 0x81,
    0x82, 0x83, 0x81, 0x82, 0x80, 0x81, 0x81, 0x81, 0x81, 0x80, 0x81, 0x81,
    0x80, 0x80, 0x7f, 0x7e, 0x7d, 0x7b, 0x7a, 0x7a, 0x7b, 0x7c, 0x7d, 0x7d,
    0x7e, 0x7d, 0x7c, 0x7b, 0x7c, 0x7d, 0x7f, 0x80, 0x7f, 0x7e, 0x7d, 0x7e,
    0x7f, 0x81, 0x83, 0x86, 0x86, 0x87, 0x86, 0x85, 0x83, 0x82, 0x81, 0x80,
    0x80, 0x7f, 0x7f, 0x7e, 0x7d, 0x7c, 0x7d, 0x7f, 0x81, 0x82, 0x83, 0x83,
    0x82, 0x82, 0x81, 0x81, 0x7f, 0x7d, 0x7c, 0x7a, 0x79, 0x7a, 0x7a, 0x7b,
    0x7c, 0x7e, 0x7e, 0x7f, 0x80, 0x80, 0x82, 0x81, 0x80, 0x7f, 0x7e, 0x7e,
    0x7e, 0x81, 0x83, 0x84, 0x84, 0x84, 0x84, 0x85, 0x86, 0x86, 0x85, 0x83,
    0x82, 0x81, 0x81, 0x80, 0x80, 0x7f, 0x7e, 0x7e, 0x80, 0x81, 0x81, 0x81,
    0x81, 0x80, 0x80, 0x80, 0x7e, 0x7e, 0x7c, 0x7d, 0x7b, 0x7d, 0x7c, 0x7d,
    0x7e, 0x7e, 0x7f, 0x7e, 0x7f, 0x7d, 0x7f, 0x7d, 0x7c, 0x7b, 0x7c, 0x7c,
    0x7c, 0x7c, 0x7c, 0x7d, 0x7d, 0x7f, 0x80, 0x81, 0x83, 0x83, 0x82, 0x81,
    0x7f, 0x7e, 0x7d, 0x7c, 0x7b, 0x7c, 0x7b, 0x7b, 0x7b, 0x7d, 0x7e, 0x7f,
    0x81, 0x81, 0x82, 0x81, 0x81, 0x81, 0x82, 0x83, 0x83, 0x84, 0x83, 0x83,
    0x84, 0x85, 0x85, 0x86, 0x85, 0x86, 0x86, 0x86, 0x85, 0x84, 0x83, 0x82,
    0x81, 0x80, 0x80, 0x7f, 0x7f, 0x7e, 0x7e, 0x7d, 0x7d, 0x7c, 0x7c, 0x7b,
    0x7a, 0x7a, 0x79, 0x78, 0x78, 0x78, 0x79, 0x79, 0x7a, 0x7b, 0x7d, 0x7d,
    0x7d, 0x7d, 0x7f, 0x7f, 0x81, 0x81, 0x81, 0x82, 0x81, 0x82, 0x82, 0x84,
    0x84, 0x85, 0x87, 0x85, 0x85, 0x86, 0x86, 0x86, 0x85, 0x85, 0x84, 0x84,
    0x84, 0x82, 0x81, 0x80, 0x7e, 0x7c, 0x7b, 0x78, 0x78, 0x78, 0x78, 0x78,
    0x7a, 0x7a, 0x7b, 0x7a, 0x7b, 0x79, 0x79, 0x79, 0x79, 0x79, 0x78, 0x78,
    0x7a, 0x7d, 0x7f, 0x81, 0x83, 0x84, 0x87, 0x88, 0x89, 0x88, 0x88, 0x87,
    0x85, 0x85, 0x84, 0x83, 0x82, 0x83, 0x83, 0x83, 0x84, 0x84, 0x83, 0x84,
    0x84, 0x84, 0x83, 0x82, 0x7f, 0x7e, 0x7c, 0x7a, 0x79, 0x78, 0x79, 0x79,
    0x7a, 0x7a, 0x7b, 0x7b, 0x7b, 0x7c, 0x7d, 0x7e, 0x7e, 0x7f, 0x7e, 0x7e,
    0x7e, 0x7f, 0x80, 0x81, 0x81, 0x82, 0x83, 0x84, 0x85, 0x86, 0x87, 0x87,
    0x87, 0x87, 0x85, 0x84, 0x83, 0x81, 0x80, 0x7e, 0x7e, 0x7d, 0x7c, 0x7c,
    0x7c, 0x7d, 0x7d, 0x7d, 0x7e, 0x7e, 0x7d, 0x7c, 0x7c, 0x7a, 0x7a, 0x7b,
    0x7b, 0x7c, 0x7d, 0x80, 0x81, 0x83, 0x83, 0x84, 0x84, 0x85, 0x84, 0x84,
    0x83, 0x82, 0x81, 0x80, 0x80, 0x80, 0x80, 0x81, 0x81, 0x82, 0x82, 0x83,
    0x82, 0x81, 0x7f, 0x7e, 0x7d, 0x7c, 0x7b, 0x7a, 0x79, 0x79, 0x78, 0x79,
    0x79, 0x7a, 0x79, 0x7b, 0x7a, 0x7a, 0x7a, 0x7b, 0x7a, 0x7b, 0x7c, 0x7d,
    0x7e, 0x7f, 0x81, 0x83, 0x84, 0x86, 0x87, 0x89, 0x88, 0x88, 0x87, 0x87,
    0x86, 0x86, 0x84, 0x84, 0x85, 0x83, 0x84, 0x83, 0x83, 0x82, 0x80, 0x82,
    0x7e, 0x7e, 0x7c, 0x7d, 0x7c, 0x7b, 0x7a, 0x79, 0x7a, 0x78, 0x79, 0x78,
    0x79, 0x78, 0x79, 0x7b, 0x7c, 0x7c, 0x7e, 0x7e, 0x7e, 0x7f, 0x7f, 0x81,
    0x80, 0x81, 0x80, 0x83, 0x82, 0x84, 0x83, 0x85, 0x85, 0x85, 0x87, 0x86,
    0x88, 0x87, 0x88, 0x86, 0x86, 0x84, 0x84, 0x83, 0x81, 0x82, 0x80, 0x80,
    0x80, 0x7e, 0x7e, 0x7d, 0x7e, 0x7d, 0x7c, 0x7c, 0x7c, 0x7a, 0x7a, 0x79,
    0x7a, 0x7a, 0x79, 0x7a, 0x7a, 0x7a, 0x7b, 0x79, 0x7d, 0x7b, 0x7c, 0x7d,
    0x7d, 0x81, 0x7d, 0x80, 0x7e, 0x81, 0x81, 0x81, 0x83, 0x82, 0x83, 0x82,
    0x83, 0x83, 0x84, 0x84, 0x83, 0x83, 0x82, 0x82, 0x82, 0x83, 0x83, 0x83,
    0x82, 0x82, 0x82, 0x81, 0x81, 0x81, 0x81, 0x80, 0x80, 0x80, 0x7f, 0x7f,
    0x7f, 0x80, 0x7f, 0x7e, 0x7d, 0x7d, 0x7d, 0x7c, 0x7b, 0x7c, 0x7c, 0x7c,
    0x7c, 0x7d, 0x7e, 0x7e, 0x7e, 0x7d, 0x7d, 0x7c, 0x7c, 0x7b, 0x7b, 0x7d,
    0x7c, 0x7d, 0x7c, 0x7d, 0x7e, 0x7f, 0x80, 0x82, 0x81, 0x83, 0x82, 0x83,
    0x83, 0x83, 0x84, 0x83, 0x83, 0x84, 0x84, 0x83, 0x85, 0x86, 0x85, 0x86,
    0x86, 0x85, 0x85, 0x83, 0x82, 0x81, 0x81, 0x7f, 0x7f, 0x7e, 0x7d, 0x7c,
    0x7c, 0x7c, 0x7c, 0x7b, 0x7b, 0x7b, 0x7a, 0x79, 0x78, 0x79, 0x79, 0x79,
    0x79, 0x7a, 0x79, 0x7b, 0x7b, 0x7c, 0x7d, 0x7e, 0x7e, 0x80, 0x80, 0x82,
    0x83, 0x83, 0x84, 0x84, 0x87, 0x84, 0x87, 0x86, 0x87, 0x87, 0x86, 0x87,
    0x86, 0x85, 0x86, 0x83, 0x84, 0x81, 0x82, 0x81, 0x80, 0x7f, 0x7e, 0x7d,
    0x7d, 0x7c, 0x7c, 0x7b, 0x7d, 0x7b, 0x7b, 0x7a, 0x7a, 0x79, 0x77, 0x78,
    0x77, 0x79, 0x79, 0x79, 0x7b, 0x7b, 0x7d, 0x7e, 0x7f, 0x81, 0x82, 0x82,
    0x82, 0x84, 0x83, 0x84, 0x83, 0x84, 0x83, 0x83, 0x83, 0x84, 0x83, 0x85,
    0x83, 0x85, 0x84, 0x83, 0x86, 0x82, 0x83, 0x82, 0x80, 0x80, 0x82, 0x7c,
    0x80, 0x7f, 0x7d, 0x7c, 0x7f, 0x7e, 0x7e, 0x7d, 0x7e, 0x7e, 0x7d, 0x7d,
    0x7d, 0x80, 0x7d, 0x7c, 0x7e, 0x7d, 0x7e, 0x7e, 0x7d, 0x7e, 0x7f, 0x7e,
    0x7f, 0x7e, 0x7f, 0x7f, 0x80, 0x80, 0x81, 0x81, 0x80, 0x81, 0x7f, 0x81,
    0x80, 0x7f, 0x82, 0x7f, 0x81, 0x81, 0x80, 0x80, 0x81, 0x81, 0x80, 0x80,
    0x80, 0x80, 0x7f, 0x7f, 0x7f, 0x7f, 0x7d, 0x7e, 0x7e, 0x7f, 0x7e, 0x7e,
    0x7f, 0x80, 0x7f, 0x81, 0x7f, 0x80, 0x7f, 0x7f, 0x80, 0x7f, 0x7e, 0x7f,
    0x7f, 0x7f, 0x7e, 0x7f, 0x7f, 0x7f, 0x7f, 0x80, 0x80, 0x81, 0x80, 0x81,
    0x81, 0x7f, 0x82, 0x7f, 0x81, 0x7f, 0x80, 0x80, 0x80, 0x80, 0x80, 0x80,
    0x81, 0x7f, 0x80, 0x80, 0x7f, 0x80, 0x7f, 0x7f, 0x7f, 0x7f, 0x7f, 0x7f,
    0x7f, 0x7f, 0x7f, 0x7f, 0x80, 0x7f, 0x7f, 0x7f, 0x80, 0x7f, 0x7f, 0x7f,
    0x7f, 0x7f, 0x7f, 0x80, 0x7f, 0x80, 0x80, 0x80, 0x80, 0x81, 0x81, 0x81,
    0x81, 0x81, 0x81, 0x81, 0x80, 0x81, 0x80, 0x80, 0x80, 0x7f, 0x7f, 0x7f,
    0x80, 0x80, 0x80, 0x80, 0x7f, 0x7f, 0x7f, 0x7e, 0x7f, 0x7f, 0x7f, 0x7d,
    0x7e, 0x7e, 0x7e, 0x7e, 0x7e, 0x7f, 0x7f, 0x7f, 0x7f, 0x7f, 0x7f, 0x7f,
    0x7f, 0x7f, 0x7f, 0x80, 0x80, 0x81, 0x80, 0x80, 0x81, 0x81, 0x81, 0x81,
    0x81, 0x81, 0x81, 0x81, 0x81, 0x81, 0x80, 0x7f, 0x80, 0x81, 0x81, 0x81,
    0x81, 0x81, 0x81, 0x81, 0x81, 0x81, 0x7f, 0x7f, 0x7e, 0x7e, 0x7f, 0x7d,
    0x7d, 0x7d, 0x7c, 0x7c, 0x7b, 0x7b, 0x7b, 0x7c, 0x7b, 0x7c, 0x7b, 0x7c,
    0x7c, 0x7c, 0x7c, 0x7d, 0x7d, 0x7d, 0x7e, 0x7f, 0x7f, 0x7f, 0x80, 0x81,
    0x82, 0x82, 0x83, 0x83, 0x84, 0x84, 0x84, 0x84, 0x84, 0x84, 0x85, 0x84,
    0x84, 0x84, 0x84, 0x83, 0x83, 0x83, 0x82, 0x82, 0x81, 0x80, 0x7f, 0x7e,
    0x7e, 0x7d, 0x7d, 0x7d, 0x7c, 0x7c, 0x7b, 0x7a, 0x7a, 0x79, 0x7a, 0x79,
    0x7a, 0x7a, 0x7a, 0x7a, 0x7b, 0x7c, 0x7d, 0x7d, 0x7f, 0x80, 0x80, 0x81,
    0x82, 0x83, 0x83, 0x84, 0x84, 0x85, 0x84, 0x85, 0x85, 0x85, 0x85, 0x84,
    0x84, 0x84, 0x83, 0x84, 0x84, 0x82, 0x82, 0x82, 0x81, 0x80, 0x81, 0x80,
    0x7f, 0x7f, 0x7f, 0x7e, 0x7d, 0x7d, 0x7b, 0x7c, 0x7c, 0x7c, 0x7b, 0x7c,
    0x7c, 0x7c, 0x7c, 0x7c, 0x7c, 0x7d, 0x7d, 0x7e, 0x7e, 0x7f, 0x7e, 0x7f,
    0x7f, 0x80, 0x81, 0x82, 0x82, 0x82, 0x82, 0x82, 0x82, 0x80, 0x81, 0x80,
    0x81, 0x81, 0x81, 0x81, 0x80, 0x80, 0x80, 0x80, 0x81, 0x81, 0x81, 0x80,
    0x80, 0x7f, 0x7f, 0x7e, 0x7f, 0x7e, 0x7f, 0x7f, 0x80, 0x7e, 0x7f, 0x7e,
    0x7e, 0x7f,
};
const size_t picocalc_disk_sfx_track_len = sizeof(picocalc_disk_sfx_track);
