:020000041000EA
:10000000002008205D0100101B0100101D010010E0
:100010001101001011010010110100101101001058
:100020001901001019010010190100101F01001022
:10003000110100101901001021010010230100100E
:100040001101001011010010110100101101001028
:100050001101001011010010110100101101001018
:100060001101001011010010110100101101001008
:1000700011010010110100101101001011010010F8
:1000800011010010110100101101001011010010E8
:1000900011010010110100101101001011010010D8
:1000A00011010010110100101101001011010010C8
:1000B00011010010110100101101001011010010B8
:1000C00011010010110100101101001011010010A8
:1000D0001101001011010010110100101101001098
:1000E0001101001011010010110100101101001088
:1000F0001101001011010010110100101101001078
:100100001101001011010010110100101101001067
:10011000EFF30580103800BE00BE00BE00BE00BE7A
:1001200000BE00BEF2EB8871400A0310680A03109B
:10013000A001001090A31AE7D3DEFFFF42012110B7
:10014000FF010000781B0300793512AB4FF000006F
:100150001E49086006C881F3088810474FF05040D8
:10016000006810B14FF00000F2E70DA40ECC00299A
:1001700002D000F012F8F9E71549164A002000E015
:1001800001C19142FCD11449884714498847144958
:10019000884700BEFDE701C901C29A42FBD3704700
:1001A000680A03101001002058130020B01C03102F
:1001B0000000082000000820B01C031000100820D8
:1001C00000100820000000007047000008ED00E06B
:1001D000581300208C950320D93900100903001012
:1001E0009D390010F8B500BF0348044B834202D08C
:1001F000034B03B1184770475813002058130020D1
:1002000000000000064B0749C91A891048BF013198
:10021000491003D0044B0BB101481847704700BF89
:1002200058130020581300200000000010B5064CA1
:10023000237843B9FFF7D8FF044B13B10448AFF359
:1002400000800123237010BD281C01200000000045
:1002500070BD021008B5044B1BB104490448AFF34C
:100260000080BDE80840CDE7000000002C1C012004
:1002700070BD02102DE9F041074608460D4626F0F4
:1002800023FF4028804628BF4FF0400880B1C8F1C6
:10029000400676106C1EC5F101052E44301914F885
:1002A000012F0023394619F067F82B199845F5D826
:1002B000BDE8F0810FB400B593B014AB53F8042B34
:1002C000412101A8009303F0CDFA01A819F0C4F967
:1002D00013B05DF804EB04B0704700BF0A788AB130
:1002E00070B50D460646002401E0402C09D020469A
:1002F0000023314619F040F815F8012F0134002A87
:10030000F3D170BD704700BF2DE9F0418A4B8B4C93
:1003100003221C6004464FF00008894BADF5926D36
:10032000884F0D461A6017F045FE19F071F9012C3F
:1003300087F800805ADC84481FF0E4FC18B1037889
:10034000002B40F0ED80814D05F1100855F8046B4D
:10035000304619F0D1F90446002840F0D5804545D3
:10036000F4D140F2FF327A49764824AE1FF096FB72
:1003700087F8FF43347077481FF0C4FC18B1037846
:10038000002B40F0BA80744C04F1180754F8045B59
:10039000284619F0B1F9002840F0A880A742F5D10D
:1003A000684819F0A9F904466C4819F055F96C48E9
:1003B00019F052F963496B48FFF77CFF002C4FD0CE
:1003C000694819F049F9012011F0DAFD17F0F0FD44
:1003D000664819F041F9664819F03EF9012008F025
:1003E000E3FE00200DF5926DBDE8F08140F2FF3292
:1003F000384669681FF052FB24AE022C87F8FF8351
:1004000086F80080B7D0A9680B78002BB3D040F2F3
:10041000FF3230461FF042FB00254A4886F8FF5362
:1004200019F06AF904464D4819F016F94C4819F0CC
:1004300013F944494B48FFF73DFF8CB1314628463C
:100440000DF048FB28460DF0D9FA0446494B4A4ABC
:100450003146002C18BF1A464848FFF72BFFB2E779
:10046000474819F0F9F81021402018F019FF022030
:100470004449FFF7FFFE05204349FFF7FBFE072035
:100480004249FFF7F7FE0A204149FFF7F3FE4149D1
:100490000B20FFF7EFFE19F065F9044619F068F933
:1004A000234641213C4A009013A803F0C5F919F0F6
:1004B00053F9044619F04AF92346384A412100907D
:1004C00002A803F0B9F90C2013A9FFF707FF0D20CC
:1004D00002A9FFF703FF0F203149FFF7CBFE19F008
:1004E00095F80121002018F051FEFAE740F2FF32A2
:1004F000294630461FF0D2FA8EE7014640F2FF321D
:1005000030461FF0CBFA87E7314640F2FF320D4804
:100510001FF0C4FA002324AE87F8FF3333702AE7B4
:10052000014640F2FF32384624AE1FF0B7FA87F892
:10053000FF8386F800801EE7F40B002078BD0210D0
:10054000A80B00204483032090BD0210BCD30210EE
:10055000A4BD0210B4BD0210A4D30210C8BD021085
:10056000ECBD021010BE0210F8BE021008BF02104F
:1005700028BF021070BD021074BD0210E8BE021048
:1005800020BE021034BE021054BE021064BE02101F
:1005900078BE021088BE02109CBE0210BCBE0210C3
:1005A000CCBE021010B44FF480740C4B53F82020D2
:1005B00003EB8003C00082F0400200F1804003F5AD
:1005C000805C02F0C00200F5203003F54053CCF807
:1005D000002041601C605DF8044B704704800340BC
:1005E00010B4084CC90041EA820154F8202004EB01
:1005F0008003514003F5805301F00C015DF8044B7A
:10060000196070470480034030B44FF0000343EC9E
:10061000440043EC400005254FF480740B4BC200AE
:1006200053F8201003EB800081F0400102F1804379
:1006300003F5203301F0C00200F5805100F5405071
:100640000A605D60046030BC704700BF04800340F6
:100650000FB400B583B0049C074803F045FB3CB1E0
:1006600005A92046019103F033F9044803F03CFB4F
:10067000012003F045F900BFC8BF0210C0C8021036
:10068000EFF3108072B6064BD3E8CF1F012200298A
:10069000FAD1C3E8412F0029F6D1BFF35F8F70472D
:1006A000277403200023034AC2E88F3F80F3108899
:1006B000704700BF2774032070B58646EFF310859E
:1006C00072B6124CD4E8CF6F0120002EFAD1C4E8E4
:1006D000460F002EF6D1BFF35F8F4FF0010CC80814
:1006E00001F007030CFA03F31EF800C01CEA03062E
:1006F00008D14CEA030C0EF800C0C4E88F6F85F3F4
:10070000108870BD1046FFF7A3FF00BF27740320B9
:10071000044A1078431CDBB2182B28BF1023137037
:10072000704700BF080B00204FF0E022936843F0B1
:1007300000539360704700BF0021044B03F1200277
:10074000C3E88F1F01339342FAD170471C74032012
:100750004FF0E0234FF08032C3F80024C3F80424A4
:10076000C3F80824C3F80C24C3F81024C3F81424D5
:10077000C3F81824C3F81C24C3F82024C3F8242485
:10078000C3F82824C3F82C24C3F8302462B6704779
:10079000012300F01F029340400941B1800000F1A5
:1007A000604000F56140C0F8803103607047024A44
:1007B000203042F82030704700E100E0F8B50D46E7
:1007C000EFF3108772B6124ED6E8CF2F0123002A1E
:1007D000FAD1C6E8423F002AF6D1BFF35F8F0D4B36
:1007E00000F110049B680C4A53F82430934203D064
:1007F000994201D001F00CF8064B9B6843F8245055
:10080000BFF35F8F0023C6E88F3F87F31088F8BDE2
:100810002574032000ED00E0110100102DE9F04FD8
:1008200083B0EFF3108A72B6744ED6E8CF2F01234F
:10083000002AFAD1C6E8423F002AF6D1BFF35F8F03
:100840006F4B00F110089B686E4A53F82850954290
:100850003FD08D420C464AD06B4FEB1B2F2B38D824
:1008600001214FEA50194FEA890909F1604909F558
:10087000614900F01F0301FA03F0D9F80030C9F80C
:10088000800000EA030BBFF35F8FEFF30581C9B26D
:1008900079B3884577D125F0010EDEF808C06445AC
:1008A00005D17CE0D3F808C0644532D09E469EF95D
:1008B000062002EB4203002A07EB8303F2DA6445C9
:1008C00000F08180BBF1000F20D0C9F88001C9F889
:1008D00000004B4B9B6843F82850BFF35F8F002309
:1008E000C6E88F3F8AF3108803B0BDE8F08F154645
:1008F000EFE725F0010EDEF808C06445D7D19EF978
:1009000006407346002C08DA154666E0C9F88000F8
:10091000DFE793F90640002C56DB04EB440C07EBB1
:100920008C0CDCF8082061009A609CF80720DA71D2
:100930009CF90620002A9A715DDBBCF80420520560
:1009400004D502F5FF1202F5FF521F32521502F1D3
:10095000020C4FF0040E0C2212FB04E202EB4C02DC
:100960006FF0070C3A44ACEB030C6244C2F34A024A
:1009700042F460429A80254B21441A7807EB8101AA
:100980001C708A719EE7CDE9000100F041FFDDE9AE
:10099000000125F0010EDEF808C0644587D19EF9FC
:1009A00006407346002CB8DA194A1A4CD21A083A93
:1009B000C2F30A316FEA01516FEA115144EA52025F
:1009C000DA8099807EE773460029EDD1FF228EF808
:1009D00006204BF60152AEF804200C4C4AF6AA222F
:1009E00094F800C01946C91B49414A43120D83F8C7
:1009F00006C0227066E74BF60152BBE72574032060
:100A000000ED00E0110100100C0B00207595032093
:100A1000460B002000F8FFFFF0B5EFF30585EDB2BF
:100A2000EFF3108C72B62649D1E8CF2F0123002AAC
:100A3000FAD1C1E8423F002AF6D1BFF35F8F214EC1
:100A400040F0010EB4684AF6AA2354F825701E4AF5
:100A50000446A41A644163431B0D77455BB21BD067
:100A600092F906409C421CD092F912409C4223D03D
:100A700092F91E409C4221D092F92A409C4208BF24
:100A800003240FD0114A0024157813708571C1E832
:100A90008F4F8CF31088F0BDB2680D4C42F82540A2
:100AA000F0E7002404EB440402EB8402FF24947179
:100AB0004BF601549480E5E70124F3E70224F1E7C3
:100AC0002574032000ED00E00C0B00207595032039
:100AD00011010010014B0B44036070471C7403208C
:100AE00070B5104C104DAC420ED2FF26236863B196
:100AF000FFF70EFE01462046FFF7ECFFA680BFF38E
:100B00005F8F0834AC42F1D370BDFFF701FE0146A0
:100B10002046FFF7DFFF2671BFF35F8F0834AC423A
:100B2000E4D370BD50130020581300200D4B1A68F9
:100B3000EFF3108172B6D2E8CFCF0120BCF1000FE5
:100B4000F9D1C2E84C0FBCF1000FF4D1BFF35F8FB5
:100B500000221B68C3E88F2F81F3108840BF00205C
:100B600000217047648D03202DE9F04F2DED028B9D
:100B700085B0EFF30583DBB2103B9A0818BF012262
:100B80004FF0010103F0030018BFAF4DAF4B08BF9A
:100B9000AF4D00EB820253F8226001FA00FB05F52D
:100BA00041539FEDA78B0190C3F804B02EE0B388AA
:100BB000180440F19280B379002B40F0DC80B6F944
:100BC00008100029C0F21D81736901EB410103EB9C
:100BD000C103D3E90247B7F1FF3F08BFB4F1FF3FBC
:100BE0000DD0019B05EB8301AB6A0A69D21AE31AA7
:100BF000934203D32B6A13EA0B0F00D10C612846F2
:100C000000F030FCA042B941C0F2FB80B6F90830D8
:100C1000C5F83CB0002B0093C9DBD6F8149003EB69
:100C2000430A284609EBCA07D7E9024800F01AFC34
:100C3000A04271EB0801BADBB8F1000FC0F2C3802B
:100C4000D7E90431834A934200F0ED807A88B6F9FF
:100C5000080092B242EA0040984702460B4652EA28
:100C6000030100F0B080002B80F2D180B4EB020EC3
:100C700068EB030839F93A30C7E902E8002B96DB44
:100C8000716903EB430201EBC202D2E90270BE4577
:100C900078EB000C4FEA430289DBB4462CF8083F9E
:100CA0000BE031F93230A446002B0DDB03EB43009F
:100CB00001EBC0005A00D0E90270BE451A4478EB3F
:100CC000000001EBC204ECDA29F83A30009BACF8E2
:100CD0000030B38818043FF56EAF3369EFF310822C
:100CE00072B6D3E8CF0F01210028FAD1C3E8401F24
:100CF0000028F6D1BFF35F8F4FF6FF74B088002352
:100D0000316900B2B480C1E88F3F82F31088984205
:100D1000FFF651AF0746A946746906F1080807EBCC
:100D2000470E04EBCE03D3E90250B6F90830C446AF
:100D3000002B13DBB246009704E034F936309446BA
:100D4000002B09DB03EB430604EBC602D2E9027178
:100D5000BD4270EB0101F0DA5646009FACF800701E
:100D600034F93E7024F83E30002FD8DAB3794D467E
:100D7000002B3FF424AF0023B371B6F9083006F11D
:100D80000808591C3DD01946776903E080465A1C73
:100D90003FF417AF03EB430207EBC200B0F802C009
:100DA0001C461CF4004F9E4637F93230EED08C4280
:100DB00080ED028B05D0A8F80030318927F8321079
:100DC00034817146E3E739F83A3033813369EFF320
:100DD000108272B6D3E8CF0F01210028FAD1C3E800
:100DE000401F0028F6D1BFF35F8F7388316929F85F
:100DF0003A30009B73800023C1E88F3F82F3108854
:100E0000D5E640BF05B0BDEC028BBDE8F08F2846AB
:100E1000CDE9022300F026FB029A039B10EB020EA1
:100E200043EB010826E708460B6902919847002822
:100E3000C9D00299D1E9002311E700BFAFF30080C8
:100E4000FFFFFFFFFFFFFFFF00800B40247F032019
:100E500000000B40690B00102DE9F84F364C256956
:100E60002DB1BDE8F84F0A213448FFF733BEDFF853
:100E7000E4800321404600F0E3FA0326C4F80C8026
:100E8000FFF746FC4FF0504C2D4B26700344236176
:100E9000DCF800300F216370636961801D834FF0BF
:100EA0000405A3F878504FF00505A3F890504FF0D3
:100EB0000605A3F8A8504FF007050E214FF6FF7264
:100EC00008274FF00A0EA3F8C0504FF001094FF069
:100ED0000C0C4FF0020B4FF0090A0D204FF00B05E0
:100EE000A3F868111749A280A3F808E1A160A3F84C
:100EF00048B0A3F8F0A0A3F82051A3F838C1A3F894
:100F00005001A3F83090A3F86060A3F8D8701A805D
:100F10000D4B3046C8F820700C49DC60FFF74EFCE2
:100F200049463046FFF734FC094B0A211F64034849
:100F3000BDE8F84FFFF7CEBD540B0020648D0320B1
:100F40001C740320FFFF1000247F0320690B001096
:100F500000200B4000000B4000487047540B00205D
:100F60000146F0B50069EFF3108772B6D0E8CF5FA5
:100F70000124002DFAD1C0E8454F002DF6D1BFF372
:100F80005F8FB1F902E04C690EEB4E0CBEF1000F21
:100F90004FEACC0504EBCC0C3DDB605B00264880BF
:100FA0000869C0E88F6F87F31088BCF80200CCE9AD
:100FB00002230130C0F30E00012838BF0120059B39
:100FC000ACF80200CCF81030069B40EA0E40CCF89A
:100FD00014300B69EFF3108272B6D3E8CFCF01273C
:100FE000BCF1000FF9D1C3E84C7FBCF1000FF4D184
:100FF000BFF35F8F8B886353A1F804E00B69C3E8EC
:101000008F6F82F310880122CB68097803F50153B2
:101010008A405A60F0BD00230A69C2E88F3F87F317
:1010200010884FF0FF30F0BD03464089B0EB214FF0
:1010300037DD58690A1402EB420210B500EBC2001A
:101040001C69EFF3108C72B6D4E8CFEF0122BEF129
:10105000000FF9D1C4E84E2FBEF1000FF4D1BFF359
:101060005F8F428889B292B28A4207D000221B6900
:10107000C3E88F2F8CF31088002010BD42F400428B
:1010800042800121002218699971C0E88F2F8CF3EA
:1010900010881C78DA68084602F50153A1405960AF
:1010A00010BD0020704700BF2DE9F041861F41F1BF
:1010B000FF35B04271EB050338BF002682B038BF60
:1010C000354604460F4600F0D5F9301A65EB0103AA
:1010D000012873F1000306DA2046394602B0BDE864
:1010E000F04100F003BA00F0C5F9864265EB01015A
:1010F00000290ADB0021174B3246009316482B4685
:101100000191FFF72DFF0028E6DB4FF0000C13489C
:10111000134A436A9D4204D8816AB142DCD29D429F
:10112000DAD11368EFF3108172B6D3E8CF8F5FF096
:10113000010EB8F1000FF8D1C3E848EFB8F1000F85
:10114000F3D1BFF35F8F1368C3E88FCF81F31088AB
:1011500020BFDEE72D0B0010540B002000000B40D9
:10116000648D032010B5044600F084F94FF47A73BF
:101170004FF0FF3C6FF00042E4FB0301BDE810407C
:10118000844572EB01033CBF60461146FFF78CBFFC
:101190002DE9F04306460D4683B0EFF30584E4B233
:1011A0003CB1274B586AA8421CD2002003B0BDE8CE
:1011B000F083244FD7F80C9097F80080484600F051
:1011C00051F908F1040859F828301B1A301A65EB58
:1011D0000101984271F1000111DB20BF184B586AE0
:1011E000A842E2D39B6AB34203D3012003B0BDE817
:1011F000F083401B18BF012003B0BDE8F08300F06E
:1012000039F9864265EB01010029CADB0E4B3846ED
:10121000CDE9003432462B46FFF7A2FE011EC0DDA9
:10122000074B5A6AAA4208D39B6AB34203D30548C4
:10123000FFF7FAFEB5E7AA42F9D120BFF7E700BFF2
:1012400000000B40540B00202D0B00102DE9F04145
:101250000446DDE9071552EA030070D0002B16465C
:101260001F4671DB0698C5E900232861AC606961FF
:1012700000F000F94FF0FF326FF00043801947EBA8
:101280000107824273EB07013CBF1F4610462369EA
:10129000EFF3108872B6D3E8CF1F01220029FAD1EC
:1012A000C3E8412F0029F6D1BFF35F8FB4F9026084
:1012B000616906EB4603002E4FEAC30C01EBC30342
:1012C00046DB31F80C204FF0000E62802269C2E844
:1012D0008FEF88F310885A88C3E902070132C2F3FE
:1012E0000E02012A38BF01221F485A805D61186131
:1012F00042EA06422369EFF3108072B6D3E8CF8F3B
:101300000127B8F1000FF9D1C3E8487FB8F1000F09
:10131000F4D1BFF35F8FA38821F80C30A680236936
:10132000C3E88FEF80F3108801202178E36800FA8A
:1013300001F103F501535960EA60BDE8F08101262F
:10134000002732463B468DE7564263EB430789E769
:1013500000202369C3E88F0F88F310884FF0FF3215
:10136000EA60BDE8F08100BF690B00100246C0686A
:1013700000B9704791680314B1F80AC0BCEB204F64
:101380003DDD30B54C6903EB430304EBC30C0B6943
:10139000EFF3108E72B6D3E8CF5F0124002DFAD19F
:1013A000C3E8454F002DF6D1BFF35F8F83B2BCF881
:1013B000020080B2834209D000230969C1E88F3F4F
:1013C0008EF3108800230020D36030BD43F4004327
:1013D000ACF802304FF0010C0023086981F806C018
:1013E000C0E88F3F8EF31088CB68097803F501536E
:1013F0000CFA01F1596000236046D36030BD002330
:101400000020D360704700BF084AD0E90003516A4A
:101410008B4204D8926A824203D301207047002095
:101420007047581A18BF0120704700BF00000B40DA
:1014300001460248C1E90023704700BF09140010AB
:1014400010B4054B054C064AA04214BF1846581C60
:101450005DF8044BFFF730B95875032000800B404E
:10146000D8BF02100346416A0A46986A596A8A42FE
:10147000FAD17047034B596A0A46986A596A9142F1
:10148000FAD1704700000B4010B4174A536A9C46CB
:10149000946A536A6345FAD1001959414FF000022A
:1014A00028BF01220346CAB10F4B596A4B1C08BF23
:1014B0000B4608D04FF0FF310B460B48426A8A4278
:1014C000FCD38A4207D1084A02E0506A884202D11E
:1014D000906A9842F9D35DF8044B7047024A526A09
:1014E0009142EAD8EDE700BF00000B40074A536A7B
:1014F0009942FCD8994207D1044B02E05A6A9142C2
:1015000002D19A6A8242F9D3704700BF00000B40B3
:10151000F8B5054606200E4600F0E4F8002842D053
:10152000354A3648954214BF4FF080624FF0006252
:10153000334B344902601A608C6832EA0404FBD1F0
:101540002D4B4FF48071EB1AB3FA83F32E4A5B09EB
:10155000062022F8131000F0C5F8C300B3FBF6F321
:101560000133DA0920D1402601216962AA622F6B7A
:10157000FB0722D42B46002253F82C1F062003F52C
:10158000805422602F6300F0ADF840F20131032255
:101590008000B0FBF6F0EB6A83F0700303F07E038B
:1015A00023602963AA64F8BD4FF6FE718A421BD9F5
:1015B00022464FF6FF71154ED7E740F2013205F58E
:1015C00040531A636B6AAC6A062004EB831400F084
:1015D00089F80F4BA402A3FB0023DB0A0021B4FB14
:1015E000F3F0FFF751FFC5E7C3F34503114603EBE3
:1015F00082161A46B9E700BF00800740002002406B
:10160000003002400000024054950320C0FF3F001C
:10161000757B2B8F00EB400C4FEA8C0C0CF1804C4F
:101620000CF5803CF0B51646DCF80420051FB2F539
:10163000803F38BF4FF48032EDB238BFCCF8042081
:10164000012D2AD94FF40067254C0CF54052176044
:1016500054F82020B2B9DCF80020012D82EA4612AD
:1016600002F0E0020CF5805632602AD94FF4006196
:1016700044F820304FF480330CF500521160CCF860
:101680000430F0BD6769B7FBF2FE0EF1010E0EEB00
:101690004E0EBEF1030EFCD2DDE70129D2D10324A8
:1016A0000CF540521460DCF80820D207FBD5DCF8BA
:1016B00000200B4C82EA461202F0E0020CF5805644
:1016C00032600122DCF800504D4005F00305356022
:1016D00002FA01F1DCF808200A42FBD0C6E700BF9D
:1016E00060750320014B53F820007047607503209C
:1016F00070B4039D04682D0345EA03451B4B002C81
:10170000B3FBF1F3B2FBF3F61FDB194A194B90421E
:1017100014BF4FF480424FF40042174C1A6003F597
:1017200080531A60A36832EA0303FBD1212200F53B
:1017300040530433016086601A600268002AFCDAB4
:101740000822C5601A6070BC7047036803F03F034D
:101750008B42DAD18368C3F30B03B342D5D1C3689C
:1017600003F4EE23AB42D0D1EDE700BF001BB7007E
:10177000008005400020024000000240012300EBF1
:101780004000800000F1804000F58410416003605B
:10179000704700BF0023DB8A002242E800F25202B9
:1017A00001D4102118470421184700BF034AD2F87A
:1017B0002838002BFBD0BFF35F8F704700000E402E
:1017C0000021044B044ABFF35F8F43F8041B93428C
:1017D000F9D170470C080E402C080E4010B44FF49D
:1017E0008D704FF42A64064A064B07491460D06096
:1017F00019605368002BFCDA5DF8044B704700BF9A
:101800000080044000A0044000B0FA00704700BF10
:1018100008B50148FEF71CFFFCBF021038B5054CA7
:10182000054DAC4204D254F8043B9847AC42FAD37D
:1018300038BD00BF28BD021068BD021010B40748B3
:10184000074C084B084A094904601A608B6832EA61
:101850000303FBD15DF8044B704700BF002002403A
:101860007F3BEFEF00300240F6FFF3030000024041
:10187000044BDB6CB3F5004F03D14FF48022024BD5
:10188000DA64704700001150002011504FF0E02240
:10189000044BD2F8881D0B43C2F8883D10EE30048B
:1018A000704700BF030330006FF06041044B054AEE
:1018B00019609368DB4333F06043FAD1704700BF8F
:1018C000003002400000024010B545F25320FFF7FF
:1018D00061FFBDE8104003460420184710B545F2EB
:1018E0005320FFF757FFBDE810400346012018477B
:1018F000FEF722BF70B51449144C154D641AA6109A
:10190000442E324628BF44222846920023F050FD40
:10191000B4F5867F13D80F4AC6F1440112D02B19B3
:10192000480803EBC000C3E9002208338342FAD120
:10193000CB0704D521F00103334445F82320064B9F
:101940009D6070BD4323F8E70000001010010010F7
:10195000000000201101001000ED00E0002370B530
:101960002B4C82B0C4F88430FFF738FF0122294B9A
:10197000DA63636C012BFCD10321264A244B1163EB
:101980009C6B012CFCD10226052521460523224A09
:1019900022480096FFF7ACFE21462B46204A2148FC
:1019A0000095FFF7A5FE0022042031461E4BFFF7ED
:1019B00031FE2146284600221C4BFFF72BFE002259
:1019C000082011461A4BFFF725FE00220920114678
:1019D000174BFFF71FFE002206201146134BFFF79F
:1019E00019FE0022114B07201146FFF713FE0420B9
:1019F000FFF778FE00240F4BA3FB0035AD0CE0B2DF
:101A000029460134FFF7BAFE062CF8D102B070BDAA
:101A10000000014000300140002F685900000540DF
:101A2000008C864700800540001BB70080D1F0087D
:101A3000006CDC0283DE1B4386B003B451FC080457
:101A4000CDE9020151FC0904CDE9040151EC0A047D
:101A5000CDE9060103BCF047BDE800504EEC00C4E0
:101A6000BDE800504EEC01C4BDE800504EEC02C48D
:101A700000BD000000B5FFF7DFFF02E010FE30F40C
:101A8000F8D441EC100443EC112400EE010410EEF4
:101A9000010480EE200451EC1004704700B5FFF7FC
:101AA000CBFF02E010FE30F4F8D441EC100443EC1C
:101AB000112400EE010410EE210480EE200451EC0C
:101AC0003004704700B5FFF7B7FF02E010FE30F4B6
:101AD000F8D410B541EC100443EC112451EC04048B
:101AE00053EC0524A0FB024C5FF0000EE0FB03CE9C
:101AF000E1FB02CE4CEC20440024E1FB03E444EC87
:101B000030E480EE200451EC5004BDE810407047F2
:101B100000B5FFF791FF02E010FE30F4F8D441EC7D
:101B2000100443EC112451EC2104A0FB01126FEAD4
:101B3000820252FB100052FB12F252FB1000A0EB8B
:101B4000D07C53EC04245CFB13F153EC1524A1FB73
:101B5000022001FB030053EC4424A2EB000050FBE5
:101B60001CF24FEA111312EB017043EBE27140EAF1
:101B7000515020EA915020F0070053EC7524A0FB4F
:101B8000023C53EC752400FB03CC01FB02CC53EC6C
:101B90000424ACEB824C40EA5C70A0F1010041EC03
:101BA000400480EE200451EC7004704700B5FFF74C
:101BB00043FF02E010FE30F4F8D441EC100480EE54
:101BC000220410EEB204704700B5FFF735FF02E0C3
:101BD00010FE30F4F8D440EC700400EE010410EE76
:101BE000210480EE200451EC3004704700B5FFF76B
:101BF00023FF02E010FE30F4F8D440EC600400EE65
:101C0000010410EE210480EE200451EC30047047F2
:101C100000B5FFF711FF02E010FE30F4F8D441ECFC
:101C2000800400EE010410EE010480EE400410EE8A
:101C30001304704700B5FFF7FFFE02E010FE30F41A
:101C4000F8D441EC800400EE010410EE010480EEB3
:101C5000400410EE3304704700B5FFF7EDFE02E0DC
:101C600010FE30F4F8D441EC100443EC112400EEE3
:101C7000010410EE3004C0F30070704700B5FFF7A8
:101C8000DBFE02E010FE30F4F8D441EC100443EC2B
:101C9000112400EE010410EE3004C0F38070704790
:101CA00000B5FFF7C9FE02E010FE30F4F8D443ECB3
:101CB000102441EC110400EE010410EE30F48CBF4E
:101CC00001200020704700BF00B5FFF7B5FE02E01D
:101CD00010FE30F4F8D443EC102441EC110400EE73
:101CE000010410EE30F42CBF01200020704700BF2B
:101CF00000B5FFF7A1FE02E010FE30F4F8D441EC8D
:101D0000100443EC112400EE010410EE30F42CBF5B
:101D100001200020704700BF00B5FFF78DFE02E0F4
:101D200010FE30F4F8D441EC100443EC112400EE22
:101D3000010410EE30F48CBF01200020704700BF7A
:101D40000022002950DA404261EB4101C9B1B1FAE9
:101D500081F30B3B17D4D3F1200C30FA0CFC9840E4
:101D6000994051EA0C011A44524202F2324201EB0C
:101D7000025141F0004140F2FE739A4238BF704771
:101D800021E011467EE003F1210310FA03FCA3F1E8
:101D9000010301FA03FCC3F1200320FA03F021FA46
:101DA00003F140EA0C00A3EB020202F2324214D02B
:101DB00050F1000041EB025141F0004140F2FE734E
:101DC0009A4238BF70474FF00001A8BFC7F6F071C4
:101DD0004FF00000704700217047EBD350F1000036
:101DE00020F00100E6E70022B9B1B1FA81F30B3B24
:101DF00016D4D3F1200C30FA0CFC9840994051EAEB
:101E00000C011A44524202F2324201EB025140F2FA
:101E1000FE739A4238BF704720E0114600F066B862
:101E200003F1210310FA03FCA3F1010301FA03FCFF
:101E3000C3F1200320FA03F021FA03F140EA0C0079
:101E4000A3EB020202F2324212D050F1000041EB49
:101E5000025140F2FE739A4238BF70474FF00001C2
:101E6000A8BFC7F6F0714FF000007047002170471F
:101E7000EDD350F1000020F00100E8E7002880F2E7
:101E800035804042B0FA80F30B3B11D4984001EB0F
:101E90000302524202F2124200EB025141F00041B1
:101EA0004FF0000040F2FE739A4238BF704713E0D3
:101EB000C3F1000330FA03FCC3F120029040A3EB0E
:101EC000010202F212420CEB025141F0004140F2D9
:101ED000FE739A4238BF70474FF00041A8BFCFF65B
:101EE000F0714FF0000070470021704760B3B0FA06
:101EF00080F30B3B0FD4984001EB0302524202F2F5
:101F0000124200EB02514FF0000040F2FE739A4281
:101F100038BF704710E05B4230FA03FCC3F1200287
:101F20009040A3EB010202F212420CEB025140F28C
:101F3000FE739A4238BF70474FF00001A8BFC7F642
:101F4000F0714FF000007047002170470022A2F2AC
:101F500032425FEA215CACF10103A1EB03515B0566
:101F600013F5800F32D212EB535210D40B2A36DA0B
:101F70009140D2F1200330FA03F319439040BCF1B1
:101F8000000FA8BF7047404261EB4101704720320B
:101F90000EDD01FA02F3D2F12002D140D040184305
:101FA000BCF1000FA8BF7047404261EB4101704790
:101FB000524282F3050231FA02F00021BCF1000F17
:101FC000A8BF7047404261EB4101704702D000203A
:101FD0000021704750EA013118BF4FF0000C6FF03C
:101FE000004101EBDC716FEAEC70704700220029C0
:101FF00080F2A980404261EB4101B1B3B1FA81F3B3
:10200000083B16D4994010FA03FCC3F1200320FAD0
:1020100003F040EA0100A2EB0302C2F195021CEBBF
:102020000C0C40EBC25040F0004020D0FE2A16D2EB
:10203000704703F1210311FA03FC5CEA000CC3F1C1
:10204000210321FA03F0A3EB020202F1B50240EBF7
:10205000C25040F000400AD0FE2A38BF70474FF00F
:102060000040A8BFCFF68070704711460AE028BF35
:1020700020F00100FE2A38BF7047F0E7002880F208
:1020800033804042B0FA80F3083B0CD4984001EB17
:102090000302C2F1950200EBC25040F00040FE2A5C
:1020A00038BF704713E003F1210310FA03FCC3F1BA
:1020B000210320FA03F0A3EB010202F1950240EBA9
:1020C000C25040F0004008D0FE2A38BF70474FF0A1
:1020D0000040A8BF40F0FF40704728BF20F001003B
:1020E000FE2A38BF7047F2E720B3B0FA80F3083B0E
:1020F0000AD4984001EB0302C2F1950200EBC250F2
:10210000FE2A38BF704711E003F1210310FA03FCE7
:10211000C3F1210320FA03F0A3EB010202F19502BF
:1021200040EBC25007D0FE2A38BF7047ACBF4FF01B
:10213000FF400020704728BF20F00100FE2A38BF72
:102140007047F3E7002289B3B1FA81F3083B14D456
:10215000994010FA03FCC3F1200320FA03F040EA8F
:102160000100A2EB0302C2F195021CEB0C0C40EB48
:10217000C2501ED0FE2A14D2704703F1210311FA77
:1021800003FC5CEA000CC3F1210321FA03F0A3EB8A
:10219000020202F1B50240EBC2500AD0FE2A38BF5B
:1021A0007047ACBF4FF0FF40002070471146FFF76B
:1021B0009BBF28BF20F00100FE2A38BF7047F0E720
:1021C00000219639C215A2F10103FE2B23D2A0EB08
:1021D000C350891819D4CA1F09DDB1F1200309DAE7
:1021E000C001D2F1200330FA03F1904070478840DB
:1021F00000217047292903DA10FA03F10020704703
:102200006FF000006FF000017047494281F3050153
:10221000C8400021704710F5000FF1D8B0F5000F4D
:10222000EEDC00200021704710B5044623F0B0F822
:1022300028B10346034A2344934200D810BD024804
:10224000FEF706FA0000082008C0021038B5044660
:102250000D461FF027FF05FB04F428B10346044A8E
:102260002344934200D838BD0248FEF7F1F900BF7D
:102270000000082008C0021023F092B89A4238BF2C
:1022800088547047704700BF2DE9F04F83B09946DE
:10229000DDE90DAB0F9B884611469A07074616D11C
:1022A000DA453AD20C460D46ABEB0A060E442246FE
:1022B0004B46414620200134B847B442F7D1294665
:1022C000BAF1000F08D1204603B0BDE8F08F0C46EC
:1022D000BAF1000F10D00E4655460C9B2E449A447E
:1022E0000191721B4B46013D41461AF8010D3446DF
:1022F000B847002DF5D101990F9B9B07E3D5651ACF
:10230000AB45E0D922464B46414620200135B8472F
:102310005D4504F10104F5D3D5E7BAF1000FDAD138
:102320000C46D0E72DE9F04F0F9FDDF824E017F0C1
:10233000020F0A9C9DF82C900E9DDDE90C8629D198
:10234000002D6FD1B44225D2202C07F0010B00F0F4
:10235000128104F1FF3C4FF0300AF44401E0202CDC
:102360007AD00134A6420CF801AFF8D8BBF1000FC7
:1023700010D0AC420ED2202C74D004F1FF3C4FF0B0
:10238000300AF44401E0202C29D00134AC420CF88E
:1023900001AFF8D117F0100F3AD017F4806F28D1A1
:1023A0001CBBB8F1100F00F0CA80B8F1020F00F0AA
:1023B000D48030248EF800400124B9F1000F67D199
:1023C0007E0740F1AA802B260EF804600134CDE987
:1023D0000B57CDE909E4BDE8F04FFFF755BFFC0608
:1023E00040F189807C0535D42024A6426AD0AC42D5
:1023F00068D0B8F1100F00F08780B8F1020F5AD002
:10240000202CE4D0264601344FF0300C0EF806C0E4
:10241000202CD2D1CDE90B57CDE909E4BDE8F04F2E
:10242000FFF732BF17F0010B3ED0B9F1000F47D1D3
:1024300017F00C0F44D1B4429BD2202C89D1202D0F
:1024400010D8FC0657D57C0555D4202E00F0B98055
:10245000202D10D02024CCE7BBF1000F00F0A58088
:10246000202DBCD9FC0646D57C0544D4202E00F096
:10247000A880202D3FD12C461F26B8F1100F7FD009
:10248000B8F1020FC0D14FF0620C0EF806C0B7E7EA
:102490002D260EF804600134CDE90B57CDE909E48F
:1024A000BDE8F04FFFF7F0BEB442BFF473AF202C8D
:1024B0007FF44FAFD6E7202C89D026460134E2E7DF
:1024C000013DB8E7661ED8D1B8F1100F64D0B8F15D
:1024D000020F7FF46EAF62268EF80060302644460D
:1024E0008EF80160B9F1000F3FF46AAFD0E7B8F1A0
:1024F000100F7FF46CAF2024CDE90B57CDE909E430
:10250000BDE8F04FFFF7C0BEBE060ED4202CF2D0BF
:1025100078260EF80460013472E73E077FF557AF66
:1025200020260EF80460013451E7202CE3D04FF050
:10253000580C0EEB040686F800C0013460E7BE06B6
:1025400017D558248EF8004030248EF8014002241C
:10255000B9F1000F3FF434AF9AE762248EF80040DF
:1025600030248EF801400224B9F1000F3FF428AF67
:102570008EE77824F2E7BBF1000F7FF462AF71E7DA
:1025800017F0200F0CBF4FF0780C4FF0580CA61E20
:102590000EF806C0013C35E7BC06EAD558248EF893
:1025A000004030248EF80140DDE717F0100F3FF4B3
:1025B0000EAF17F4806F9AD1202E7FF418AF1F262C
:1025C0005BE734461F2658E700B9704701F04ABB65
:1025D0002DE9F04F9FB09DED287BDDE92AA558EC51
:1025E000177B83461E460D91109243463A46384665
:1025F00041468DED087B2C9CFFF732FB002840F014
:10260000D880384641464FF0FF32754BFFF788FBC4
:10261000002840F0CE80384641464FF0FF326FF43C
:102620008013FFF741FB002840F0C380DDE9087804
:102630000022384641460023FFF736FB002840F0D1
:10264000C081CDE90A78DDE90A2390461F4614F4DB
:10265000806308BF4FF0060A139304F4006258EA3F
:102660000703119240F0C080002A00F0A2819FED84
:102670005A7B00278DED0E7B4FF00009BA45CCBF89
:10268000AAEB070A4FF0000A4F46C8BF0AF1FF3A0B
:1026900044F480644D4594BF4FF00008A5EB090851
:1026A00014F00203119304D0B9F1000F18BF4FF0DA
:1026B00000083FB1DDE90A01DDE90E23FFF72CFA3E
:1026C000CDE90A01DDE9080100220023FFF7ECFA59
:1026D00030B1DDE90A01024601F10043CDE90A23E8
:1026E0009DED0A7BCDE902A8DDF834A024F4006357
:1026F00004938DED007B334651465846109A00F006
:1027000097F98046B9F1000F4FD014F0200F024620
:1027100000F1010433460CBF652045205146D847DF
:1027200009F1FF3087EAE77C0DF1580900224B469A
:10273000DFF8B080ACEBE77C4FEAD77E01E0202ADF
:1027400010D0E246A8FB0C71C90801EB8107ACEB85
:1027500047073037BAF1090F8C4602F1010203F83E
:10276000017BECD805230590069300200A230D9FDA
:10277000CDE90330CDE9012E33462246394658468D
:10278000CDF80090FFF7CEFD119B80466BB1109BFA
:10279000C41AA54209D9424633463946202001349D
:1027A000D847A54208F10108F5D840461FB0BDE85A
:1027B000F08F9DED087B33465846109A0D998DEDAC
:1027C000287BCDE92B54CDF8A8A01FB0BDE8F04F71
:1027D00000F02EB9AFF30080000000000000000000
:1027E000FFFFEF7FCDCCCCCCC7F30A50A0F2FF3077
:1027F000FFF7EEF98AA3D3E90023FFF767F98AA36D
:10280000D3E90023FFF73AF9C7F31307CDE90E0127
:1028100047F07F51404600227B4B41F44011FFF7C7
:1028200041F96BA3D3E90023FFF750F902460B46A9
:10283000DDE90E01FFF722F9FFF7EEF90746FFF792
:10284000C7F965A3D3E9002380468946FFF73EF91F
:1028500000226E4BFFF712F9FFF7DEF903464946F7
:10286000404612935EA3D3E90023FFF72FF9804679
:1028700012988946FFF7ACF95BA3D3E90023FFF771
:1028800025F902460B4640464946FFF70BF902463A
:102890000B4680468946FFF719F942464B46CDE97B
:1028A0000E0140464946FFF7E9F80022CDE9140140
:1028B000DDE90E01564BFFF72FF90022554BFFF7CC
:1028C000DDF802460B46DDE90E01FFF725F900228F
:1028D000514BFFF7D3F802460B46DDE90E01FFF737
:1028E0001BF942464B468046894600204FF0804106
:1028F000FFF7D8F802460B4640464946FFF7BEF8B8
:1029000002460B46DDE91401FFF706F90022434BAE
:10291000FFF7B4F8129B002203F2FF3C4FEA0C537E
:10292000FFF7D4F880468946DDE90A0142464B4666
:10293000CDE90E89FFF7B8F968BB4346494607F170
:102940006302C62A119A8CBF4FF005094FF00409A3
:10295000002A3FF49FAE0B433FF48EAEDDE90A013F
:1029600023A3D3E90023FFF7C7F948B1DDE90A0142
:1029700021A3D3E90023FFF797F900287FF47CAE69
:10298000BAF1000F3FF486AE139B002B3FF482AEEA
:102990000AF1FF3A7EE600221E4B40464946FFF709
:1029A000BBF80A4601460346CDE90E12013F114627
:1029B000C5E79FED137B17464FF004098DED0E7BA5
:1029C00068E608F100430A970B933CE6AFF30080FA
:1029D00061436F63A787D23F71A379094F930A4080
:1029E0001655B5BBB16B0240EF39FAFE422EE63FF9
:1029F0002D431CEBE2361A3F0000000080842E417C
:102A000000000000000000000000F83F0000E03F70
:102A100000002C4000002440000018400000F03F5F
:102A2000FB799F501344D33FB3C8608B288AC63FBD
:102A30002DE9F04F97B0DDE92089CDE90401DDE90A
:102A4000224BCDE90623404642464B464946DDF837
:102A500090A0FFF705F9002840F0C581404649469F
:102A60004FF0FF326FF48013FFF71EF9002840F09B
:102A70001D81404649464FF0FF32C14BFFF750F9E8
:102A8000002840F0E380B8A3D3E90023404649463C
:102A9000FFF746F9002840F0CB80B5A3D3E9002327
:102AA00040464946FFF700F9002840F0C180404603
:102AB000494600220023FFF7F7F8002840F0E080A5
:102AC0001AF480650D9000F0E980092C40F296819F
:102AD0000EAB1A460C9330210023A4F109050133F3
:102AE000202B02F8011BA4EB030600F03A81AB4255
:102AF000F5D19FED9D7B8DED087B49464046FFF764
:102B00008BF80446FFF764F802460B4640464946F8
:102B1000FEF7C8FFDDE90823FEF7D8FF02460B46A3
:102B2000CDE90A23FFF78AF80746FFF763F8024664
:102B30000B46DDE90A01FEF7B5FF02460B46CDE97B
:102B40000A2300228F4BFFF7EBF8002800F0DB8010
:102B500001373846FFF74EF8DDE90823FFF7CCF8D8
:102B600008B100270134002E40F0B1802046FFF765
:102B70002FF802460B4640464946FEF793FF0022D7
:102B8000804B06460F46FFF78FF840B9304639466E
:102B900000227C4BFFF7C4F8002800F015810C9B45
:102BA000691E7948194410E080FB0462C3EBA2035C
:102BB00003EB8302A4EB420404F1300201351C460E
:102BC00001F8012F002B00F0AB80202D4FEAE473B9
:102BD000EAD10AF00303012B1CD1BBF1000F19D07D
:102BE0000D9B002B40F0F9801AF00C0F40F0F5809F
:102BF000AB4540F2D380202D0BD030220C996B1EB8
:102C00000B4401355D4503F8012F00F08D80202D28
:102C1000F7D12025DDE90623DDE904010C9CCDE98F
:102C200002BA01950094FFF72FFB17B0BDE8F08FB3
:102C3000CDE92089DDE90623DDE90401CDE923BAE8
:102C4000229417B0BDE8F04FFFF7C2BC4F4DCDF84E
:102C50008CA00AF0040ABAF1000F4D4C18BF2C46A4
:102C6000DDE90623DDE9040120940CBF03240424DC
:102C7000CDF888B0219417B0BDE8F04FFFF704BB42
:102C80004B46424600200021FEF70CFF01231AF4B8
:102C90008065804689460D937FF417AF9FED367BA4
:102CA0000EAB06268DED087B0C9326E70424DDE9A8
:102CB0000623DDE90401374DCDF88CA0CDF888B0AE
:102CC0002095219417B0BDE8F04FFFF7DDBA0C9BBB
:102CD000681EDFF8C4C018440DE0ACFB0721C9082A
:102CE00001EB8102A7EB42023032092F00F8012FDD
:102CF00027D90F461D46202D05F1010306F1FF36A9
:102D0000EBD120254BE70022DDE90A011D4BFEF740
:102D1000CBFF00287FF427AF002F5AD1013722E7DD
:102D20000AF00303012B75D0202D3FF473AF0D9BE8
:102D3000BBB32D2205F158036B4403F8202C013559
:102D400068E7202BDDD0AEB30C9A1E441544302228
:102D500001E0B3422ED00133202B05F8012FF8D12A
:102D6000CFE71D46C5E600BF0000000065CDCD41A0
:102D70000000000065CDCDC10000000080842E4120
:102D8000FFFFEF7F0000E03F676666664CC0021001
:102D900054C002105CC00210CDCCCCCC202D3FF42E
:102DA00039AF1AF0040F0DD11AF0080F3FF432AF0B
:102DB0002022BFE72E2103F158026A4402F8201CAA
:102DC0005D1CECE62B22B5E7E3077FF5E8AE0134A6
:102DD000E5E6FA077FF5C7AEA0E70BF1FF3BAB4591
:102DE0003FF609AFA0E70324DDE90623DDE904018E
:102DF0000A4DCDF88CA0CDF888B061E7084B264687
:102E000003EBC40393ED007B0EAB8DED087B002537
:102E10000C9372E6BBF1000F86D0E1E658C00210B9
:102E200030D402102DE9F04F9A469BB0249C964D69
:102E30000B94964C0B1E18BF834625609AF8000031
:102E4000934C0A9308BFA3460992002800F0BC8265
:102E50004FF000090AE04A46099B0A9909F1010965
:102E6000D8479AF80000002800F0CE8025280AF103
:102E7000010AF0D10023524612F8010BA0F1200103
:102E800010290AD8DFE801F04009093C09090909BD
:102E900009090938093409093000A0F1300109296C
:102EA00040F28C802A2800F0F58000210C912E2819
:102EB00000F099800027A0F1680112292DD8DFE8E1
:102EC00011F057012C0051012C0045012C002C0061
:102ED0002C002C002C002C002C0027002C002C0097
:102EE0002C002C002C002700924643F00103C2E77F
:102EF000924643F00203BEE7924643F00403BAE76A
:102F0000924643F01003B6E7924643F00803B2E757
:102F10009AF8010043F4807301326728924600F268
:102F20008280242840F2C680A0F12502422A00F2C5
:102F3000C180DFE812F05F01BF00BF00BF00BF002B
:102F4000BF00BF00BF00BF00BF00BF00BF00BF0089
:102F5000BF00BF00BF00BF00BF00BF00BF00BF0079
:102F6000BF00BF00BF00BF00BF00BF00BF00BF0069
:102F7000BF00BF00BF00260145012601BF00BF0002
:102F8000BF00BF00BF00BF00BF00BF00BF00BF0049
:102F9000BF00BF00BF00BF00BF00BF00D301BF0024
:102FA000BF00BF00BF00BF00BF00BF00BF00BF0029
:102FB000D3016701D301260145012601002100E06C
:102FC000013201EB810100EB410110789246A0F142
:102FD0003004092CA1F13001F2D92E280C9102F114
:102FE00001027FF467AF9AF801001146A0F13006A4
:102FF000092E43F4806340F231812A2800F03E819B
:1030000092460027013256E74C46099B994501D369
:1030100003F1FF394A460020099B0A99D847204608
:103020001BB0BDE8F08FA0F16902D2B20F2A41D8DF
:10303000012649F2410196400E4040F001810A2AE2
:103040003FD0072A36D10B9C54F8042B002A00F0FD
:10305000288143F021010DF1480E704603E0202E37
:1030600000F029811A4602F00F052B46092D94BF66
:10307000303337330F2A00F8013B06F101064FEADF
:103080001213ECD817E100BF252E0010887803201A
:10309000852200100B9C9AF8010054F8045B9246BC
:1030A000002DBDBF694243F002030C910C950B94B7
:1030B0000132FCE64A46099B0A9909F10109D84701
:1030C000CFE60B9951F8048B98F800201046002F9A
:1030D00040F0E18072B16FF0010C0CF1010C46463A
:1030E000C44401E0664503D016F8014F002CF9D125
:1030F000A6EB080613F4806C02D0BE4228BF3E4601
:1031000013F0020400F08781002A00F02B81BCF14B
:10311000000F00F041810B940D964A46DDE90954F9
:103120000E464F4408E02B462146D84718F8010FB9
:1031300009F1010910B14A464F45F4D131460B9CC3
:103140000D9E002C40F00E810B918AE69AF801004A
:103150006C287FF4DFAE9AF8020043F440730AF162
:103160000302DAE69AF8010043F400730132D4E670
:103170009AF80100682800F0208143F080030132B2
:10318000CBE6672800F0E780472800F0008145285B
:1031900000F0FF800B9C04930C9B0734CDE9027375
:1031A00024F007031C46DDE90931F4E802674A46CA
:1031B0005846CDE900670B94FFF70AFA814650E6BE
:1031C00046280B9C08BF43F0200304930C9B073454
:1031D000CDE9027324F007031C46DDE90931F4E868
:1031E00002674A465846CDE900670B94FFF720FC7A
:1031F000814636E64A462520099B0A9909F10109CC
:10320000D8472EE60B9A9C0702F1040709F1010644
:1032100040F1E6801078099B4A460A99D8470C9BF2
:10322000012B40F22C81DDE90954994432462B46AA
:10323000214620200136D8474E45F7D10B9710E69E
:103240006F2800F08B8040F26581782800F00881BB
:103250004FF00A0823F01003C44647E0002707EBAD
:10326000870700EB4700A0F1300711F8010FA0F12C
:103270003002092AF3D98A464A1C1CE60B9C9AF8AC
:10328000020054F8047B0AF1020A0AF101020B94CD
:1032900027EAE7770FE6002A3FF42CAF07F1FF3C5F
:1032A0001BE723F0100113F4806241F021013FF489
:1032B000D2AE0DF1480E08231020059300234A4694
:1032C000CDE9023006915846DDE90931CDE900E645
:1032D0000497FFF727F80B948146C2E5582879D068
:1032E000622840F051824FF00208C44613F4806017
:1032F0006DD123F00C0313F4007240F0C2800B99DF
:1033000004310D9113F4807140F02E825E060B9A09
:1033100040F1AA801278002A40F0DA8023F01003EE
:10332000002800F0D58011460DF1480E06930C9B45
:10333000CDF80CC0CDE90473019100234A460293F5
:103340005846DDE90931CDF800E0FEF7EBFF0D9BB3
:1033500081460B9385E543F400631BE74FF00808B3
:10336000C446C3E70C9B4C46B3427FF6EDAE0F4616
:103370004B44A3EB0609DDE909652246334629469D
:1033800020200134D8474C45F7D13946DCE643F4D8
:10339000006343F02003FDE60F460B94DDE909547A
:1033A0004A462B462146D84718F8010F09F1010972
:1033B0000028F5D139460B9CC3E69AF8020043F089
:1033C000C0030AF10302A8E5044681461DE623F086
:1033D0000D0390E74FF0100843F02003C44685E743
:1033E0000C9B012B45D9DDE909544E4609F1FF3804
:1033F000984432462B46214620200136D847464580
:10340000F7D10C9B324699440B9B1878DDE90931C2
:10341000D8470B9725E50C9BB34240F2EE81CDE9EE
:103420000D48DDE9095488464B449E1BCDF82CC05D
:103430004A462B462146202009F10109D847B145CB
:10344000F6D14146DDF838800C9BDDF82CC00D9C90
:1034500098F800205E1C1046002A7FF458AE73E6F0
:103460004FF01008C44641E71D064CBF1288126891
:1034700051E713464A461878DDE90931D847B14685
:10348000DCE60B9C073424F007042246656852F8FA
:10349000084B0B9254EA050240F02C8123F01003F4
:1034A000002800F0278100260DF1480E06930C9BA2
:1034B0004A46CDE904730023CDE900E6CDF80CC0FF
:1034C00002935846DDE90931FEF72CFF8146C8E436
:1034D00013F0200F14BF412061200DF1480E7646F5
:1034E000A0F10A0803E020293FF420AF2246B2FBF6
:1034F000FCF40CFB1425E8B2092D00F130058ABF5D
:103500004044E8B2C0B2624506F8010B01F1010186
:10351000E9D20BE723F0100269280D9240F06F8189
:1035200013F4806204D04FF4806223F011030D93F2
:103530000D9B13F4007640D10B9B03F104080D9B07
:1035400013F4807040F09880590640F1C6800B9BC0
:1035500019780C46CB0F002900F0B98022460DF1F6
:10356000480E74461646DFF8A0C201E020280FD0AE
:103570003546ACFB0621C90801EB8102A6EB4202ED
:103580003032092D0E4600F1010004F8012BEDD870
:103590000D9ACDE9010306920C9ACDE904720A2333
:1035A0004A4603935846DDE90931CDF800E0FEF7BD
:1035B000B9FECDF82C80814653E40B9C073424F0EF
:1035C000070421460846636850F8081BDC0F0B907F
:1035D00051EA030000F0C3800A46191E48DB134677
:1035E0000DF1480EF4460026CDE90E94DFF818825E
:1035F00001E0202E2DD05A1842F10002A8FB0259FA
:1036000029F0030505EB9905521B1C469B1A61F135
:10361000000508464FF0CC3101FB03F108FB051112
:10362000A3FB08531944052305F00109A9FB03393D
:103630009B180A2C03F130034FEA550570F1000086
:103640000CF8013B06F1010645EAC1734FEA51014E
:10365000CFD2DDE90E940D9B4A4606930C9BCDE933
:103660000164CDE904730A23CDF800E0039328E751
:10367000524261EB4101B2E70B9B1968CB0F002965
:1036800000F0AB8081EAE172A2EBE1720DF1480E2D
:103690007046DFF874C101E0202E10D01546ACFB57
:1036A0000241C90801EB8104A2EB440404F1300299
:1036B000092D00F8012B06F101060A46ECD80D9AF7
:1036C000CDE9016306920C9ACDE9047267E7002AFE
:1036D0003FF445AF0DF1480E5AE713F0800F0B9BF6
:1036E00000F08180B3F9001081EAE174A4EBE17489
:1036F000A4B22FE713F0200F14BF412261220DF175
:10370000480E0A3ACDE90D97CDF844B00026774629
:10371000F3469146CDE90F3C03E0202E17D0044636
:103720000D46294642460023204628F0E1FAD2B24F
:10373000092A02F1300388BF02EB09034445DBB2DA
:1037400075F1000507F8013B06F10106E5D2DE46FA
:10375000DDE90D97DDE90F3CDDF844B0A6E6002A6F
:1037600047D1134611463BE70B990968A1B923F0ED
:10377000100388B10DF1480E06930C9BCDF80CC0D8
:10378000CDE904730192D8E513F480627FF4CBAEE7
:1037900023F010030D93CBE613F0200F14BF41204C
:1037A00061200DF1480E7646A0F10A0802E0202AB9
:1037B000E2D02146B1FBFCF40CFB1415E8B2092D54
:1037C00000F130058ABF4044E8B2C0B2614506F856
:1037D000010B02F10102EAD2CEE7002A3FF456AF14
:1037E0000DF1480E6BE7196881EAE174A4EBE1740E
:1037F000B0E600260DF1480E2DE701362BE64FF01E
:103800000A081346C44671E5CDCCCCCC0EB410B535
:1038100085B007AC54F8043B01464FF0FF320094EA
:1038200004480394FFF7FEFA05B0BDE8104003B06A
:10383000704700BF7D22001084460CB410B584B0E0
:1038400006AC54F8043B0A460094614604480394CD
:10385000FFF7E8FA04B0BDE8104002B0704700BFBF
:103860007D22001030B594468E4605461C4683B036
:1038700029467246634600940248FFF7D3FA03B024
:1038800030BD00BF7D2200100FB410B50E4B84B0C8
:1038900006A91C6851F8043B03915CB100914FF0FC
:1038A000FF3202A90948A047012004B0BDE810403A
:1038B00004B07047184600F017FA204604B0BDE87F
:1038C000104004B0704700BF88780320C92500105D
:1038D00010B5094B84B01C684CB1034600914FF001
:1038E000FF3203A90548A047012004B010BD00F035
:1038F000FBF9204604B010BD88780320C9250010CC
:1039000000BEFDE7074A0346106838B10649034484
:103910008B428CBF4FF0FF3013607047034908465D
:103920001160F3E7EC770320000008208C9503205A
:1039300003460846114623B9034BD3E9002300F0A0
:103940002FB94FF0FF307047D0D30210431E012B28
:1039500009D810B51446084601230022214600F07C
:10396000A7F8204610BD4FF0FF3070470EB44FF05F
:10397000FF3003B0704700BF4FF0FF30704700BF0B
:103980004FF0FF30704700BF4FF0FF30704700BF6F
:1039900002288CBF00200120704700BF08B5FFF748
:1039A000AFFF00BF9C46144600B50B460246614679
:1039B00083B044B1054D064801940095FFF764FFBC
:1039C0000120FFF79DFF034D2C46F4E764C0021071
:1039D00074C0021070C0021038B5064C064DFDF7D9
:1039E0001DFFAC4204D254F8043B9847AC42FAD3D2
:1039F00038BD00BF68BD021070BD021003680846E4
:103A000011461847437D2DE9F04781460F4616467B
:103A1000002B43D0002A3BDD037D00204D1E0146D4
:103A200015F8012FDFF884800A2A01F101040ED075
:103A3000A6421CD02B782146A3F10D03B3FA83F3E1
:103A400015F8012F5B090A2A01F10104F0D1002BBE
:103A5000EED18142A1EB000138441BDC022140463B
:103A6000D9F800309847A64208D02046E2E78642BF
:103A700004DD311AD9F8003038449847374417F834
:103A8000013CA3F10D03B3FA83F35B0989F8143009
:103A9000BDE8F087D9F800309847DFE73846D9F815
:103AA00000301146BDE8F047184700BF80D402102F
:103AB0002DE9F04782B00D46924699460746FDF73C
:103AC000D9FC4FF0FF366FF000442F4A821841F1C5
:103AD0000003964274EB03013CBF324623462B4859
:103AE00028F01AF96B1C804603D1384623F0ECFA13
:103AF0000546274B274E1C68274BB9F1000F18BF0E
:103B00001E46B4B1BAF1000F1AD1DFF8909001E06F
:103B1000246974B12368002BFAD0D9F800300BB1B6
:103B20009C42F5D120462A463946B0472469002CEC
:103B3000F0D1B8F1000F1FD1284602B0BDE8F087E0
:103B40004FF00A0ADFF8549002E02469002CF0D00C
:103B50002368002BF9D0D9F800300BB1A342F4D17F
:103B60002A4639462046B047012220460DF107017A
:103B70008DF807A0B047E8E7044828F0BDF82846CC
:103B800002B0BDE8F08700BF40420F005013002094
:103B9000DC750320FD390010053A0010E0750320A4
:103BA0002DE9F04F984607460E4683B0DFF860B027
:103BB000DFF86090DFF860A00192DBF8004014B9F4
:103BC00011E024697CB1D9F800500DB1A542F8D1BB
:103BD000A268002AF5D03146384690470028F0DD2B
:103BE00003B0BDE8F08FDAF8242090450BD8DAF85E
:103BF0002810019B994204D36FF0010003B0BDE887
:103C0000F08F9045F8D101200021FDF73DFCD4E76D
:103C1000DC750320E075032000000B400A4A13689E
:103C20004BB1834202D109E0984207D003F1100260
:103C30001B69002BF8D101B1106070470029FCD13D
:103C40000369136001617047DC75032008B500F05B
:103C500039F9012008BD00BF11B1437D03B90375D7
:103C600041757047F0B583B006468DF80700FDF743
:103C700001FC4FF0FF356FF00044174A821841F104
:103C80000003954274EB03013CBF23462A461348C8
:103C900028F042F8124B07461C689CB1114D01E018
:103CA00024697CB12368002BFAD02B680BB19C42AD
:103CB000F6D1204601220DF10701FFF7A3FE24698A
:103CC000002CEFD117B9304603B0F0BD034828F0FF
:103CD00013F8304603B0F0BD40420F0050130020EF
:103CE000DC750320E075032038B5044623F0ECF9B9
:103CF000012305461A4620462946FFF7D9FE084B00
:103D00001C682CB163682BB198472469002CF9D149
:103D1000284638BD2469002CF4D1284638BD00BFA0
:103D2000DC750320B1F1000C1DDD0F4A0F4B12684A
:103D300030B5D31AB3FA83F30D240D4D5B09411E40
:103D400035F913E08C4411F8010F864506D09369CC
:103D50009B06FCD461451060F5D130BD93699D068A
:103D6000FCD41460F3E770475895032000800740A7
:103D700054950320224BB1F1000C10B41C682EDDC9
:103D8000034600201F4A591E12689369DB0617D4A8
:103D900001309369DB06FCD41368844501F8013FC8
:103DA000F3D14CB150211346916353F8342F02F0F4
:103DB000380203F580531A6060465DF8044B704783
:103DC0004CB150211346916353F8342F02F038025E
:103DD00003F580531A6078B15DF8044B70475CB10D
:103DE000084B50211A681346916353F8342F02F0A0
:103DF000380203F580531A606FF00200ECE700BF51
:103E00004875032058950320054B1B6833B10021EA
:103E1000044A05481268006891631847704700BF5C
:103E2000487503205895032050750320024B1A68EB
:103E300093691B07FCD4704758950320F8B51C4FB5
:103E40001C4D3A681C4EAA4214BF21252225044667
:103E5000D6F800C018B1BCF1000F10D0F8BDBCF10D
:103E6000000FFBD0014690632846FCF791FC2846E2
:103E70001249FCF7D3FC124B34601C60F8BD0B46B2
:103E80000F4A0E49306028461360FCF797FC012169
:103E90002846FCF77DFC3A6850211346916353F89D
:103EA000342F02F0380203F580531A60F8BD00BFCA
:103EB000589503200080074048750320093E0010F4
:103EC0005075032010B50E490E4C0F480F4A104B89
:103ED000007821600020022112781B78FCF762FB39
:103EE00002210120FCF75EFB4FF4E1312068FDF771
:103EF0000FFBBDE8104001210648FFF78FBE00BF51
:103F00000000074058950320640A0310600A03105C
:103F10005C0A03106C0B00202DE9F04F4FF00009F4
:103F20004FF0010E85B0174602689DF83840C2F880
:103F30006C905160191E03940546DDE90F46C2F8E6
:103F40006CE0029150DD039B01F1FF3A83EA0E031E
:103F50005B020193002C00F09680C846CB460121FD
:103F60003046A047B9F1000F54D12A684FF000093C
:103F700029798902019817F8013BCA4518BF00202A
:103F80000B4303431361002C47D04FF0000B03E0B9
:103F90002A68536BD80615D400213046A0474BEA57
:103FA000000B5FFA8BFB0028F2D0834600284BD130
:103FB000029B09F101094B4516D00021002CCED1FE
:103FC0002A68D7E7D2F88080B8F1000F50D1BBF152
:103FD000000F13D1CA454FD04FF00008029B09F1E2
:103FE00001094B45C346E8D14846039B2B7105B0F8
:103FF000BDE8F08F2A68536B9B051FD40021304623
:10400000A0474BEA000B5FFA8BFB0028F2D06FF061
:104010000109E9E700212A68ACE7BBF1000FC7D12D
:10402000536BDB06FCD5D2F88080B8F1000FD1D0FD
:104030004FF0010B536D536B9905FCD55846136E29
:104040004FF0000B0028B3D0BBF1000FDFD1B8F167
:10405000000F1ED018F0010F1BD118F0080F08BF79
:104060004FF0FF394846039B2B7105B0BDE8F08F38
:104070004FF0010B536DC1E7039B002BACD12CB962
:10408000A346A046D7E7A346A0466FE798469B46BF
:10409000B4E74FF0FF39A7E72DE9F84F4FF0010CD7
:1040A000DDE90B46002791460268B3F10008D766A8
:1040B000054651609DF828B0C2F86CC021DD08F1BA
:1040C000FF3A14B101213046A0472B685A6F102ADD
:1040D000FCD0002F33D00022BA4504BF8BF0010181
:1040E00042EA412242F480721A618CB1D3F88020F6
:1040F000596B11F0400113D0002130465B6DA04791
:10410000C743384685F804B0BDE8F88F9A6F7AB98E
:10411000D3F880205A6B5206F8D500205B6DEFE78C
:104120003046A0470028EBD12B689A6F002ADDD0DB
:104130001B690137B84509F8013BC2D1E1E72A798B
:104140009202C9E7F8B5064605200C46FDF7CAFA03
:1041500000EB540CBCFBF4FC214B0CEB4C02A3FB1E
:10416000025320499F088C42ACEB930530D801F1F3
:10417000D64101F5A10101F62C0100EB4003A1FBA2
:1041800003139B0D013300244F2A98BF012231688D
:10419000B0FBFCF0CC660C6801F5805684F004049A
:1041A00004F00604346088BF0D4CCD6184BFA4FBCD
:1041B000024292090F62C1F8A0200A46012452F877
:1041C0007C5F6B409BB202F580521360CC66F8BDF9
:1041D000054900EB4003A1FB0313DB0D0133D2E7DC
:1041E000CDCCCCCC3F420F00893BE6550E4A30B4D3
:1041F000904214BF202210220C4D0D4B0D4C2A6012
:104200001A60A36832EA0303FBD140F26515032468
:1042100002680371D3661560D3639363C2F8884064
:1042200030BCFFF78FBF00BF8C0B00200020024086
:1042300000300240000002402DE9F04389B00DF14A
:104240001008044616461F46DDE9122340460D4677
:104250009DF84090FDF7ECF83B46CDE90108324669
:1042600029462046CDF80090FFF756FE09B0BDE87C
:10427000F08300BF2DE9F04389B00DF1100804462A
:1042800016461F46DDE9122340460D469DF8409034
:10429000FDF7CEF83B46CDE90108324629462046D7
:1042A000CDF80090FFF7F8FE09B0BDE8F08300BF3D
:1042B0002DE9F84F374B0746984214BF4FF40023BF
:1042C0004FF480230E46344D344C354A2B60236026
:1042D000946833EA0404FBD10620FDF703FA39465B
:1042E000022351F8042F4FEA462E4FEAD65B704561
:1042F00002EA030801F5405974EB0B02C9F80030DB
:1043000011D34FEA965CB20201E05246AC4602334A
:10431000B3F5807F07D01EEB020A4BEB0C059042F1
:1043200074EB0C0CF1D24FF48072C3EB032494466F
:10433000013A2DD0B0FBF4F5AE42A4EB0304F6D263
:104340000CFB03FC120202243B613B4603253E6842
:1043500001F500517240B0FBFCF002F47F4207F51A
:10436000805CCCF80020C1F800807E68C9F800406D
:1043700053F8242B264082F0070202F0CF0203F507
:104380000053CCF800200E601D600C60BDE8F88F73
:104390009C46D8E700000840002002400030024060
:1043A000000002402DE9F047054606200C46FDF7C7
:1043B00099F9294602234FF0000951F8046F4FEA9A
:1043C000442E01F540524FEAD45A7045136079EB00
:1043D0000A0206EA030611D34FEA945CA20201E046
:1043E0004246BC460233B3F5807F07D01EEB02087D
:1043F0004AEB0C07904279EB0C0CF1D24FF480722F
:10440000C3EB032C1746013A17D0B0FBFCFEA645C0
:10441000ACEB030CF6D903FB07F712022B612B68F8
:1044200001F50051534003F47F4305F580552B609F
:10443000B0FBF7F00E60BDE8F0871F46EEE700BF67
:104440002DE9F04789460546FCF71AF9012399F84A
:10445000042099F905C005F12F4EDFF8D8800EF53C
:10446000600E93404FEA1E5EBCF1000F58F82E70AC
:1044700003F1FF3346DBC2F120018C45644631DC99
:1044800003FA0CF139422DD16646D5F868A199F8A6
:104490000710BAF1000F2CD0C9072CD4BCF1000FC3
:1044A00001DB664527D1B3401F423CD1D9F800104B
:1044B00082B1B44601EB420931F8022B0CF1120A29
:1044C000B2F5005F38BF921949450CF1010C45F86F
:1044D0002A20F1D13B4348F82E30FCF7E3F8204680
:1044E000BDE8F0874FF0FF34FCF7DCF82046BDE86C
:1044F000F0874907D2D56FF00A04FCF7D3F82046BD
:10450000BDE8F087D2F120040DD403FA04F139425A
:10451000264603D1B9E739422646B6D0013C661C8F
:1045200003FA04F1F7D16FF00804FCF7BBF820465A
:10453000BDE8F0873C7403202DE9F041D0F86841D4
:104540009DF81860121B1F2A38D84EF29F044EF2B5
:1045500080054FF4003801EB410C002E18BF2546B2
:1045600000EBCC0404F5435400EBCC0C052BDCF839
:10457000DC704FEA410EDCF8CC60C4F80C800CD93A
:104580005401053B44F0A0540532052BCCF8DC4027
:1045900002F01F02CCF8D850F2D8714400EBC101F0
:1045A0000020520142EA8363C1F8DC30C1F8D850E0
:1045B000C1F8DC70C1F8CC60BDE8F0816FF0040098
:1045C000FAE700BFF0B5012504688D4024EA050430
:1045D0000460B3B3D3E901561F68DC6801EB410303
:1045E00000EBC303C3F8C8704FEA410CC3F8D060B6
:1045F000C3F8CC50C3F8DC400CEB01034FF001359D
:1046000000EBC30C4FF0004600EBC30E01230EF588
:10461000865E0C1D01F108078D40CEF8106003FA8C
:1046200004F4CEF8106002F01F028560BB4000F574
:10463000005004600EF1100E03600020CCF8D8206A
:10464000F0BD4FF480374FF440264FF4F83501EBBE
:10465000410400EBC404C4F8C8704FEA410CC4F82C
:10466000D060C4F8CC50C4F8DC30C5E700000000CE
:1046700070B5194CE088A6880DF0E8FD0546304677
:1046800029460EF07FF96388A188E288013B013951
:10469000013A9BB294F800C0A180E2806380C3B964
:1046A0000CF0FB0C6378D4E90E21581940B20301D9
:1046B00003F0200300F0080010322CF03A0C43EA1B
:1046C000000343EA0C0341F10001C4E90E21237009
:1046D00070BD4CF0040CE5E75813002070B5194C80
:1046E000E088A6880DF0B2FD0546304629460EF05A
:1046F00049F96388A188E288013B013101329BB20C
:1047000094F800C0A180E2806380C3B90CF0FB0C78
:104710006378D4E90E21581940B2030103F0200355
:1047200000F0080010322CF03A0C43EA000343EA90
:104730000C0341F10001C4E90E21237070BD4CF05F
:10474000040CE5E758130020F8B52A4C2A4EE088FF
:10475000677825780DF07AFDE1883A1A01397B10E7
:10476000801000F0220003F04403E180D1100343E5
:1047700001F011010B4306EB131103F00700097A56
:10478000335CB4F802C00B430CF1FF3C02F028018B
:1047900043F002031FFA8CFC0B43D1B205F0010574
:1047A000A4F802C009B943F04003BCF1000C18BFE3
:1047B0004FF0010CC3F3001123F025031D43531ADE
:1047C0001B0103F0200345EA8C0502F00F021D4394
:1047D0006DB2082A257004D1EB0644BF25F0080508
:1047E0002570D4E90E32103342F10002C4E90E32D2
:1047F000F8BD00BF58130020A0D40210F8B52A4C11
:104800002A4EE088677825780DF020FDE1883A1A75
:1048100001317B10801000F0220003F04403E1809E
:10482000D110034301F011010B4306EB131103F008
:104830000700097A335CB4F802C00B430CF1FF3C6B
:1048400002F0280143F002031FFA8CFC0B43D1B2A3
:1048500005F00105A4F802C009B943F04003BCF11A
:10486000000C18BF4FF0010CC3F3001123F0250317
:104870001D43531A1B0103F0200345EA8C0502F087
:104880000F021D436DB2082A257004D1EB0644BF08
:1048900025F008052570D4E90E32103342F10002EC
:1048A000C4E90E32F8BD00BF58130020A0D4021096
:1048B00038B57E4CE089431CE3810DF0C7FCC0B2E3
:1048C000A0F12803CE2B00F2D180DFE813F07D01A8
:1048D0007A0122041F04CF00CF00170410040D0436
:1048E0000A04070404040104FE03FB03F803F503B0
:1048F000F203AE02AB02B801B501B201AF018C0107
:1049000080012A042504F300DC0017017503C302AB
:10491000C00250033E03F300DC00CF0031030E035E
:104920000C03E6026801F300DC00230148012501C5
:10493000DB03D8037F03F300DC002101B403910300
:10494000EC04C904C404F300DC00170194047104EE
:104950006F0443043104F300DC00CF001605F304B8
:10496000F104EE045005F300DC002301CF002A051A
:104970004E05DC01E003F300DC002101CF00CF0095
:10498000CF00CF00CF00CF00CF00CF00CF00CF00AF
:10499000CF00CF00CF00CF00CF00CF00CF00CF009F
:1049A000CF00CF00CF00CF00CF00CF00CF00CF008F
:1049B000CF00CF00CF00CF00CF00CF00CF00DD036E
:1049C000A8029302B702CF00CF00CF00CF00B10200
:1049D000B4028A026C02CF00CF00CF00CF00650284
:1049E000590250022D02CF00CF00CF00CF00260287
:1049F00012020902BF01CF00CF00CF00CF00CF00CD
:104A0000CF00CF00CF00CF00CF00CF00CF00CF002E
:104A1000CF00CF00CF00CF00CF00CF00CF00CF001E
:104A2000CF00CF00CF00CF00CF00CF00CF00CF000E
:104A3000CF00CF00CF00CF00CF00CF00CF00CF00FE
:104A4000CF00CF00CF00CF00CF00CF00CF00CF00EE
:104A5000CF00CF00CF00CF00CF00CF00CF00CF00DE
:104A6000CF00CF00CF00CF00CF00BB01D4E90E3282
:104A70000433014642F100020D48C4E90E320FF042
:104A8000F9FA002038BDA0890EF0E2FAA36BA189E3
:104A9000E26B0E3394F81CC0A36342F100028B1C3E
:104AA00084F81BC0E081A381E263EAE75813002089
:104AB000D0C002106378B7485942C9B29B10CA10DF
:104AC00002F0110203F02203134303F0070200EB8C
:104AD0001313825C1B7A01F02800134361700343B7
:104AE000002900F0498443F00203D4E90E21083282
:104AF00041F10001C4E90E212370C2E70021D4E98D
:104B00000E32083342F10002C4E90E326177B8E791
:104B10000221F4E70121F2E7A07811F0E1FB0106A0
:104B200058BFB0FA80F39B4AC1B202EB4102B2F91E
:104B3000202056BF5B0980239B010AB143F0040388
:104B4000A26B21780B32A263E26B01F0290143EAE8
:104B5000010342F1000223702071E26391E7227E9B
:104B6000110658BFB2FA82F3217F54BF5B0980233C
:104B7000627058BF9B0109B143F004032178A06B18
:104B800001F0010102F028020A43E16B093043EA17
:104B9000020341F10001A0632370E16371E7E08942
:104BA0000EF056FAA1880EF05FFAA36BE189E26B72
:104BB000143301F1020142F10002C4E90E32E18135
:104BC0005FE714F0D3F85CE714F0CEF859E7E1782A
:104BD000A07810F08DFBD4E90E320C3342F10002C4
:104BE000C4E90E324DE7A07811F07AFB020658BFF7
:104BF000B0FA80F3674AC1B202EB4102B2F9202059
:104C000056BF5B0980239B010AB143F00403A26BEA
:104C100021780B32A263E26B01F0290143EA010320
:104C200042F100022370E070E2632AE714F044FAD4
:104C300027E714F03DFA24E714F036FA21E714F0E0
:104C400085F91EE7002013F007FA1AE7E088A57837
:104C50000DF0FCFA0146284610F04AFBE378E288A2
:104C6000013B013ADBB2E280E370002B6DD1A36B14
:104C70002178E26B0F3341F0420142F10002C4E9B6
:104C80000E322170FDE6E388A1892278C81802F06F
:104C90000102024492B25B12891201F02201D01289
:104CA00003F044030B4300F011010B43394903F0B7
:104CB0000700084401EB1311037C087E1112034323
:104CC00001F02801E2800B430AB943F04003D4E924
:104CD0000E210F3241F10001C4E90E212370D0E60C
:104CE000A078E58811F0FCFA014628460DF04AFE4E
:104CF000B4E7FFF729FD237803F04403042B7FF486
:104D0000C0AEA36BE189E26B0533A1F1020142F170
:104D10000002C4E90E32E181B3E6FFF7A9FC237873
:104D20005B077FF5AEAEECE7E088A5780DF08EFA74
:104D30000146284610F0DCFAE378E288013B0132B4
:104D4000DBB2E280E370002B91D0D4E90E312278FF
:104D5000E089143322F0400242F00202A0F1020086
:104D600041F10001C4E90E312270E08189E6A078AA
:104D7000E58811F0B5FA014628460DF003FEDBE7A1
:104D8000FFF73CFD237803F04403042B7FF479AE56
:104D9000B7E700BFA0D40210FFF7A0FC23785D079F
:104DA0007FF56FAEADE7E088A5780DF04FFA0146CC
:104DB000284610F09DFAE378E288013B013ADBB225
:104DC000E280E3703BBB237843F04003D4E90E213B
:104DD0000F3243F0020341F10001C4E90E212370B8
:104DE0004FE6A078E58811F07BFA014628460DF0E1
:104DF000C9FDE0E7A078E58811F072FA014628467F
:104E00000DF0C0FDE378E288013B0132DBB2E280C5
:104E1000E370002BD7D0237803F0BF03D6E7FFF76A
:104E2000EDFC2EE614F08EF82BE614F087F828E659
:104E3000FFF71EFC25E6FFF787FC22E6E088A57851
:104E40000DF004FA0146284610F052FADAE7A1788C
:104E50000846BEE6A07811F043FA030658BFB0FA40
:104E600080F3B14AC1B202EB4102B2F9202056BF31
:104E70005B0980239B010AB143F00403A26B2178F4
:104E80000B32A263E26B01F0290143EA010342F114
:104E900000022370A070E263F3E5E388A288207823
:104EA000991A00F00100091A89B25B12921202F0FD
:104EB0002202C81203F04403134300F0110213430B
:104EC000994A03F0070002EB13131B7A125C0812D5
:104ED000134343F0020300F02802E180134300294A
:104EE0007FF4F5AEF1E6617972E6A07811F0F8F999
:104EF000050658BFB0FA80F38B4AC1B202EB4102FB
:104F0000B2F9202056BF5B0980239B010AB143F010
:104F10000403A26B21780B32A263E26B01F029013A
:104F200043EA010342F1000223706071E263A8E5E5
:104F3000A36B6178E26B093321F07F0042F100023C
:104F4000C4E90E326176A0769BE5E0890EF080F828
:104F50000EF07EF8A36BE189E26B143301F10201DC
:104F600042F10002C4E90E326080E18189E5E38804
:104F700062882178D01801F00101014489B25B12E6
:104F8000921202F02202C81203F04403134300F00D
:104F900011021343644A03F00700104402EB13129A
:104FA000037C107E0A12034302F02802E1801343BF
:104FB00000297FF48CAE88E6D4E90E32617809339B
:104FC00042F10002C4E90E3221765AE5E0890EF082
:104FD0003FF80EF03DF8A36BE189E26B143301F169
:104FE000020142F10002C4E90E32A080E18148E5ED
:104FF000A07811F075F9020658BFB0FA80F34A4A5A
:10500000C1B202EB4102B2F9202056BF5B098023F6
:105010009B010AB143F00403A26B21780B32A26317
:10502000E26B01F0290143EA010342F1000223701F
:10503000E071E26325E5637EA27E03F07F03134304
:105040001A0658BFB3FA83F2217F54BF5209802257
:10505000637058BF920109B142F004022178A06B3D
:1050600001F0010103F028030B43E16B093042EA30
:10507000030241F10001A0632270E16301E5E388CE
:10508000A28876E72179A3E5FFF728FBF9E4E08918
:105090000DF0DEFF0DF0DCFFA36BE189E26B143352
:1050A00001F1020142F10002C4E90E32A081E18166
:1050B000E7E413F03FFFE4E413F03AFFE1E413F018
:1050C00033FFDEE413F0C6FEDBE413F067FED8E442
:1050D00013F060FED5E413F059FED2E413F052FE53
:1050E000CFE413F04DFECCE413F046FEC9E4236D8B
:1050F000002B01DD00232365012038BD60780B4BB8
:10510000C0F3800018600FF0F7FDBAE413F032FE30
:10511000B7E413F02DFEB4E4E0890DF099FF618847
:1051200041E5E3886288BAE6A0D40210181A01208B
:10513000E0890DF08DFF0DF08BFFA36BE189E26B31
:10514000143301F1020142F10002C4E90E32E080A1
:10515000E18196E42378E18803F0010303EB410346
:105160009BB24A12891201F0220102F04402D812C5
:105170000A4300F011000243814902F0070008448D
:1051800001EB1211027C087E1912024301F0280182
:10519000E3800A430BB942F04002D4E90E310F33E9
:1051A00041F10001C4E90E3122706AE4A1790FE5F2
:1051B000A07811F095F8030658BFB0FA80F3704A52
:1051C000C1B202EB4102B2F9202056BF5B09802335
:1051D0009B010AB143F00403A26B21780B32A26356
:1051E000E26B01F0290143EA010342F1000223705E
:1051F000A071E26345E4E0880DF028F863781901B6
:10520000C9B223F00F0341EA201100F00F0003435D
:105210001A06637000F18380B3FA83F25209920197
:10522000574800EB4300B0F9200008B142F00402F7
:10523000207803F0280300F0010003431A43E088BC
:1052400022700DF09FFBD4E90E32123342F10002BE
:10525000C4E90E3215E4E0890DF0FAFEE188A2E41B
:10526000E2882178531241F30001921289B202F0D0
:10527000220203F044031343CA12414802F0110210
:10528000134303F0070200EB1313825C1B7A08122E
:10529000134343F0020300F02802E1801343002986
:1052A0007FF415AD11E5E17992E4E388A289F6E592
:1052B00000218DE4A07811F013F8050658BFB0FA6C
:1052C00080F32F4AC0B202EB4002B2F9202056BF51
:1052D0005B0980239B010AB143F004032078D4E9E1
:1052E0000E2100F029000B3243EA000341F10001D6
:1052F000C4E90E212370FFF7C4BBE0880CF0A6FFC1
:10530000627822F00F0343EA2013DBB202F00F01B0
:1053100041EA001118066370C9B27FF57DAF8022A3
:105320007EE7A07810F0DCFF010658BFB0FA80F3EA
:10533000134AC1B202EB4102B2F9202056BF5B0909
:1053400080239B010AB143F00403A26B21780B3246
:10535000A263E26B01F0290143EA010342F100027A
:1053600023706070E263FFF78CBB617830E4E08902
:105370000DF06EFEA18916E443F04203FFF7B5BBC2
:10538000A0D402102DE9F0417F4C0546E089431C72
:10539000E3810CF05BFFC3B2093BF02B00F201810B
:1053A000DFE813F00E05FF00FF00FF00FF00FF0025
:1053B000FF00FF00FF00FF00FF00FF00FF00FF00F5
:1053C000FF00FF004B06FF00FF00FF00FF00FF0093
:1053D000FF00FF00420637062A06580622061B0673
:1053E000FF00FF00170650060A06FC05DB05CC058A
:1053F000FF00FF00FF00FF00FF00AE057C05610518
:10540000FF00FF005E05FF00FF00FF00FF00FF0040
:10541000FF00FF00FF00FF00FF005A054F053B059E
:10542000FF00FF00FF00FF00FF00E702DD02CA02ED
:10543000FF00FF00FF00FF00FF00C602BA02A70244
:10544000FF00FF00FF00FF00FF00A3029902860299
:10545000FF008302800279037603F600730385035D
:1054600082037F037C0328012501F400F60012016A
:105470000F01A803A0039803780270026802FF00DE
:105480005502FF00FF00FF00FF00510247023402F7
:10549000FF00FF00FF00FF00FF0032021202E701E1
:1054A000FF00FF00FF00FF00FF00E301BE018901D4
:1054B000FF00FF00FF00FF00FF0087015D012B01DF
:1054C000FF00FF00FF00FF00FF0065034003120321
:1054D000FF00FF00FF00FF00FF001003EB022F049E
:1054E000FF00FF00FF00FF00FF002D0428041A0446
:1054F000FF00FF00FF00FF00FF001504F603CD03CF
:10550000FF00FF00FF00FF00FF00B003E004B7044E
:10551000FF00FF00FF00FF00FF00FF00FF00FF0093
:10552000FF00FF00FF00FF006604FF00FF00FF0018
:10553000FF00FF00FF00FF00FF00FF00FF00FF0073
:10554000FF00FF00FF00FF00FF00FF00FF00FF0063
:10555000FF00FF005604FF00F104FF00E204FF001B
:10556000FF00FF000305FF00FF00FF00FF00FF003A
:10557000FF00FF00FF00FF00FF00FF00FF00FF0033
:10558000FF00FF00690300BF581300206B782B70E9
:10559000D4E90E32083342F10002C4E90E32BDE80C
:1055A000F081A36B607EE189E26B043300F1FF3090
:1055B00001F1FF3142F10002C4E90E326076E1816F
:1055C000EDE763782B70E3E7E0892D88431CE381E6
:1055D0000CF03CFE45FA80F00CF038FED4E90E32B7
:1055E000133342F10002C4E90E32A071D7E72379E8
:1055F0002B70CDE763792B70CAE7E0892D88431CB7
:10560000E3810CF023FE45FA80F00CF01FFE627877
:10561000C64D5310121AD1B2821002F0220203F0CA
:1056200044031343CA1002F01102134303F00702AC
:1056300005EB1313AA5C1B7A01F028001343617079
:105640000343002900F0EB8143F00203D4E90E216B
:10565000133241F10001C4E90E2123709FE72A783B
:105660006378B248991A5B109210C9B202F0220214
:1056700003F044031343CA1002F01102134303F072
:10568000070200EB1313825C1B7A01F0280013431E
:1056900061700343002900F0E78143F00203D4E97D
:1056A0000E21083241F10001C4E90E212370BDE84A
:1056B000F0816A78D4E7E0892D88431CE3810CF0FF
:1056C000C5FD45FA80F00CF0C1FD2278637802F048
:1056D000010299185A100B188110DBB201F0220157
:1056E00002F044020A43D91001F011010A438F4D20
:1056F00002F00701294405EB1215287E0A7C03F00D
:105700002801024363700A430BB942F04002D4E916
:105710000E31133341F10001C4E90E3122703EE72E
:1057200022786378297802F001021A440A44D2B23E
:105730005B10891001F0220103F04403D0100B43E9
:1057400000F011000343794903F00700084401EB1E
:105750001311037C087E02F02801034362700B439F
:10576000002A9CD143F0400399E722786378697856
:10577000D9E7E0892D88431CE3810CF067FD45FAE9
:1057800080F00CF063FD617882104B100144C9B2C7
:1057900002F0220203F044031343CA1002F0110284
:1057A0001343624D03F0070005EB13122844037CFA
:1057B000107E01F0280203436170134300297FF437
:1057C00045AF43F0400341E72A786378D118C9B266
:1057D0005B10921002F0220203F04403C81013433E
:1057E00000F011000343514A03F00700104402EB9C
:1057F0001312037C107E01F02802034361701343EF
:1058000000297FF44CAFADE76A78DEE7E0892D88A8
:10581000431CE3810CF01AFD45FA80F00CF016FDF4
:10582000D4E90E32133342F10002C4E90E32607043
:10583000B5E62978D4E90E32083342F10002C4E912
:105840000E326170ABE66978D4E90E32F4E7E08994
:105850002D88431CE3810CF0F9FC617845FA80F057
:105860000DF090F8D4E90E32133342F10002C4E98E
:105870000E3294E6E0892D88431CE3810CF0E6FCAF
:10588000A179EBE7E0892D88431CE3810CF0DEFC75
:10589000E179E3E7E0892D88431CE3810CF0D6FC35
:1058A0002179DBE7A3786B7072E6E3786B706FE6C3
:1058B000E0892D88431CE3810CF0C8FC45FA80F098
:1058C0000CF0C4FCD4E90E32133342F10002C4E9F7
:1058D0000E32207163E62978D4E90E32083342F1A2
:1058E0000002C4E90E32217159E66978D4E90E321A
:1058F000F4E7E0892D88431CE3810CF0A7FC45FA0E
:1059000080F00CF0A3FCD4E90E32133342F1000214
:10591000C4E90E32607142E62978D4E90E320833C8
:1059200042F10002C4E90E32617138E6A0D40210DF
:105930006978D4E90E32F2E7E0892D88431CE381CF
:105940000CF084FC45FA80F00CF080FCD4E90E32B7
:10595000133342F10002C4E90E32A0701FE6297829
:10596000D4E90E32083342F10002C4E90E32A170CC
:1059700015E66978D4E90E32F4E72B786178B34AFA
:105980000B4002EB4302B2F920206370002A15BFDE
:10599000942090205421502114BF1422102223B1AE
:1059A00013F0800F14BF01461146D4E90E200832CF
:1059B00003F0280341EA030140F10000C4E90E208E
:1059C0002170ECE56B78D9E7E0892D88431CE381F1
:1059D0000CF03CFC45FA80F00CF038FC227863783F
:1059E00002F001029A1A121A81105B10D2B201F071
:1059F000220103F044030B43D110944D01F0110137
:105A00000B4303F0070105EB1313695C1B7A02F0EB
:105A100028000B4362700343002A7FF415AE43F065
:105A2000420313E622786378297802F001029A1A79
:105A3000521A5B108910D2B201F0220103F0440324
:105A40000B43D110814801F011010B4303F0070112
:105A500000EB1313415C1B7A02F028000B436270C9
:105A60000343002A7FF419AE43F0420317E622787D
:105A700063786978D9E7D4E90E3229880A3342F18C
:105A80000002C4E90E32A18189E52B786B707FE5B5
:105A900023796B707CE563796B7079E5A3782B7063
:105AA00076E5E3782B7073E563786B7070E5E089D9
:105AB0002D88431CE3810CF0C9FB45FA80F00CF003
:105AC000C5FBD4E90E32133342F10002C4E90E32B1
:105AD000E07164E5E0892D88431CE3810CF0B6FB9E
:105AE0006179BBE6E0892D88431CE3810CF0AEFBB5
:105AF000A178B3E6E0892D88431CE3810CF0A6FB76
:105B0000E178ABE66A7863789110981A5B1001F03F
:105B1000220103F044030B43C1104C4D01F011016D
:105B20000B4302F0280103F0070205EB1313AA5CF4
:105B30001B7AC0B213430B43002895D0ADE5E08932
:105B40002D88431CE3810CF081FB45FA80F00CF0BA
:105B50007DFB63783D4A0343DBB202EB4302B2F9BB
:105B600020206370003A18BF01229200002B40F001
:105B7000078442F04002D4E90E1003F028031331E9
:105B800042EA030240F10000C4E90E10227006E56B
:105B90002A7861782D4B0A4303EB4203B3F9203096
:105BA0006270003B18BF01239B00002A40F0E38392
:105BB00043F04003D4E90E1002F02802083143EA12
:105BC000020340F10000C4E90E102370E7E46A7894
:105BD00061781E4B0A43DFE7E0892D88431CE3818F
:105BE0000CF034FB45FA80F00CF030FB6378174A78
:105BF0004340B1E72A786178144B4A40CCE76A7891
:105C0000F9E7E0892D88431CE3810CF01FFB45FA7E
:105C100080F00CF01BFB63780C4A034002EB43025C
:105C2000B2F920206370002A15BF942090205421DF
:105C3000502114BF1422102223B113F0800F14BF7F
:105C400001461146D4E90E201332B1E6A0D4021069
:105C5000A0890DF0FDF9A36B2880A189E26B0E33BA
:105C600001F1020142F10002C4E90E32A18196E481
:105C7000E089431CE3810CF0E9FAE38947B25A1C3E
:105C80001846E2810CF0E2FA00F0F803382B804667
:105C9000C6B200F3E781382B00F22382DFE813F06D
:105CA0007F0221022102210221022102210221027E
:105CB0005502210221022102210221022102210298
:105CC0002A032102210221022102210221022102B2
:105CD00008032102210221022102210221022102C4
:105CE000E8022102210221022102210221022102D5
:105CF000C6022102210221022102210221022102E7
:105D00004A03210221022102210221022102210251
:105D1000A202E0892D88431CE3810CF097FA45FA32
:105D200080F00CF093FA62788110531001F0220198
:105D3000121A03F044030B43D110C14D01F01101BD
:105D40000B43D1B203F0070205EB1313AA5C1B7AD5
:105D500000F02800134343F00203034300297FF4BB
:105D600075AC2EE52A78CEE6A089023880B2A081F3
:105D700029880DF079F9D4E90E320F3342F100028F
:105D8000C4E90E320BE4A0890DF062F906462988B9
:105D9000A0890DF069F9D4E90E32173342F10002FF
:105DA0002E80C4E90E32FFF7FABBD4E90E322988FF
:105DB000083342F10002C4E90E32E181FFF7EFBB84
:105DC0002B886288D1185B12921202F0220203F033
:105DD00044031343CA1202F011021343984A03F01A
:105DE00007002980104402EB1312037C2078127EF6
:105DF00020F03B0002F0010203430912134301F0BB
:105E00002801D4E90E200F3243EA010340F10000DB
:105E1000C4E90E202370FFF7C2BBE0892D88431C24
:105E2000E3810CF013FA45FA80F00CF00FFAD4E994
:105E30000E32133342F10002C4E90E32E070FFF774
:105E4000AEBB2978D4E90E32083342F10002C4E92E
:105E50000E32E170FFF7A3BB6978D4E90E32F3E7A5
:105E60002B88A289AEE7E0892D880CF0EFF9E38951
:105E700045FA80F5581C0CF0E9F9014628460CF06B
:105E800081FDA36BE189E26B133301F1020142F161
:105E90000002C4E90E32E181FFF781BBE0892E8860
:105EA000431CE3810CF0D2F946FA80F6B6B23046D4
:105EB0000CF0CCF90546013DEDB2304629460CF018
:105EC00061FD7F2D00F0728205F00F030F2B00F0B3
:105ED00076824221002D40F0DC82A26B23781732BB
:105EE00003F0010305F02805A263E26B43EA050312
:105EF00041EA030142F100022170E263FFF74FBB68
:105F0000E0892E88431CE3810CF0A0F946FA80F664
:105F1000B6B230460CF09AF905460135EDB230467E
:105F200029460CF02FFD802D00F03E822E0740F018
:105F30003F82002D40F07B825021CEE7E089431C58
:105F4000E3810CF083F92870D4E90E320B3342F16F
:105F50000002C4E90E32FFF722BB2B78013BDBB213
:105F60007F2B2B7046D003F00F020F2A00F0158212
:105F70004220002B40F05E822278A16B02F00102E9
:105F800003F028031343E26B083140EA030042F1B7
:105F90000002A1632070E263FFF701BB2B7801339D
:105FA000DBB2802B2B705BD0180740F0EF81002B09
:105FB00040F00C825020DFE7A36B2988E26B0A33A4
:105FC00001F1FF3142F100022980C4E90E32FFF7EE
:105FD000E6BA2A8851005312F6E6E089431CE381B1
:105FE0000CF034F96870AFE76B78013BDBB27F2BC4
:105FF0006B70B8D11620BFE7A36B2988E26B0A3318
:1060000001F1010142F100022980C4E90E32FFF7DB
:10601000C6BAE0890DF01CF829880DF025F8A36BAD
:10602000E189E26B143330E7E0890DF011F8A36BDE
:106030002880E189E26B0E3327E72B88A288C1E62E
:10604000A0D40210E0890DF003F80DF001F8A36B65
:106050002880E5E76B780133DBB2802B6B70A3D12E
:10606000942089E7B82B00F3B4819F2B00F3D081F3
:10607000782B00F3C2815F2B08DC403B182B30D813
:106080004FF0013222FA03F3DA072AD52888384480
:106090000CF0DCF801220146C6F3C2039A402378D3
:1060A0000A4003F00103002A43F0100322F07F02AC
:1060B00043EA02030CBF4422002208F0070006282E
:1060C0005BB243EA020302460CBF002201F0280241
:1060D0001343A26B2370E36B143243F10003A263FA
:1060E000E3630025403E3F2E7FF659AA08F00708DB
:1060F000B8F1070F3FF653AA01A353F828F000BFE9
:10610000456100103F6100103961001033610010DB
:106110002D610010276100109F55001021610010B3
:106120006570FFF73CBAA571FFF739BAE571FFF763
:1061300036BA2571FFF733BA6571FFF730BAA5702B
:10614000FFF72DBAE570FFF72ABA288838440CF01B
:106150007DF810F001014FEA600300F07881012220
:1061600043F0800342F08002C049D8B201EB400105
:10617000B1F92010002940F0718103F028010A4391
:10618000227028885DB2384429460CF0FBFBA36BD3
:106190001733A363E36B43F10003E363A2E72888AB
:1061A00038440CF053F8430010F08001DAB200F0EC
:1061B000448113F0800F42F001024FF0010301D03F
:1061C00043F08003A94901EB4201B1F920100029F5
:1061D00040F03A8102F028010B432370288855B221
:1061E0003844D1E7288838440CF030F8C2054FEA2B
:1061F000600158BFB1FA81F203469C485FFA81FC06
:1062000000EB4C00B0F9200056BF520980229201E9
:1062100008B142F0040201F0280003F00103034337
:106220001A43227028884DB23844ADE72888384494
:106230000CF00CF80206034640F125814110802045
:1062400041F08001894A5FFA81FC02EB4C02B2F90D
:1062500020200AB140F0040003F0010301F02802FD
:106260001A4340EA0203237028884DB238448BE772
:10627000288838440BF0EAFF4100024611F0FF0085
:1062800000F0EF80794B03EB4003B3F9200001F0FD
:106290008003002840F0E680100648BF43F0010369
:1062A00001F028021343237028884DB238446BE76D
:1062B000288838440BF0CAFF23780146DB01DBB2A3
:1062C00043EA60031A0658BFB3FA83F267485FFADD
:1062D00083FC00EB4C00B0F9200056BF520980222D
:1062E000920108B142F0040201F0010103F028001C
:1062F000014344E7288838440BF0A8FF2278430084
:10630000DBB202F001021A431B0658BFB2FA82F355
:10631000564958BF5B0901EB4201B1F920104CBF4F
:1063200080239B0109B143F00403010648BF43F0F9
:1063300001034FE7288838440BF088FF43005FFAD9
:1063400083FC4A494CF0010C01EB4C01B1F92010DF
:10635000024603F0800309B143F00403110648BF6D
:1063600043F001030CF028021343237028884FFAEE
:106370008CF5384408E7110648BF43F0800319E460
:106380001D0648BF42F08002FFF7F5BB80220020C7
:1063900013F0800F18BF1046EEE59220122213F082
:1063A000800F08BF1046E7E5942196E5162194E595
:1063B0008023002115F0800F18BF19468DE592212A
:1063C000122315F0800F08BF194686E59022102091
:1063D000DEE7D82B4CDCBF2B7FF783AE2888384410
:1063E0000BF034FF01230246C6F3C201288803FAEA
:1063F00001F5154338446DB2C6E6803B182B3FF6D5
:1064000070AE4FF0013222FA03F3D9077FF569AE7F
:10641000288838440BF01AFF01220346C6F3C20154
:1064200028888A4023EA020338445DB2ACE6902310
:106430001021BFE782200222B1E713F080032BD1A5
:10644000002A7FF4BFAE402343F00403C2E613F0FA
:10645000800223D1002B7FF487AE402242F0040259
:106460008BE6402343F0040316E700BFA0D40210DC
:10647000E03B182B3FF635AE4FF0013222FA03F322
:10648000D807ABD42DE641100CBF012000208001BD
:10649000D8E68221022394E70B4691E60A4661E69C
:1064A00070B5054CE089431CE3810BF0CFFEC3B20D
:1064B000013B054602E000BF58130020FE2B02F20C
:1064C0004386DFE813F00B13E612C1129C12771219
:1064D0004E1229120C12EF11D211B61199117A1124
:1064E00058113B111211521429140014D713AE1372
:1064F000801357133313E914C5149F147B143815F4
:106500000C15EE10CE10AE108E106E104E102E1018
:106510000910E90FC80FA90F8A0F6B0F4C0F2D0F31
:10652000080FE90ECA0EAB0E8C0E6D0E4B0E2C0E24
:10653000080EE90DCC0DAF0D920D750D580D3B0DEC
:10654000120DF50CDC0CC30CAA0C910C780C5F0C32
:10655000440C2B0C120CF90BE00BC70BAE0B950B7C
:106560007A0B610B480B2F0B160BFD0AE40ACB0AC2
:10657000B00A970A7E0A650A4C0A330A1A0A010A07
:10658000E609CD09B4099B0982096909500937094F
:106590001C090309EA08D108B8089F0886086D0895
:1065A0005208390820080708EE07D507BC07A307DB
:1065B00088076F07510733071607F806DA06BD0686
:1065C0009F06820677066C06610656064B06400655
:1065D0002F06240619060E060306F805ED05E2054A
:1065E000D105C605BB05B005A5059A058F0584052F
:1065F000730568055D05520547053C05310526050F
:1066000015050A05FF04F504EB04E104D704CD04E5
:10661000BD04B304A9049F0495048B04810477048A
:1066200067045D04530449043F0435042B0421042A
:1066300011040704FD03F303E903DF03D503CB03D0
:10664000BB03B103A7039D03930389037F03750372
:1066500065035B03510347033D03330329031F0312
:106660000F030503FB02F102E702DD02D302C902B8
:10667000B902AF02A5029B02910287027D0273025A
:10668000630259024F0245023B02310227021D02FA
:106690000D020302F901EF01E501DB01D101C701A0
:1066A000B701AD01A30199018F0185017B01710142
:1066B000610157014D01430139012F0125011B01E2
:1066C0000B01FF006178D4E90E3261F07F010833DD
:1066D000617042F10002C4E90E3270BDE5882846BF
:1066E0000BF0B4FD0146284641F080010CF04AF958
:1066F000D4E90E320F3342F10002ECE7A179D4E97C
:106700000E3261F07F010833A17142F10002E2E72D
:10671000E179D4E90E3261F07F010833E17142F191
:106720000002D8E72179D4E90E3261F07F01083305
:10673000217142F10002CEE76179D4E90E3261F0B5
:106740007F010833617142F10002C4E7A178D4E906
:106750000E3261F07F010833A17042F10002BAE706
:10676000E178D4E90E3261F07F010833E17042F143
:106770000002B0E76178D4E90E3241F040010833FD
:10678000617042F10002A6E7E58828460BF05EFD45
:106790000146284641F040010CF0F4F8D4E90E32ED
:1067A0000F3342F1000296E7A179D4E90E3241F0AD
:1067B00040010833A17142F100028CE7E179D4E98C
:1067C0000E3241F040010833E17142F1000282E7EC
:1067D0002179D4E90E3241F040010833217142F1B0
:1067E000000278E76179D4E90E3241F040010833C4
:1067F000617142F100026EE7A178D4E90E3241F0F6
:1068000040010833A17042F1000264E7E178D4E965
:106810000E3241F040010833E17042F100025AE7C4
:106820006178D4E90E3241F020010833617042F101
:10683000000250E7E58828460BF008FD014628468F
:1068400041F020010CF09EF8D4E90E320F3342F1F2
:10685000000240E7A179D4E90E3241F0200108336B
:10686000A17142F1000236E7E179D4E90E3241F03C
:1068700020010833E17142F100022CE72179D4E9CB
:106880000E3241F020010833217142F1000222E76B
:106890006179D4E90E3241F020010833617142F18F
:1068A000000218E7A178D4E90E3241F02001083344
:1068B000A17042F100020EE7E178D4E90E3241F016
:1068C00020010833E17042F1000204E76178D4E965
:1068D0000E3241F010010833617042F10002FAE615
:1068E000E58828460BF0B2FC0146284641F010012D
:1068F0000CF048F8D4E90E320F3342F10002EAE618
:10690000A179D4E90E3241F010010833A17142F1AE
:106910000002E0E6E179D4E90E3241F010010833DB
:10692000E17142F10002D6E62179D4E90E3241F05C
:1069300010010833217142F10002CCE66179D4E9FB
:106940000E3241F010010833617142F10002C2E6DB
:10695000A178D4E90E3241F010010833A17042F160
:106960000002B8E6E178D4E90E3241F010010833B4
:10697000E17042F10002AEE66178D4E90E3241F0F6
:1069800008010833617042F10002A4E6E588284658
:106990000BF05CFC0146284641F008010BF0F2FFC9
:1069A000D4E90E320F3342F1000294E6A179D4E922
:1069B0000E3241F008010833A17142F100028AE66B
:1069C000E179D4E90E3241F008010833E17142F176
:1069D000000280E62179D4E90E3241F00801083343
:1069E000217142F1000276E66179D4E90E3241F07C
:1069F00008010833617142F100026CE6A178D4E924
:106A00000E3241F008010833A17042F1000262E643
:106A1000E178D4E90E3241F008010833E17042F127
:106A2000000258E66178D4E90E3241F004010833DF
:106A3000617042F100024EE6E58828460BF006FC44
:106A40000146284641F004010BF09CFFD4E90E32C8
:106A50000F3342F100023EE6A179D4E90E3241F053
:106A600004010833A17142F1000234E6E179D4E96E
:106A70000E3241F004010833E17142F100022AE6CE
:106A80002179D4E90E3241F004010833217142F139
:106A9000000220E66179D4E90E3241F004010833A6
:106AA000617142F1000216E6A178D4E90E3241F09C
:106AB00004010833A17042F100020CE6E178D4E948
:106AC0000E3241F004010833E17042F1000202E6A7
:106AD0006178D4E90E3241F002010833617042F16D
:106AE0000002F8E5E58828460BF0B0FB0146284691
:106AF00041F002010BF046FFD4E90E320F3342F1B0
:106B00000002E8E5A179D4E90E3241F00201083330
:106B1000A17142F10002DEE5E179D4E90E3241F0E3
:106B200002010833E17142F10002D4E52179D4E990
:106B30000E3241F002010833217142F10002CAE530
:106B40006179D4E90E3241F002010833617142F1FA
:106B50000002C0E5A178D4E90E3241F00201083309
:106B6000A17042F10002B6E5E178D4E90E3241F0BD
:106B700002010833E17042F10002ACE56178D4E92A
:106B80000E3241F001010833617042F10002A2E5CA
:106B9000E58828460BF05AFB0146284641F00101E2
:106BA0000BF0F0FED4E90E320F3342F1000292E511
:106BB000A179D4E90E3241F001010833A17142F10B
:106BC000000288E5E179D4E90E3241F00101083391
:106BD000E17142F100027EE52179D4E90E3241F003
:106BE00001010833217142F1000274E56179D4E9B1
:106BF0000E3241F001010833617142F100026AE591
:106C0000A178D4E90E3241F001010833A17042F1BC
:106C1000000260E5E178D4E90E3241F00101083369
:106C2000E17042F1000256E56178D4E90E3201F0DC
:106C30007F010833617042F100024CE5E588284687
:106C40000BF004FB0146284621F080010BF09AFE70
:106C5000D4E90E320F3342F100023CE5A179D4E9C8
:106C60000E3201F07F010833A17142F1000232E5DA
:106C7000E179D4E90E3201F07F010833E17142F18C
:106C8000000228E52179D4E90E3201F07F010833B2
:106C9000217142F100021EE56179D4E90E3201F062
:106CA0007F010833617142F1000214E5A178D4E953
:106CB0000E3201F07F010833A17042F100020AE5B3
:106CC000E178D4E90E3201F07F010833E17042F13E
:106CD000000200E56178D4E90E3221F0400108336A
:106CE000617042F10002F6E4E58828460BF0AEFA46
:106CF0000146284621F040010BF044FED4E90E3253
:106D00000F3342F10002E6E4A179D4E90E3221F01A
:106D100040010833A17142F10002DCE4E179D4E9D9
:106D20000E3221F040010833E17142F10002D2E459
:106D30002179D4E90E3221F040010833217142F16A
:106D40000002C8E46179D4E90E3221F04001083331
:106D5000617142F10002BEE4A178D4E90E3221F063
:106D600040010833A17042F10002B4E4E178D4E9B3
:106D70000E3221F040010833E17042F10002AAE432
:106D80006178D4E90E3221F020010833617042F1BC
:106D90000002A0E4E58828460BF058FA0146284690
:106DA00021F020010BF0EEFDD4E90E320F3342F159
:106DB000000290E4A179D4E90E3221F020010833D9
:106DC000A17142F1000286E4E179D4E90E3221F0AA
:106DD00020010833E17142F100027CE42179D4E919
:106DE0000E3221F020010833217142F1000272E4D9
:106DF0006179D4E90E3221F020010833617142F14A
:106E0000000268E4A178D4E90E3221F020010833B1
:106E1000A17042F100025EE4E178D4E90E3221F083
:106E200020010833E17042F1000254E46178D4E9B2
:106E30000E3221F010010833617042F100024AE481
:106E4000E58828460BF002FA0146284621F0100199
:106E50000BF098FDD4E90E320F3342F100023AE410
:106E6000A179D4E90E3221F010010833A17142F169
:106E7000000230E4E179D4E90E3221F01001083348
:106E8000E17142F1000226E42179D4E90E3221F0C9
:106E900010010833217142F100021CE46179D4E948
:106EA0000E3221F010010833617142F1000212E448
:106EB000A178D4E90E3221F010010833A17042F11B
:106EC000000208E4E178D4E90E3221F01001083321
:106ED000E17042F10002FFF7FEBB6178D4E90E32A7
:106EE00021F008010833617042F10002FFF7F3BBA3
:106EF000E58828460BF0AAF90146284621F008014A
:106F00000BF040FDD4E90E320F3342F10002FFF7DF
:106F1000E2BBA179D4E90E3221F008010833A17156
:106F200042F10002FFF7D7BBE179D4E90E3221F03C
:106F300008010833E17142F10002FFF7CCBB21796F
:106F4000D4E90E3221F008010833217142F1000228
:106F5000FFF7C1BB6179D4E90E3221F00801083393
:106F6000617142F10002FFF7B6BBA178D4E90E329D
:106F700021F008010833A17042F10002FFF7ABBB1A
:106F8000E178D4E90E3221F008010833E17042F1D2
:106F90000002FFF7A0BB6178D4E90E3221F00401B2
:106FA0000833617042F10002FFF795BBE58828467F
:106FB0000BF04CF90146284621F004010BF0E2FCED
:106FC000D4E90E320F3342F10002FFF784BBA179FE
:106FD000D4E90E3221F004010833A17142F100021C
:106FE000FFF779BBE179D4E90E3221F004010833CF
:106FF000E17142F10002FFF76EBB2179D4E90E3254
:1070000021F004010833217142F10002FFF763BB54
:107010006179D4E90E3221F004010833617142F143
:107020000002FFF758BBA178D4E90E3221F0040129
:107030000833A17042F10002FFF74DBBE178D4E9BB
:107040000E3221F004010833E17042F10002FFF733
:1070500042BB6178D4E90E3221F00201083361703D
:1070600042F10002FFF737BBE58828460BF0EEF847
:107070000146284621F002010BF084FCD4E90E32CF
:107080000F3342F10002FFF726BBA179D4E90E329B
:1070900021F002010833A17142F10002FFF71BBB8E
:1070A000E179D4E90E3221F002010833E17142F1B5
:1070B0000002FFF710BB2179D4E90E3221F0020162
:1070C0000833217142F10002FFF705BB6179D4E971
:1070D0000E3221F002010833617142F10002FFF724
:1070E000FABAA178D4E90E3221F002010833A17076
:1070F00042F10002FFF7EFBAE178D4E90E3221F055
:1071000002010833E17042F10002FFF7E4BA61784E
:10711000D4E90E3221F001010833617042F100021E
:10712000FFF7D9BAE58828460BF090F801462846C3
:1071300021F001010BF026FCD4E90E320F3342F1AD
:107140000002FFF7C8BAA179D4E90E3221F001019B
:107150000833A17142F10002FFF7BDBAE179D4E929
:107160000E3221F001010833E17142F10002FFF714
:10717000B2BA2179D4E90E3221F00101083321712C
:1071800042F10002FFF7A7BA6179D4E90E3221F08B
:1071900001010833617142F10002FFF79CBAA17846
:1071A000D4E90E3221F001010833A17042F100024E
:1071B000FFF791BAE178D4E90E3221F001010833EA
:1071C000E17042F10002FFF786BA6278237822F07C
:1071D0007F0103F001030B4300F0070511064CBFCC
:1071E00043F0100343F05403062D59B21CBF02F0C4
:1071F00028021143D4E90E320833217042F1000213
:10720000FFF769BAE0880BF021F8237803F0010159
:1072100041F0100100F08003194349B20BB941F06D
:10722000440105F00705062D1CBF00F028000143AE
:10723000D4E90E320C33217042F10002FFF74BBA51
:10724000A279237822F07F0103F001030B4300F0C1
:10725000070511064CBF43F0100343F05403062DFD
:1072600059B21CBF02F028021143D4E90E32083390
:10727000217042F10002FFF72EBAE279237822F062
:107280007F0103F00103100643EA010305F007053F
:107290004CBF43F0100343F05403062D59B21CBFFA
:1072A00002F028021143D4E90E320833217042F172
:1072B0000002FFF710BA2279237822F07F0103F051
:1072C0000103160643EA010300F007054CBF43F033
:1072D000100343F05403062D59B21CBF02F02802DC
:1072E0001143D4E90E320833217042F10002FFF756
:1072F000F2B96279237822F07F0103F001030B4396
:1073000000F0070511064CBF43F0100343F054038F
:10731000062D59B21CBF02F028021143D4E90E32E7
:107320000833217042F10002FFF7D5B9A278237823
:1073300022F07F0103F00103100643EA010305F088
:1073400007054CBF43F0100343F05403062D59B218
:107350001CBF02F028021143D4E90E320833217019
:1073600042F10002FFF7B7B9E278237822F07F01FB
:1073700003F00103160643EA010300F007054CBFC2
:1073800043F0100343F05403062D59B21CBF02F022
:1073900028021143D4E90E320833217042F1000271
:1073A000FFF799B963782178580601F0010105F0DB
:1073B00007054CBF41F0100141F05401062D1CBFE0
:1073C00003F028031943D4E90E320833217042F147
:1073D0000002FFF780B9E0880AF038FFD4E90E32E6
:1073E0002178460601F0010105F007054CBF41F088
:1073F000100141F05401062D1CBF00F0280001438C
:107400000C33217042F10002FFF765B9A3792178AE
:10741000580601F0010105F007054CBF41F01001CD
:1074200041F05401062D1CBF03F028031943D4E991
:107430000E320833217042F10002FFF74CB9E379B4
:1074400021785E0601F0010100F007054CBF41F014
:10745000100141F05401062D1CBF03F0280319430D
:10746000D4E90E320833217042F10002FFF733B93C
:10747000237921785A0601F0010100F007054CBF7D
:1074800041F0100141F05401062D1CBF03F0280308
:107490001943D4E90E320833217042F10002FFF79C
:1074A0001AB963792178580601F0010105F0070542
:1074B0004CBF41F0100141F05401062D1CBF03F0F8
:1074C00028031943D4E90E320833217042F1000237
:1074D000FFF701B9A37821785E0601F0010100F001
:1074E00007054CBF41F0100141F05401062D1CBFAF
:1074F00003F028031943D4E90E320833217042F116
:107500000002FFF7E8B8E37821785A0601F001019C
:1075100000F007054CBF41F0100141F05401062D69
:107520001CBF03F028031943D4E90E32083321703D
:1075300042F10002FFF7CFB8637821789E0601F090
:10754000010100F007054CBF41F0100141F054016A
:10755000062D1CBF03F028031943D4E90E3208336B
:10756000217042F10002FFF7B6B8E0880AF06EFE23
:107570002178830601F0010105F007054CBF41F0B9
:10758000100141F05401062D1CBF00F028000143FA
:10759000D4E90E320C33217042F10002FFF79BB8A0
:1075A000A37921789E0601F0010100F007054CBF88
:1075B00041F0100141F05401062D1CBF03F02803D7
:1075C0001943D4E90E320833217042F10002FFF76B
:1075D00082B8E37921789A0601F0010100F00705ED
:1075E0004CBF41F0100141F05401062D1CBF03F0C7
:1075F00028031943D4E90E320833217042F1000206
:10760000FFF769B823792178980601F0010105F0A8
:1076100007054CBF41F0100141F05401062D1CBF7D
:1076200003F028031943D4E90E320833217042F1E4
:107630000002FFF750B8637921789E0601F001013E
:1076400000F007054CBF41F0100141F05401062D38
:107650001CBF03F028031943D4E90E32083321700C
:1076600042F10002FFF737B8A37821789A0601F0BB
:10767000010100F007054CBF41F0100141F0540139
:10768000062D1CBF03F028031943D4E90E3208333A
:10769000217042F10002FFF71EB8E37821789806C6
:1076A00001F0010105F007054CBF41F0100141F068
:1076B0005401062D1CBF03F028031943D4E90E32F0
:1076C0000833217042F10002FFF705B86378217892
:1076D000DA0601F0010100F007054CBF41F010018E
:1076E00041F05401062D1CBF03F028031943D4E9CF
:1076F0000E320833217042F10002FEF7ECBFE08841
:107700000AF0A4FD2178C20601F0010105F0070589
:107710004CBF41F0100141F05401062D1CBF00F098
:1077200028000143D4E90E320C33217042F10002EB
:10773000FEF7D1BFA3792178DA0601F0010100F04C
:1077400007054CBF41F0100141F05401062D1CBF4C
:1077500003F028031943D4E90E320833217042F1B3
:107760000002FEF7B8BFE3792178D80601F00101E5
:1077700005F007054CBF41F0100141F05401062D02
:107780001CBF03F028031943D4E90E3208332170DB
:1077900042F10002FEF79FBF23792178DE0601F057
:1077A000010100F007054CBF41F0100141F0540108
:1077B000062D1CBF03F028031943D4E90E32083309
:1077C000217042F10002FEF786BF63792178DA0664
:1077D00001F0010100F007054CBF41F0100141F03C
:1077E0005401062D1CBF03F028031943D4E90E32BF
:1077F0000833217042F10002FEF76DBFA3782178B3
:10780000D80601F0010105F007054CBF41F0100159
:1078100041F05401062D1CBF03F028031943D4E99D
:107820000E320833217042F10002FEF754BFE378B4
:107830002178DE0601F0010100F007054CBF41F0A0
:10784000100141F05401062D1CBF03F02803194319
:10785000D4E90E320833217042F10002FEF73BBF3B
:1078600063782178180701F0010105F007054CBF86
:1078700041F0100141F05401062D1CBF03F0280314
:107880001943D4E90E320833217042F10002FEF7A9
:1078900022BFE0880AF0DAFCD4E90E32217806072C
:1078A00001F0010105F007054CBF41F0100141F066
:1078B0005401062D1CBF00F0280001430C33217039
:1078C00042F10002FEF707BFA3792178180701F003
:1078D000010105F007054CBF41F0100141F05401D2
:1078E000062D1CBF03F028031943D4E90E320833D8
:1078F000217042F10002FEF7EEBEE37921781E0707
:1079000001F0010100F007054CBF41F0100141F00A
:107910005401062D1CBF03F028031943D4E90E328D
:107920000833217042F10002FEF7D5BE2379217899
:107930001A0701F0010100F007054CBF41F01001EA
:1079400041F05401062D1CBF03F028031943D4E96C
:107950000E320833217042F10002FEF7BCBE63799B
:107960002178180701F0010105F007054CBF41F02F
:10797000100141F05401062D1CBF03F028031943E8
:10798000D4E90E320833217042F10002FEF7A3BEA3
:10799000A37821781E0701F0010100F007054CBF14
:1079A00041F0100141F05401062D1CBF03F02803E3
:1079B0001943D4E90E320833217042F10002FEF778
:1079C0008ABEE37821781A0701F0010100F007056B
:1079D0004CBF41F0100141F05401062D1CBF03F0D3
:1079E00028031943D4E90E320833217042F1000212
:1079F000FEF771BE637821785E0701F0010100F0A7
:107A000007054CBF41F0100141F05401062D1CBF89
:107A100003F028031943D4E90E320833217042F1F0
:107A20000002FEF758BEE0880AF010FC21784307F8
:107A300001F0010105F007054CBF41F0100141F0D4
:107A40005401062D1CBF00F028000143D4E90E327A
:107A50000C33217042F10002FEF73DBEA37921787C
:107A60005E0701F0010100F007054CBF41F0100175
:107A700041F05401062D1CBF03F028031943D4E93B
:107A80000E320833217042F10002FEF724BEE37982
:107A900021785A0701F0010100F007054CBF41F0C1
:107AA000100141F05401062D1CBF03F028031943B7
:107AB000D4E90E320833217042F10002FEF70BBE0A
:107AC00023792178580701F0010105F007054CBF23
:107AD00041F0100141F05401062D1CBF03F02803B2
:107AE0001943D4E90E320833217042F10002FEF747
:107AF000F2BD637921785E0701F0010100F007050E
:107B00004CBF41F0100141F05401062D1CBF03F0A1
:107B100028031943D4E90E320833217042F10002E0
:107B2000FEF7D9BDA37821785A0701F0010100F0D2
:107B300007054CBF41F0100141F05401062D1CBF58
:107B400003F028031943D4E90E320833217042F1BF
:107B50000002FEF7C0BDE3782178580701F001016B
:107B600005F007054CBF41F0100141F05401062D0E
:107B70001CBF03F028031943D4E90E3208332170E7
:107B800042F10002FEF7A7BD637821789A0701F061
:107B9000010100F007054CBF41F0100141F0540114
:107BA000062D1CBF03F028031943D4E90E32083315
:107BB000217042F10002FEF78EBDE0880AF046FB1C
:107BC0002178820701F0010105F007054CBF41F063
:107BD000100141F05401062D1CBF00F028000143A4
:107BE000D4E90E320C33217042F10002FEF773BD6E
:107BF000A37921789A0701F0010100F007054CBF35
:107C000041F0100141F05401062D1CBF03F0280380
:107C10001943D4E90E320833217042F10002FEF715
:107C20005ABDE3792178980701F0010105F00705B5
:107C30004CBF41F0100141F05401062D1CBF03F070
:107C400028031943D4E90E320833217042F10002AF
:107C5000FEF741BD237921789E0701F0010100F074
:107C600007054CBF41F0100141F05401062D1CBF27
:107C700003F028031943D4E90E320833217042F18E
:107C80000002FEF728BD637921789A0701F001010F
:107C900000F007054CBF41F0100141F05401062DE2
:107CA0001CBF03F028031943D4E90E3208332170B6
:107CB00042F10002FEF70FBDA3782178980701F08A
:107CC000010105F007054CBF41F0100141F05401DE
:107CD000062D1CBF03F028031943D4E90E320833E4
:107CE000217042F10002FEF7F6BCE37821789E078E
:107CF00001F0010100F007054CBF41F0100141F017
:107D00005401062D1CBF03F028031943D4E90E3299
:107D10000833217042F10002FEF7DDBC6378217860
:107D2000D80701F0010105F007054CBF41F0100133
:107D300041F05401062D1CBF03F028031943D4E978
:107D40000E320833217042F10002FEF7C4BCE08815
:107D50000AF07CFAD4E90E322178C60701F001015D
:107D600005F007054CBF41F0100141F05401062D0C
:107D70001CBF00F0280001430C33217042F10002C7
:107D8000FEF7A9BCA3792178D80701F0010105F01D
:107D900007054CBF41F0100141F05401062D1CBFF6
:107DA00003F028031943D4E90E320833217042F15D
:107DB0000002FEF790BCE3792178DE0701F00101B3
:107DC00000F007054CBF41F0100141F05401062DB1
:107DD0001CBF03F028031943D4E90E320833217085
:107DE00042F10002FEF777BC23792178DA0701F02F
:107DF000010100F007054CBF41F0100141F05401B2
:107E0000062D1CBF03F028031943D4E90E320833B2
:107E1000217042F10002FEF75EBC63792178D80739
:107E200001F0010105F007054CBF41F0100141F0E0
:107E30005401062D1CBF03F028031943D4E90E3268
:107E40000833217042F10002FEF745BCA378217887
:107E5000DE0701F0010100F007054CBF41F0100101
:107E600041F05401062D1CBF03F028031943D4E947
:107E70000E320833217042F10002FEF72CBCE37889
:107E80002178DA0701F0010100F007054CBF41F04D
:107E9000100141F05401062D1CBF03F028031943C3
:107EA000D4E90E320833217042F10002FEF713BC10
:107EB0006378BA4A58100CBF0121002102EB40023E
:107EC000B2F9202089010AB141F0040103F0010355
:107ED00000F028021A43A36B1143E26B08332170B0
:107EE000607042F10002FEF7F6BBE58828460AF012
:107EF000ADF9C3054FEA600158BFB1FA81F2A74B53
:107F00005FFA81FC03EB4C03B3F9203056BF5209F2
:107F1000802292010BB142F0040200F001032846D6
:107F200001F028052B431A4322700AF02BFDD4E9F7
:107F30000E320F3342F10002FEF7CDBBA379974A10
:107F400058100CBF0121002102EB4002B2F92020A1
:107F500089010AB141F0040103F0010300F0280295
:107F60001A43A36B1143E26B08332170A07142F1F5
:107F70000002FEF7B0BBE379884A58100CBF01211C
:107F8000002102EB4002B2F9202089010AB141F040
:107F9000040103F0010300F028021A43A36B11430C
:107FA000E26B08332170E07142F10002FEF793BBEF
:107FB00023797A4A58100CBF0121002102EB4002BC
:107FC000B2F9202089010AB141F0040103F0010354
:107FD00000F028021A43A36B1143E26B08332170AF
:107FE000207142F10002FEF776BB63796B4A5810AC
:107FF0000CBF0121002102EB4002B2F920208901CF
:108000000AB141F0040103F0010300F028021A4311
:10801000A36B1143E26B08332170607142F10002DF
:10802000FEF759BBA3785D4A58100CBF012100210F
:1080300002EB4002B2F9202089010AB141F00401AB
:1080400003F0010300F028021A43A36B1143E26B13
:1080500008332170A07042F10002FEF73CBBE378C8
:108060004E4A58100CBF0121002102EB4002B2F928
:10807000202089010AB141F0040103F0010300F05E
:1080800028021A43A36B1143E26B08332170E0709E
:1080900042F10002FEF71FBB6278404B5100C8B2AC
:1080A00040F0010003EB4003B3F9203001F0800100
:1080B0000BB141F00401130648BF41F0010100F08B
:1080C0002805D4E90E32294308332170607042F14B
:1080D0000002FEF700BBE58828460AF0B7F8430027
:1080E000D9B22E4A41F0010102EB4102B2F920203F
:1080F00003F080030AB143F00403020648BF43F0D3
:10810000010301F028021343284623700AF03AFCC9
:10811000D4E90E320F3342F10002FEF7DCBAA27945
:108120001E4B5100C8B240F0010003EB4003B3F90D
:10813000203001F080010BB141F00401150648BF69
:1081400041F0010100F02805D4E90E32294308333B
:108150002170A07142F10002FEF7BDBAE2790F4B27
:108160005100C8B240F0010003EB4003B3F92030E6
:1081700001F080010BB141F00401160648BF41F047
:10818000010100F02805D4E90E322943083321709B
:10819000E07142F10002FEF79EBA00BFA0D40210C7
:1081A0002279BC4B5100C8B240F0010003EB400300
:1081B000B3F9203001F080010BB141F00401130646
:1081C00048BF41F0010100F02805D4E90E322943EF
:1081D00008332170207142F10002FEF77CBA627907
:1081E000AC4B5100C8B240F0010003EB4003B3F9BF
:1081F000203001F080010BB141F00401120648BFAC
:1082000041F0010100F02805D4E90E32294308337A
:108210002170607142F10002FEF75DBAA2789D4BB9
:108220005100C8B240F0010003EB4003B3F9203025
:1082300001F080010BB141F00401150648BF41F087
:10824000010100F02805D4E90E32294308332170DA
:10825000A07042F10002FEF73EBAE2788D4B510069
:10826000C8B240F0010003EB4003B3F9203001F045
:1082700080010BB141F00401160648BF41F0010135
:1082800000F02805D4E90E32294308332170E0704C
:1082900042F10002FEF71FBA63781E064FEA630040
:1082A00040F1F186802210437A4901EB4001B1F997
:1082B000201009B142F0040203F0010300F028018C
:1082C00019430A43A36B2270E26B0833607042F1DA
:1082D0000002FEF700BAE588284609F0B7FF02065B
:1082E00040F1CA868022411011436A4B5FFA81FC3B
:1082F00003EB4C03B3F920300BB142F0040200F061
:108300000103284601F028052B431A4322700AF086
:1083100039FBD4E90E320F3342F10002FEF7DBB92C
:10832000A37919064FEA630040F1A086802210432A
:10833000584901EB4001B1F9201009B142F00402A3
:1083400003F0010300F0280119430A43A36B2270D4
:10835000E26B0833A07142F10002FEF7BCB9E37989
:108360001D064FEA630040F19A8680221043494976
:1083700001EB4001B1F9201009B142F0040203F011
:10838000010300F0280119430A43A36B2270E26B3A
:108390000833E07142F10002FEF79DB923791E0611
:1083A0004FEA630040F1758680221043394901EBA2
:1083B0004001B1F9201009B142F0040203F00103B9
:1083C00000F0280119430A43A36B2270E26B0833C3
:1083D000207142F10002FEF77EB963791A064FEA76
:1083E000630040F16286802210432A4901EB40017C
:1083F000B1F9201009B142F0040203F0010300F0CA
:10840000280119430A43A36B2270E26B08336071A1
:1084100042F10002FEF75FB9A37819064FEA630044
:1084200040F1E385802210431A4901EB4001B1F984
:10843000201009B142F0040203F0010300F028010A
:1084400019430A43A36B2270E26B0833A07042F118
:108450000002FEF740B9E3781D064FEA630040F1E1
:10846000D885802210430B4901EB4001B1F920105F
:1084700009B142F0040203F0010300F0280119439E
:108480000A43A36B2270E26B0833E07042F10002F2
:10849000FEF721B9A0D402106378580010F0FF0550
:1084A00000F0B185D34A00F0800102EB4502B2F939
:1084B0002020002A40F03A861B0648BF41F0010107
:1084C00000F02805D4E90E3229430833217060708A
:1084D00042F10002FEF7FFB8E588284609F0B6FE33
:1084E000430013F0FF0100F0EC85C24A02EB4102A9
:1084F000B2F9206003F08002002E40F013860006DF
:1085000048BF42F0010203F028031A4328462270B4
:108510000AF038FAD4E90E320F3342F10002FEF7C6
:10852000DAB8A379580010F0FF0500F0C485B14A0D
:1085300000F0800102EB4502B2F92020002A40F051
:10854000F9851D0648BF41F0010100F02805D4E976
:108550000E32294308332170A07142F10002FEF768
:10856000BAB8E379580010F0FF0500F05B85A14A26
:1085700000F0800102EB4502B2F92020002A40F011
:10858000CD851E0648BF41F0010100F02805D4E961
:108590000E32294308332170E07142F10002FEF7E8
:1085A0009AB82379580010F0FF0500F08785914AAA
:1085B00000F0800102EB4502B2F92020002A40F0D1
:1085C000BD851B0648BF41F0010100F02805D4E934
:1085D0000E32294308332170207142F10002FEF768
:1085E0007AB86379580010F0FF0500F01E85814AC3
:1085F00000F0800102EB4502B2F92020002A40F091
:1086000081851A0648BF41F0010100F02805D4E930
:108610000E32294308332170607142F10002FEF7E7
:108620005AB8A378580010F0FF0500F0A884714AEA
:1086300000F0800102EB4502B2F92020002A40F050
:1086400065851D0648BF41F0010100F02805D4E909
:108650000E32294308332170A07042F10002FEF768
:108660003AB8E378580010F0FF0500F0D884614A6A
:1086700000F0800102EB4502B2F92020002A40F010
:1086800049851E0648BF41F0010100F02805D4E9E4
:108690000E32294308332170E07042F10002FEF7E8
:1086A0001AB822786378D201D2B242EA5300002A83
:1086B00040F0AC84B0FA80F2520992014D4901EBCE
:1086C0004001B1F9201009B142F0040203F00103A6
:1086D00000F0280119430A43A36B2270E26B0833B0
:1086E000607042F10002FDF7F6BFE2782078530097
:1086F000DBB200F001001E0640EA030058BFB0FAEA
:1087000080F13C4B58BF490903EB4003B3F92030DB
:108710004CBF802189010BB141F00401150648BF0F
:1087200041F0010100F02805D4E90E322943083355
:108730002170E07042F10002FDF7CDBF6378DE07E3
:108740004FEA630040F14584812140F08000294BCD
:1087500003EB4003B3F920300BB141F0040100F00A
:108760002805D4E90E32294308332170607042F1A4
:108770000002FDF7B0BFE588284609F067FDC10794
:1087800040F11C848123401040F08001194AC8B296
:1087900002EB4002B2F920200AB143F0040301F0D9
:1087A00028021343284623700AF0ECF8D4E90E326D
:1087B0000F3342F10002FDF78EBFA379DD074FEAC8
:1087C000630040F1F683812140F08000094B03EB08
:1087D0004003B3F920300BB141F0040100F028054B
:1087E000D4E90E32294308332170A07142F100020E
:1087F000FDF771BFA0D40210E379DE074FEA6300F2
:1088000040F1D283812140F08000C74B03EB40034D
:10881000B3F920300BB141F0040100F02805D4E990
:108820000E32294308332170E07142F10002FDF756
:1088300052BF23795810DB0740F1B183812140F00A
:108840008000B94B03EB4003B3F920300BB141F08A
:10885000040100F02805D4E90E32294308332170C1
:10886000207142F10002FDF736BF6379DA074FEA63
:10887000630040F18F83812140F08000AA4B03EB1D
:108880004003B3F920300BB141F0040100F028059A
:10889000D4E90E32294308332170607142F100029D
:1088A000FDF719BFA378D9074FEA630040F1D983D8
:1088B000812140F080009C4B03EB4003B3F9203052
:1088C0000BB141F0040100F02805D4E90E32294330
:1088D00008332170A07042F10002FDF7FCBEE3787E
:1088E000DD074FEA630040F1AF83812140F0800053
:1088F0008D4B03EB4003B3F920300BB141F0040181
:1089000000F02805D4E90E32294308332170E070C5
:1089100042F10002FDF7DFBE63781D064FEA430017
:1089200040F18E83C3B243F0010310F0800F4FF08B
:108930000101184601D041F080017B4B03EB40035D
:10894000B3F920300BB141F0040100F02805D4E95F
:108950000E32294308332170607042F10002FDF7A6
:10896000BABEE588284609F071FC10F080034FEA92
:108970004000C1B200F05C8300064FF0010341F0FB
:10898000010101D543F08003674A02EB4102B2F9CD
:1089900020200AB143F0040301F0280213432846C3
:1089A000237009F0EFFFD4E90E320F3342F10002D9
:1089B000FDF791BEA3791E064FEA430040F14D83B7
:1089C000C3B243F0010310F0800F4FF001011846CD
:1089D00001D041F08001544B03EB4003B3F9203048
:1089E0000BB141F0040100F02805D4E90E3229430F
:1089F00008332170A07142F10002FDF76CBEE379EB
:108A00001A064FEA430040F12483C3B243F0010346
:108A100010F0800F4FF00101184601D041F08001A5
:108A2000414B03EB4003B3F920300BB141F004019B
:108A300000F02805D4E90E32294308332170E07193
:108A400042F10002FDF747BE23791D064FEA4300BD
:108A500040F1D582C3B243F0010310F0800F4FF014
:108A60000101184601D041F080012F4B03EB400378
:108A7000B3F920300BB141F0040100F02805D4E92E
:108A80000E32294308332170207142F10002FDF7B4
:108A900022BE63791A064FEA430040F1AC82C3B2AA
:108AA00043F0010310F0800F4FF00101184601D090
:108AB00041F080011C4B03EB4003B3F920300BB1B4
:108AC00041F0040100F02805D4E90E3229430833AF
:108AD0002170607142F10002FDF7FDBDA3781D0613
:108AE0004FEA430040F17D82C3B243F0010310F02E
:108AF000800F4FF00101184601D041F080010A4B70
:108B000003EB4003B3F920300BB141F0040100F056
:108B10002805D4E90E32294308332170A07042F1B0
:108B20000002FDF7D8BD00BFA0D402102378E17881
:108B3000DB01DBB243EA5100002B40F05082B0FA77
:108B400080F252099201C14B03EB4003B3F920308C
:108B50000BB142F0040200F0280301F001011943B7
:108B60000A43A36B2270E26B0833E07042F100020B
:108B7000FDF7B1BD627820785300DBB200F0010050
:108B8000190640EA030058BFB0FA80F1AF4B58BF56
:108B9000490903EB4003B3F920304CBF8021890120
:108BA0000BB141F00401130648BF41F0010100F090
:108BB0002805D4E90E32294308332170607042F150
:108BC0000002FDF788BDE588284609F03FFB2378C1
:108BD000420003F00103D2B242EA0301130658BF78
:108BE000B1FA81F3994A58BF5B0902EB4102B2F92D
:108BF00020204CBF80239B010AB143F004030606EA
:108C000048BF43F0010301F02802134328462370B4
:108C100009F0B8FED4E90E320F3342F10002FDF73D
:108C20005ABDA27920785300DBB200F0010019068A
:108C300040EA030058BFB0FA80F1844B58BF49099D
:108C400003EB4003B3F920304CBF802189010BB105
:108C500041F00401120648BF41F0010100F028056F
:108C6000D4E90E32294308332170A07142F1000289
:108C7000FDF731BDE27920785300DBB200F001004E
:108C80001E0640EA030058BFB0FA80F16F4B58BF90
:108C9000490903EB4003B3F920304CBF802189011F
:108CA0000BB141F00401150648BF41F0010100F08D
:108CB0002805D4E90E32294308332170E07142F1CE
:108CC0000002FDF708BD227920785300DBB200F0E6
:108CD0000100190640EA030058BFB0FA80F15B4B6F
:108CE00058BF490903EB4003B3F920304CBF802142
:108CF00089010BB141F00401130648BF41F00101A5
:108D000000F02805D4E90E32294308332170207180
:108D100042F10002FDF7DFBC627920785300DBB23C
:108D200000F001001E0640EA030058BFB0FA80F1CF
:108D3000464B58BF490903EB4003B3F920304CBF01
:108D4000802189010BB141F00401150648BF41F0B3
:108D5000010100F02805D4E90E32294308332170BF
:108D6000607142F10002FDF7B6BCA2782078530092
:108D7000DBB200F00100190640EA030058BFB0FA68
:108D800080F1324B58BF490903EB4003B3F920305F
:108D90004CBF802189010BB141F00401130648BF8B
:108DA00041F0010100F02805D4E90E3229430833CF
:108DB0002170A07042F10002FDF78DBC2378E179AB
:108DC000DB01DBB243EA5100002B40F0E180B0FA56
:108DD00080F2520992011D4B03EB4003B3F920309E
:108DE0000BB142F0040200F0280301F00101194325
:108DF0000A43A36B2270E26B0833E07142F1000278
:108E0000FDF769BC22782379D201D2B242EA53003D
:108E1000002A40F0BB80B0FA80F2520992010B495F
:108E200001EB4001B1F9201009B142F0040203F056
:108E3000010300F0280119430A43A36B2270E26B7F
:108E40000833207142F10002FDF745BCA0D40210A6
:108E500022786379D201D2B242EA5300002A40F06C
:108E60009380B0FA80F252099201B64901EB4001B9
:108E7000B1F9201009B142F0040203F0010300F03F
:108E8000280119430A43A36B2270E26B0833607117
:108E900042F10002FDF71FBC2378A178DB01DBB2B1
:108EA00043EA5100002B6DD1B0FA80F252099201D1
:108EB000A44B03EB4003B3F920300BB142F00402A2
:108EC00000F0280301F0010119430A43A36B22704B
:108ED000E26B0833A07042F10002FDF7FCBBE588AD
:108EE000284609F0B3F92378D901C9B241EA6001F3
:108EF0000B0658BFB1FA81F2924B5FFA81FC03EB8B
:108F00004C03B3F9203056BF5209802292010BB1B5
:108F100042F0040200F00103284601F028052B432B
:108F20001A43227009F02EFDD4E90E320F3342F1BC
:108F30000002FDF7D0BB2278A379D201D2B242EA77
:108F40005300D2B9B0FA80F2520992017D4901EB87
:108F50004001B1F9201009B142F0040203F001030D
:108F600000F0280119430A43A36B2270E26B083317
:108F7000A07142F10002FDF7AEBB8022E6E744217A
:108F8000FFF75FBB802293E780226EE7802246E7EF
:108F9000802220E7B0FA80F1490989016EE4B0FA35
:108FA00080F1490989014CE4B0FA80F1490989014D
:108FB0002BE4B0FA80F14909890107E4C2054FEAC0
:108FC00060015BBFB1FA81F35B0980239B01FFF76E
:108FD000DDBBB0FA80F149098901FFF7B8BB8022F7
:108FE000B1E5590675D5002187E5B0FA80F252093E
:108FF0009201FFF719BA5E0670D5002158E55906AF
:1090000062D500212FE54421FFF756BA8022FFF7F1
:1090100055BBB0FA80F252099201FFF724BA4421FD
:10902000FFF72FBB4421FFF7ACBA4421FFF7E9BAA1
:1090300002063FF5A7ACB1FA81F35B099B01A3E4FB
:10904000590655D5002176E4B0FA80F14909890125
:109050004EE45B0647D50021E0E45D064DD50021D6
:10906000B7E4B0FA80F14909890124E4B0FA80F24A
:1090700052099201FFF75CB941100CBF0122002296
:109080009201FFF732B9B0FA80F252099201FFF76C
:109090000BB9B0FA80F252099201FFF787B9B0FA22
:1090A00080F252099201FFF762B9B0FA80F25209D8
:1090B0009201FFF79AB94421FFF743BA4421FFF721
:1090C00080BA4422FFF71BBAB0FA80F1490989013E
:1090D000CBE4B0FA80F14909890110E5B0FA80F1DA
:1090E00049098901E6E4B0FA80F14909890197E468
:1090F000B0FA80F1490989011FE4B0FA80F1490909
:10910000890168E441F00401FFF77BBA41F00401F2
:10911000FFF797BA41F00401FFF7B3BA41F0040139
:10912000FFF72FBA42F00402FFF7E9B941F004015A
:10913000FFF7C2B941F00401FFF703BA41F004019F
:10914000FFF73FBAA0D40210E3781A064FEA4300B3
:109150001ED5C3B243F0010310F0800F4FF00101A0
:10916000184601D041F080010E4B03EB4003B3F9E8
:1091700020300BB141F0040100F02805D4E90E3293
:10918000294308332170E07042F10002FDF7A3BAD1
:109190005E0601D50021E5E7B0FA80F149098901B1
:1091A000E2E700BFA0D402102DE9F84F0027B8462F
:1091B0000C4C0D4E0D4DDFF838902065A16BA26D63
:1091C000E06BE36D8A4273EB000C80F023818A1A16
:1091D000316860EB03038A4273F1000380F023815E
:1091E00008E000BF581300201C1A0120C08D032086
:1091F000A80B0020E089637E421C01336376E28184
:1092000009F024F85FFA80FA0AF1FF33FE2B03F22B
:109210004D84DFE813F091098409A209650962070A
:10922000530738072B070809FB08EE08CF08440945
:1092300035099B058805BC09D006AF09B106900623
:10924000810668065606C907BC07AF079007DC0908
:10925000CD09E904DA046E085B084E082F0890086F
:109260008108ED06DD0603087505F6075605350588
:10927000260510050105BE084306B1081906EB05D1
:10928000D705C405B405AE049C0483077E045E04C0
:10929000500437042F0425041B0411040704FD03A4
:1092A000F103E703DD03D503CB03C103B703AD032C
:1092B000A10397038D0383037B03710367035D039E
:1092C000510347033D0333032903210317030D0310
:1092D0000103F702ED02E302D902CF02C702B9028D
:1092E000AD02A30299028F0285027B02710269021C
:1092F0005D02530247023B022F02230217020B02B8
:10930000F701EB01E101D701CD01C301B901AF01C3
:10931000A3019B017301A50E7A0E510E280EFF0DBD
:10932000D30DAB0D7E0D550F280FFB0ECE0EB10FDA
:10933000820FDE0F330CD6126412AC12B41000137D
:1093400036128E12A20C0812DA113B100A107E118E
:109350004E11AF11730ACE145C13A914DD0C8214E4
:10936000EE106014070CE80BA70BC90B880B690BF8
:10937000470B3C0B1D0BDC15BD152F162A131515BD
:10938000F31434156B0C0D14E31361157A103A0ABB
:109390000A0AC413FD09C1175015710D610D510D55
:1093A000230D0F0D020D3D112C1125111511E41780
:1093B0005F16D217260CB313A21391138113B117A2
:1093C00081172118950C0C18FB174D18A41045187F
:1093D000FD153318640A6C174E165917DE1049171D
:1093E00037143717D00C120B010BF40AE40ADC0A0D
:1093F000B80AA60A980AE816D616F9164B13B41638
:109400009016C4165D0C17170517221769102F1731
:109410008B152101521A316863EB00038A4273F104
:109420000003FFF4E7AE00200EF002FE2B6833B914
:109430000BF0A2F9D4E90E23C4E91623DAE60120E1
:109440000EF0F6FD2B68002BF2D001200EF0F0FD9F
:109450002B68002BF3D1EBE7A089E189023880B2B9
:10946000A08109F001FE3823E381A36B0B33A363D2
:10947000E36B43F10003E363D4E9120150EA010313
:1094800007D0D4E90E32C01A61EB02010029C2F202
:109490004D87236D002B2EDB626A002A02F01987AC
:1094A000A26A002A42F01587BAF1760FE18902D14B
:1094B000013189B2E181A089023880B2A08109F02E
:1094C000D3FD01226621A36BA262627E0B33A363EC
:1094D00002F101036376E36BE18143F10003E3638F
:1094E000D9F8003084F81B80012B02F02387236D0C
:1094F000002B3FF763AE3846BDE8F88F6278E1781D
:1095000053100A448910D2B201F0220103F044033F
:109510000B43D11001F011010B43A04903F00700E8
:10952000084401EB1311097E037C62700B4302F0C7
:1095300028010B430AB943F040032370A36B0433A3
:10954000A363E36B43F10003E36395E7A36B043389
:10955000A363E36B43F10003E3638DE7E08808F066
:1095600075FEA36B60700733A363E36B43F10003E5
:10957000E36381E7A36B0433A363E36B43F100036D
:10958000E363A379637077E7A36B0433A363E36BAF
:1095900043F10003E363E37963706DE7A36B043386
:1095A000A363E36B43F10003E3632379637063E731
:1095B000A36B0433A363E36B43F10003E3636379B9
:1095C000637059E7A36B0433A363E36B43F10003B8
:1095D000E363A37863704FE7A36B0433A363E36B88
:1095E00043F10003E363E378637045E76178E08863
:1095F00009F0C8F9A36B0733A363E36B43F10003DE
:10960000E36339E7E36A722B03F07280644A1268FD
:10961000012A03F06A80E389013BE381A36B0433F1
:10962000A363E36B43F10003E36325E7A179E088DB
:1096300009F0A8F9A36B0733A363E36B43F10003BD
:10964000E36319E7E179E08809F09CF9A36B07333C
:10965000A363E36B43F10003E3630DE72179E08843
:1096600009F090F9A36B0733A363E36B43F10003A5
:10967000E36301E76179E08809F084F9A36B0733BC
:10968000A363E36B43F10003E363F5E6A178E088AD
:1096900009F078F9A36B0733A363E36B43F100038D
:1096A000E363E9E6E178E08809F06CF9A36B07333E
:1096B000A363E36B43F10003E363DDE6A36B0433D1
:1096C000A363E36B43F10003E3636378A371D3E621
:1096D000E08808F0BBFDA36BA0710733A363E36BC5
:1096E00043F10003E363C7E6A36B0433A363E36BB7
:1096F00043F10003E363BFE6A36B0433A363E36BAF
:1097000043F10003E363E379A371B5E6A36B04338C
:10971000A363E36B43F10003E3632379A371ABE637
:10972000A36B0433A363E36B43F10003E363637947
:10973000A371A1E6A36B0433A363E36B43F10003BE
:10974000E363A378A37197E6A36B0433A363E36B8E
:1097500043F10003E363E378A3718DE6A36B043365
:10976000A363E36B43F10003E3636378E37183E690
:10977000E08808F06BFDA36BE0710733A363E36B34
:1097800043F10003E36377E6A36B0433A363E36B66
:1097900043F10003E363A379E3716DE6A0D4021003
:1097A000A80B0020A36B0433A363E36B43F1000316
:1097B000E36361E6A36B0433A363E36B43F100034C
:1097C000E3632379E37157E6A36B0433A363E36B8D
:1097D00043F10003E3636379E3714DE6A36B043364
:1097E000A363E36B43F10003E363A378E37143E610
:1097F000A36B0433A363E36B43F10003E363E378F8
:10980000E37139E6A36B0433A363E36B43F1000315
:10981000E363637823712FE6E08808F017FDA36BFC
:1098200020710733A363E36B43F10003E36323E693
:10983000A36B0433A363E36B43F10003E363A379F6
:10984000237119E6A36B0433A363E36B43F10003B5
:10985000E363E37923710FE6A36B0433A363E36B44
:1098600043F10003E36307E6A36B0433A363E36BF5
:1098700043F10003E36363792371FDE5A36B0433D4
:10988000A363E36B43F10003E363A3782371F3E580
:10989000A36B0433A363E36B43F10003E363E37857
:1098A0002371E9E5A36B0433A363E36B43F1000386
:1098B000E36363786371DFE5E08808F0C7FCA36BBE
:1098C00060710733A363E36B43F10003E363D3E504
:1098D000A36B0433A363E36B43F10003E363A37956
:1098E0006371C9E5A36B0433A363E36B43F1000326
:1098F000E363E3796371BFE5A36B0433A363E36BB5
:1099000043F10003E36323796371B5E5A36B04338B
:10991000A363E36B43F10003E363ADE5A36B04339F
:10992000A363E36B43F10003E363A3786371A3E5EF
:10993000A36B0433A363E36B43F10003E363E378B6
:10994000637199E5A36B0433A363E36B43F10003F5
:10995000E3636378A3708FE5E08808F077FCA36B7E
:10996000A0700733A363E36B43F10003E36383E574
:10997000A36B0433A363E36B43F10003E363A379B5
:10998000A37079E5A36B0433A363E36B43F1000396
:10999000E363E379A3706FE5A36B0433A363E36B25
:1099A00043F10003E3632379A37065E5A36B0433FC
:1099B000A363E36B43F10003E3636379A3705BE5A7
:1099C000A36B0433A363E36B43F10003E36353E549
:1099D000A36B0433A363E36B43F10003E363E37816
:1099E000A37049E5A36B0433A363E36B43F1000366
:1099F000E3636378E3703FE5E08808F027FCA36B3E
:109A0000E0700733A363E36B43F10003E36333E5E3
:109A1000A36B0433A363E36B43F10003E363A37914
:109A2000E37029E5A36B0433A363E36B43F1000305
:109A3000E363E379E3701FE5A36B0433A363E36B94
:109A400043F10003E3632379E37015E5A36B04336B
:109A5000A363E36B43F10003E3636379E3700BE516
:109A6000A36B0433A363E36B43F10003E363A378C5
:109A7000E37001E5A36B0433A363E36B43F10003DD
:109A8000E363F9E4A36B227804336178A36322F0E3
:109A90003A0301F0280183F001034FEA021243EA7E
:109AA000010302F0100243EA02032370E36B43F167
:109AB0000003E363E0E4E089431CE38108F0C6FBB4
:109AC000A36B60700733A363E36B43F10003E363AD
:109AD000D2E46378013BDBB27F2B637002F0AC868B
:109AE00003F00F020F2A02F090874221002B42F070
:109AF000CE87227803F0280302F0010213431943B2
:109B0000A36B21700433A363E36B43F10003E363AE
:109B1000B2E463780133DBB2802B637002F0898694
:109B20001A0742F07E86002B42F09087502122785F
:109B300003F0280302F0010213431943A36B2170C1
:109B40000433A363E36B43F10003E36394E4E0892C
:109B500009F07EFA08F07AFBA36B60700D33A36303
:109B6000E38903F10203E381E36B43F10003E36361
:109B700082E4E388A1895A120B4489129BB201F056
:109B8000220102F044020A43D91201F01101E380DC
:109B90001B120A4303F02801AA4B02F007001844E5
:109BA00003EB1212037C2078127E20F03B0002F0BF
:109BB0000102034313430B432370A36B0B33A363D3
:109BC000E36B43F10003E36356E42378E0895B062B
:109BD00042F1BF85A36B01300733A363E36BE081E0
:109BE00043F10003E36347E421786378CA0142EA62
:109BF0005302D2B203F0010321F03B010B43627028
:109C000002F0280213432370A36B0433A363E36BB6
:109C100043F10003E3632FE42378E089DA0742F19C
:109C20006586A36B01300733A363E36BE08143F1E7
:109C30000003E36320E46378A26BDB432178043202
:109C4000DBB221F03A01A2636370E26B03F02803F8
:109C500043EA010342F1000243F01203E26323707E
:109C60000AE4E089431CE38108F0F0FAA36BA071D9
:109C70000733A363E36B43F10003E363FFF7FCBB2C
:109C8000A379013BDBB27F2BA37102F0E38503F0E4
:109C90000F020F2A02F0A1864221002B42F0F1862A
:109CA000227803F0280302F0010213431943A36B47
:109CB00021700433A363E36B43F10003E363FFF715
:109CC000DBBBA3790133DBB2802BA37102F0A68545
:109CD0001A0742F09B85002B42F0BE865021227865
:109CE00003F0280302F0010213431943A36B217010
:109CF0000433A363E36B43F10003E363FFF7BCBBEF
:109D0000E08909F0A5F909F0A3F9A36BE08010330D
:109D1000A363E38903F10203E381E36B43F10003EF
:109D2000E363FFF7A9BBE378E089013BDBB2E370B3
:109D3000002B42F0EC85A36B01300833A363E36B87
:109D4000E08143F10003E363FFF796BB637821787A
:109D50005A0813F0010318BF42F0800221F03B01C2
:109D600062700B4302F0280213432370A36B043389
:109D7000A363E36B43F10003E363FFF77DBB237849
:109D8000E089DB0702F16985A36B01300733A36328
:109D9000E36BE08143F10003E363FFF76DBB2378DE
:109DA000627823F03B0302F02802134343F00103DF
:109DB0002370A36B0433A363E36B43F10003E363FA
:109DC000FFF75ABBE089B4F806B0431CE38108F002
:109DD0003DFA0146584608F0D5FDA36B0A33A3634C
:109DE000E36B43F10003E363FFF746BBE08808F051
:109DF0002DFA00F1FF3B5FFA8BFB5946E08808F033
:109E0000C1FDBBF17F0F02F04A850BF00F030F2B52
:109E100002F0EB854222BBF1000F42F0418623782D
:109E20000BF0280B03F0010343EA0B031A43A36B67
:109E300022700B33A363E36B43F10003E363FFF78B
:109E40001BBB00BFA0D40210E08808F0FFF900F1AE
:109E5000010B5FFA8BFB5946E08808F093FDBBF1DC
:109E6000800F02F027851BF00F0F42F01B85BBF11E
:109E7000000F42F0E285502223780BF0280B03F00C
:109E8000010343EA0B031A43A36B22700B33A36352
:109E9000E36B43F10003E363FFF7EEBAE08909F0F7
:109EA000D7F8617808F06EFDA36B0D33A363E389E7
:109EB00003F10203E381E36B43F10003E363FFF784
:109EC000DBBAE08908F0C2F9A26B43B20C32A2639C
:109ED000E28903F101031344E381E36B43F10003DF
:109EE000E363FFF7C9BA2278617802F0010343EA1D
:109EF0004103DBB2637003F0280322F03B0243EA24
:109F0000D11313432370A36B0433A363E36B43F1B7
:109F10000003E363FFF7B0BAE089431CE38108F074
:109F200095F9A36B60710733A363E36B43F10003FF
:109F3000E363FFF7A1BA6379013BDBB27F2B637167
:109F400002F0618403F00F020F2A02F056854221CD
:109F5000002B42F09385227803F0280302F00102DF
:109F600013431943A36B21700433A363E36B43F1E1
:109F70000003E363FFF780BA63790133DBB2802B20
:109F8000637102F03D841A0742F03284002B42F0E4
:109F900060855021227803F0280302F00102134368
:109FA0001943A36B21700433A363E36B43F10003F4
:109FB000E363FFF761BA6178A08808F0E3FCA36B64
:109FC0000733A363E36B43F10003E363FFF754BA82
:109FD0002378E089590602F15184A36B01300733DD
:109FE000A363E36BE08143F10003E363FFF744BA4B
:109FF00094F800C063780CF0010E0CF010021CF015
:10A00000020C184603F00F0102F0FD81BEF1000FB3
:10A0100042F00F82992B02F30C82002A42F01F8536
:10A02000092942F23185063B19460638C0B242EA98
:10A030000C0223F057031343B64A607002EB41024F
:10A04000B2F92000B1FA81F1003818BF0120A26BEB
:10A0500049090432A263E26B43EA811342F1000230
:10A0600043EA8003E2632370FFF706BAA36B2288FA
:10A070000433A363E36B43F10003E363238A228287
:10A080002380FFF7F9B994F901206378002AC2F21E
:10A09000498200225B00DBB22178637021F03B0132
:10A0A00003F028030A4313432370A36B0433A36311
:10A0B000E36B43F10003E363FFF7DEB9E089431C80
:10A0C000E38108F0C3F8A36BE0700733A363E36B8D
:10A0D00043F10003E363FFF7CFB9E378013BDBB261
:10A0E0007F2BE37002F0468303F00F020F2A02F089
:10A0F0005C844221002B42F0CD84227803F02803B7
:10A1000002F0010213431943A36B21700433A363CC
:10A11000E36B43F10003E363FFF7AEB9A36B0633D0
:10A12000A363A38903F1FF33A381E36B43F100032E
:10A13000E363FFF7A1B923790133DBB2802B2371ED
:10A1400002F03A82180742F02F82002B42F06F840F
:10A150005021227803F0280302F00102134319432F
:10A16000A36B21700433A363E36B43F10003E36348
:10A17000FFF782B9A36B0633A363A38803F1FF3310
:10A18000A380E36B43F10003E363FFF775B9A08895
:10A1900008F05CF8A36B60700733A363E36B43F1D3
:10A1A0000003E363FFF768B9E388A1885A120B4400
:10A1B00089129BB201F0220102F044020A43D91233
:10A1C00001F01101E3801B120A4303F02801514BF7
:10A1D00002F00700184403EB1212037C2078127E71
:10A1E00020F03B0002F00102034313430B432370B2
:10A1F000A36B0B33A363E36B43F10003E363FFF74C
:10A200003BB9A36B0633A363E38803F1FF33E38019
:10A21000E36B43F10003E363FFF72EB9E0883D49A8
:10A2200042004312801292B200F0220003F0440375
:10A230000343D01200F01100034303F00700084469
:10A2400001EB1311037C2078097E20F03B00E280B3
:10A2500001F001011212034302F028020B431343E1
:10A260002370A36B0B33A363E36B43F10003E3633E
:10A27000FFF702B9E3790133DBB2802BE37102F01F
:10A28000E682190742F0DB82002B42F0D383502193
:10A29000227803F0280302F0010213431943A36B51
:10A2A00021700433A363E36B43F10003E363FFF71F
:10A2B000E3B8A36B0633A363E38803F10103E380F0
:10A2C000E36B43F10003E363FFF7D6B8E08908F0DE
:10A2D000BFFEE18808F0C8FEA36B1033A363E389D7
:10A2E00003F10203E381E36B43F10003E363FFF750
:10A2F000C3B8E08908F0ACFEA36BE0800A33A36327
:10A30000E38903F10203E381E36B43F10003E363B9
:10A31000FFF7B2B8A0D40210E089431CE38107F034
:10A3200095FFA36BE0710733A363E36B43F1000375
:10A33000E363FFF7A1B8E379013BDBB27F2BE37165
:10A3400002F0BB8203F00F020F2A02F03683422193
:10A35000002B42F0A883227803F0280302F00102C8
:10A3600013431943A36B21700433A363E36B43F1DD
:10A370000003E363FFF780B8A36B0633A363A389ED
:10A3800003F10103A381E36B43F10003E363FFF7F0
:10A3900073B8E08908F05CFEA36BA0810A33A36365
:10A3A000E38903F10203E381E36B43F10003E36319
:10A3B000FFF762B8A3780133DBB2802BA37002F001
:10A3C0009282190742F08782002B42F03983502194
:10A3D000227803F0280302F0010213431943A36B10
:10A3E00021700433A363E36B43F10003E363FFF7DE
:10A3F00043B8A36B0633A363638803F1FF33638021
:10A40000E36B43F10003E363FFF736B8608807F0BE
:10A410001DFFA36B60700733A363E36B43F100037D
:10A42000E363FFF729B8E38861885A120B44891265
:10A430009BB201F0220102F044020A43D91201F05A
:10A440001101E3801B120A4303F02801AA4B02F01A
:10A450000700184403EB1212037C2078127E20F0D0
:10A460003B0002F00102034313430B432370A36B31
:10A470000B33A363E36B43F10003E363FEF7FCBF1D
:10A48000E089431CE38107F0E1FEA36BA070073372
:10A49000A363E36B43F10003E363FEF7EDBFA3782F
:10A4A000013BDBB27F2BA37002F09F8103F00F0210
:10A4B0000F2A02F08A824221002B42F0DC822278AD
:10A4C00003F0280302F0010213431943A36B217028
:10A4D0000433A363E36B43F10003E363FEF7CCBFF4
:10A4E000E3780133DBB2802BE37002F0F1811807CF
:10A4F00042F0E681002B42F0A6825021227803F040
:10A50000280302F0010213431943A36B21700433A3
:10A51000A363E36B43F10003E363FEF7ADBF617830
:10A52000608808F02FFAA36B0733A363E36B43F152
:10A530000003E363FEF7A0BFE08908F089FDA36B89
:10A5400060800A33A363E38903F10203E381E36BD1
:10A5500043F10003E363FEF78FBFA36B0633A363EE
:10A56000638803F101036380E36B43F10003E3635A
:10A57000FEF782BFA36B0633A363A38803F1010335
:10A58000A380E36B43F10003E363FEF775BFE0894B
:10A5900008F05EFDA36BA0800A33A363E38903F197
:10A5A0000203E381E36B43F10003E363FEF764BF5F
:10A5B000E089431CE38107F049FEA36B2071073358
:10A5C000A363E36B43F10003E363FEF755BF237915
:10A5D000013BDBB27F2B237101F0E38703F00F0215
:10A5E0000F2A02F0DA814221002B42F056822278B3
:10A5F00003F0280302F0010213431943A36B2170F7
:10A600000433A363E36B43F10003E363FEF734BF5A
:10A6100023785A0642F18C80A36B0533A363E36B66
:10A6200043F10003E363FEF727BFE08807F00EFE67
:10A6300062784FEAA00C53100CF0220C121A03F0AF
:10A64000440343EA0C034FEAE20C2B490CF0110CD3
:10A6500043EA0C0303F0070C01EB13131B7A11F808
:10A660000C1000F028000B4343F00203D2B2034366
:10A670000AB943F040032370A36B0733A363E36B72
:10A6800043F10003E363FEF7F7BEA1796378881016
:10A690005A1A5B1000F0220003F044030343D01069
:10A6A00000F011000343D0B2134A03F0070C02EB91
:10A6B00013131B7A12F80C2001F0280113430B43EB
:10A6C000002801F0DE8643F002032370A36B0433FD
:10A6D000A363E36B43F10003E363FEF7CDBE23788E
:10A6E0005A0741F1D187A36B0533A363E36B43F1B1
:10A6F0000003E363FEF7C0BEA0D402106278E378E3
:10A700001340A84A637002EB4302B2F92020002AEA
:10A7100015BF942090205422502214BF14211021E0
:10A7200023B113F0800F14BF02460A4603F028033A
:10A730001A43A36B22700433A363E36B43F100035A
:10A74000E363FEF799BE94F90030002B81F2F186A5
:10A75000A36B0533A363E36B43F10003E363FEF7ED
:10A760008BBEA089E189023880B2A08108F07CFC10
:10A770002823E381A36B0B33A363E36B43F1000353
:10A78000E363FEF779BEE089431CE38107F05EFDD9
:10A790006378844A4340DBB202EB4302B2F92020E3
:10A7A0006370003A18BF01229200002B41F0258609
:10A7B00042F0400203F028031A43A36B22700733D0
:10A7C000A363E36B43F10003E363FEF755BE637ECF
:10A7D00001336376FAF76CF80746FEF74DBE23782F
:10A7E000E0895B0701F18987A36B02300A33A36319
:10A7F000E36BE08143F10003E363FEF73DBEA36B2F
:10A80000A2880433A363E36B43F10003E363E388AB
:10A81000E280A380FEF730BE2378E0895A0701F179
:10A820008287831C9BB2E381A36B0A33A363E36B30
:10A8300043F10003E363FEF71FBEA36B0433A3637E
:10A84000E36B43F10003E363E388E381FEF714BEA7
:10A850006378E2781A43534B627003EB4203B3F917
:10A860002030003B18BF01239B00002A41F03586B1
:10A8700043F0400302F0280213432370A36B043318
:10A88000A363E36B43F10003E363FEF7F5BD4423E9
:10A890002380A36B0433A363E36B43F10003E363FF
:10A8A000FEF7EABDE08807F0D1FC63783D4A4340FB
:10A8B000DBB202EB4302B2F920206370003A18BF0A
:10A8C00001229200002B41F00E8642F0400203F07C
:10A8D00028031A43A36B22700733A363E36B43F18E
:10A8E0000003E363FEF7C8BD6378A2795A402D4B9D
:10A8F000627003EB4203B3F92030003B18BF012321
:10A900009B00002A41F0C18543F0400302F0280279
:10A9100013432370A36B0433A363E36B43F100037E
:10A92000E363FEF7A9BD6378E2795A401D4B62707C
:10A9300003EB4203B3F92030003B18BF01239B0017
:10A94000002A41F0AE8543F0400302F02802134391
:10A950002370A36B0433A363E36B43F10003E3634E
:10A96000FEF78ABD637862795A400E4B627003EB42
:10A970004203B3F92030003B18BF01239B00002A9B
:10A9800041F0898543F0400302F02802134323700D
:10A99000A36B0433A363E36B43F10003E363FEF7AC
:10A9A0006BBD00BFA0D40210637822795A40AA4B35
:10A9B000627003EB4203B3F92030003B18BF012360
:10A9C0009B00002A41F0738543F0400302F0280207
:10A9D00013432370A36B0433A363E36B43F10003BE
:10A9E000E363FEF749BD6378A2785A409A4B6270E0
:10A9F00003EB4203B3F92030003B18BF01239B0057
:10AA0000002A41F0858543F0400302F028021343F9
:10AA10002370A36B0433A363E36B43F10003E3638D
:10AA2000FEF72ABD6378E2785A408B4B627003EBE5
:10AA30004203B3F92030003B18BF01239B00002ADA
:10AA400041F0458543F0400302F028021343237090
:10AA5000A36B0433A363E36B43F10003E363FEF7EB
:10AA60000BBD2378D80741F1AF86A36B0533A363F1
:10AA7000E36B43F10003E363FEF7FEBC6278E17829
:10AA80005310521A8910D2B201F0220103F044038C
:10AA90000B43D11001F011010B436F4903F0070084
:10AAA00001EB13131B7A095C62700B4302F028015F
:10AAB0000B43002A01F0288543F002032370A36BA7
:10AAC0000433A363E36B43F10003E363FEF7D4BCF9
:10AAD00094F90030002BC1F23287A36B0533A363D6
:10AAE000E36B43F10003E363FEF7C6BCE1786378F0
:10AAF00088105A1A5B1000F0220003F0440303434D
:10AB0000D01000F011000343D0B2534A03F0070CF9
:10AB100002EB13131B7A12F80C2001F028011343E7
:10AB20000B43002801F0A98443F002032370A36BB8
:10AB30000433A363E36B43F10003E363FEF79CBCC0
:10AB40002378D90701F12F86A36B0533A363E36B49
:10AB500043F10003E363FEF78FBC6378E17820786C
:10AB60005A1A00F00100121A5B108910D2B201F0DB
:10AB7000220103F044030B43D11001F011010B43F8
:10AB8000354903F0070001EB13131B7A095C62706F
:10AB90000B4302F028010B43002A01F0228443F00A
:10ABA00002032370A36B0433A363E36B43F100033D
:10ABB000E363FEF761BC23785B0701F1E184A36BDB
:10ABC0000533A363E36B43F10003E363FEF754BC77
:10ABD0006278E3791340204A637002EB4302B2F9D2
:10ABE0002020002A15BF942090205422502214BF08
:10ABF0001421102123B113F0800F14BF02460A461E
:10AC000003F028031A43A36B22700433A363E36B9E
:10AC100043F10003E363FEF72FBC23785B0601F1E9
:10AC2000F684A36B0533A363E36B43F10003E36393
:10AC3000FEF722BCA089E189023880B2A08108F029
:10AC400013FA0023E381A36B0B33A363E36B43F19C
:10AC50000003E363FEF710BCA0D40210E089431C9C
:10AC6000E38107F0F3FA6278BC4953100244D2B290
:10AC700003F0440C831003F02203D01000F0110005
:10AC80004CEA0303034303F00700084401EB1311EC
:10AC9000097E037C62700B4302F028010B430AB962
:10ACA00043F040032370A36B0733A363E36B43F1CB
:10ACB0000003E363FEF7E0BBA0896188023880B23D
:10ACC000A08108F0D1F9A36B0B33A363E36B43F1CD
:10ACD0000003E363FEF7D0BB2378E089590641F116
:10ACE000A784A36B02300A33A363E36BE08143F1D3
:10ACF0000003E363FEF7C0BBE08908F0A9F9A36B8A
:10AD0000E0810A33A363E36B43F10003E363FEF7DF
:10AD1000B3BB6378E1782278C81802F001020244DC
:10AD20005B108910D2B201F0220103F044030B43FF
:10AD3000D11001F011010B43884903F007000844CA
:10AD400001EB1311097E037C62700B4302F02801B2
:10AD50000B430AB943F040032370A36B0433A3638E
:10AD6000E36B43F10003E363FEF786BB62787B4845
:10AD7000510053109210C9B202F0220203F04403B2
:10AD80001343CA1002F01102134303F007020244F6
:10AD900000EB1310137C027E6170134301F0280254
:10ADA000134309B943F040032370A36B0433A36337
:10ADB000E36B43F10003E363FEF75EBBE08807F05B
:10ADC00045FA6278654953100244D2B203F0440C4C
:10ADD000831003F02203D01000F011004CEA0303AB
:10ADE000034303F00700084401EB1311097E037CC1
:10ADF00062700B4302F028010B430AB943F0400391
:10AE00002370A36B0733A363E36B43F10003E36396
:10AE1000FEF732BB6278A17953100A448910D2B28E
:10AE200001F0220103F044030B43D11001F01101A2
:10AE30000B434A4903F00700084401EB1311097E54
:10AE4000037C62700B4302F028010B430AB943F004
:10AE500040032370A36B0433A363E36B43F100034C
:10AE6000E363FEF709BB6278E17953100A44891065
:10AE7000D2B201F0220103F044030B43D11001F0E0
:10AE800011010B43354903F00700084401EB13118E
:10AE9000097E037C62700B4302F028010B430AB960
:10AEA00043F040032370A36B0433A363E36B43F1CC
:10AEB0000003E363FEF7E0BA6278217953100A4495
:10AEC0008910D2B201F0220103F044030B43D110E8
:10AED00001F011010B43214903F00700084401EB85
:10AEE0001311097E037C62700B4302F028010B43AF
:10AEF0000AB943F040032370A36B0433A363E36BED
:10AF000043F10003E363FEF7B7BA62786179531047
:10AF10000A448910D2B201F0220103F044030B432A
:10AF2000D11001F011010B430C4903F00700084454
:10AF300001EB1311097E037C62700B4302F02801C0
:10AF40000B430AB943F040032370A36B0433A3639C
:10AF5000E36B43F10003E363FEF78EBAA0D4021063
:10AF60006278A17853100A448910D2B201F022010C
:10AF700003F044030B43D11001F011010B43C2490C
:10AF800003F00700084401EB1311097E037C627093
:10AF90000B4302F028010B430AB943F0400323702E
:10AFA000A36B0433A363E36B43F10003E363FEF796
:10AFB00063BA6378E1792278C81802F0010202448A
:10AFC0005B108910D2B201F0220103F044030B435D
:10AFD000D11001F011010B43AB4903F00700084405
:10AFE00001EB1311097E037C62700B4302F0280110
:10AFF0000B430AB943F040032370A36B0433A363EC
:10B00000E36B43F10003E363FEF736BA637821791B
:10B010002278C81802F0010202445B108910D2B2F3
:10B0200001F0220103F044030B43D11001F01101A0
:10B030000B43954903F00700084401EB1311097E07
:10B04000037C62700B4302F028010B430AB943F002
:10B0500040032370A36B0433A363E36B43F100034A
:10B06000E363FEF709BA637861792278C81802F0C1
:10B07000010202445B108910D2B201F0220103F0F8
:10B0800044030B43D11001F011010B437E4903F03F
:10B090000700084401EB1311097E037C62700B4327
:10B0A00002F028010B430AB943F040032370A36B5D
:10B0B0000433A363E36B43F10003E363FEF7DCB9FE
:10B0C0006378A1782278C81802F0010202445B106C
:10B0D0008910D2B201F0220103F044030B43D110D6
:10B0E00001F011010B43684903F00700084401EB2C
:10B0F0001311097E037C62700B4302F028010B439D
:10B100000AB943F040032370A36B0433A363E36BDA
:10B1100043F10003E363FEF7AFB9E08807F096F868
:10B120002378627803F00103134403445210801023
:10B13000DBB200F0220002F044020243D81000F01B
:10B1400011000243504902F00700084401EB1211BC
:10B15000097E027C63700A4303F028010A430BB99D
:10B1600042F04002A36B22700733A363E36B43F109
:10B170000003E363FEF780B96378A1792278C818E9
:10B1800002F0010202445B108910D2B201F02201E8
:10B1900003F044030B43D11001F011010B433A4972
:10B1A00003F00700084401EB1311097E037C627071
:10B1B0000B4302F028010B430AB943F0400323700C
:10B1C000A36B0433A363E36B43F10003E363FEF774
:10B1D00053B92278617802F0010202EB41024B1070
:10B1E0008910D2B201F0220103F044030B43D110C5
:10B1F00001F011010B43244903F00700084401EB5F
:10B200001311097E037C62700B4302F028010B438B
:10B210000AB943F040032370A36B0433A363E36BC9
:10B2200043F10003E363FEF727B96378E1792078FF
:10B230005A1A00F00100121A5B108910D2B201F004
:10B24000220103F044030B43D11001F011010B4321
:10B250000D4903F0070001EB13131B7A095C6270C0
:10B260000B4302F028010B43002A01F08D8043F0CC
:10B2700002032370A36B0433A363E36B43F1000366
:10B28000E363FEF7F9B800BFA0D402106378217918
:10B2900020785A1A00F00100121A5B108910D2B2FD
:10B2A00001F0220103F044030B43D11001F011011E
:10B2B0000B43AF4903F0070001EB13131B7A095C42
:10B2C00062700B4302F028010B43002A01F08280D8
:10B2D00043F002032370A36B0433A363E36B43F1D6
:10B2E0000003E363FEF7C8B894F90030E089002B4F
:10B2F000C1F23883A36B02300A33A363E36BE081AE
:10B3000043F10003E363FEF7B7B8E179637888108F
:10B310005A1A5B1000F0220003F044030343D010DC
:10B3200000F011000343D0B2914A03F0070C02EB86
:10B3300013131B7A12F80C2001F0280113430B435E
:10B34000002801F08E8043F002032370A36B0433C6
:10B35000A363E36B43F10003E363FEF78DB8237847
:10B36000E089D90701F10982A36B02300A33A36394
:10B37000E36BE08143F10003E363FEF77DB862789D
:10B38000E1795310521A8910D2B201F0220103F070
:10B3900044030B43D11001F011010B43744903F036
:10B3A000070001EB13131B7A095C62700B4302F078
:10B3B00028010B43002A01F01C8043F00203237094
:10B3C000A36B0433A363E36B43F10003E363FEF772
:10B3D00053B82378E0895A0741F14081A36B0230CA
:10B3E0000A33A363E36BE08143F10003E363FEF7F9
:10B3F00043B8E08806F02AFF63785D4A034002EB19
:10B400004302B2F920206370002A15BF94209020D7
:10B410005422502214BF1421102123B113F0800FA5
:10B4200014BF02460A4603F028031A43A36B227096
:10B430000733A363E36B43F10003E363FEF71CB838
:10B440002378E0895A0601F13081A36B02300A3378
:10B45000A363E36BE08143F10003E363FEF70CB801
:10B46000637E01336376FBF71BF8FEF705B823789C
:10B47000E089590601F12F81831C9BB2E381A36B04
:10B480000A33A363E36B43F10003E363FDF7F4BF07
:10B49000A08907F0DDFDA36BE0810A33A363A389D4
:10B4A00003F10203A381E36B43F10003E363FDF7C0
:10B4B000E3BFE08806F0CAFE2278637802F001025A
:10B4C0009A1A121A5B108010D2B200F0220003F018
:10B4D00044030343D010264900F01100034303F056
:10B4E000070001EB13131B7A095C62700B4302F037
:10B4F00028010B43002A00F02F8743F0020323703A
:10B50000A36B0733A363E36B43F10003E363FDF72E
:10B51000B3BF6378A17920785A1A00F00100121A9B
:10B520005B108910D2B201F0220103F044030B43F7
:10B53000D11001F011010B430D4903F0070001EB9D
:10B5400013131B7A095C62700B4302F028010B4352
:10B55000002A00F0B28743F002032370A36B043388
:10B56000A363E36B43F10003E363FDF785BF00BF13
:10B57000A0D40210617822784B1042F300028910A7
:10B58000D2B201F0220103F044030B43D11001F0C9
:10B5900011010B43C44903F0070001EB13131B7A9D
:10B5A000095C62700B4302F028010B43002A00F093
:10B5B000EF8643F002032370A36B0433A363E36BB2
:10B5C00043F10003E363FDF757BF637861792078A7
:10B5D0005A1A00F00100121A5B108910D2B201F061
:10B5E000220103F044030B43D11001F011010B437E
:10B5F000AD4903F0070001EB13131B7A095C62707D
:10B600000B4302F028010B43002A00F0C58643F0EB
:10B6100002032370A36B0433A363E36B43F10003C2
:10B62000E363FDF729BF6378A17820785A1A00F008
:10B630000100121A5B108910D2B201F0220103F04E
:10B6400044030B43D11001F011010B43964903F061
:10B65000070001EB13131B7A095C62700B4302F0C5
:10B6600028010B43002A00F0878643F00203237071
:10B67000A36B0433A363E36B43F10003E363FDF7C0
:10B68000FBBEE08806F0E2FD627881105310121ACA
:10B69000D2B201F0220103F044030B43D110DFF8D2
:10B6A00008C201F011010B4303F007010CEB131367
:10B6B0001CF801101B7A62700B4302F028010B4347
:10B6C000002A00F04D8643F002032370A36B07337A
:10B6D000A363E36B43F10003E363FDF7CDBE627840
:10B6E00061795310521A8910D2B201F0220103F08D
:10B6F00044030B43D11001F011010B436A4903F0DD
:10B70000070001EB13131B7A095C62700B4302F014
:10B7100028010B43002A00F02B8643F0020323701C
:10B72000A36B0433A363E36B43F10003E363FDF70F
:10B73000A3BE0023627863705310921002F02202BD
:10B7400003F044031343584A03F0070102EB1313B9
:10B750001B7A525C134343F042032370A36B043300
:10B76000A363E36B43F10003E363FDF785BE6278F7
:10B7700021795310521A8910D2B201F0220103F03C
:10B7800044030B43D11001F011010B43464903F070
:10B79000070001EB13131B7A095C62700B4302F084
:10B7A00028010B43002A00F0DF8543F002032370D9
:10B7B000A36B0433A363E36B43F10003E363FDF77F
:10B7C0005BBE6278A1785310521A8910D2B201F090
:10B7D000220103F044030B43D11001F011010B438C
:10B7E000314903F0070001EB13131B7A095C627007
:10B7F0000B4302F028010B43002A00F0C18543F0FF
:10B8000002032370A36B0433A363E36B43F10003D0
:10B81000E363FDF731BE6278A1795310521A8910A3
:10B82000D2B201F0220103F044030B43D11001F026
:10B8300011010B431C4903F0070001EB13131B7AA2
:10B84000095C62700B4302F028010B43002A00F0F0
:10B85000BA8543F002032370A36B0433A363E36B45
:10B8600043F10003E363FDF707BE6378E2791A430F
:10B870000D4B627003EB4203B3F92030003B18BF5D
:10B8800001239B00002A40F0348643F0400302F07D
:10B89000280213432370A36B0433A363E36B43F1C8
:10B8A0000003E363FDF7E8BDA0D4021094F9003073
:10B8B000E089002B80F24E86A36B02300A33A3632B
:10B8C000E36BE08143F10003E363FDF7D5BD6278EC
:10B8D00063791340A34A637002EB4302B2F920205C
:10B8E000002A15BF942090205422502214BF142106
:10B8F000102123B113F0800F14BF02460A4603F053
:10B9000028031A43A36B22700433A363E36B43F150
:10B910000003E363FDF7B0BD2378E089DB0740F166
:10B920005B86A36B02300A33A363E36BE08143F1D0
:10B930000003E363FDF7A0BDE089431CE38106F04B
:10B9400085FC617809F0D4FCA36B0B33A363E36B34
:10B9500043F10003E363FDF78FBD2378E089DA0745
:10B9600040F15086831C9BB2E381A36B0A33A3632F
:10B97000E36B43F10003E363FDF77EBDA08907F0AD
:10B9800067FBA36BA0800A33A363A38903F10203BF
:10B99000A381E36B43F10003E363FDF76DBD6278C0
:10B9A00070485310911001F0220103F044030B433F
:10B9B00002F0280103F0070200EB1313825C1B7AEC
:10B9C00013430B4343F042032370A36B0433A3637D
:10B9D000E36B43F10003E363FDF74EBD61796378E8
:10B9E00088105A1A5B1000F0220003F0440303434E
:10B9F000D01000F011000343D0B25A4A03F0070CF4
:10BA000002EB13131B7A12F80C2001F028011343E8
:10BA10000B43002800F0C48443F002032370A36B9F
:10BA20000433A363E36B43F10003E363FDF724BD39
:10BA3000A178637888105A1A5B1000F0220003F096
:10BA400044030343D01000F011000343D0B2454A31
:10BA500003F0070C02EB13131B7A12F80C2001F011
:10BA6000280113430B43002800F0BF8443F0020376
:10BA70002370A36B0433A363E36B43F10003E3631D
:10BA8000FDF7FABCE089431CE38106F0DFFB637835
:10BA9000344A034002EB4302B2F920206370002ACB
:10BAA00015BF942090205422502214BF142110213D
:10BAB00023B113F0800F14BF02460A4603F0280397
:10BAC0001A43A36B22700733A363E36B43F10003B4
:10BAD000E363FDF7D1BC6378224A02EB4302B2F97B
:10BAE0002020002A15BF942090205422502214BFF9
:10BAF0001421102123B113F0800F14BF02460A460F
:10BB000003F028031A43A36B22700433A363E36B8F
:10BB100043F10003E363FDF7AFBC6278A379134000
:10BB2000104A637002EB4302B2F92020002A15BFCD
:10BB3000942090205422502214BF1421102123B1AC
:10BB400013F0800F14BF02460A4603F028031A437D
:10BB5000A36B22700433A363E36B43F10003E3633D
:10BB6000FDF78ABCA0D40210627823791340A74A5B
:10BB7000637002EB4302B2F92020002A15BF942023
:10BB800090205422502214BF1421102123B113F00D
:10BB9000800F14BF02460A4603F028031A43A36B22
:10BBA00022700433A363E36B43F10003E363FDF707
:10BBB00063BC6278A3781340944A637002EB43023B
:10BBC000B2F92020002A15BF942090205422502240
:10BBD00014BF1421102123B113F0800F14BF0246AB
:10BBE0000A4603F028031A43A36B22700433A363AD
:10BBF000E36B43F10003E363FDF73EBCE08806F02E
:10BC000025FB6378814A0343DBB202EB4302B2F9BE
:10BC100020206370003A18BF01229200002B40F0F0
:10BC2000C88342F0400203F028031A43A36B22703A
:10BC30000733A363E36B43F10003E363FDF71CBC2D
:10BC40006378A2791A43714B627003EB4203B3F934
:10BC50002030003B18BF01239B00002A40F0A48342
:10BC600043F0400302F0280213432370A36B043314
:10BC7000A363E36B43F10003E363FDF7FDBB62786D
:10BC8000624B03EB4203B3F92030003B18BF0123A2
:10BC90009B00002A40F0158443F0400302F0280284
:10BCA00013432370A36B0433A363E36B43F10003DB
:10BCB000E363FDF7E1BB2378E0895B0640F1108583
:10BCC000831C9BB2E381A36B0A33A363E36B43F151
:10BCD0000003E363FDF7D0BB2179637888105A1A1B
:10BCE0005B1000F0220003F044030343D01000F087
:10BCF00011000343D0B2454A03F0070C02EB1313C3
:10BD00001B7A12F80C2001F0280113430B43002882
:10BD100000F0648343F002032370A36B0433A36336
:10BD2000E36B43F10003E363FDF7A6BBE089431C2B
:10BD3000E38106F08BFA62784FEAA00C53100CF006
:10BD4000220C121A03F0440343EA0C034FEAE20CFC
:10BD50002E490CF0110C43EA0C0303F0070C01EB25
:10BD600013131B7A11F80C1000F028000B4343F05A
:10BD70000203D2B203430AB943F040032370A36B1A
:10BD80000733A363E36B43F10003E363FDF774BB85
:10BD9000637862791A431D4B627003EB4203B3F977
:10BDA0002030003B18BF01239B00002A40F006838F
:10BDB00043F0400302F0280213432370A36B0433C3
:10BDC000A363E36B43F10003E363FDF755BB6378C3
:10BDD000A2781A430D4B627003EB4203B3F9203093
:10BDE000003B18BF01239B00002A40F0358343F03D
:10BDF000400302F0280213432370A36B0433A363B0
:10BE0000E36B43F10003E363FDF736BBA0D40210FC
:10BE1000E089431CE38106F019FA2278637802F086
:10BE200001029A1A121A5B108010D2B200F022009E
:10BE300003F044030343D010B54900F0110003435D
:10BE400003F0070001EB13131B7A095C62700B43CC
:10BE500002F028010B43002A00F0B98243F00203EC
:10BE60002370A36B0733A363E36B43F10003E36326
:10BE7000FDF702BB637822791A43A54B627003EB8E
:10BE80004203B3F92030003B18BF01239B00002A76
:10BE900040F0EB8243F0400302F02802134323708A
:10BEA000A36B0433A363E36B43F10003E363FDF788
:10BEB000E3BA2378E089590740F18183831C9BB260
:10BEC000E381A36B0A33A363E36B43F10003E363F2
:10BED000FDF7D2BAE089431CE38106F0B7F9237875
:10BEE000627803F001031344034452108010DBB264
:10BEF00000F0220002F044020243D81000F01100CA
:10BF00000243834902F00700084401EB1211097E45
:10BF1000027C63700A4303F028010A430BB942F024
:10BF20004002A36B22700733A363E36B43F100036A
:10BF3000E363FDF7A1BAE089431CE38106F086F9CB
:10BF40006378734A0343DBB202EB4302B2F9202069
:10BF50006370003A18BF01229200002B40F0CF829C
:10BF600042F0400203F028031A43A36B2270073308
:10BF7000A363E36B43F10003E363FDF77DBAA0899C
:10BF80002188023880B2A08107F06EF8A36B0B33D2
:10BF9000A363E36B43F10003E363FDF76DBAA0898C
:10BFA000E189023880B2A08107F05EF83023E38196
:10BFB000A36B0B33A363E36B43F10003E363FDF770
:10BFC0005BBA94F90030E089002B80F2A782831CD1
:10BFD0009BB2E381A36B0A33A363E36B43F10003DA
:10BFE000E363FDF749BAA08907F032F8A36B20801C
:10BFF0000A33A363A38903F10203A381E36B43F133
:10C000000003E363FDF738BA0023A4F81B30A36BE9
:10C010000433A363E36B43F10003E363FDF72CBA3E
:10C0200094F90030E089002BC0F2B284831C9BB2EB
:10C03000E381A36B0A33A363E36B43F10003E36380
:10C04000FDF71ABAA36B0633A363E36B43F1000356
:10C05000E363E388A381FDF70FBA40F20113A4F86C
:10C060001B30A36B0433A363E36B43F10003E3636F
:10C07000FDF702BA637E274801336376F9F782F948
:10C08000FDF7FAB9A089E189023880B2A08106F0F3
:10C09000EBFF2023E381A36B0B33A363E36B43F13B
:10C0A0000003E363FDF7E8B9A089E188023880B2B4
:10C0B000A08106F0D9FFA36B0B33A363E36B43F1BD
:10C0C0000003E363FDF7D8B9A08906F0C1FF8346FA
:10C0D000E188A08906F0C8FFA36BA4F806B013336B
:10C0E000A363E36B43F10003E363FDF7C5B9A089E4
:10C0F00006F0AEFFA36BE0800A33A363A38903F1CC
:10C100000203A381E36B43F10003E363FDF7B4B9DA
:10C11000A0D4021062130020E089431CE38106F0E2
:10C1200095F8627881105310121AD2B201F02201F0
:10C1300003F044030B43D110DFF898C401F0110160
:10C140000B4303F007010CEB13131CF801101B7ACF
:10C1500062700B4302F028010B43002A00F08A8131
:10C1600043F002032370A36B0733A363E36B43F134
:10C170000003E363FDF780B9A089A188023880B28B
:10C18000A08106F071FFA36B0B33A363E36B43F154
:10C190000003E363FDF770B9A08906F059FFA36BB4
:10C1A00060800A33A363A38903F10203A381E36BD5
:10C1B00043F10003E363FDF75FB9A089E189023829
:10C1C00080B2A08106F050FF0823E381A36B0B33FC
:10C1D000A363E36B43F10003E363FDF74DB9E0892B
:10C1E00006F036FF8346A089E189023880B2023129
:10C1F000A08106F039FFA36BA4F80EB01133A3633E
:10C20000E36B43F10003E363FDF736B92378E0897C
:10C21000DB0700F1D881831C9BB2E381A36B0A3357
:10C22000A363E36B43F10003E363FDF725B9A36B5D
:10C23000D4F812200433A363E36B43F10003E363F8
:10C24000D4F80230C4F80220C4F81230E28AE3883D
:10C25000E280E382FDF710B9A089E189023880B25B
:10C26000A08106F001FF1023E381A36B0B33A363CE
:10C27000E36B43F10003E363FDF7FEB8A089E189B6
:10C28000023880B2A08106F0EFFE1823E381A36B91
:10C290000B33A363E36B43F10003E363FDF7ECB8F7
:10C2A000637ECB4801336376F9F76CF8FDF7E4B8A9
:10C2B000E089431CE38105F0C9FF0AF011F8A36B84
:10C2C00060700A33A363E36B43F10003E363FDF79C
:10C2D000D3B8226A002A3DF40BA9E27E012A7DF43C
:10C2E00007A9BAF1FB0F3DF403A9BAF1760FE18972
:10C2F00002D1013189B2E181A089023880B2A081E6
:10C3000006F0B2FE0023A4F81B30637E013363768F
:10C31000637F012B14D83823E381A36B0D33A36310
:10C32000E36B43F10003E363FDF7E1B808F04EFD72
:10C33000FDF7AFB8002008F06BF8236DFDF7D8B813
:10C34000022B7DF4D4A8207E0002FF3006F080FE90
:10C35000A36BE0811333E2E743F04203FFF7CFB86A
:10C3600043F04203FFF7B1B943F04203FFF71FBAAE
:10C3700043F04203FFF7D3B943F04203FFF777B925
:10C3800043F04203FFF73DBA43F04203FEF771BFAB
:10C3900043F04203FFF70FB943F04203FFF739B907
:10C3A00043F04203FFF73ABB100648BF43F0800357
:10C3B00058E4190648BF42F0800234E4110648BF31
:10C3C00043F08003F6E443F04203FFF744BA43F03E
:10C3D000420345E543F04203FEF77CBF43F04203CE
:10C3E0009AE443F04203FEF7DCBB43F04203FFF75D
:10C3F0003FBB43F04203FEF7E2BF180648BF42F0DE
:10C400008002FEF7D7B9002A40F09282092900F293
:10C410000C836246BEF1000F40F0A28203F4F87173
:10C4200090290EDD6033D9B2084642F00102FDF7D3
:10C43000FEBD002A40F0F182092900D9063BA3F590
:10C44000B07313F4807FD9B208460CBF42EA0E02E3
:10C4500042F00102FDF7EBBD100648BF43F0800338
:10C46000C7E443F04203FEF770BF100648BF43F035
:10C47000800311E543F0420374E643F04203FEF704
:10C4800055BB43F04203FEF720B9100648BF43F006
:10C490008003FEF73BBA110648BF43F08003FEF766
:10C4A00073BA110648BF43F08003FEF74EBA100678
:10C4B00048BF43F08003FEF789BA43F04203FFF719
:10C4C0004CB8100648BF43F08003FFF7E7BB1106E6
:10C4D00048BF43F08003FEF7B7BA110648BF43F0E8
:10C4E0008003FEF7C7B9190648BF42F08002FEF785
:10C4F000EEB9110648BF43F08003FFF7C8B919062B
:10C5000048BF42F080022DE543F04203FEF7D6BA61
:10C51000100648BF43F08003FEF777BA06F098FD97
:10C5200083B256E5530043F001030122DBB2FDF76D
:10C53000B3BDA08906F08CFDA36BE0810B33A36330
:10C54000A38903F10203A381E36B43F10003E363D7
:10C55000FCF792BF06F07CFD8346A089E189023892
:10C5600080B20231A08106F07FFDA36BA4F80EB06B
:10C570001133A363E36B43F10003E363FCF77CBF78
:10C58000A08906F065FDA36BE0810B33A363A3894B
:10C5900003F10203A381E36B43F10003E363FCF7C0
:10C5A0006BBF1621FEF723B88022002113F0800F05
:10C5B00018BF1146FDF7CDBD9421FDF7CABD06F0A9
:10C5C00047FD83B27CE406F043FD83B225E600BF5D
:10C5D00060130020A0D4021006F03AFD8346A08923
:10C5E000E189023880B20231A08106F03DFDA36BE3
:10C5F000A4F80EB01133A363E36B43F10003E363CC
:10C60000FCF73ABF06F024FD83B2FFF7ADB9A0896D
:10C6100006F01EFDA36BE0810B33A363A38903F136
:10C620000203A381E36B43F10003E363FCF724BF40
:10C6300006F00EFD8346A089E189023880B20231FE
:10C64000A08106F011FDA36BA4F80EB01133A36313
:10C65000E36B43F10003E363FCF70EBF06F0F8FC65
:10C660008346A089E189023880B20231A08106F0B8
:10C67000FBFCA36BA4F80EB01133A363E36B43F18F
:10C680000003E363FCF7F8BEA08906F0E1FCA36BAE
:10C69000E0810B33A363A38903F10203A381E36B5E
:10C6A00043F10003E363FCF7E7BE06F0D1FC8346E9
:10C6B000A089E189023880B20231A08106F0D4FC61
:10C6C000A36BA4F80EB01133A363E36B43F1000333
:10C6D000E363FCF7D1BE06F0BBFC83B2FEF7CEBE2F
:10C6E00006F0B6FC83B2FFF7EDBA682B3CF493AFCB
:10C6F000002005F045FCFCF791BF06F0A9FC83463D
:10C70000A089E189023880B20231A08106F0ACFC38
:10C71000A36BA4F80EB01133A363E36B43F10003E2
:10C72000E363FCF7A9BE06F093FC83B2FEF77BB887
:10C73000A08906F08DFCA36BE0810B33A363A38972
:10C7400003F10203A381E36B43F10003E363FCF70E
:10C7500093BE05F07BFDA26B43B20C32A263E2896B
:10C7600003F101031344E381E36B43F10003E3634B
:10C77000FCF782BE1621FDF7C0BC06F069FC8346BB
:10C78000A089E189023880B20231A08106F06CFCF8
:10C79000A36BA4F80EB01133A363E36B43F1000362
:10C7A000E363FCF769BEA08906F052FCA36BE0814D
:10C7B0000B33A363A38903F10203A381E36B43F16A
:10C7C0000003E363FCF758BEA08906F041FCA36BAD
:10C7D000E0810B33A363A38903F10203A381E36B1D
:10C7E00043F10003E363FCF747BE1621FDF767BE84
:10C7F0008022002113F0800F18BF1146FDF7CABB3D
:10C800009421FDF7C7BB1621FDF7A5BB80220021AF
:10C8100013F0800F18BF1146FDF761BA9421FDF7A0
:10C820005EBA8022002113F0800F18BF1146FDF779
:10C830007EB99421FDF77BB91621FDF75AB9802204
:10C84000002113F0800F18BF1146FDF721BD942180
:10C85000FDF71EBD1621FDF723BA05F0F7FCA26B0C
:10C8600043B20C32A263E28903F101031344E38172
:10C87000E36B43F10003E363FCF7FEBD05F0E6FC68
:10C88000A26B43B20C32A263E28903F101031344A9
:10C89000E381E36B43F10003E363FCF7EDBD162294
:10C8A000FDF7BDBA802300221BF0800F18BF1A4687
:10C8B000FDF7E2BA9422FDF7DFBA1621FDF74BBD72
:10C8C0008022002113F0800F18BF1146FDF716BE1D
:10C8D0009421FDF713BE8022002113F0800F18BFB2
:10C8E0001146FDF775BD9421FDF772BD05F0AEFC54
:10C8F000A26B43B20C32A263E28903F10103134439
:10C90000E381E36B43F10003E363FCF7B5BD05F09E
:10C910009DFCA26B43B20D32A263E28903F10103D5
:10C920001344E381E36B43F10003E363FCF7A4BD2D
:10C93000092994BF002101210A0106336AE5A08973
:10C9400006F086FBA36BE0810B33A363A38903F19D
:10C950000203A381E36B43F10003E363FCF78CBDA7
:10C9600060336EE506F074FB8346A089E1890238E6
:10C9700080B20231A08106F077FBA36BA4F80EB061
:10C980001133A363E36B43F10003E363FCF774BD6E
:10C9900006F05EFB83B2FFF74BBB9221122213F02D
:10C9A000800F08BF1146FDF722BE9221122213F01C
:10C9B000800F08BF1146FDF7A0BB9221122213F091
:10C9C000800F08BF1146FDF7C6BC9221122213F05A
:10C9D000800F08BF1146FDF772BD9221122213F09D
:10C9E000800F08BF1146FDF75BB9922212231BF09E
:10C9F000800F08BF1A46FDF712BA9221122213F0D7
:10CA0000800F08BF1146FDF7A6BA9221122213F03B
:10CA1000800F08BF1146FDF76CB805298CBF0021B7
:10CA20000121063BDBB20A0109E5102285E79022CD
:10CA30001021BBE59022102103E79023102233E759
:10CA40009022102149E7902210213BE790221021EB
:10CA5000E9E690221021CDE690221021D8E60529A2
:10CA60008CBF00220122063BDBB206381946C0B259
:10CA70001201FDF7DCBA82210222A8E782210222FC
:10CA8000BDE782210222AAE71946FDF7D0BA82212A
:10CA90000222BCE78221022289E7822102227EE76C
:10CAA00082220223A3E78221022288E7A36B0433B8
:10CAB000A363E36B43F10003E363FCF7DDBC00BF5A
:10CAC00000224FF6FF719FED087B4FF48070084BFA
:10CAD00083ED127BC3E9082298831980D9609A619B
:10CAE000704700BFAFF300800000000000000000AE
:10CAF0005813002038B504464C4D012229460AF04F
:10CB00000FF92046A91C01220AF00AF92046291D26
:10CB100001220AF005F92046A91D01220AF000F9B8
:10CB2000204605F1080101220AF0FAF8204605F135
:10CB30000A0101220AF0F4F8204605F10C01012255
:10CB40000AF0EEF8204605F10E0101220AF0E8F89D
:10CB5000204605F1100101220AF0E2F8204605F115
:10CB6000120101220AF0DCF8204605F1140101222D
:10CB70000AF0D6F8204605F1160101220AF0D0F895
:10CB8000204605F1180101220AF0BEF8204605F101
:10CB9000190101220AF0B8F8204605F11A01012214
:10CBA0000AF0B2F8204605F11B0101220AF0ACF8A8
:10CBB000204605F11C0101220AF0A6F8204605F1E5
:10CBC0001D0101220AF0A0F8204605F120010122F2
:10CBD0000AF0AAF9204605F1240101220AF0A4F97D
:10CBE000204605F1280101220AF09EF9204605F1B0
:10CBF000300101220AF098F9204605F1380101229E
:10CC00000AF04EF9204605F1400101220AF00EFA21
:10CC1000204605F1480101220AF042F9204605F1BB
:10CC200058010122BDE838400AF03AB958130020F3
:10CC300038B504464C4D012229460AF093F82046A7
:10CC4000A91C01220AF08EF82046291D01220AF0B3
:10CC500089F82046A91D01220AF084F8204605F132
:10CC6000080101220AF07EF8204605F10A0101229E
:10CC70000AF078F8204605F10C0101220AF072F85A
:10CC8000204605F10E0101220AF06CF8204605F15C
:10CC9000100101220AF066F8204605F11201012276
:10CCA0000AF060F8204605F1140101220AF05AF852
:10CCB000204605F1160101220AF054F8204605F13C
:10CCC000180101220AF026F8204605F11901012277
:10CCD0000AF020F8204605F11A0101220AF01AF89C
:10CCE000204605F11B0101220AF014F8204605F147
:10CCF0001C0101220AF00EF8204605F11D01012257
:10CD00000AF008F8204605F1200101220AF04EF948
:10CD1000204605F1240101220AF048F9204605F1D8
:10CD2000280101220AF042F9204605F130010122D2
:10CD30000AF03CF9204605F1380101220AF0D6F844
:10CD4000204605F1400101220AF096F9204605F13E
:10CD5000480101220AF0CAF8204605F158010122D3
:10CD6000BDE838400AF0C2B85813002000000000A7
:10CD7000114B30B49B6B114C056804FB03FC0C6831
:10CD80000F4A05EB450304EB44016144634413443B
:10CD90000A4492F8341493F83404401A0AD193F8F0
:10CDA000360492F8363400F0100003F01003C01A75
:10CDB00008BF281B30BC7047B8130020880501004D
:10CDC000701400200146044A0120137823F0010367
:10CDD0000B43137007F0E4BBB813002010B50C4CE4
:10CDE0002378034343F00203237007F02BFC094B25
:10CDF0009FED097AD3ED107A67EE877AFDEEE77A38
:10CE0000217917EE902ABDE81040044807F0AEBF24
:10CE1000B8130020581300200024F44881D60010D5
:10CE200038B51D4BD0F82C24D96B43680446934287
:10CE30002DD0D4F81824C4F82C349342C4F83014FC
:10CE40001BDAD4F8202409B1012A16D002FB031101
:10CE5000D4F81C34002203FB01F16069103104F2A4
:10CE60003C4517F0DFFF012228466369D4F81C1403
:10CE700013F052F8012802D138BD04F23C4528468F
:10CE8000BDE838404FF48042002112F049BFD0F88D
:10CE900030248A42CDD138BDB813002070B5B024FB
:10CEA0000B4B00260F220D461C700446C3E903629B
:10CEB0005E6107F0C7FB32463146064807F056FF71
:10CEC0002A462146BDE87040034807F0D3B800BFAA
:10CED000B8130020C5CD0010F4C002102DE9F84FA2
:10CEE000364C374D00FB04F404F52246E0362E4460
:10CEF000002341F2AB6107463246DFF8CC80D8F818
:10CF0000389042F8043F01338B42FAD104F52240B5
:10CF1000E430042241F2AA612A4B2844C8F8387050
:10CF200013F044F84FF0FF304FF0FF3104F57D432C
:10CF300090332B44C8F8389003F5FF62E3E8020110
:10CF40009342FBD14FF0FF3044F262181B4B002498
:10CF500043F6647A41F2AA69014603FB07FC08FB29
:10CF600007F80CE0FF2920D093F83604C0F3001036
:10CF70008344D34445F82B4001344C4515D08E46AC
:10CF800056F804BF0BEB4B0262442A4492F8341467
:10CF90001346714508EB410BE4D192F83624C2F3F5
:10CFA00000128242E8D0FF29DED10123034A02FBAE
:10CFB0000755C5F83034BDE8F88F00BF880501007B
:10CFC0007014002071CD0010B8130020C04B2DE963
:10CFD000F04FC04AD3F838B0BF4D8DB002FB0B52B2
:10CFE0005369002B00F0678193688046012B8946C6
:10CFF00000F07881032B00F0C280D2F8283400249E
:10D00000002B40F08A81B24BD2F824241B6C1A43C7
:10D0100014BF01270227AF4B03FB0BFA05EB0A00F5
:10D020000490FFF7FDFEAA4AAC4B166C1146002E89
:10D0300008BF4FF0FF335278097807929AB2C3F3D2
:10D04000072383F0FE03009313029BB2B9F1FF3F65
:10D05000049803910292019340F061814FF0000C1B
:10D0600000210AF23C43DDF81C900246CDF81C80FA
:10D07000E246B046049306913B4499490593CDF8A6
:10D0800024B090F83DE490F83C3413EB0E2300F00C
:10D09000CB80D2F8286426B9C3F3C03EF04540F0F7
:10D0A000BB80C3F30D03D41894F83C44FE2C40F02D
:10D0B0000B81059C019E2344009C15F803E031F888
:10D0C0001440F145DDF810A084EA06042B4440F03A
:10D0D000A18089EA142E31F81EE0079E8EEA04240E
:10D0E00013F807E0C4F3072B8EEA0B0E31F81EE0AD
:10D0F000A4B28EEA042413F817E0A4B2764503EB39
:10D10000470302D0013640F085808EEA142E31F8B4
:10D110001EE08EEA042EDC5D26460894CEF307243A
:10D12000744031F814401FFA8EFE84EA0E2413F87E
:10D1300017E0C4F3072B8EEA0B0E31F81EE003EB69
:10D140004703A4B28EEA042EDC5DCEF3072B84EAFB
:10D150000B0431F814B04FEA0E2E0EF47F4EDE456C
:10D160003B448EEA0B0400F07481039B584E43F05D
:10D1700008030393337001239A4606934CE05468E6
:10D18000FE2C00F29880524BDF6B012F00F393804E
:10D19000B1F1FF3F02D08F4240F08D804C4B5B7865
:10D1A0009C4240F088804B4B03FB0B59D9F830343C
:10D1B000002B00F06A8144F2621303FB0BF303EBD4
:10D1C00044023A4402F57D52243255F822104A1C9A
:10D1D00071D05A1802F52252383205EB820250689B
:10D1E0003C4A02FB0BFC00EB400262442A4492F8EA
:10D1F00034E44200A6455ED103F52253344E393360
:10D200000B44B8F1FF3F05EB8301D6F840E013462D
:10D210002CD147E04FF0010A0CF1020CBCF1800F59
:10D2200000F102007FF42DAF069B13B1089B284A42
:10D23000D360BAF1000F01D0254B9C864FF0FF3030
:10D24000039B234A43F0100313700DB0BDE8F08F29
:10D25000BEEBD21FF9D051F8040F00EB400262443C
:10D260002A4492F834244300A24224D10344634464
:10D270002B4493F83624C2F30019B9451BD193F817
:10D2800035349845E7D1E3E7BEEBD31FDDD051F845
:10D29000040F00EB400363442B4493F83424430011
:10D2A000A24208D1034463442B4493F83634C3F3B9
:10D2B0000012BA42E8D0064B054A1B784FF0FF3007
:10D2C00043F010031370C0E74FF0010A029CA3E77C
:10D2D000B81300208805010070140020B4CDFFFFB2
:10D2E000C0D602105368FE2BE5D86C49CA6B002AE1
:10D2F000E1DC0928DFDC4A789342DCD10A6C012AA0
:10D30000D9D0B9F1010FD6D003EB830320EAE07046
:10D3100000EB43000DB0BDE8F08F01277BE602462D
:10D3200000200AF23C4304933B44CDE90A8BCDF83C
:10D330002490114682468446B046DFF868E1DDF865
:10D340001C900690059324E00598DDF810A0034496
:10D3500000983EF8104001984440E85C2B44484552
:10D360000DD189EA14203EF81000099E80EA0420BD
:10D3700084B2D85D3B4400F0010BB34523D04FF09D
:10D38000010A0CF1020CBCF1800F02F102023FF421
:10D390004BAF92F83D0492F83C3413EB00233FF47A
:10D3A00043AFD1F8280418B9C3F3C0308045E8D1A1
:10D3B000C3F30D03C81890F83C04FE28C4D04FF006
:10D3C000010A029CDDE780EA14203EF810000A9E64
:10D3D00080EA042084B2D85D3B44B04201D00136DB
:10D3E000CDD180EA14203EF8100080EA0420DC5DF4
:10D3F00026460894C0F3072474403EF8144080B2D7
:10D4000084EA002413F81700C4F3072B8BEA000BFF
:10D410003EF81B0003EB4703A4B213F807B080EA01
:10D420000420C0F3072484EA0B043EF814B0000281
:10D4300000F47F4083453B448BEA000421D0039BEA
:10D44000164843F008030393037001239A4606939A
:10D4500097E73246DDF824B03B44AA440F49A3EBDA
:10D460000A000F4BCA6003FB0B55039A8C8622F00F
:10D4700008020A700CF10202C5F838240DB0BDE8AC
:10D48000F08F3246DDF82CB0E6E75846FFF726FD70
:10D49000024BD9F80440DF6B8DE600BFB8130020C3
:10D4A00088050100C0D6021038B5012205460C4699
:10D4B00009F02AFC01222846A11809F025FC28467B
:10D4C000A11C012209F020FC2846E11C012209F0E0
:10D4D0001BFC2846211D012209F016FC284604F1F8
:10D4E0000801012209F020FD284604F10C01012267
:10D4F00009F01AFD284604F11001012209F014FD7B
:10D50000284604F11401012209F00EFD284604F119
:10D510001801012209F008FD284604F11C0101222E
:10D5200009F002FD284604F12001052209F0FCFC67
:10D53000284604F13401012209F0F2FB284604F1E7
:10D540003801012209F0F0FC284604F13C010122D7
:10D5500009F0EAFC284604F14001012209F0E4FC4C
:10D56000284604F14401012209F0CEFB284604F1CB
:10D570004501012209F0C8FB284604F148010122B7
:10D5800009F0D2FC284604F150010122BDE83840E0
:10D5900009F086BC38B5012205460C4609F0BAFBF5
:10D5A00001222846A11809F0B5FB2846A11C01223A
:10D5B00009F0B0FB2846E11C012209F0ABFB28462C
:10D5C000211D012209F0A6FB284604F108010122D1
:10D5D00009F0ECFC284604F10C01012209F0E6FCFC
:10D5E000284604F11001012209F0E0FC284604F16C
:10D5F0001401012209F0DAFC284604F11801012285
:10D6000009F0D4FC284604F11C01012209F0CEFCEB
:10D61000284604F12001052209F0C8FC284604F13F
:10D620003401012209F09EFB284604F13801012251
:10D6300009F0BCFC284604F13C01012209F0B6FCCB
:10D64000284604F14001012209F0B0FC284604F10B
:10D650004401012209F05EFB284604F14501012244
:10D6600009F058FB284604F14801012209F09EFC0C
:10D67000284604F150010122BDE8384009F036BCCB
:10D68000074B1A79824200D0704700211A78012096
:10D6900022F0010242F004021A70D96006F080BF45
:10D6A000B8130020144A10B41449946B144B03FBB4
:10D6B00004139868642811D0012812D15B69B3B1B2
:10D6C000136C012B06D00E4B507803FB04114B68F2
:10D6D000984203D0137843F0100313705DF8044BA5
:10D6E00070474FF0FF315DF8044B08466EE4137845
:10D6F00043F010031370E3E7B81300207014002008
:10D7000088050100F8B58368012B4BD0042B49D064
:10D7100040F6543399420C461EDD00F5005393F851
:10D7200030268025FF2A14BF0121022193F83236CA
:10D73000D0F82C7400F5E04203F00303D2F88825FA
:10D740004B409D40012F0646154408D0A4F65534A1
:10D7500004EB44046019F8BD01EB4100F8BD002260
:10D760002946406917F05EFB06F518504FF4085142
:10D770003A467369333019F087F8013004D1154AFD
:10D78000137843F020031370706914F07BFB0130B1
:10D7900004D1104A137843F0200313700223C6F813
:10D7A0002C34D3E70024B0210F220A4B1D79C3E9A2
:10D7B000034219705C6106F045FF22462146064887
:10D7C00007F0D4FA2946054A054806F053FC4FF005
:10D7D000FF30F8BDB8130020C5CD001024C10210E1
:10D7E000F4C002102DE9F0470C464FF6FF7C4FF0D5
:10D7F000000901EB4103034493F836344F0003F072
:10D80000030282F0010200EB8202D2F8181407EB47
:10D810000408A14263F00303C8BFC2F8184483F0B0
:10D82000030300EB0802D0F814A0C0F8309421469E
:10D83000A2F834C482F8363405461646FFF762FF74
:10D840004A460146504617F0EDFA08F234400122EC
:10D8500003216B69284419F017F8013004D14A4AB2
:10D86000137843F020031370D5F82834A34201D075
:10D87000BDE8F08727442F4497F83434FF2B0CD1B0
:10D880003346013C93F831242146FF2AA3F10303D8
:10D8900004F1FF34F6D0C5F82814686914F0F2FAE0
:10D8A000013004D1384A137843F0200313706869BB
:10D8B00014F026FAD5F82834002B29DBAA68012AAF
:10D8C00060D0032A2ED103F590520E3255F8222053
:10D8D00003EB43032B4493F834148024FF2914BF33
:10D8E0000121022193F8363403F003034B409C409E
:10D8F0001444686912F06EFE214610F04DFC0130B0
:10D90000B6D1214A137843F020031370BDE8F087A5
:10D91000AB68012B34D0032B1DD105F58043D3F820
:10D920003848E6E70024B0210F22174B1E79C3E9DF
:10D93000034219705C6106F085FE224621461348B9
:10D9400007F014FA124A3146124806F093FB2246B9
:10D95000D5F82834BCE70024B0210F220A4B1E79E9
:10D96000C3E9034219705C6106F06CFE2246214651
:10D97000064807F0FBF93146054A064806F07AFBEF
:10D980000024B6E71A02A3E7B8130020C5CD0010A3
:10D990004CC10210F4C00210072807D8082918BF8C
:10D9A0000521034B034A02FB0033D960704700BFD7
:10D9B0007014002088050100072805D8034A044B8D
:10D9C00002FB0033D86870470020704788050100CB
:10D9D00070140020024A034B02FB0030704700BF66
:10D9E0008805010088140020024A034B02FB003323
:10D9F000986870478805010070140020024A034BA4
:10DA000002FB00F0185870478805010070140020D0
:10DA100038B5002201210F24194B84251B689FED86
:10DA2000167B012B174B9960C3E9032414BFFF2118
:10DA3000FE21C3E90522C3E90E221A711A6483F894
:10DA400044204FF0FF3283ED147B1D6083F84510B6
:10DA50009A6430B10C4B5A690AB91A769A6000225E
:10DA60005A600BF02BFB0BF035FBBDE8384007F09C
:10DA7000C3B900BFAFF30080000000000000000049
:10DA8000A80B0020B81300207014002038B50E4DEC
:10DA90000E4B044603FB0053586948B117F0FAFADD
:10DAA00001300BD00022094B03FB04535A611A7654
:10DAB0000023064A02FB04F42B5138BD044A1378B4
:10DAC00043F020031370EDE7701400208805010077
:10DAD000B81300202DE9F04F074699B08946582227
:10DAE000002102A812F01CF9C44EC54B03FB0763CA
:10DAF000586920B117F0CEFA013000F09C804846FA
:10DB000002A910F00FFB013000F085804846BD49A6
:10DB100010F034FABA4C04FB07646061002800F08E
:10DB20005B8100230022B64C114607FB04F43351FD
:10DB30003444606917F076F9606912F019FA431CF1
:10DB4000044615D080B3FF282ED0AD4C002207FB31
:10DB500004F4351942F2FF11686917F063F9686936
:10DB600012F006FA002800F04181FF2800F0CC8175
:10DB70000122A34B03FB07639A60A14B4FF4806122
:10DB800003FB07F808F118004B469F4A304406EBA8
:10DB90000805F5F751FEAC68032C56D0042C00F0B4
:10DBA0003F8119B0BDE8F08F954D002207FB05F5C8
:10DBB00006EB050A0C21DAF8140017F033F90422F9
:10DBC0000121DAF814300DEB020012F0A5F9042857
:10DBD000804636D19DF80420002A40F076819DF8D9
:10DBE00006109DF80530DAF814000B439DF8071075
:10DBF0000B4300F05181824D05FB07656869002CDD
:10DC0000A3D12246012117F00DF9686912F0B0F98D
:10DC1000FE289AD1ACE70024794B4A4607FB03F370
:10DC20003946F5187948F4506C612C7606F074FA90
:10DC300019B0BDE8F08F764A137843F020031370D3
:10DC40005DE70123CAF8083097E708F2344AB24486
:10DC500044F20142FF21504612F062F80022686946
:10DC6000114617F0DFF86B6940F6553221465046F1
:10DC700012F052F940F65533984240F04C814FF47F
:10DC800008544FF0800C2A46624B08F5904034301F
:10DC9000304403EB080E40F8044F92F8363492F803
:10DCA000349403F0030383F00101B9F1FF0F0CFA80
:10DCB00001F100F0868070450C4402F10302EAD1C4
:10DCC0004F4B214603FB07690022D9F8140017F0D7
:10DCD000A9F808F51853333306EB030A0321D9F8E2
:10DCE000143040F65532504612F016F90028D4BFD1
:10DCF0000123022350468021C9F82C3408F5EB4E4D
:10DD0000454B0EF1080E04F5085403EB080CB6441D
:10DD10004EF8044F837890F8008003F0030383F0FB
:10DD20000102B8F1FF0F01FA02F240D0F4451444A9
:10DD300000F10300ECD141F2AA614FF0FF3344F24D
:10DD4000621C2F480CFB07FC00FB0760C0F828345E
:10DD5000C0F818140023C0F81C14C0F82014C0F830
:10DD6000241406E0C0F8283401338B4205F1030582
:10DD700017D095F83424FF2AF4D195F8362402F010
:10DD8000030282F00202624402F5837256F82240D6
:10DD90008C42E9D146F8223001338B4205F103056C
:10DDA000E7D13846FFF79AF819B0BDE8F08F83F055
:10DDB000020301FA03F3F4451C4400F10300A7D168
:10DDC000B9E783F002030CFA03F370451C4402F137
:10DDD00003027FF460AF73E74846104910F0CEF8B5
:10DDE000606100283FF4DDAE01239BE6032301229E
:10DDF000AB60034B07FB03F3F250BEE67014002048
:10DE0000880501007CC10210C0C1021068C1021067
:10DE1000B8130020F88900204CB7002080C1021000
:10DE200001210022686916F0FDFF686912F0A0F870
:10DE300003466869DBB2C5F8183412F099F8034656
:10DE40006869DBB2C5F81C3412F092F8D5F81C24CE
:10DE500003029BB213446869C5F81C3412F088F8B9
:10DE600010F0100F0CBF022401244FF0FF33354A8D
:10DE700008F58568C5F8204408EB0201C0F380145A
:10DE8000C0F3C010C5F82444C5F8280442F808308F
:10DE90004B6019B0BDE8F08F022116F0C3FFDAF82D
:10DEA000140012F065F88346DAF8140012F060F8F6
:10DEB00043F6F07203025FFA8BFB9BB243EA0B035B
:10DEC000103B93422DD99DF80420782A7FF493AE1D
:10DED0009DF80530562B7FF48EAE9DF80630342B1E
:10DEE0007FF489AE9DF80730122B7FF484AE0025B5
:10DEF000154C164804FB076406F0BCF86069A56081
:10DF000017F0C8F8656138E603233259AB60003A70
:10DF100018BF01226DE74A4639460D4806F0AAF8B7
:10DF20003FE67359CAF808804BB9A4F1FF04B4FA6C
:10DF300084F46409044B07FB03F3F4501DE6012449
:10DF4000F8E700BF741400208805010084C10210A6
:10DF5000C4C102101A4A10B41A4C116DA06B536D53
:10DF6000E46B091A63EB0403002B4FEAD37002DB66
:10DF70005DF8044B70471379117803F0F004B02C6E
:10DF800041F0800C11D00AD903F0D003C02B0CD083
:10DF9000F02C0AD082F800C05DF8044B704703F003
:10DFA000E003802B01D0A02CF4D18B07F2D5002305
:10DFB00021F0030161F07B011170D360D8E700BF4D
:10DFC000B813002058130020F8B57C4A7C4C126826
:10DFD0002378012A03F07F030546237016D0C0F38F
:10DFE0000012C3094106C4E90F2300F00F0604D54F
:10DFF000744B1B685A0740F18480082E4DD8DFE827
:10E0000006F05F226B6E7174777A7D006D49096846
:10E0100011F0B00F11D111F0480F00F09B80C0F348
:10E02000C0020606E26300F1A3806B1003F0080350
:10E0300005F007051D432E46DFE7C0F30013E36339
:10E0400000F00F06D9E70022237894F844501B060D
:10E05000154405F00705A5631ED45B4ED6E90E01F5
:10E06000F4F770F89FED597AD6ED106A07EE900A32
:10E07000E6EE877A17EE900AF4F7A2F802460B460E
:10E080000020C4E9142306F0BBFA514B514A02FBAD
:10E0900005339B68642B47D0F8BD0026B0220F23C0
:10E0A0002270C4E90363666106F0CCFA3246314659
:10E0B000494806F05BFE2946484A494805F0DAFF20
:10E0C000A16B227894F8443062F07F020B4403F095
:10E0D00007032270A363F8BD01222378B5E7042269
:10E0E0002378B2E702222378AFE705222378ACE752
:10E0F00006222378A9E707222378A6E703222378BC
:10E10000A3E706F08DFE00283FF477AF06F088FE07
:10E11000344B83423FF471AF2B4BD3E91201C3E977
:10E120000E0106F053FE68E700250F23B022267982
:10E13000C4E903532270656106F084FA2A46294631
:10E14000254806F013FE3146BDE8F840264A24482B
:10E1500005F090BF10F0070605D0280703D5E2634D
:10E1600005F0F70549E7002305F00F06E36344E7F0
:10E1700000F02002002A15BF01220022FF21FE210B
:10E18000226494F84520914215D000226678A76D4C
:10E19000A07863F3070294F803C066F30F2284F8B3
:10E1A00045102760A168276E60F317426CF31F6269
:10E1B0002166A760A26505F01F0536E7A80B0020C1
:10E1C000B8130020A4700320581300200024F44941
:10E1D0007014002088050100C5CD0010F0C10210A8
:10E1E000F4C0021081D6001004C20210014B58780E
:10E1F000704700BFB8130020014B5870704700BF34
:10E20000B8130020014B9878704700BFB813002066
:10E21000374B1B68012B02D0364B98707047364B3A
:10E220001B681BBB354B1B6899072FD500F0E0031B
:10E23000802B30B43DD0A02B2E4B14D193F8452029
:10E24000FE2A0ED0FE22B3F858101C68198093F8ED
:10E250005B109C65D9709C68196E83F845201C661C
:10E26000996000221A64987030BC70470206D3D5BA
:10E2700010F01F02D0D113F0A00F31D01D4B0011B0
:10E2800000F0040083F844009A6370470106C3D588
:10E29000C106C1D1012BBFD110F0400F0CBF052228
:10E2A00008221449164B896B164800FB0133DA60CB
:10E2B0007047104B93F84520FF2A0ED0FF22B3F889
:10E2C00058101D68198093F85B109C68D970196EFE
:10E2D0009D651C66996083F8452001221A64C2E797
:10E2E000064A1268012AD7D013F0500FD4D193E711
:10E2F000A80B0020B8130020A4700320940B00206A
:10E3000070140020880501002DE9F843AF4BB04C94
:10E310001B68A56B002B40F0BC80237903F0F00351
:10E32000C02B00F0C080E02B00F08980802B40F0F3
:10E330008380E268002A7FDD217888077CD5A54E9E
:10E34000A54F07FB0567B968642900F0F880042928
:10E3500040F0FD80D7F83434B4F834C0F91891F89F
:10E360003C049E4980EA1C2E31F81E1081EA0C21E3
:10E37000A186D7F82814002940F01A81D7F8241470
:10E38000276C394314BF012102210B44924901FB40
:10E390000561C1F83434013A002AE070E2604CDCD7
:10E3A0008D4B227803FB05639968042932D1D3F899
:10E3B0003404B4F834E0191891F83C14874F81EA1A
:10E3C0001E2137F811C0D3F828148CEA0E2C1FFA3E
:10E3D0008CFC002940F04B81D3F82414236C1943A2
:10E3E00014BF012302237C49184401FB0561C1F8D5
:10E3F0003404014491F83C3483EA1C2337F81310A9
:10E400004FEA0C239BB281EA03009942A08601D017
:10E4100042F00802002322F002022270E36006F0BC
:10E4200011F906F0FDFC6E4B834200F0A5804022FE
:10E4300000216C4806F09AFCE078BDE8F883227869
:10E440009307F9D5E368002BE4DD624E6249D4F806
:10E4500040E001FB0561D1F834C4D1F8287401EB28
:10E460000C0090F83C04E070002F61D1D1F8241426
:10E4700051EA0E0114BF01210221574F023B07FB55
:10E48000056673446144002BE360C6F83414D4DCA1
:10E49000C0E70121284609F0BDFD237903F0F00310
:10E4A000C02B7FF440AFE368002BC5DD2778BA07A7
:10E4B000C2D5484E484AB4F8349002FB0562D2F8FF
:10E4C00008C04FEA192EBCF1640F33D0BCF1040F21
:10E4D00055D0A26C002A07DBBCF1010F00F084804C
:10E4E000BCF1030F00F0C580E07894F84520FE2AC7
:10E4F00014BF06220422934231D0384D8EEA000226
:10E5000035F812204FEA092189B2013B82EA010560
:10E51000E360A586002B90D1BCF1040F03D18A42A1
:10E5200018BF47F0080727F002070023277075E798
:10E530000121A2E7D21A92F83E04E070D5E7D7F89D
:10E540001C148B409B1A3B4493F8380423E77869EA
:10E5500011F00EFD411C2FD0E268C0B21BE7013B59
:10E560001E4FA07084468EEA0C0237F81220E3603A
:10E5700082EA0923A38660E706F03EFC57E7D2F85B
:10E580003484D2F8281402EB080090F83C04E070C0
:10E5900081B9D2F82424216C0A4314BF012202223B
:10E5A0004244DFF8348008FB0565C5F834249CE755
:10E5B0000121EAE60122F3E7BB68E268012B03D1FF
:10E5C000237823F060032370E520E4E64C950320D4
:10E5D000B81300207014002088050100C0D6021076
:10E5E00081D60010C5CD0010013B052B00F29F80A5
:10E5F000DFE803F0030339241E125FFA8EF0514D59
:10E6000080EA0E0235F81220E07082EA0922E36007
:10E61000A286002B87D010E74B4A02FB05621079D7
:10E6200094F84520E070FE2A9AD18446454F9AE737
:10E630000022444F94461046E27094E7434D414F08
:10E6400085FB0205D017C0EBA50000EB8000A2EB14
:10E6500040023A4492F8000294F84520E070FE2A05
:10E6600080D1A0707EE70120364FE0707BE7012368
:10E67000B9E644F2621000FB052202F5225238325C
:10E6800006EB8202013B5268052B50D801A050F8DE
:10E6900023F000BFFBE50010FBE5001003E70010CE
:10E6A000E7E60010CBE60010ADE60010264802EBCE
:10E6B000420200FB0522324492F8340494F84520CB
:10E6C000E070FE2A7FF44CAFAFE71F4802EB420236
:10E6D00000FB0522324492F836041A4FC0F30010B2
:10E6E0008446E0703FE7184802EB420200FB052237
:10E6F000324492F8350494F84520E070FE2A94D113
:10E700002EE7114802EB420200FB0522324492F848
:10E71000340492F83624FF2814BF0125022502F0A4
:10E72000030282EA05008446064FE0701BE7E078AA
:10E73000E360044B80EA0E0233F8123083EA0923C7
:10E74000A3867AE6C0D60210880501006766666671
:10E750002DE9F04FAB4BAC4CAC4FA66B1B6805469C
:10E7600006FB07F783B0002B3BD194F8048008F038
:10E77000F003A02B2ED0F02B2FD1A449DFF8AC92C0
:10E7800006FB01F1E26809EB010A206CDAF80830B7
:10E79000023A0244042BE26000F08180002AD4F89F
:10E7A00010C009EB070B47DDBCF10F0F00F2F6803C
:10E7B000DFE81CF01801F4001201F40076015701A3
:10E7C0004D013E01F400DD01F400C701A1019501F6
:10E7D000F4001300E268002A08DCE57003B0BDE82D
:10E7E000F08F0121304609F015FCBEE7DFF83C92BE
:10E7F000864B03FB06939968642964D18021D3F882
:10E800001C04561E8140891A0B4483F83854E66074
:10E81000002EE2D1B0230F2223702261666105F041
:10E8200011FF324631467A4806F0A0FA4146794A4D
:10E83000794805F01FFCD0E7BCF10F0FCDD0BCF13B
:10E84000090F00F0AF800021BCF10D0F08BFE06997
:10E85000227812BF21632063E16122F0020222705C
:10E860000F22642B226100F09B82684B03FB06930E
:10E87000586913F007FB013003D1237843F02003DC
:10E88000237005F0DFFE06F0CBFA644B834200F004
:10E890009A82402200215E4806F068FA9DE7002A2D
:10E8A00040F31182A5F1F503092B00F26A81DFE83C
:10E8B00013F0FC01DB01AB014900490049004900AC
:10E8C0006801680179012846596916F00DFE01308A
:10E8D00003D1237843F0200323704C4B03FB0693B2
:10E8E0009A68042A00F03182E368013B002BE36060
:10E8F0003FF773AF454B03FB06939A68042A00F079
:10E900006582237823F0020323700023E36005F07F
:10E9100099FE06F085FA414B834200F0D5824022F1
:10E9200000213B4806F022FA384B03FB0693586956
:10E9300013F0A8FA01307FF450AF237843F020039E
:10E9400023704AE7002800F0FF82A38E1A0292B2D9
:10E950001B0A0B2121612D496B4001FB0691D1F867
:10E9600028742F4931F813305A40284B03FB069383
:10E97000D3F834144E1C03EB010CC3F834648CF848
:10E980003C544FB9D3F82474074305D10231C3F87E
:10E990003414334483F83C54A2861EE7214805F022
:10E9A00069FB1AE7032B00F09282B0230027237043
:10E9B0000F2367612361E76005F044FE3A4639465C
:10E9C000134806F0D3F9184A4146134805F052FBA4
:10E9D000DAF80830227840E7FE2DE3690AD00133E7
:10E9E000E361FAE6FC2DE36900F01983FE2DF6D110
:10E9F0000023236200220423E16923616162E26152
:10EA0000EBE600BF4C950320B813002088050100F9
:10EA1000C5CD001024C20210F4C0021081D600102F
:10EA2000C0D602107CC402108CC2021070140020E8
:10EA3000032D00F27D83032B00F00184642B00F092
:10EA4000AA83012D40F0928309232361C5E6642B3C
:10EA500000F02383012B00F0EA83A56107232361E3
:10EA6000BBE6642B00F00D83012B00F0D183E36B38
:10EA70009D4212D00026B0230F22237022616661CE
:10EA8000E66005F0DFFD32463146BE4806F06EF91D
:10EA90004146BD4ABD4805F0EDFA062323619CE6D8
:10EAA000642BBB4B03FB069300F0DB825B689D424B
:10EAB00012D00026B0230F22237022616661E66027
:10EAC00005F0C0FD32463146AE4806F04FF94146EA
:10EAD000B04AAE4805F0CEFA052323617DE6FE2D4F
:10EAE000E3697FF47CAF00220423E169FE25E16243
:10EAF000E261236171E6F72D00F0DB82032B00F069
:10EB0000E982B0234FF0000A23700F23C4F814A049
:10EB10002361C4F80CA005F095FD52465146994872
:10EB200006F024F941469C4A984805F0A3FA984B10
:10EB300003FB06939B68032B00F084850D23236160
:10EB40004BE6FE2D00F07282032B00F0CE83642B87
:10EB500004D18F4B03FB0693C3F834546369013B24
:10EB6000002B63613FF739AE0C23236135E605F0D6
:10EB7000FC02F82A00F03A82FE2D00F00584E369D9
:10EB80002DE70B232361824B844A03FB0693D3F8C2
:10EB90002874A38E85EA132132F8112082EA032219
:10EBA00092B2E2E6002840F0DF81794B03FB069346
:10EBB000D3F834141FFA81FC754B03FB0693D3F88A
:10EBC00038247F2A00F31F83D3F81C748F42C0F2CD
:10EBD000D68399184FEA1C270232C3F8382481F8EB
:10EBE0003CC481F83D740B232361002840F0C281AE
:10EBF0004FF6FF73A38603F2895303FB06934EF689
:10EC00002172D3F82874B0E6614BB4F834C003FB2A
:10EC10000693D3F834B4D3F828744FEA1C280BF1C8
:10EC2000010A03EB0B05C646C3F834A485F83C84FF
:10EC300057B9D3F82414014306D10BF10201C3F8EC
:10EC40003414534483F83C840B23023A0244E260B8
:10EC50005FFA8CF5514A23618EEA050332F81320DE
:10EC600082EA0C2292B280E6494B03FB0693D3F86A
:10EC70002874A38E1A0292B21B0A002800F06B813E
:10EC80001121C2252161454983F0C20331F81330B7
:10EC90005A403F4B03FB0693D3F83414481CC3F887
:10ECA00034040B4483F83C5476E6394B03FB06935B
:10ECB000D3F82874002800F03A8110234CF6B4529F
:10ECC000A1252361E5E723690F2B3FF486AD0F23D0
:10ECD000DAF80420DAF820142361E36BDAF8140080
:10ECE00001FB0233DAF81C2402FB03F12378002233
:10ECF00023F002031031237016F094F807F23C4021
:10ED00000122DAF81430DAF81C14484417F0BCFD7C
:10ED1000012803D0237843F0200323701C4F07FB06
:10ED200006977B68D7F818249342FFF69EAD01330F
:10ED3000002201217869C7F8183416F073F8796950
:10ED4000D7F8180416F0D0FB8FE5D3F83424D3F8A5
:10ED5000281402F1010C9818C3F834C480F83C540C
:10ED600029B9D3F82404216C014300F02F82A28E2C
:10ED70000A4B85EA122133F8113083EA0223A38675
:10ED8000B2E500BFC5CD001030C30210F4C00210C0
:10ED900088050100F4C2021064C40210C0D602103B
:10EDA0000026B023277923706661E66005F04AFCEF
:10EDB00032463146C04805F0D9FF3946BF4AC048FF
:10EDC00005F058F95DE506F017F862E5D3F834244C
:10EDD000A08E511CC3F834141A445969000A82F8F1
:10EDE0003C0416F081FB431C03D1237843F020033D
:10EDF0002370B44B03FB0693D3F82824D3F834C410
:10EE0000D3F814E02AB9226CD3F824140A4300F092
:10EE10007283AC4BA28E03FB0693D3F834C45969BA
:10EE20000CF1010EC3F834E4D0B2634483F83C24FF
:10EE300016F05AFB411C03D1237843F020032370C2
:10EE4000A04A02FB0692D2F828342BB9D2F8243417
:10EE5000216C0B4300F03C839A4B03FB0698D8F8D7
:10EE600038247F2A3FF74DADD11943F6FF7A494444
:10EE700002F1020C0CE0534514D0D8F83404984247
:10EE800010DD60467F2801F102010CF1020C7CDCF0
:10EE900091F83CE491F83D340EEB0323C3F30D03EA
:10EEA000002BE8D1ACF102039A423FF42AAD08EB03
:10EEB000020383F83CE491F83DE4531C434460466C
:10EEC00083F83CE40232DDE705F096FF27E5A2690E
:10EED0007D4802EB42020A444A4492F836140193F8
:10EEE00041F0080182F8361405F0C4F8A1695846CB
:10EEF000DAF81480FEF706FC00220146404615F0C1
:10EF000091FF019B01221946A36903EB4303D81922
:10EF100000F23440DAF81430484417F0B5FC227897
:10EF20000130DAF8083008BF42F0200295E40B23E4
:10EF3000A18E664A23610B0A83F0F50332F8132091
:10EF400082EA012292B210E54FF6FF734FF47F423E
:10EF5000A386FF23FDE40B2121615C4983F0F603C6
:10EF600031F813305A4000E52369102B00F0CC81B2
:10EF70000B232361A18E554A0B0A83F0FE0332F85E
:10EF8000132082EA012292B283E682423FF4B9ACB6
:10EF90007F2A07F23C4706DCB8180021C2F1800244
:10EFA000484410F0BDFE474B002203FB0698E36B7C
:10EFB000D8F80410D8F8200400FB0133D8F81C144A
:10EFC000D8F8140003FB01F1103115F02BFF0122DA
:10EFD0008021D8F8143009EB070017F055FC012800
:10EFE0003FF48FAC237843F020038BE4642B00F0D4
:10EFF000D481012B00F04E82002800F03182A5F16F
:10F00000F802012A40F2B182032B00F0868200222E
:10F010000B23E1692361A162E261FFF7DEBB0221FC
:10F02000002223622161E261FFF7D7BB032B00F0CE
:10F03000E781B023002723700F2367612361E76016
:10F0400005F000FB3A4639461B4805F08FFE414665
:10F050001F4A1B4805F00EF81A4B03FB06939B68EA
:10F0600072E5D3F83024B2F5806F80F0C180511C76
:10F07000C3F830141A44052382F838542361FFF78B
:10F08000ACBB104B03FB0693D3F83024511C1A443D
:10F09000C3F8301482F83854FFE40A4B03FB06939C
:10F0A000D3F83024511C1A44C3F8301482F8385471
:10F0B000D4E4013AE2603EE5C5CD0010D8C20210AA
:10F0C000F4C0021088050100A8C20210C0D60210C8
:10F0D00050C40210A169BD4A01EB410302FB063393
:10F0E0004B4493F8362442F0080283F83624B74B99
:10F0F000584603FB0696D6F81480FEF703FB002261
:10F100000146404615F08EFEA069012200EB40004A
:10F11000384400F2344003217369484417F0B4FBCB
:10F1200001307FF40BAD237843F02003237005E515
:10F13000B0234FF0000A23700F23C4F814A02361FA
:10F14000C4F80CA005F07EFA52465146A04805F0DE
:10F150000DFE41469F4AA04804F08CFF9B4B03FBE9
:10F1600006939B68032B6AD0642B14D000260F23D0
:10F17000B0222779C4E903632270666105F062FA60
:10F1800032463146924805F0F1FD3946934A92489D
:10F1900004F070FF58E48D4B03FB0693D3F8302442
:10F1A000D3F81C14501CC3F8300413444A1C83F8D1
:10F1B000385405D0A94203D089492079FDF76EFE65
:10F1C000824B03FB0693C3F81C543DE402329C447B
:10F1D00028465969C3F834248CF83C5416F084F955
:10F1E00001307FF4C4AD237843F020032370BEE5E3
:10F1F00000220F212378C4E9032143F02003237068
:10F200006261FFF7EABA774804F034FF206CEAE461
:10F210003DB900283FF441AC73492079FDF73EFE2B
:10F220003BE440467149FDF739FE206CF1E7092DBA
:10F230007FF614AC40466E49FDF730FE0EE444F212
:10F2400062130021614A03FB065302FB069203F599
:10F250008373D2F82804C2F8301459F8232090425E
:10F260005CDB02EB42033B444B4404E0013290423E
:10F2700003F1030352DB93F83414FF29F6D193F81A
:10F28000361401F0030181F002018D42EED144F207
:10F29000621303FB0653511C03F5837349F82310D3
:10F2A000531CA5D0E16B276C003918BF0121003F2A
:10F2B00018BF0127454802EB420306FB00F0034458
:10F2C000484440684B4483F83404090105F00300C6
:10F2D00041EAC71180F00100014383F83614A169A7
:10F2E000A26183F83514FFF7AFBB384B284603FB08
:10F2F0000693596916F0F8F801307FF42FAC2378A3
:10F3000043F02003237029E4304B03FB0693D3F82A
:10F310003414A1F500471FFA87FC4DE444F2621152
:10F3200041F2A86241F2AA6706FB01F14B1903F50D
:10F330008373904249F823703FF75AAF4FF0800C27
:10F3400040F65437421C0B182048114401F59051E7
:10F350000E3100FB069059F821E003F590530CFAAA
:10F3600005F110337144BA42C0F8282449F823103B
:10F3700096D147F28C5301F50851C15092E71D48D0
:10F3800004F078FE206C2EE4032B00F0FC80404655
:10F390001949FDF783FDFFF7A6BBF92D00F0318178
:10F3A000FA2D00F02281F82D40F08980134804F0F6
:10F3B00061FE064B03FB06939B68032B00F0AD80B8
:10F3C000012B79D14FF48073636120E68805010039
:10F3D000C5CD00105CC30210F4C0021070C302104F
:10F3E00084C3021038C202101CC3021008C30210EA
:10F3F00044C3021068C202108CC20210F8C302108B
:10F40000914AA16902FB06F601EB410232444A44EB
:10F4100092F836C44E444CF00C0C584682F836C470
:10F420000193D6F81480FEF76DF90022014640469C
:10F4300015F0F8FCA069019B00EB4000384400F295
:10F440003440194601227369484417F01DFA01300F
:10F450007FF4D0AA237843F020032370FFF7CABAC1
:10F46000F92D00F0E180FA2D7FD0F82D40F0D78003
:10F47000A269754902EB420201FB0622D4F8B000F2
:10F480004A4492F83614002878D041F0600182F89E
:10F490003614B9E5F92D00F0BD8005F0FD03F82B19
:10F4A00090D1694B03FB06935B68112B8AD04046D1
:10F4B0006649FDF7F3FC7CE7642B7FF4A8AD80235D
:10F4C000614A02FB0692D2F81C24934063619EE5D8
:10F4D000D2F83434591CC2F834141344516983F8F7
:10F4E0003C0416F001F801307FF4B6AC237843F009
:10F4F00020032370B0E40CF10102C3F834247146F8
:10F50000634483F83C0415F0EFFF01307FF481ACD5
:10F51000237843F0200323707BE444F26212A36952
:10F5200002FB063303F590530E3359F82310464B74
:10F53000002203FB06F609EB0603586915F072FC7E
:10F54000A369802103EB430333444B4493F83624EF
:10F5500093F83434FF2B14BF0120022002F0030380
:10F56000434001FA03F3636151E5A269364902EBB6
:10F57000420201FB06224A4492F8361441F020016F
:10F5800082F8361440E5304D314806FB05F501930D
:10F5900004F070FDA169584601EB41022A444A4437
:10F5A00092F836644D4446F0080682F836646E6977
:10F5B000FEF7A8F800220146304615F033FCA0699A
:10F5C000019B00EB4000384400F234401946012210
:10F5D0006B69484417F058F901307FF484AA237806
:10F5E00043F020032370FFF77EBA00287FF467AF53
:10F5F000D4F8B030002B3FF462AF164804F03AFD67
:10F60000D7E6D4F8B030002B3FF459AF124804F0DD
:10F6100031FDCEE640461149FDF740FCC9E60A4BF4
:10F6200003FB06939B68EFE4A269074902EB4202E1
:10F6300001FB06224A4492F8361441F0400182F858
:10F640003614E1E4A16952E58805010030C40210D6
:10F65000A8C20210B8C30210D8C3021018C4021006
:10F66000F8B5514B2DED028B5B6823B94F4B1B68EE
:10F67000042B40F394804E4D2B792C7803F0F0034B
:10F68000402B04D051D8202B01D000F28280AF6BE8
:10F69000484E494B03FB07635A69002A76D09A68A3
:10F6A000642A6FD0454A9FED467AD2E90E019FED5C
:10F6B000458AD2ED107A404B03FB0763DB68052BCC
:10F6C00007FE088A28EE278ABDEEC88A18EE102A9F
:10F6D000D3171CF00DFB19461046F2F733FDB8EEB8
:10F6E000C88A06EE900ADFED387A86EE887AB4EEA4
:10F6F000E77AF1EE10FA304B48BF44F0020407FB02
:10F7000003F3F35858BF04F0FD045BBB04F0BF04DF
:10F71000294B03FB0766736863BB44F004042206AD
:10F720002CD444F020042C7008E0702BAFD033D8D8
:10F73000502BACD0602BAAD023060CD4D5E91423CF
:10F740001E49886B121ACA6B63EB0203002BBCBF05
:10F7500064F07F042C70002004F022FFBDEC028BCB
:10F760002878F8BD144B44F0400403FB0766736827
:10F77000002BD2D004F0FB042206D2D524F02004C2
:10F780002C70E8E7D3F82034002B8BD044F002042F
:10F79000BEE7302BD0D17AE7D02BCDD177E7FF2051
:10F7A000BDEC028BF8BD00BF940B0020A80B00201D
:10F7B000B8130020701400208805010058130020A1
:10F7C0000050434880C222480AD7233C2DE9F04F1D
:10F7D0002DED028BBC4CBD4BA56BBD4F1B6882460B
:10F7E00005FB07F7A9B0002B40F0E381B84BB94EF9
:10F7F00003FB0568D8F80830042B00F0808105F081
:10F800000FFBB54B984200F07781B44B984200F063
:10F810007381002004F0C4FE0023E360B04B84F841
:10F8200004A01B6813F0F80F04D00AF0F803F82BBB
:10F8300000F0C4810AF0F003902B00F0858322D8F9
:10F84000402B00F0A48600F20A82102B00F0CE813B
:10F8500000F26D824FF0FF3300220521A3649C4B20
:10F86000218003FB05635A601AF0040F40F05C82AC
:10F870004FF4FA6200219B4829B0BDEC028BBDE831
:10F88000F04F05F073BAD02B00F0D88206EB070BCF
:10F8900000F20182B02B00F0D581C02B00F06E8306
:10F8A000A02B40F09E814FF0FF310022884BA164D5
:10F8B00003FB0563986894F845302270FE2B00F036
:10F8C00075841AF0020900F0B1860092CAF3C001F3
:10F8D0007F4B03FB0568D8F80830642B00F0CB861B
:10F8E0007B4B05FB03F356F803903344B9F1000F4B
:10F8F00040F0B281A0780193FDF768FBB0F1FF3FC3
:10F900008046019B00F0F18694F845109A68FE2924
:10F9100001F07480216C0AF00100002941F085801B
:10F92000002841F05582012A01F02382FB230021A7
:10F9300002930193032A01F02D81009AE368002AC3
:10F9400001F0CB81013BDBB201331B01E360236C8F
:10F95000002B41F0CD815E4B03FB0563D3F82824D7
:10F96000002A41F03C82D3F82434002B14BF0B232F
:10F9700016239844564B002203FB0569D9F82C1432
:10F98000D9F82004D9F8303400FB0133D9F81C141D
:10F99000D9F8140001FB0381103115F043FA236CF0
:10F9A000002B41F0A181D9F82834002B41F00C82C2
:10F9B000D9F82434002B14BF06230C2300934FF0F6
:10F9C000000B434B07F23B4203FB0569464B039296
:10F9D0003B4403EB0807009B1F4402EB080306EBC4
:10F9E000030A0020D9F8141015F07EFD013000F054
:10F9F00021860AF801BFBA45F3D1009B9844236CD5
:10FA0000C3B1039B4FF0030943449B464FF0A10A47
:10FA10002F4FB34407FB0567A120796915F064FDFA
:10FA2000013001F08F80B9F101090BF801AFF3D17A
:10FA300008F10308264B019803FB0563596915F08B
:10FA400053FD013003D1237843F020032370204B72
:10FA5000206C03FB0563D3F8282403EB0801009214
:10FA6000029A08F1010781F83C24009A002A40F02C
:10FA7000B787D3F82424002A40F0B287002800F08A
:10FA80009C874FF43443CD2201994A40104901FB31
:10FA90000561C1F83474154931F812205340A3862A
:10FAA000237843F00303237004F0CCFD104B9FED4B
:10FAB000117AD3ED107A67EE877AFDEEE77A064881
:10FAC00017EE902A2179D7E6B81300204C95032031
:10FAD000880501007014002081D60010A145011096
:10FAE000A4700320C5CD0010AB180020C0D60210B2
:10FAF000581300200024F44805F07EF989E62379A4
:10FB000023F00403F02B7FF47AAE23690F2B3FF42C
:10FB100076AED8F80420D8F82014E36BD8F8140097
:10FB200001FB0233D8F81C2402FB03F10022103140
:10FB300015F078F901228021D8F8143008A810F0C7
:10FB4000EBF9012800F06C83B44B002203FB05683D
:10FB5000E36BD8F80410D8F8200400FB0133D8F880
:10FB60001C14D8F8140003FB01F1103115F05AF9F8
:10FB700007F23C400122D8F81430D8F8341430444D
:10FB800016F082FED8F80430D8F81824934280F298
:10FB90007283A24B03FB0568D8F8140012F072F9C7
:10FBA0004FF0FF330F22C8F830342261C8F82C34EC
:10FBB00025E60121284608F02DFA17E60AF0010093
:10FBC00094F84520831EDBB29A42206409D0216854
:10FBD000A268A06D84F84530236E2060A165A36003
:10FBE000226629B0BDEC028BBDE8F08F4FF0FF31EB
:10FBF0008A4A607802FB0562E378A16463701B1A8D
:10FC000050680344002B536040F394820123237017
:10FC1000824B03FB05639B68642B7FF425AE0025B4
:10FC20000F23B022C4E90435227004F00BFD2A46EC
:10FC300029467B4805F09AF851467A4A7A4804F0FA
:10FC400019FA11E64FF0FF32A264744A05FB02F282
:10FC5000B558002D00F0D48240232370C1E7702BEB
:10FC600000F0A28479D8502B00F04C82602BB8D1E0
:10FC70004FF0FF31694AA16002FB05625368A1643D
:10FC80000B445360002BC1DC0022644B03FB056373
:10FC90005A600523BBE7E02B00F03681F02BA0D1A2
:10FCA0004FF0FF33A364614B1B68012B00F05E82B1
:10FCB0005A4B05FB03F306EB0308D8F80820642A27
:10FCC00000F0E982F1580029C6D1D8F8143021702B
:10FCD000002B00F0A282032A00F0B386042A00F071
:10FCE000EF860323237004F0ADFC514B9FED517A56
:10FCF000D3ED107A67EE877AFDEEE77A217917EE79
:10FD0000902A4D4805F032F84449A36B002201FBCC
:10FD10000363DB682261052B0CBF41F66A0342F6E0
:10FD2000B003E261E3605CE7FDF7BCFCA0E50AF02C
:10FD3000E003202B7FF455AF4FF0FF333749A26823
:10FD400001FB0561A3644B681AF0100F13444B606C
:10FD500098D061780A44627094E7802B7FF441AFB9
:10FD60004FF0FF3100222D4BA16403FB056398681F
:10FD700094F845302270FE2B00F037821AF002070B
:10FD800002D01746CAF3C001244B03FB05639B68EE
:10FD9000642B00F02884A078FDF718F9431C014675
:10FDA00000F0A3841D4B05FB03F3F0188268012AC1
:10FDB00000F0D784032A00F03985D4F840C0E36806
:10FDC000BCF1000F0CBF1E222B22002F00F08685F5
:10FDD000013BDBB201331B011048E36000FB05600F
:10FDE0000DE0D0F824345CEA030314BF012302239E
:10FDF000194407F10803DBB2032B40F28084013A77
:10FE0000531C00EB010300F0628593F83C74D0F8BA
:10FE10002834002BE5D00123EAE700BF8805010064
:10FE2000C5CD0010CCC40210F4C00210A80B0020F5
:10FE3000581300200024F44881D6001004F0DCFFA1
:10FE400000222379227003F0F003402B05D000F24A
:10FE50006581202B01D000F22D84A56BB74B03FBED
:10FE600005635A69002A00F0F5839A68642A00F055
:10FE7000EC83B34B9FEDB37AD3E90E019FEDB28AC9
:10FE8000D3ED107AAD4F05FB07F7F319DB68052BAF
:10FE900007FE088A28EE278ABDEEC88A18EE102AC7
:10FEA000D3171BF025FF19461046F2F74BF9B8EEB1
:10FEB000C88A06EE900ADFEDA57A86EE887AB4EE5F
:10FEC000E77AF1EE10FA4CBF01230023F2595B00F0
:10FED0000AB143F04003994A02FB056672680AB909
:10FEE00043F0040343F0200323701AF0070F40F09F
:10FEF0008D831AF0080018BF012029B0BDEC028BD9
:10FF0000BDE8F04F04F04CBB4FF0FF338B4FA364C0
:10FF100007FB05656B69002B00F07F81AB68642BE4
:10FF200000F04984042B00F0CA83B02200250F237F
:10FF30002270C4E9043504F085FB2A46294684482A
:10FF400004F014FF834A10E04FF0FF32B023002585
:10FF50000F21A26421612370656104F073FB2A46BE
:10FF600029467B4804F002FF7B4A51467B4829B072
:10FF7000BDEC028BBDE8F04F04F07CB84BF23022B0
:10FF80004EF62173216C4FF00009002918BF13466B
:10FF9000A3866A4B84F8039003FB0567BA68642A5A
:10FFA00000F05A8322F0020CBCF1010FA06B00F0AC
:10FFB0007F8103FB0060C3689FED627A052B604B75
:10FFC0009FED618AD3E90E01D3ED107A07FE088A0E
:10FFD00028EE278ABDEEC88A18EE102AD3171BF028
:10FFE00087FE19461046F2F7ADF8B8EEC88A06EE5D
:10FFF000900A9FED5B7ADFED5B7AFB685846002B39
:020000041001E9
:1000000047FE877A86EE887A67EE877AFDEEE77A92
:1000100017EE908AFCF704FF41F66A0142F6B0033E
:1000200097F83D044FF0020EC0090090F8684A4668
:10003000002808BF1946D4F840A002910395CDF8D6
:1000400004B004908021DDE900504FF0000CF3462D
:1000500007E00CF1020CBCF1800F00F091827546B4
:10006000194690F83DE490F83C34023013EB0E232F
:1000700000F08682C3F3C03E03F40049C3F30D03CE
:10008000591A35B9D7F8245415B9D7F8285405B1F9
:1000900049000A449045DCDAF245DAD1F91891F8C2
:1000A0003C14FE29D5D12649DDE90350052891ED00
:1000B000107A14BF10212021A2EB080201FB02F2EA
:1000C00007EE902A0122F8EEE77A227067EE877A2F
:1000D0000622FDEEE77AC4F848C0E260B9F1000FED
:1000E00000F01D864BF23022A2860124134A1C44E4
:1000F00002FB0563002117EE902A1B48C3F8344425
:10010000FFF7BABB4FF0FF3301220C49A36401FB98
:1001100005614B68A26013444B601AE6702B3FF4F4
:100120009CAE00F2C282502B3FF497AE602B7FF45E
:10013000DCAE92E600235360052368E588050100E4
:10014000581300200050434880C222480AD7233C5D
:10015000C5CD0010A8C5021010C50210F4C00210D1
:100160000050C34500C02246DDCD0010BAF1FD0F9E
:100170007FF69EADD022BE4B22711B68DB077FF558
:1001800030AD94F84530534509D0A26D2168A3687D
:100190002260226E84F845A0A165A2602366AAF1C0
:1001A000FF03B3FA83F35B0923641AE51AF0080F1F
:1001B00040F0EB82642840F0B684B0239046237070
:1001C0000F23C4E9043204F03DFA42464146A948EF
:1001D00004F0CCFD5146A84AA84803F04BFF012388
:1001E0004FF0FF310093FFF773BB1AF0080F40F098
:1001F000C982642800F0A6854FF0FF310127CAE5C7
:100200000F222370C4E9042504F01CFA2A4629466B
:10021000984804F0ABFD9A4AA7E601232370E0E476
:10022000022243F6FF7BA946D8F8380411E05B456B
:100230001FD0D8F834549D4209DC7F2800F37C8419
:1002400008EB000383F83CE4023081F83CC4822AC6
:100250000FD002F120036B4413F802EC13F801CC29
:10026000411C0EEB0C23C3F30D0302324144002B5F
:10027000DDD14D4668E4013300220121D8F8140095
:10028000C8F8183414F0CEFDD8F81410D8F81804B3
:1002900015F02AF97DE40023D8F814202370002AF1
:1002A000BBD04FF0FF32C8F83034C8F81C2418E532
:1002B00003FB00677B69002B00F06A82D7E901C36A
:1002C000012B00F08882BCF1FE0F00F26182D4F8AD
:1002D0003CA0BAF1010F00F35B82D7F83034002B59
:1002E00000F0628344F2621300FB03F303EB4C0360
:1002F000534403F57D53243356F8233000930133E0
:1003000000F046825F4B03FB05639A68012A00F008
:10031000EC8244F262135B4A05FB03F302FB05F136
:10032000009F72185068DA1902F52252383206EB33
:1003300082025268039102EB42025118314491F853
:10034000348491F9362491F83614804502914FEAAD
:10035000D27C019040F01C824FF0000B03F5225339
:1003600039333B44276C06EB8303864641461846E7
:10037000CDE904580793D946029BDDF80C80069717
:1003800021E0002AACBF02220122FF2914BF012173
:1003900002214B40802101FA03F302FB039950F83C
:1003A000043F674508BF4FF0010B03EB4303434491
:1003B000334493F8341493F93624714593F8363462
:1003C0004FEAD27C05D1C3F30015554503F0030372
:1003D000D7D0DDE90458BBF1000F00F0D9812A4ADB
:1003E000DFED2E7AD2E90E019FED288AD2ED108A38
:1003F000244FA36B07FB0363DB68052B07FE888A8A
:1004000028EE888ABDEEC88A18EE102AD3171BF092
:100410006FFC10461946F1F795FE06EE909AF8EE3D
:10042000E66A07EE100AF8EEC87A16EE900A87EE32
:10043000278A1BF059FC02460B460BA1D1E90001AB
:10044000F1F76AFBF1F7B6FB07FB05F106EE900A40
:1004500003959FED0F7A8020009A069DDDF804E059
:10046000DDF81CC0029F35E0C2F5285C8FC2ED3F6D
:10047000940B0020C5CD001020C50210F4C002105E
:1004800060C50210880501005813002080C2224870
:100490000AD7A33C5C8F823FC0C222480050434829
:1004A00003FB09F907EE909AF8EEE77A5CF8047F0F
:1004B000A7EEA67A07EB47030B44334493F8348442
:1004C0000132F0454FEA470338D13B440B443344F3
:1004D00093F83674C7F300197BB207F00307D145D0
:1004E00087F0010900FA09F928D1B4EEC87AF1EED3
:1004F00010FA03DDB5EBD37F00F06284002BB4BFAC
:100500005B460223B8F1FF0FCAD187F0020700FA59
:1005100007F703FB07F707EE907AF8EEE77A5CF847
:10052000047FA6EEA77A07EB47030B44334493F806
:1005300034840132C6454FEA4703C6D01FED2B7AFB
:10054000039D5FED2B6A1FED2B6A77EE487AAA4B6D
:10055000009A03FB0563DB680125052B06FE267A5E
:1005600067EE877A67EEA87AA264FDEEE77A062244
:100570000021E260A14817EE902A2570FFF77CB9B0
:10058000BBF1010F1CD04FF0010E029A5AE54FF05B
:10059000FF320123A264984AA36002FB05625368FC
:1005A00001335360FFF76EBB4FF0FF329249A260F8
:1005B00001FB05614B68A26413444B60FFF7C9BBA4
:1005C0008F4B9FED907AD3ED107A67EE877A0023F8
:1005D000FDEEE77A102117EE902A8B4884F800B0E0
:1005E000E360FFF749B90025B0220F232679C4E95B
:1005F00003532270656104F025F82A462946824893
:1006000004F0B4FB3146814A8148B0E40025B022B1
:100610000F232270C4E90353656104F013F82A46DE
:100620002946794804F0A2FB7A4A9EE4CDF800906E
:10063000FFF74EB923780AF801BF43F02003BA450B
:1006400023707FF4CEA9FFF7D8B9D3F82034002B5C
:100650003FF40FAC02233EE4B0220F23227023614B
:10066000C4F8149003F0EEFF4A464946664804F089
:100670007DFB694A79E40323237003F0E3FF604BB9
:100680009FED667AD3ED107A67EE877AFDEEE77A12
:10069000634817EE902A217904F068FB8023D8F88C
:1006A0001C249340E360FFF79CBAD02B7FF41DAC71
:1006B000FFF7D3BB302B7FF418ACFFF7CEBB584607
:1006C000FCF7AEFB802242F6B00341F66A01C5F8A2
:1006D0003424A26B032007FB0262D2682070052A33
:1006E00008BF0B46E360FFF7DFB94FF4007200214B
:1006F000237843F0010344482370FFF7BDB894F812
:100700004530FE2B00F0C381F92F40F27481FA2F9F
:1007100040F06883D4F8B030B3FA83F84FEA581841
:100720004FEA4818BCF1000F0CBFFF23CD2387EA26
:1007300003070CBF4FF47F434FF434432E4A02FBB0
:100740000562C2F83414374A32F817205340A386A2
:100750002378402243F00103414628482370FFF7E5
:100760008BB843684FF48075A3F11103B3FA83F398
:1007700000225B0909024069E5604FEA431814F062
:1007800051FBE5E71746FFF7FFBA0092FFF7A0B865
:100790001B4B9FED1C7AD3ED107A67EE877A01220E
:1007A0000023FDEEE77A2270102117EE902A1648FA
:1007B000E360FFF761B8B02200250F232270C4E97F
:1007C000043503F03FFF2A4629460F4804F0CEFACD
:1007D000154AFFF7CABBBCF1FE0FD9D8D4F83CA02C
:1007E000BAF1000FD4DC0129D2D00CEB8C0C4FEA0B
:1007F0004C0300938AE500BF88050100DDCD0010A1
:100800005813002000247449C5CD0010FCC4021008
:10081000F4C0021004C6021070C502100024F4488F
:1008200081D60010C0D602108CC5021001EB410227
:10083000134494F845C0334493F83634BCF1FE0FAA
:100840004FEA410203F0600000F05582D4F840C046
:10085000BCF1000F40F0298113F0400F40F02283DB
:10086000202840F00083D4F8B00000280ABF4FF0E1
:10087000200C4FF008084FF0280813F0080F08BFAD
:10088000E046002F40F00F81B9480A4400FB0522E2
:10089000324492F8342403F00303FF2A14BF0122E8
:1008A00002225340802202FA03F3E36044F262130F
:1008B00003FB051303F590530E3356F82310AC4B8E
:1008C000002203FB0563586914F0ACFA40E7237873
:1008D0004FF40072102143F001030CE7802003F075
:1008E000030300FA03F3FFF777BAA24ADFEDA27A17
:1008F0009FEDA28AD2ED108A9D49A36B01FB036391
:10090000D2E90E01DB68052B07FE888A28EE888A6B
:10091000BDEEC88A18EE102AD3171BF0E9F910466D
:100920001946F1F70FFCF8EEC87A07EE100A87EEC9
:10093000278A18EE100A1BF0D7F989A3D3E9002300
:10094000F1F7B0F888A3D3E90023F1F7E5F8002226
:100950008B4BF1F793F8F1F75FF90928074600F39D
:10096000E88007EE900AB8EEE77ADFED867A67EE68
:10097000277A17EE900A1BF0B7F979A3D3E9002381
:10098000F1F77CF8F1F716F907EE100A009B3B44EB
:100990000093B4EEC78AF1EE10FA7FF7D2ADF7EE0E
:1009A000007A37EE277ACCE50090FCF797FAD7F873
:1009B00004C0D4F83CA0009894E45969019814F05C
:1009C00093FD013003D1237843F020032370684B5B
:1009D000029A03FB05633B4483F83C2408F10207B9
:1009E000236C002B15BF4FF434434FF47F43CD22CB
:1009F000FF22FFF749B84FF0200893E60AF0030AF8
:100A0000BAF1020F00F0FE81BAF1030F00F0ED81A0
:100A1000BAF1010F7EF487AF012A00F0B781FA2303
:100A2000202102930193FEF785BF00283EF47BAF9F
:100A3000012A00F0AE81F823202102930193FEF7F2
:100A400079BFD8F828040028FFF64BA95D460F4669
:100A500004E00137874205F1030513DC95F83424DF
:100A6000D8F804309A42F4D195F83634E26BC3F3E7
:100A700000139342EDD158463946FCF7B3FED8F83F
:100A80002804E6E7237843F00303FFF72BB9F92F97
:100A900000F0C081FA2FAED0F82F14BF4FF000083D
:100AA0004FF060083EE61023FFE6202815BF4FF008
:100AB00008084FF028084FF0000C4FF0200CDCE63F
:100AC000236C13B1D8F8243423BB9846E36B3BB1B5
:100AD000274A02FB0562D2F82024012A00F0CA81CD
:100AE000234A07F23C4002FB0565C5F830346B68C9
:100AF0004FF4804200213044C5F82C340FF010F937
:100B000080230022C5F83434C5F8382448F00303A4
:100B1000FFF7E8B81C4803F0ADFA237843F020084B
:100B200084F80080D2E701234FF0FF310093FEF7F5
:100B3000D7BE9FED167A2CE715484D4603F09AFA7A
:100B4000FFF702B82378B9F1010943F020030BF84D
:100B500001AF23707EF460AFFEF76ABFAFF3008091
:100B60007B14AE47E17A943F00000020D9CEB73F16
:100B700088050100581300200050434880C22248D5
:100B80000000F03FC976BE3DB4C502100AD7A33CB1
:100B90009CC40210BB4B4FEA480203FB05FA08EB6A
:100BA00048035344334493F83634019203F09707D3
:100BB0000F43BB422CD0B244DAF8143041465846B9
:100BC0000293FCF79FFD014600220231029814F0C7
:100BD00029F93846DAF8141014F086FC013003D1F4
:100BE000237843F020032370A64B03FB0563586969
:100BF00011F048F9013003D1237843F0200323702A
:100C0000019BA04A434402FB0533334483F8367406
:100C10007F07009B39D594F802A00AF1010ABAF1C6
:100C20007F0F32DC002B40F04281964F07FB0567B7
:100C30004FF0FF315046FCF7C9F90146481C0BD074
:100C40005846FCF7CFFD786911F01CF9013003D14B
:100C5000237843F0200323700AF1010ABAF1800FD0
:100C6000E6D1019B874A434402FB0533334493F8A2
:100C70003424FF2A93F8362414BF0123022302F000
:100C800003025A408023934002E0002BE9D0102356
:100C9000E3607C4B03FB05639A685F69012A72D0AD
:100CA000032A32D0B023002523700F232679236135
:100CB0006561E56003F0C6FC2A462946724804F0E7
:100CC00055F83146714A724803F0D4F9002249467A
:100CD000384614F0A7F8FEF7E3BE802203F00303C2
:100CE00002FA03F3FEF732BE0C230093FEF767BE51
:100CF0001623FEF73EBE402800F0B88060287FF43F
:100D0000D4AE84464FF06808B7E544F2621303FBA3
:100D1000058303F590530E3356F82390D6E74EF62D
:100D20002170584AA08602FB0562D2F828140029D7
:100D30007FF4DBA9D2F82424002A7FF4D6A9022468
:100D4000FFF7D4B91746B0230F22237022616761E1
:100D500003F078FC3A4639464B4804F007F8514610
:100D60004C4A4B4803F086F901274FF0FF31FFF75B
:100D70000BB8444B03FB05635A68112A0CD04FF49F
:100D800080725F69E2604FEA08299FE73D4B03FBF1
:100D900005635A68112AF2D00025B0220F23267964
:100DA000C4E903532270656103F04CFC2A462946CE
:100DB000354803F0DBFF3146374A3548FFF7D7B8EF
:100DC000039D0092FFF7BDBB06230093FEF7F7BD1E
:100DD000D4F8B01071B9012A7FF421AED9E70B2302
:100DE000FEF7C7BD4FF000089CE4D4F8B030002BEC
:100DF0003FF412AE012AC9D0F82360210293019377
:100E0000FEF798BD012A08D0F923402102930193EF
:100E1000FEF790BD4FF0400884E42049207900930C
:100E2000FCF73CF84FF48072009BE2609A685F69BF
:100E3000012AA8D0032A3FF468AF0F23B0222579F6
:100E400022702361C4F81490C4F80C9003F0FAFBEC
:100E50004A4649460C4803F089FF29460B4A0C488C
:100E600003F008F932E74FF0080806E584464FF032
:100E7000480802E50A4803F0FDF8237843F020080B
:100E8000E36B2DE688050100C5CD00104CC10210B2
:100E9000F4C00210E0C4021040C5021018C40210D1
:100EA000DCC502104FF028084FF0200CE5E44FF0AD
:100EB000FF315046FCF78AF8421C01463FF4E7AE8A
:100EC0005846FCF78FFC074B03FB0563586910F08D
:100ED000D9FF01307FF4DBAE237843F02003237089
:100EE000D5E600BF88050100084B1A6C93F8443022
:100EF00080EA021202F01002504080EAC30303F0BD
:100F00002003584040F08000704700BFB813002015
:100F100070B5154904460DF031F8F0B1134A144983
:100F20000546002414F074FB114E204608F0CAF860
:100F3000013402463146284614F06AFB042CF4D1F1
:100F4000002008F0C9F80A490246284614F060FB60
:100F5000284614F09FF8002070BD2146054803F094
:100F6000DBF84FF0FF3070BD24C60210881400205B
:100F70003CC6021028C60210F0B53049ADF2044D4F
:100F800004460CF0FBFF002850D0054602464FF403
:100F90008061684600242A4E11F0E8F840B13146DD
:100FA000684616F073F80DF800409DF80030C3BB9A
:100FB00000242646224F2A464FF48061684611F0ED
:100FC000D5F840B13946684616F060F80DF8006073
:100FD0009DF80030DBB90134042CECD12A464FF4E3
:100FE000806168460024164E11F0C0F840B13146C9
:100FF000684616F04BF80DF800409DF800305BB9DC
:10100000284614F047F800200DF2044DF0BD694663
:10101000204608F055F8DEE76946204608F060F8FB
:10102000EEE769462046FCF755FDC1E70548214635
:1010300003F072F84FF0FF30E6E700BF40C3021044
:1010400054C6021040C6021070B5054682B0012297
:10105000794905F069FF01222846784905F064FFC7
:1010600001222846764905F05FFF0122284675498E
:1010700005F05AFF744C28467449FCF715FA2846C7
:101080007349FCF711FA63690122003B18BF012381
:1010900021462846019305F047FF01222846211DDD
:1010A00005F042FF0122284604F1080105F03CFF4B
:1010B0000122284604F1100105F036FF01222846DE
:1010C00001A905F031FF284604F1180105F0F4FFED
:1010D000A368032B6AD0642B4FF00102284604F565
:1010E00083613AD005F020FF284604F21C4101221A
:1010F00005F01AFF284604F58461012205F014FF6B
:10110000284604F22441012205F00EFF284604F58A
:101110008561012205F008FF284604F22C410122D6
:1011200005F002FF284604F58661012205F0FCFE69
:10113000284604F23441012205F0F6FE284604F563
:101140008761012205F0F0FE4FF48042284604F248
:101150003C4105F0D9FD02B070BD05F0E5FE284622
:1011600004F21C41012205F0DFFE284604F58461EB
:10117000012205F0D9FE284604F58561012205F01B
:101180008FFE284604F58661012205F00FFE2846F1
:1011900004F23441012205F0C7FE4FF48062284674
:1011A00004F5876105F0B0FD02B070BD04F5836100
:1011B0000422284605F0B8FE04F585610122284680
:1011C00005F0B2FE04F22C410122284605F0ACFEE7
:1011D00004F586610122284605F0A6FE1D4E04F2A4
:1011E000344421460122284605F08EFD012228467E
:1011F000A11805F089FDA11C01222846033405F041
:1012000083FDB442EDD141F2AB622846124905F0AC
:101210008BFE41F2AB622846104905F085FE104C6A
:1012200004F5FF66214602222846083405F07CFEBC
:10123000A642F7D102B070BD980B0020940B00209D
:10124000681400206C14002070140020B8130020D3
:1012500010140020A55C0020A85C002054B70020DA
:1012600000120120F0B5814F05467B6983B013B1B0
:10127000184613F00FFF012228467D4905F096FE1F
:10128000012228467B4905F091FE012228467A4931
:1012900005F08CFE01222846784905F087FE284695
:1012A0007749FCF777F928467649FCF773F901226C
:1012B00028466E4905F07AFE01222846724905F05B
:1012C00075FE01222846714905F070FE012228466C
:1012D0006F4905F06BFE0122284601A905F066FE64
:1012E000019B2846003B18BF01236A497B6105F03A
:1012F00009FFBB68032B64D0642B4FF00102284622
:1013000065493CD005F052FE01222846634905F0AC
:101310004DFE01222846624905F048FE012228467A
:10132000604905F043FE012228465F4905F03EFE74
:10133000012228465D4905F039FE012228465C4914
:1013400005F034FE012228465A4905F02FFE0122FD
:101350002846594905F02AFE4FF48042284657494D
:1013600005F0D8FC7B6943B155494A480CF006FEAC
:101370007861002865D000233B6003B0F0BD05F024
:1013800015FE28460122454905F010FE2846012297
:10139000434905F00BFE28460122434905F0A6FD0E
:1013A00028460122424905F03BFD284601224149D9
:1013B00005F0FCFD4FF4806228463F4905F0AAFC89
:1013C000D0E704222846344905F0F0FD01222846E2
:1013D000354905F0EBFD01222846344905F0E6FDCC
:1013E00001222846324905F0E1FD324C354E2146B6
:1013F0000122284605F08EFC01222846A11805F09E
:1014000089FCA11C01222846033405F083FCA64276
:10141000EDD141F2AB6228462B4905F0C7FD41F200
:10142000AB622846294905F0C1FD294C04F5FF6649
:10143000214602222846083405F0B8FDB442F7D10F
:1014400090E7244913480CF099FD0446786118B1DF
:1014500001233B6003B0F0BD01460E4A1E4802F076
:101460005BFEBC603C603C7687E700BF70140020E8
:10147000980B0020940B0020681400206C140020AE
:10148000B8130020101400207414002078140020D9
:101490008014002088140020881800208C18002058
:1014A0009018002094180020981800209C18002004
:1014B000A0180020A4180020A8180020AC180020B4
:1014C0007CC10210A55C0020A85C002054B700205D
:1014D0000012012080C1021058C6021082B2B2F57B
:1014E000406F08D2044AC9B212F800C08C4502D03D
:1014F000115406F07BBC7047441C01201C4B1B6838
:10150000184483B2B3F5406F1BD21A4BC9B21A5CB0
:101510008A4216D0184A195413683BB3B0F5C06F0D
:1015200010DBA0F5C063C0F301129B1103EBC203F3
:1015300000F00F0003EB8303403000EB031006F0D4
:1015400055BC704703460028B8BF00F13F03424234
:101550004FEAA31302F03F0200F03F0003EB8303C6
:1015600058BF504200EB031006F040BC06F03EBCF2
:101570009C0B0020441C0120B08D0320B0F5705F4F
:1015800008B516DA244AD2F8043C83420EDC43F252
:10159000E07320F0030199421AD0A0F55F532C3B71
:1015A000032B18D8DFE803F0110E0B081B4B185C57
:1015B00008BD1B4BC05C08BDFCF7A6FE08BDFCF7D0
:1015C00021FE08BDFCF712FE08BDFEF749F808BD74
:1015D00003F078F808BDB0F5645F06DBD2F8083C8C
:1015E00073B9BDE8084007F057B9B0F5605FF8DAA5
:1015F00043F2E87399420DD1BDE8084006F040BDC2
:10160000084B5B68984205DA074BD2F80C2C034470
:10161000985C08BDFF2008BD441C012098280120CB
:1016200044E000209C0B00209C700120B0F5705F0E
:101630001EDB294B9B686BB1A0F5705083B2B3F5EC
:10164000406F14D2254BC9B21A5C8A420FD019548C
:1016500006F0CCBBA0F5705011F0A00F83B214BF00
:1016600001F0BF0141F04001B3F5406FEAD370478C
:10167000A0F55F532C3B032B0FD8DFE803F00B08DA
:101680000502C8B2FDF764B8C8B2FCF7C1BDC8B264
:10169000FCF7B2BDC8B2FEF799B843F2E07220F091
:1016A000030393420DD0B0F5645F0DDB0B4AD2F813
:1016B000083C002BDBD00A4BD2F80C2C0344995485
:1016C0007047C8B2FCF780BC43F2E8729342CED1B7
:1016D000084606F0D3BC00BF9C0B0020441C012030
:1016E0009C700120024BA0F570501860704700BF3D
:1016F0009C0B0020054B1B68184483B2B3F5406F68
:101700003ABF034B185CFF20704700BF9C0B0020C2
:10171000441C0120074B1B6803449AB2B2F5406F8A
:1017200006D2054AD05C884202D00120D1547047CD
:10173000002070479C0B0020441C0120054B1B68B7
:10174000184483B2B3F5406F3ABF034BC018002072
:10175000704700BF9C0B0020441C012010B50446BC
:10176000072805D8DFE800F00C04152204042D3802
:101770000146204802F07EFC1F4B83F81C4C10BD34
:1017800000221D4B83F81C4CC3F80C2CC3F8102C02
:1017900010BD0021184BD3F8182C83F81C4CA2F56F
:1017A0000042C3F8102CC3F80C1C10BD0022124BD1
:1017B000D3F8181C83F81C4CC3F8101CC3F80C2C6D
:1017C00010BD00220C4BD3F8181C83F81C4CC3F836
:1017D0000C1CC3F8102C10BD0021074BD3F8182C9B
:1017E00083F81C4C02F50042C3F80C2CC3F8101C03
:1017F00010BD00BF6CC60210441C012028B3012894
:1018000014D0174A401002EB8000C0F8081CD2F830
:10181000143CD2F8100CD2F80C1C1B0443EA002331
:101820000B4303F58033C2F8183C70470C4A0D484F
:10183000D2F8183C83420ED80B4810B45C1CC1543B
:10184000C2F8184C5DF8044B7047054BD3F8183CB0
:10185000B3F5003F00D37047034AD154704700BF2F
:10186000441C0120FEFF01009C70012080B1012872
:1018700006D00F4B401003EB800393F8080C704721
:101880000B4A0C49D2F8183C8B420AD9FF2070470A
:10189000074BD3F8183CB3F5003FF7D2064AD05CAB
:1018A00070470548591CC05CC2F8181C704700BF3F
:1018B000441C0120FEFF01009C7001200B4B1A68A4
:1018C000824211D070B50A4D18606C1E05F2FF7689
:1018D000C5F1010594F85110281904F8011F06F00C
:1018E00085FAB442F6D170BD704700BF9C0B002052
:1018F000441C0120024608B5064B1020C3F8202CDA
:1019000002F03CFC02F072FFBDE80840002006F047
:1019100015BA00BF441C0120030413F4E02303D0D4
:10192000000300F400400343024AC2F8183CC2F826
:101930000C3C7047441C0120072811D001210C4B9E
:1019400000F0070CD3F8202C01FA0CF100074CBF73
:101950000A438A431821C3F8202CC3F8241C70477B
:1019600010210022024BC3F8241CC3F8202C70471E
:10197000441C012038B5194DD5F8283C834212D0BB
:1019800043400446980615D4D9060DD4A20703D4C3
:10199000D5F8283C9B0716D4A30203F44033C5F8BE
:1019A000284CC5F8183C38BD600100F4007007F001
:1019B000AFF9EBE7200100F4007007F09FF9D5F8CC
:1019C000283C6340E0E706F045FAA30203F4403305
:1019D000C5F8284CC5F8183CE5E700BF441C0120B9
:1019E00038B51A4DD5F8283C98420ED043400446ED
:1019F000980621D4D90619D4A20710D5A30203F45E
:101A00004033C5F8284CC5F8183C114B114A20202A
:101A10001A6002F0B3FBBDE8384002F0E7BED5F82B
:101A2000283C9B07EAD506F015FAE7E7600100F4C9
:101A3000007007F06DF9DFE7200100F4007007F097
:101A40005DF9D5F8283C6340D4E700BF441C012071
:101A50009C0B002000C4FFFF094A92F81C3C834203
:101A60000CD0830403F4402310F0800FC2F80C3C28
:101A700008BF002382F81C0CC2F8103C704700BF5E
:101A8000441C012038B5134DD5F8203C834209D0C1
:101A900043409907044606D45A070DD41B0614D4B4
:101AA000C5F8204C38BD00F0020007F01FF9D5F84A
:101AB000203C63405A07F1D504F0040003F068F8B5
:101AC000D5F8203C63401B06EAD504F0800007F0FF
:101AD000F7F8E5E7441C012038B5224C000494F8DF
:101AE0001C5C00F4F810C4F8180C072D05D8DFE8CA
:101AF00005F00B04141E0404262E29461A4802F091
:101B0000B9FA84F81C5C38BD0023184A84F81C5CC0
:101B1000C4F8103C42F8043C38BD0023A0F5004056
:101B200084F81C5CC4F8100CC4F80C3C38BD0023CD
:101B300084F81C5CC4F8100CC4F80C3C38BD0023BD
:101B400084F81C5CC4F80C0CC4F8103C38BD0023AD
:101B500000F5004084F81C5CC4F80C0CC4F8103C80
:101B600038BD00BF441C01206CC60210542801205F
:101B7000024BB3F81A0C00F01F007047441C012000
:101B800038B5224C00F01E00023094F81C5CC003F3
:101B9000C4F8180C072D05D8DFE805F00B04141E57
:101BA0000404262E29461A4802F064FA84F81C5CC4
:101BB00038BD0023174A84F81C5CC4F8103C42F876
:101BC000043C38BD0023A0F5004084F81C5CC4F838
:101BD000100CC4F80C3C38BD002384F81C5CC4F81D
:101BE000100CC4F80C3C38BD002384F81C5CC4F80D
:101BF0000C0CC4F8103C38BD002300F5004084F8FC
:101C00001C5CC4F80C0CC4F8103C38BD441C01200A
:101C10006CC602105428012038B5194DD5F8282C6F
:101C200082422CD0D5F8201C4302044603F4004322
:101C30008807C5F8103C10D4E301124903F480630F
:101C4000A3F570530B60210707D50F4B1B6823B911
:101C5000012006F07BF9D5F8282C624053070CD5FB
:101C60004FF0000284F00403C3F38003074963F3D9
:101C7000070263F30F22A1F81B20C5F8284C38BDDA
:101C8000441C01209C0B0020B08D03205813002021
:101C900000280CBF10211921054BC20202F400429A
:101CA000C3F8102CC3F8200CC3F8241C704700BFE5
:101CB000441C012000B971B121F0C00303EB801373
:101CC000084A01F0C001043309029B03C2F82C3C0E
:101CD000C2F8301C70470B46024AC2F82C3CC2F8CE
:101CE000301C7047441C012038B5134D0446D5F80C
:101CF000203C434059070AD543070ED44FF4705295
:101D00000E4B082004F040011A6006F00FF917236B
:101D1000C5F8204CC5F8243C38BD094B1B68042B82
:101D200007D010F0020F0CBF4FF470424FF4304256
:101D3000E6E74FF46452E3E7441C01209C0B0020CB
:101D4000B80B002000F007031033162BA8BF102398
:101D5000134A00F00101C2F8243C10F0080382F895
:101D60001C0C0ED0C00200F4F020A1B100F58030B0
:101D70000346C2F8180C0021C2F80C3CC2F8101C33
:101D80007047C2F8183C0029F5D10023C2F8101C96
:101D9000C2F80C3C704700F50041C2F8181CF4E78B
:101DA000441C012010F0200F0CBF01230023054A22
:101DB000C00300F47820DB03C2F8340CC2F8383CCE
:101DC000704700BF441C0120054AD2F8383CD2F8C5
:101DD000340CB3FA83F3C0135B0940EA4310704735
:101DE000441C012070B5354DD5F8203C83421BD0F2
:101DF000D5F8242C0446103A0E2A13D8DFE802F056
:101E0000081212120812121A121212120F2336009E
:101E100010F0100F0CBF10221422C5F8242C6340C0
:101E2000DB0702D4C5F8204C70BD04F0010002F0BD
:101E3000AFFEF7E7441004F0080403F007031C4367
:101E4000C5F8204C70BD43401E061DD498072CD405
:101E5000D907E7D514F0010612D0194B1B68002BE7
:101E6000E0D13146082006F061F8DBE743409A07ED
:101E700013D45B07D6D504F0040002F089FED1E745
:101E8000304606F063F8E8E7022004F0800106F02F
:101E90004DF8D5F8203C6340D8E700F0020006F08A
:101EA0000DFFD5F8203C6340E3E704F0020006F0A4
:101EB00005FFD5F8203C6340CAE700BF441C012061
:101EC000B08D0320014BC3F8200C7047441C012047
:101ED000014BD3F8200C7047441C0120014BD3F870
:101EE000280C7047441C012000F0300300F00C0265
:101EF00003EB430302EB42029B03054903EB82130E
:101F000003F58033C1F8183C81F81C0C704700BF02
:101F1000441C012038B50A4DD5F8203C834208D036
:101F200043401B06044605D43423C5F8204CC5F8AD
:101F3000243C38BD022004F0800105F0F7FFF3E7F0
:101F4000441C0120084B890303EB80024328C2F89C
:101F5000081B05D1D3F8142CC3F80C2CC3F8102C93
:101F60001622C3F8242C7047441C0120034B03EBBA
:101F70008003D3F8080B8013704700BF441C012076
:101F800070B54FF4803300254FF400420646724C82
:101F90007249C4F8183C0D60C4F8382CC4F8105CC1
:101FA000C4F8145CC4F8305CC4F82C5C84F81C5C85
:101FB000C4F8345CC4F8285CC4F8205CC4F80C5C39
:101FC00006F072FE304606F071FE3046FBF720FD4B
:101FD00006F06EFE06F0F8FB02F00EFF284602F057
:101FE000B9FA002E40F083805D4DEB68022B25DDB1
:101FF0004FF44062202158480DF092FE03F070F932
:10200000002002F0BBF805F06FFF012005F096FEFE
:1020100002F0ECFB534B1B68002B40F08380FAF777
:102020004FFD002005F092FFEB68052B1AD0032B23
:102030001BDC022B27DC012B3DD070BD4A4B1E68F8
:1020400016F02806D4D1012002F0E2F94FF4FA622A
:102050003146464802F08AFE002005F077FFEB6823
:10206000052BE4D10123C4F8203C0021842003F097
:102070003FF9D4F83C3C002B5FD00022EB68C4F859
:10208000182C022BD7DD0024394B204683F85B4007
:1020900006F010FE204602F041FB204602F054FB01
:1020A000EB68032BC7D106F007FE204602F066F866
:1020B000EB68012BC1D1002006F000FE02F0FCFA13
:1020C00000210A2005F032FF2A4B1B68062B36D070
:1020D000072B39D0052BB0D1502006F0F1FD082098
:1020E00002F04CF8BDE87040002005F027BE4FF02C
:1020F000FF11214B03F5003243F8041B9342FBD13F
:10210000174DFF214FF490421C480DF009FEEB687B
:102110001B4A1B012A60C4F8243C06F095FD05F01B
:102120005DFA65E74FF0FF31084605F073FF4FF0A9
:10213000FF31084605F070FF71E7EB6879E7402052
:10214000BDE8704002F01AB8802002F017F8BDE830
:102150007040002005F0F2BD441C0120BC8D03201E
:102160009C0B00204C950320A47003201144011007
:102170009CB00120B80B00209C7001209828012001
:1021800000C4FFFF014B93F81C0C7047441C012056
:10219000014BD3F8240C7047441C0120034A044B24
:1021A000D26800EB0210C3F8240C70479C0B00208F
:1021B000441C0120B0F5904FBCBF014B195470472F
:1021C00098280120134B5A68824213DDB0F5804FE6
:1021D00012DAB0F5705F12DAB0F5605F15DA43F22B
:1021E000E87220F00101914211D00B4AD2F8042C80
:1021F000904207DBFF207047084A105C7047084A8E
:10220000805C7047074A105C704706F045BB05F0DC
:1022100037BF00BF9C0B0020441C01209C70012094
:1022200044E0002098280120B0F5003FBABF024BDF
:10223000185CFF20704700BF9C700120B0F5003F84
:10224000BCBF014B195470479C700120994B02464A
:10225000D3F8301C80B231B1814204DC01F57F51EA
:102260003F3181426CDAD3F8401C10B549B1D3F844
:10227000341C31B1D3F8384C80EA040C1CF4004F04
:1022800066D0D3F8241CA1F1100CBCF1430F55D833
:10229000DFE81CF0EF01D900B9008200860086005B
:1022A00022020D0245023402BC018D017D0155015F
:1022B000370154005400540054005400540054009A
:1022C000540054005400540054005400540054006E
:1022D0005400540018019D009D009D00E40054002E
:1022E000540054005400540054005400540054004E
:1022F00054005400F4014400AD007900540054002F
:10230000540054005400540054005400540054002D
:1023100054005400A200A200AD007900A0F5605264
:10232000B2F5006F2FD2B0F5705FC0F29E81624AA5
:102330001268024491B2B1F5406F2BD3FF2010BD5B
:102340005E49D3F82C3CC2F30D021144C85C7047BF
:102350005A4BC2F30E020B44985C10BDB0F5404FCF
:1023600011DB890740F1B582B0F57C4F80F29E8287
:10237000B0F5794F80F2CA82B0F5784F80F275815E
:10238000B0F5774F64DAC1134C4A03EB8103D3F8FD
:102390000C3C0244D05C10BD4FF2DF71884257DC28
:1023A000454949688842C9DAD3F8081C61B193F8F5
:1023B0001C1C4FEAE03C03EB8C0C01F00703062BDE
:1023C000DCF80C1C38D008443C4B185C10BD3B4B6F
:1023D0003B4A01F089FF10BDD3F8202C002A9DD084
:1023E000D3F8042C824299DD354B185C10BDB0F552
:1023F000744FC8DBB0F5784FC0F237810344A3F5C2
:102400007843187810BDA0F55F512039B1F5026FFF
:1024100020D329494968884290DAD3F8081C00295A
:10242000D2D093F81C1CC41303EB840401F00703FF
:10243000062BD4F80C1CC6D1B0F5404FA8BFC2F390
:102440000D000844C0E7A0F57741E0391F29E0D826
:10245000C2F30D00BDE81040FFF790B8D3F8201C80
:102460004C0603D5B0F5404FC0F2CF814C0702D4E3
:10247000B0F5784FC2DA12F4404FA5D1CC0606D49D
:10248000CC0740F1EF81B0F5605FC0F247820C07E6
:1024900003D5B0F5705F80F287818C0704D4A0F576
:1024A0006053FF2B40F2E180CB078DD412F4704FC4
:1024B0008AD199E7441C01209C0B00209C700120CC
:1024C00098280120AC4949688842BFF637AF12F41A
:1024D000404F7FF479AFB0F5705F80F26581B0F561
:1024E000605F80F2C2804FF6FE7143F2E8741140E3
:1024F000A14200F0D281D3F8043C9842BFF61EAF4F
:1025000072E7D3F8201C0C0640F12C81B0F5404F47
:1025100080F22881CC0700F1BA8112F4404F40F0DC
:10252000D0810B0700F16D81B0F5505F92DA4B0757
:102530003FF54AAFB0F5405FBFF646AF54E7D3F87A
:10254000201C090703D512F4404F00F05A81D3F83C
:10255000281CCC073FF502AF01F0100C02F44042FA
:102560005CEA020C7FF40FAFB0F5705FBFF6DFAE30
:10257000A0F55F52203AB2F5907FFFF46BAF8C0765
:102580003FF501AFB0F5405FBFF6FDAE2CE7D3F8E5
:10259000201C8C063FF518AFB0F5405F80F2148127
:1025A0008C0700F16D814B073FF50EAF1CE712F46D
:1025B000404FD3F8201C40F0E380CC0700F1F980B5
:1025C000CC0640F13E81B0F5605F80F298814FF615
:1025D000FC7443F2E07C1440644500F0A281A0F555
:1025E0005F52283A072A7FF635AF4A0740F1E38069
:1025F000D3F8282CD40740F1D180604AD3F80C4C92
:10260000D3F8181C13182344585C10BDB0F5884F3C
:10261000BFF6B9AED3F8201C0F293FF4B4AECC07F7
:1026200004D4D3F8044C84423FF7DEAE8C0705D4C3
:10263000A0F57054B4F5806FC0F0B6804C0703D499
:1026400012F4404F40F0B0800A073FF59CAEB0F561
:10265000705FBFF698AEA0F55F52203A0F2A7FF662
:10266000F9AEB0F5605FFFF68EAEBDE8104006F043
:1026700013B912F4404F7FF4CCAEEBE612F4404FA6
:102680007FF481AEB0F5705FBFF651AEB0F5605F1C
:10269000EBDA4FF6FE7143F2E8741140A14200F00C
:1026A000FC80D3F8043C83427FF748AE9CE6D3F825
:1026B000201CCC0708D5304C2468844204DC04F686
:1026C000FF7C844580F2D78001F0080102F440428B
:1026D00011437FF479AEBDE612F4404F3FF4BAAE39
:1026E00012047FF571AEA0F50042921303EB820352
:1026F0002249D3F80C3C0144C85C10BD12F4404F91
:102700007FF441AED3F8203C59066BD543F2DF721B
:1027100090427FF759AE9A063FF556AE9AE612F40C
:10272000404F7FF451AED3F8203CDA0753D5B0F5D3
:10273000405FFFF649AE5C075DD5B0F5585FFFF628
:1027400043AEDA0664D5B0F5605FFFF63DAE99069C
:1027500040F18080B0F5705FFFF636AE5B063FF566
:1027600033AE77E612F4404F7FF42EAE0C0748D418
:10277000CA073FF529AED7E69C0B00209C700120CC
:102780000C0702D5110400F18C80D3F8282CD20755
:102790007FF533AFB0F5604FFFF62FAF664AD3F841
:1027A000103C0244D05C10BD0344A3F5705318786C
:1027B00010BD490703D4B0F5405FFFF615AED3F85E
:1027C000282CD207E6D4E9E70C0727D412F4404FAF
:1027D0007FF4FAAD3EE659070DD5B0F5405FFFF640
:1027E00039AEAAE79B067FF535AE43F2DF73984218
:1027F0007FF730AEE8E5DC060AD5B0F5585FA2DA1F
:1028000028E6BDE8104006F08BBA4C4BC05C10BD0A
:102810009A061FD5B0F5605F9CDA1BE6B0F5784FDD
:1028200066DAB0F5744FBFF620AFA0F56F43E03B1A
:102830000F2B7BD9B0F56C4FFFF6C6AD404BC05C9B
:1028400010BDB0F5705F64DAA0F56054FF2C7FF620
:102850000CAFBCE65C067FF5FDADB0F5705FBFF672
:10286000B3ADF7E50C073AD5B0F5705F9CDA8C078D
:102870007FF515AE1AE6021BC2F30A02985C10BD82
:102880003049C2F30A0343F44053C85C10BD2A4ADE
:10289000D3F8183C0244D05C10BDBDE8104005F0F0
:1028A000EFBBA0F5004006F025FA10BD2649C2F3A3
:1028B0000D0209680A4491B2B1F5406FBFF43EAD14
:1028C00068E542F6FF731F49134043F48053C85C28
:1028D00010BDA0F54040BDE81040FEF74FBE8B078D
:1028E0003FF5E4ADA0F56053FF2B3FF6DFADBCE64E
:1028F000154A1268821AC2F30A02985C10BD124A85
:1029000012680244C2F30A02985C10BD0F4BC05C0F
:1029100010BD0D4A18441368C05C10BD0C4BC05C60
:1029200010BD01F0CFFEFEF7DFFA10BDA0F5384074
:10293000BDE81040FEF722BE9C7001209C70022072
:10294000986C0020982801209C0B00209CF001200E
:1029500098380120B0F5804F02DB084B19547047BE
:10296000B0F5705F00DA7047054BA0F570501A5C47
:10297000C9B28A42F7D0195405F038BA9C700120C8
:10298000441C01209C4B1FFA80FCD3F8302C32B140
:10299000624504DC02F57F523F32624567DAD3F8C4
:1029A000402C10B54AB1D3F8342C32B1D3F8384C9E
:1029B0008CEA040E1EF4004F61D0D3F8242CA2F14F
:1029C000100EBEF1430F51D8DFE81EF0CF01FA011F
:1029D000B501440049004900D700BE00D401A3015D
:1029E0006C01420193011C01F8005000500050009E
:1029F0005000500050005000500050005000500057
:102A0000500050005000500050005000E9006C0091
:102A10006C006C00A30050005000500050005000AB
:102A20005000500050005000500050005F007300F4
:102A30008B006200500050005000500050005000C9
:102A40005000500050005000500050005F007300D4
:102A50008B0062004FF2DF72944500F3F380D3F8ED
:102A6000082C002A46D1654B03F80C1010BD634AB0
:102A7000D3F82C3CC0F30D000244D15470475F4B97
:102A8000C0F30E001344195410BD10F4404F15D07C
:102A90004FEAEC30594A03EB8003D3F80C3C624414
:102AA000D15410BD6046BDE81040544BC9B201F08E
:102AB00047BCACF56052B2F5006FE9D2BCF5705F6F
:102AC000D4DB4F4A1068604482B2B2F5406FCDD279
:102AD0001A5CC9B28A42C9D01954BDE8104005F049
:102AE00085B9BCF5744FD3DBBCF5784FBEDBACF5D4
:102AF0007840EDE74FEAEC3203EB820293F81C3C9E
:102B0000D2F80C4C03F00702062A00F05F81A444BF
:102B1000A9E7D3F8202C540640F1A981BCF5404F19
:102B2000C0F20A82140703D510F4404F00F0AA81C6
:102B30005207C9B297D4BCF5784F94DBACF5784016
:102B40001A5C8A42C8D191E7D3F8202CD40708D563
:102B50002B4C2468644504DC04F6FF7EE64580F2D5
:102B6000298202F0080200F4404002437FF47BAF68
:102B7000BDE810406046FEF759BD10F4404FF7D055
:102B80000204C9B27FF56FAFACF5004292131B4847
:102B900003EB8203D3F80C3C6044C15410BD10F425
:102BA000404F7FF460AFBCF5705FFFF65FAFACF5F0
:102BB00070501A5CC9B28A428ED157E7D3F8202CE4
:102BC000140640F11881BCF5404F80F21481D407FF
:102BD00000F1C88110F4404F7FF445AF130700F1B6
:102BE0009681BCF5505FC3DA93067FF53CAFBCF528
:102BF000405FBFF638AF39E7441C01209C700120CC
:102C00009C0B0020D3F8202C120740F1FF8010F419
:102C1000404F00F07C81D3F8282CD4077FF538AFE3
:102C2000BCF5774FFFF634AF92070BD5BCF57C4F60
:102C300080F2D681BCF5794F80F2CE81BCF5784F19
:102C4000BFF626AFBDE81040C0F30D00FEF7EEBCA6
:102C500010F4404FD3F8202C40F0F380D0070CD470
:102C6000D40640F16D81BCF5605F80F2BF81ACF5A8
:102C70005F5020380F287FF67BAF900603D5BCF558
:102C8000405FFFF6F3AED3F8282CD20704D5C9B2C3
:102C9000BCF5604FC0F2E280B54AD3F8103C624404
:102CA000D15410BDBCF5904FBFF6F2AED3F8202C36
:102CB0000F2A3FF4EDAE940705D4ACF57050B0F593
:102CC000806FFFF405AF500709D4ACF58040B0F534
:102CD000806FFFF46CAFBCF5884F80F294811407CD
:102CE0003FF5D6AEACF55F52203A0F2A3FF6D0AE94
:102CF0003EE7D3F8202C94063FF5B5AE100700F15F
:102D0000DD80ACF55F53203BB3F5026FBFF4ABAE93
:102D10002EE710F4404F7FF4BBAED3F8203C1806EA
:102D200040F1018143F2DF7294457FF79CAE9A0631
:102D30003FF599AE1CE7ACF55F52203AB2F5026F51
:102D4000FFF416AFD3F8082C002A3FF48CAE4FEAFC
:102D5000EC3203EB820293F81C3CD2F80C2C03F00B
:102D60000704062C3DD094447DE610F4404F3FF418
:102D7000FFAEE7E710F4404F7FF475AED3F8203C88
:102D80009A0740F1C980BCF5405FFFF66CAE1C07A6
:102D900040F1E180BCF5585FFFF665AEDA0640F120
:102DA000F380BCF5605FFFF65EAE980640F10C81E3
:102DB000BCF5705FFFF657AE5B063FF554AED7E645
:102DC000ACF57742E03A1F2ABCD83BE7BCF5404F50
:102DD000FFF69DAE1B077FF549AEC0F30D0CA44472
:102DE00041E6BCF5404FBEDB1C077FF53FAEC0F3AC
:102DF0000D0C944437E610F4404F7FF434AE1407C2
:102E000000F18580D0073FF52EAEEAE6D3F8282CF6
:102E1000D4073FF505AF10F4404F7FF439AE1406E8
:102E200003D5BCF5405FFFF621AED0063FF530AECE
:102E3000BCF5705FFFF656AFBDE810406046FEF788
:102E40005DBB140725D5020400F19880D3F8282C27
:102E500002F00102C9B2002A7FF41AAF444AD3F843
:102E60000C0C6244D3F8183C0244D15410BD140732
:102E70007FF55EAE10F4404F7FF45AAEBCF5705F44
:102E8000FFF6F4AD9406ACF5705040F1B8801954DB
:102E900010BDD3F8282C94077DD500047BD5BDE860
:102EA0001040344AACF5004C10680A46034403F560
:102EB000705318784FEAEC2105F016BFBCF5784F37
:102EC0006CDAACF56F43E03B0F2B3FF6CCADACF5C5
:102ED0006F42EC3AACF53843032A00F29F80DFE8FA
:102EE00002F0110C0702C8B2BDE81040FBF730BC7D
:102EF000C8B2BDE81040FBF78BB9C8B2BDE81040BE
:102F0000FBF77AB9C8B2BDE81040FCF75FBC604679
:102F1000BDE8104005F002BF18071CD5BCF5405FA6
:102F2000FFF626AE36E79B067FF522AE43F2DF734F
:102F30009C457FF71DAE96E50F4B0CF8031010BDB6
:102F4000BCF5705FFFF693AEBDE81040094B186802
:102F50006044FEF7C3BADC0616D5BCF5585FBFF671
:102F600020AF05E6024AD3F8183C6244D15410BDA4
:102F70009C7001209C0B00209C700220ACF500404E
:102F8000BDE8104005F0B4BE9A061DD5BCF5605FE3
:102F9000BFF60EAFECE502F001025BE72A4AC9B2C8
:102FA0001268ACEB0202C2F30A001A5C8A427FF498
:102FB00093AD5BE5ACEB0400C0F30A001A5CC9B248
:102FC0008A427FF489AD51E55C067FF5D1ADBCF551
:102FD000705FBFF648ADCBE51C4B0CF8031010BD7D
:102FE000C0F30D00BDE81040FEF788BA164BBDE8EF
:102FF00010401B686344C3F30A00FEF76FBABDE8D4
:103000001040FEF76BBAACF5884000110A46BDE8E7
:1030100010400CF00F01C03005F054BE43F2E072D6
:1030200023F00303934209D043F2E87293427FF402
:103030001DADBDE81040084605F020B8C8B2BDE897
:103040001040FAF7C1BF00BF9C0B00209CF001208C
:1030500038B50546FFF7FAF80446681CFFF7F6F89E
:1030600044EA002038BD00BF38B50C460546C9B259
:10307000FFF788FC2112681CBDE83840FFF782BCCE
:103080000D4B5B6883420EDDB0F5804F0DDAB0F575
:10309000705F0DDA094BD3F8043C984203DA11B99A
:1030A000074B1844704700207047064B1844704780
:1030B000054B1844704700BF9C0B0020441C0120A6
:1030C000982801209C70012044E0002070B5A34A9C
:1030D0000D46D2F8304C82B083B234B19C4204DC4D
:1030E00004F57F543F349C4259DAD2F8401C39B180
:1030F000D2F8341C21B1D2F8384C5C40260456D5A5
:10310000D2F8241CA1F11004432C45D8DFE814F0B8
:103110009802D7006B02B20055005500F6002E0150
:10312000D2013002F701AE019B0144027901440053
:10313000440044004400440044004400440044006F
:10314000440044004400440044004400440044005F
:1031500061018000800080000001440044004400C0
:10316000440044004400440044004400440044003F
:103170001D026D008700A00044004400440044008C
:10318000440044004400440044004400440044001F
:10319000930093008700A000002002B070BDD2F819
:1031A0002C2C6F4BC0F30D0010441844F5E76C4B0A
:1031B000C0F30E0008441844EFE76A4949688B429F
:1031C00080F26082D2F8081C61B192F81C1CDC13FA
:1031D00002EB840401F00702062AD4F80C1C00F06C
:1031E00053820B445E481844D7E7A3F56051B1F50C
:1031F000006F36D2B3F5705FC0F26082594909683A
:103200000B4499B2B1F5406F80F0FD82D018C4E74D
:103210001846554A524B009501F0C0F8BDE7B3F58A
:10322000744FC0F2BD82B3F5784FC0F2EE82A3F5C1
:103230007843D018B1E7D2F8201C0029D5D0D2F8B5
:10324000041C9942D1DD002DCFD147481844A4E792
:10325000D91302EB8102D2F80C2C41481A441044D5
:103260009BE7D91302EB8102D2F80C2C3C481A449C
:10327000104492E74FF2DF718B429EDDC0F30D00E8
:10328000B0F5705F80F2C483D2F8043C984202DA51
:10329000002D00F0D984B0F5645FC0F28184D2F8CB
:1032A000083C002B00F075842E4B5B68984280F23E
:1032B0002585D2F80C2C2A4B104418446DE7A3F551
:1032C0007741E0391F291C4640F2A182254949680F
:1032D0008B4280F29583D2F8081C61B192F81C1CD5
:1032E000DC1302EB840401F00702062AD4F80C4C2C
:1032F00000F0D0811C441A4820444EE710F4404F9F
:1033000000F05782050400F173821548184444E721
:10331000D2F8201C4E0603D5B3F5404FC0F22083EF
:103320004C0703D4B3F5784F80F23C8310F4404F40
:1033300010D111F0100440F0F082CE0740F1AD83BF
:10334000B3F5605FC0F29084090703D5B3F5705FF1
:1033500080F2AA83024818441FE700BF441C0120E2
:103360009C7001209C0B002098280120D2F8201C82
:10337000CC0708D5AF4C24689C4204DC04F6FF7CE3
:103380009C4580F2968301F0080100F4404001431F
:1033900040F09181B3F5705F80F26083D2F8041C35
:1033A0008B4202DA002D00F05B84B3F5645FC0F25B
:1033B0002484D2F8080C00283FF4EFAE9D494968F8
:1033C0008B4280F2B284D2F80C2C9B481A441044F1
:1033D000E3E6984949688B4280F29D8210F44040B0
:1033E00040F01782B3F5705F80F29182D2F8042C1E
:1033F0009342BFF6D2AE002D7FF4CFAE8F48184473
:10340000CBE6D2F8201C0C0640F14A81B3F5404FC0
:1034100080F2468111F0010440F05C8310F4404CCE
:1034200040F0C1830E0700F14F84B3F5505F80F286
:10343000908311F0040103D1B3F5405FC0F23484EE
:103440007D481844A9E6D2F8201C11F020040AD1C6
:10345000B3F5405F80F21E828E0700F1308311F0D9
:10346000040100F0B1837448184496E610F4404F0C
:1034700040F06C81D2F8201CCC0700F1FA81C8061C
:1034800040F1A382B3F5605F80F2C8834E0703D496
:10349000B3F5405FC0F24D83D2F8281CCD0740F150
:1034A000F381D2F80C1CD2F8180C1944624A01447A
:1034B000881872E610F4404F40F02881D2F8201CA2
:1034C00011F0010000F0BB81B3F5405F14DB4E0743
:1034D00040F11082B3F5585F0EDBCE0640F16782F3
:1034E000B3F5605F08DB880640F19782B3F5705F43
:1034F00002DB4D0640F128834F4818444DE6B3F5F2
:10350000884F19DAD2F8201C0F2915D011F00104C8
:1035100004D1D2F8046C9E4200F350838E0705D488
:10352000A3F57054B4F5806FC0F06A834D0703D4DF
:1035300010F4404F40F08C83D91302EB8102D2F893
:103540000C2C3D481A44104427E610F4404040F04B
:103550001E81B3F5705F80F2C381D2F8042C9A42C9
:103560007FF71BAE002D7FF418AE3448184414E6E4
:1035700010F4404F40F0C180D2F8201C11F0400000
:1035800000F04A8143F2DF70834202DD880640F199
:10359000EA812948184400E6D2F8201C0E0703D51A
:1035A00010F4404100F07382D2F8281CCC0700F1DF
:1035B000DC8000F4404001F0100404430AD1B3F56C
:1035C000705F80F2378311F0020103D1B3F5405FE1
:1035D000C0F28C83D91302EB8102D2F80C2C16486E
:1035E0001A441044D9E5A3F55F512039B1F5026FB3
:1035F0001C4680F08E80B3F5705F80F2A181D2F816
:10360000041C8B4202DA002D00F0C682B3F5645F21
:10361000C0F26A82D2F8080C00283FF4BEAD05491A
:1036200049688B4280F24D83D2F80C2C02481A4430
:103630001044B2E59C0B00209C70012098280120CA
:1036400010F4404F3CD1B3F5705F80F28581D2F821
:10365000041C8B4202DA002D00F0BC82B3F5645FDB
:10366000C0F23F82D2F8080C00283FF496ADB6496C
:1036700049688B4280F22B83D2F80C2CB3481A4451
:1036800010448AE5002088E5B3F5404FA8BFC0F399
:103690000D03A6E5B3F5404FA8BFC0F30D0329E61F
:1036A00010F440407FF4CCAE0C073FF576ADC80770
:1036B0003FF5C6AEB9E6A54818446EE500206CE5B6
:1036C000A14949688B4280F2DF81D2F8081C59B1C8
:1036D00092F81C1CDC1302EB840401F00702062A9A
:1036E000D4F80C1C03D00B449848184455E5B3F5A6
:1036F000404FA8BFC0F30D03F5E7D91302EB8102D9
:10370000D2F80C2C91481A44104446E58F481844CE
:1037100043E58D4949688B4280F2BC81D2F8081C90
:1037200059B192F81C1CDC1302EB840401F007026F
:10373000062AD4F80C4C03D01C44844820442CE5C1
:10374000B3F5404FA8BFC0F30D03F5E7D2F8281C2E
:10375000C9077FF5A6AEB3F5604FFFF6A2AED2F86B
:10376000102C7A481A44104417E5B3F5404FFFF681
:1037700031AF8E0740F1BB81B3F57C4F80F23182CF
:10378000B3F5794FFFF626AF7148184405E5D91314
:1037900002EB8102D2F80C2C6C481A441044FCE471
:1037A000D91302EB8102D2F80C2C68481A44104459
:1037B000F3E4B3F5705F80F22681D2F8041C8B42EB
:1037C00002DA002D00F03282B3F5645FC0F20682A7
:1037D000D2F8080C00283FF4E0AC5B4949688B4202
:1037E00080F29782D2F80C2C58481A441044D4E442
:1037F000A3F50041891302EB8102D2F80C2C534847
:103800001A441044C9E40020C7E40020C5E40020A5
:10381000C3E44E481844C0E4890640F1A48043F252
:10382000DF718B423FF7B5AED2F8042C9342BFF65E
:10383000B4AC002D7FF4B1AC46481844ADE44C075D
:1038400058D5B3F5405FBFF645AE11F0300440F0F7
:103850000F8111F0400140F07682D2F8042C93429F
:10386000A8BF0846BFF699AC002D00F009810846B4
:1038700093E44C0703D4B3F5405FC0F25A81D2F809
:10388000281CC8073FF567AFD2F8102C2F481A4400
:10389000104482E4090700F1A28010F4404F7FF445
:1038A000E2ADB3F5705F80F22C82D2F8041C8B423B
:1038B00002DA002D00F05182B3F5645FC0F2548249
:1038C000D2F8080C00283FF468AC1F4949688B42C5
:1038D00080F24D82D2F80C2C1C481A4410445CE44F
:1038E000194909680B4499B2B1F5406FBFF455AC62
:1038F000D01852E4CC065AD5B3F5585FBFF6F0ADF8
:10390000D2F8042C9342C0F2E881002045E4A3F5EC
:103910007053D01841E400203FE40E0703D5B3F5FF
:10392000705F80F2C180CC073FF514AD10F4704099
:103930007FF410AD002D7FF430AC064818442CE421
:10394000A3F57053D01828E49C0B00209C70012034
:103950009CF0012098280120A3F57053D0181CE496
:10396000CB48184419E4B3F5705F7CDAD2F8041C34
:103970008B4202DA002D3FF45FAFB3F5645FC0F213
:103980000282D2F8080C00283FF407ACC14949680C
:103990008B4280F2C781D2F80C2CBF481A441044E5
:1039A000FFF7FBBBA3F57843D018FFF7F6BB8E06F5
:1039B00033D5B3F5605FBFF699ADD2F8042C9342CE
:1039C000C0F28B810020FFF7E8BBB3F5705FFFF614
:1039D0005DADB049096819445018FFF7DEBBB3F577
:1039E000784F80F21081A3F56C42B2F5006FBFF4FE
:1039F0003AAD002D40F08A81A8481844FFF7CDBBAE
:103A00000020FFF7CABBA3F57053D018FFF7C5BB62
:103A1000A0F570501044FFF7C0BB4C0640F19080F9
:103A2000B3F5705FBFF668ADD2F8041C8B42C0F2EC
:103A3000B381B3F5645FC0F2AC81D2F8080C002802
:103A40003FF4ABAB934949688B4280F29F81D2F837
:103A50000C2C91481A441044FFF79FBBA3F57053F8
:103A6000D018FFF79ABBA3F57053D018FFF795BB9A
:103A7000D2F8042C9342BFF690AB002D7FF48DABAF
:103A800087481844FFF789BB0020FFF786BB08462C
:103A9000FFF783BB0020FFF780BB09077FF546AF28
:103AA000B3F5705FFFF642AFA3F57053D018FFF780
:103AB00074BB1B1BC3F30A03D018FFF76EBB002DAA
:103AC00040F0A980764BC0F30A0040F440501844FF
:103AD000FFF763BBD2F8182C6F481A441044FFF765
:103AE0005CBB0020FFF759BB0020FFF756BBC0F3BB
:103AF0000D00B0F5705F80F2BD80D2F8043C9842B2
:103B000002DA002D00F01781B0F5645FC0F2108179
:103B1000D2F8083C002B00F0EE805E4B5B689842C8
:103B200080F22881D2F80C2C5B4B10441844FFF72C
:103B300034BB002D40F0918059481844FFF72DBB4D
:103B4000B3F5705FFFF670AFA3F57053D018FFF7B1
:103B500024BBB3F5705F80F2AC80D2F8041C8B42BA
:103B600002DA002D00F0EB80B3F5645FC0F2D48080
:103B7000D2F8080C00283FF410AB464949688B4244
:103B800080F2FB80D2F80C2C43481A441044FFF713
:103B900004BB1846FFF701BB41481844FFF7FDBAC4
:103BA0000020FFF7FABA002D6CD142F6FF733C4AB1
:103BB000184040F480501044FFF7EFBA002D5ED15A
:103BC00037481844FFF7E9BA002D5ED1344818444D
:103BD000FFF7E3BA32481844FFF7DFBA0020FFF7D7
:103BE000DCBA2C4BC0F30D001B68184483B2B3F54C
:103BF000406F63D21044FFF7D0BA0020FFF7CDBA70
:103C00001019FFF7CABA234909685B1AC3F30A03FC
:103C1000D018FFF7C2BA2046FFF7BFBA1D4909689E
:103C20000B44C3F30A03D018FFF7B7BA1C48184473
:103C3000FFF7B3BA174909680B4499B2B1F5406F61
:103C400048D2D018FFF7A9BA154B1844FFF7A5BA08
:103C5000A3F57053D018FFF7A0BA0020FFF79DBA64
:103C60000F481844FFF799BA002D3CD10D4818446D
:103C7000FFF793BAA0F570501044FFF78EBA2046B4
:103C8000FFF78BBA2046FFF788BA0846FFF785BAD8
:103C90009C7002209C0B00209C700120986C0020DE
:103CA0009828012098380120CDBB3D481844FFF7E3
:103CB00074BAA3F57053D018FFF76FBA0020FFF75E
:103CC0006CBA0020FFF769BA6046FFF766BA0020B9
:103CD000FFF763BA2046FFF760BA002D3FF4D0AE7D
:103CE0000020FFF75ABA2046FFF757BACDBB2C4841
:103CF0001844FFF752BA1846FFF74FBA0020FFF7F3
:103D00004CBAA3F57053D018FFF747BA2046FFF717
:103D100044BA0020FFF741BA0020FFF73EBA084638
:103D2000FFF73BBA0020FFF738BA0020FFF735BA9B
:103D30000020FFF732BA1A4B1844FFF72EBA184882
:103D40001844FFF72ABAD2F8042C934218DA002D4F
:103D50003FF496AE2046FFF720BA11481844FFF70B
:103D60001CBA0846FFF719BA0020FFF716BA002060
:103D7000FFF713BA0020FFF710BA0020FFF70DBAC3
:103D80002046FFF70ABA0020FFF707BA0020FFF726
:103D900004BA0020FFF701BA002D7FF44AAE6FE6A7
:103DA0009828012070B504464A4D4B4A4B4902F011
:103DB000ABFF4B4E204644F601024A4902F0A4FFF5
:103DC0002946204640F6014202F09EFF204606F1B9
:103DD0000C01012203F0A8F82046311D012203F056
:103DE000A3F8204605F60441012203F09DF8204681
:103DF00006F10801012203F097F8204605F6244158
:103E0000012203F091F8204605F60C41032203F04D
:103E10008BF831462046012203F086F8204605F64D
:103E20001841012202F0C2FF204605F61C41012282
:103E300002F06AFF204605F63C41012203F074F8C7
:103E4000204605F64441012203F06EF8204605F5B0
:103E50004461012203F068F8204605F6344101224E
:103E600003F062F8204605F63841012202F09EFF79
:103E7000204605F60841012203F056F8204605F6D3
:103E80004841012203F050F8204605F64C4101223A
:103E900003F04AF8204605F54361012203F044F897
:103EA000204605F62C41012202F080FF204605F550
:103EB0004261012203F038F8204605F6284101222C
:103EC00003F032F8204605F545610122BDE8704057
:103ED00003F02AB8441C0120010002009C7001205C
:103EE0009C0B00209828012070B504464A4D4B4A8F
:103EF0004B4902F00FFF4B4E204644F601024A495F
:103F000002F008FF2946204640F6014202F002FF77
:103F1000204606F10C01012203F048F82046311D2D
:103F2000012203F043F8204605F60441012203F084
:103F30003DF8204606F10801012203F037F820463B
:103F400005F62441012203F031F8204605F60C4124
:103F5000032203F02BF831462046012203F026F815
:103F6000204605F61841012202F05AFF204605F6C8
:103F70001C41012202F0CEFE204605F63C41012202
:103F800003F014F8204605F64441012203F00EF830
:103F9000204605F54461012203F008F8204605F6A5
:103FA0003441012203F002F8204605F6384101228F
:103FB00002F036FF204605F60841012202F0F6FF26
:103FC000204605F64841012202F0F0FF204605F6A2
:103FD0004C41012202F0EAFF204605F5436101222F
:103FE00002F0E4FF204605F62C41012202F018FF02
:103FF000204605F54261012202F0D8FF204605F671
:104000002841012202F0D2FF204605F54561012238
:10401000BDE8704002F0CABF441C0120010002004C
:104020009C7001209C0B0020982801200FB470B5D3
:104030000D4D0E4A2B6882B006AC12680C49D86848
:1040400054F8046B11F0E4FA2B6822463146D86824
:1040500001940DF03FFD2B68D8680DF013FF02B0FE
:10406000BDE8704004B07047380C0020F40B00200D
:1040700088C602100FB470B5104C114A236882B084
:1040800006AD12680F49D86855F8046B11F0C0FAF4
:1040900023682A463146D86801950DF01BFD236838
:1040A0000A20D9680EF0ECF82368D8680DF0EAFE13
:1040B00002B0BDE8704004B0704700BF380C00206B
:1040C000F40B002094C602100FB400B50F4C104A38
:1040D000236883B004AD12680E49D86855F8046BA4
:1040E00011F096FA23682A463146D86801950DF0FA
:1040F000F1FC23680A20D9680EF0C2F82368D8685A
:104100000DF0C0FE0120EFF749FC00BF380C002085
:10411000F40B0020A0C602100FB470B5134C144A63
:10412000236882B006AD12681249D86855F8046B4E
:1041300011F06EFA23682A463146D86801950DF0D1
:10414000C9FC2368DD680DF0B5FF006812F036FB8E
:1041500009490246284611F05BFA2368D8680DF039
:1041600091FE02B0BDE8704004B07047380C0020EA
:10417000F40B002094C60210ACC6021038B5114CE6
:10418000236883421AD00028206018DD10F0010354
:1041900002D014E0C20703D4401003F10103F9D1A7
:1041A000094A0A4D02EB03130FCB85E80F0003F019
:1041B000FFFE2069BDE83840FDF7F0BF38BD0023A1
:1041C000EEE700BFA0700320CCD80210A47003203B
:1041D0000122014902F0A8BEA070032030B5134CA3
:1041E00083B0012201A902F0E1FE2268019B934203
:1041F00018D0002B236017DD13F0010202D013E06A
:10420000D90703D45B1002F10102F9D1084B094D23
:1042100003EB02130FCB85E80F0003F0C9FE206902
:10422000FDF7BCFF03B030BD0022EFE7A070032014
:10423000CCD80210A4700320202810B5044616DC48
:10424000002818DB202816D8DFE800F040151515E7
:10425000152E1515151515151515151515151515F5
:1042600015151515151515151E1E151526004528AD
:104270001AD0852818D0194B1948D9895A7802398B
:10428000FFF7F8FE002010BD0220FDF787FF042095
:10429000FFF774FF002010BD0120FDF77FFF022013
:1042A000FFF76CFF002010BD0E4BE21003201A60D8
:1042B000FDF774FFA0118002FDF714FA0420FFF748
:1042C0005DFF012003F042FE002010BD0020FDF73D
:1042D00065FF0220FFF752FF002010BD5813002099
:1042E0003CC70210B4700320322919D0332908B515
:1042F0000BD0312912D1A0F54053B3F5006F13D282
:1043000040F4006C12F80C0008BDB0F5804F09DADB
:10431000B0F5705F10DAB0F5605F09DAFF2008BD14
:10432000185C7047185C08BDFDF74CFFC0B208BDB3
:1043300004F0B2FAC0B208BDBDE80840FDF7DAB932
:10434000322A38B504460D460ED0332A05D0312A1C
:1043500009D1BDE83840FEF7FDBAB0F5804F03DA69
:10436000B0F5705F02DA38BD1D5538BDFDF7D2F9E2
:104370000028F8D0084BA4F570541B6804F07F00A7
:1043800003EBE41303EB8303294600EB0310BDE8C2
:10439000384003F02BBD00BFB470032010B43229A5
:1043A0008446019C18D033290CD0312919D1A0F5AD
:1043B0004053B3F5006F18D29CB940F4006C02EB87
:1043C0000C000BE0B0F5804F06DAB0F5705F08DB4B
:1043D0005DF8044BFDF7B2B903EB0C005DF8044B3C
:1043E000704700205DF8044B704721465DF8044B90
:1043F000FEF746BE0122014902F096BDB4700320CB
:104400000122014902F0D2BDB47003200000000077
:104410000B4B1B68012B0AD00A4A137860B903F0D2
:10442000DF03517813700B4214BF01200020064BAC
:10443000586200B99862704743F02003F1E700BF6B
:10444000A80B0020AC0B00205813002010B40A4A1F
:104450000A4C1178537801F0010023F00103034363
:10446000194214BF012100215370216200205DF820
:10447000044B04F029BC00BFF81901205813002098
:1044800010B40A4A0A4C1178537801F0020023F064
:1044900002030343194214BF01210021537021621A
:1044A00000205DF8044B04F00FBC00BFF819012098
:1044B0005813002038B5164C164922684B78012A4B
:1044C00023D00A7843F00403134214BF01220022D0
:1044D000114D4B702A62F9F73DFD2368012B0DD079
:1044E0000E4A137870B903F0BF03517813700B4074
:1044F000002B12BF01220022AB626A62BDE8384085
:1045000004F09AB943F04003EFE743F08003DFE79C
:10451000A80B0020F819012058130020AC0B002034
:10452000064A07495378107803F0FC03034214BF8E
:104530000120002053700862704700BFF819012065
:1045400058130020024B187800F00300704700BF9A
:10455000F81901200F4B104A1968537801290ED021
:1045600050B903F0FB0310780C49034214BF01203B
:10457000002053700862704743F00403F3E728B14A
:10458000064863F07F0353700162704703F07F03B6
:1045900053707047A80B0020F81901205813002011
:1045A000134B1B68012B16D010B412490B7878B945
:1045B00003F07F034A7810481A40002A14BF0124F0
:1045C00000240B70446208BF82625DF8044B7047A0
:1045D00043F08003EEE709494A7828B1064842F0E3
:1045E00040024A700362704722F040024A707047EE
:1045F000A80B0020AC0B002058130020F819012054
:104600000D4B1B68012B16D010B40C490B7878B9F0
:1046100003F0BF034A780A481A40002A14BF012455
:1046200000240B70446208BF82625DF8044B70473F
:1046300043F04003EEE77047A80B0020AC0B0020CE
:1046400058130020704700BF0A4B1B68012B0CDD7C
:10465000094A537850B903F0DF0310780749034241
:1046600014BF0120002053700862704743F02003FC
:10467000F3E700BFA80B0020F81901205813002011
:104680000A4B1B68012B0CDD094A537850B903F023
:10469000EF0310780749034214BF01200020537034
:1046A0000862704743F01003F3E700BFA80B002037
:1046B000F8190120581300200022014B5A7070474E
:1046C000F8190120114B124A1B685078012B18D0A1
:1046D000032B02D0C043C0B270470E4B1B685B0770
:1046E000F8D510B4117800F0FB030B4214BF01247D
:1046F0000024C043084953700C62C0B25DF8044BFB
:1047000070470023044953700B627047A80B0020C8
:10471000F8190120A470032058130020044B054A07
:1047200059781870084214BF0121002111627047A6
:10473000F819012058130020024B1878C043C0B26A
:10474000704700BFAC0B002010B4094A00F0C00055
:10475000137840F020000340002B14BF01240024F4
:10476000044950704C6208BF8B625DF8044B70477F
:10477000AC0B00205813002038B503F0DBFA174BC0
:10478000174C1B6BABB16568E3682B44834215D8AB
:1047900003F0D0FA134B1968E368EA1803EB4503FA
:1047A000834238BF0246E26079B90F4B5B684BB970
:1047B00038BDA568E3682B448342E9D9181A03F091
:1047C000BBFAE5E7BDE8384074E60021084603F08F
:1047D00021FC0021084603F01FFCE6E758130020E7
:1047E000F81901204C950320AC0B00202DE9F04175
:1047F0009A4E8CB03368012B6CD0032B41D11E2212
:10480000974DDFF878826B69AA60964F964C3B64AF
:104810002369002B3CDC00230022C4E906236B68DB
:10482000002B54D1236A002B11DB4FF47A71AA6854
:1048300091FBF2F3636004D0EB6903FB02F291FB9E
:10484000F2F3A360894B1B68002B40F0048103F056
:10485000AFFBDFED877AD7ED106A95ED027A66EE51
:10486000A76AB8EEC77AC6EE877AFCEEE77AD8F880
:104870000000C4ED097A10F0300041D00CB0BDE862
:10488000F0813C22764DDFF8F481AB69AA60BCE789
:10489000002004F06FFF2422CDE90001002102A8CE
:1048A0000BF03EFA02A9684612F0CEFA236902A87C
:1048B000A3F26C73079311F0D3FB009BC01A019B0A
:1048C000A06161EB03016B68E161002BAAD0FFF7E7
:1048D000F1FDA7E72822DFF8A481614DD8F8003068
:1048E000AA60102B00F03A81202B00F0B280EB6818
:1048F000062B00F04381072B00F033812B6984E7FE
:1049000004F038FFA369E2691B1842EB010202A818
:10491000CDE902320DF020F933680446012B01691C
:1049200000F0AE806427013144F22F4081F0500145
:10493000FDF784FC44F25740E168FDF77FFC6169B4
:1049400044F213405039FDF779FCA52144F2CB2005
:10495000FDF774FC216944F2D1200131FDF76EFCB2
:1049600044F2D020E168FDF769FC424D616944F2F0
:10497000CF2085FB0132CB17C3EB621307FB13116A
:10498000FDF75CFC44F2CE20A168FDF757FC44F231
:10499000CD206168FDF752FC44F2CC202168FDF780
:1049A0004DFC3368032B7FF769AF2169A9200131E2
:1049B000FDF744FCE168A820FDF740FC6169A720F1
:1049C00085FB0132CB17C3EB621307FB1311FDF715
:1049D00035FCA168A620FDF731FC6168A520FDF734
:1049E0002DFC2168A420FDF729FC21693520013127
:1049F000FDF724FCE1683420FDF720FC61693320D9
:104A0000FDF71CFC216944F256100131FDF716FC3C
:104A1000E16844F25510FDF711FC616944F254104D
:104A200085FB0135CB17C3EB651307FB1311FDF7AE
:104A300005FCA16844F25310FDF700FC616844F2E4
:104A40005210FDF7FBFB44F251102168FDF7F6FB15
:104A500014E7094BD9E603F0E1FAF8E6A80B0020C9
:104A6000AC0B002058130020F81901204C950320AE
:104A7000002474491F85EB516666E640A47003204C
:104A8000013144F2063081F05001FDF7D7FB44F2CA
:104A90000730E168FDF7D2FB616944F266405039A6
:104AA000FDF7CCFB216944F246000131FDF7C6FB5E
:104AB00044F24500E168FDF7C1FB64216269304DB5
:104AC00044F2440085FB0235D317C3EB651301FBA9
:104AD0001321FDF7B3FB44F24300A168FDF7AEFBE1
:104AE00044F242006168FDF7A9FB44F241002168ED
:104AF000FDF7A4FBA52144F2AB30FDF79FFB214B52
:104B000021691B680A2B2ED044F2B1300131FDF728
:104B100095FB44F2B030E168FDF790FB64216269D7
:104B20001748D31780FB0250C3EB601301FB13211E
:104B300044F2AF30FDF782FBA16844F2AE30FDF7DE
:104B40007DFB616844F2AD30FDF778FB44F2AC3098
:104B50002168FDF773FB0CB0BDE8F0814FF0814395
:104B600053E6094B51E644F2B0300131FDF766FBE4
:104B700044F2B130E168FDF761FBCFE7034B44E657
:104B80001F85EB51B48D03203333AB40E3C281402A
:104B900038B54D4C4D4BE2681B68032A16D0012BEB
:104BA00005D0032B3DD0002833D0A26914E0484B38
:104BB0001B68402B48D040DC102B56D0202B4DD109
:104BC000002843D0434B444D2B640EE0434AC0F3CE
:104BD000811102EB810212683F4D032B2A6404DD30
:104BE00010F0C00F1AD03C23A36003F0E1F9DFED11
:104BF0003C7AD5ED106A94ED027A66EEA76AB8EEBB
:104C0000C77AC6EE877AFCEEE77A364BC3ED097AAF
:104C100038BD6269304D032B2A64E6DD1E23A36094
:104C2000E3E7022A04D020B12F4B2B4D2B64DCE7A5
:104C300080B96369284D2B64D7E7802B0ED128B14A
:104C40002A4B254D2B64D0E70028EDD1284B224D6F
:104C50002B64CAE7274B204D2B64C6E7022A1DD0E0
:104C60000ADC012A0BD01C4DBFE70028EED04FF024
:104C70008143194D2B64B8E7043A012AF3D800F0B8
:104C80000100013007EE900A94ED047AF8EEE77A1D
:104C900067EE877A104DC5ED107AA6E7043000F074
:104CA00007000230ECF794FF02460B4604A1D1E95D
:104CB0000001ECF731FFECF77DFF074D286494E726
:104CC000448B6CE7FB492540AC0B0020A80B00206F
:104CD000A47003206666E640581300204CD90210E9
:104CE00000247449F8190120E3C281403333AB40FA
:104CF0000E15E33F9C33A240002838B526DB4FF465
:104D00007A71154D154CAA68206291FBF2F363602D
:104D100004D0EB6903FB02F291FBF2F3104AA360AB
:104D20001368B3B903F044F90E4BDFED0F7AD3EDFE
:104D3000106A95ED027A66EEA76AB8EEC77AC6EEFB
:104D4000877AFCEEE77AC4ED097A38BD034C024D50
:104D5000E8E703F063F9E5E7AC0B0020F819012060
:104D60004C95032058130020002474492DE9F84F76
:104D7000144C8146A36A8846174603B300264FF0B9
:104D8000000A4FF0000B104DC5E912ABE06AA662B5
:104D90009847A36A002BF7D1AB6BEA6BFB1842EB89
:104DA000E77253EA020104BF4FF0FF331A46C5E928
:104DB0001232C4F82890C4F82C80BDE8F88F024D58
:104DC000EAE700BFF819012058130020084B9A6A3F
:104DD00042B100219FED047B0648996280ED127B71
:104DE000D86A1047704700BF0000000000000000B4
:104DF000F8190120581300209FED057B0022064979
:104E0000064B81ED127B9A62704700BFAFF30080C2
:104E1000000000000000000058130020F8190120D5
:104E2000014B986A704700BFF8190120012230B584
:104E3000002304463C4D83B0A918019301F064FFA0
:104E400001222946204601F05FFF01222046374912
:104E500001F05AFF01222046354902F065F801228F
:104E6000204605F1240101F0A1FF0122204631492D
:104E700002F05AF8304AAB6A934234D02F4A934238
:104E800023D02F4A934234D02E4A934234D02E4A14
:104E900093422BD02D4A934231D02D4A934234D0A5
:104EA0002C4A934234D02C4A93422BD02B4A934223
:104EB00031D02B4A934231D02A4A934231D02A4AE8
:104EC000934204BF0D23019301E002230193204686
:104ED00001A9012202F028F801222046234902F00C
:104EE00023F803B030BD01230193F0E705230193BC
:104EF000EDE703230193EAE704230193E7E70623A1
:104F00000193E4E709230193E1E707230193DEE737
:104F100008230193DBE70A230193D8E70B230193CE
:104F2000D5E70C230193D2E7F8190120AC0B002040
:104F3000B40B0020B00B0020D58C0110D98C0110CF
:104F4000DD8C0110CD8C0110814401104D44011005
:104F5000C98C011081D60010C5CD0010DDCD001028
:104F600011440110E18C0110E58C0110241A01207C
:104F700030B5044683B00122294901F0CBFE01225D
:104F80002046284901F0C6FE01222046264901F0AC
:104F9000C1FE01222046254902F008F801222046E0
:104FA000234901F03DFF01222046224901F0FEFF86
:104FB0000122204601A901F0F9FF019B013B0C2BC6
:104FC0002BD8DFE803F012071416181A222426281B
:104FD0001E201C00184D134B0122204603F12C010A
:104FE0009D6201F0E3FF03B030BD144DF3E7144DB3
:104FF000F1E7144DEFE7144DEDE7144DEBE7144DD9
:10500000E9E7144DE7E7144DE5E7144DE3E7144DE8
:10501000E1E7144DDFE7144DDDE70025DBE700BFD6
:10502000F9190120F8190120AC0B0020B40B002065
:105030001C1A0120B00B0020D98C0110D58C011056
:10504000DD8C0110CD8C0110814401104D44011004
:10505000E58C011011440110E18C0110C98C011084
:1050600081D60010C5CD0010DDCD001030B5584CF4
:1050700083B02368013B0E2B10D8DFE803F0210F2B
:105080000F0F0F310F634C533B087588110094F8D4
:105090002030000200F47C501843206203B030BD81
:1050A0002569E268C0B205F47F450543954263690E
:1050B00025617DD0002B71D1D4E90112E56023E098
:1050C00020F01003402B06D100231A461946019008
:1050D00003F04EF8019803B0BDE8304003F0F0BD96
:1050E000A36903B140002028D8DC002301461A46FA
:1050F000184634E0E36900F01F029A42A8BF1A463E
:10510000256961686369A260206A281A03B0BDE856
:10511000304002F0BFBF0F2852DDD4E901122569EB
:105120006369F1E7E26900F0600300F01F01203BD2
:1051300018BF01239142A8BF11462569A268636187
:105140006160E1E7002200F0030003280EBF0120A8
:1051500010460223A06108BF01231146104603B088
:10516000BDE8304003F004B81A4A236A126803F419
:105170007F43C0B21843082A20621CD0202A8DD158
:10518000C0F5806003B0BDE83040FCF7ABBA237CCB
:10519000000200F47C50184320617FE70023206A5E
:1051A0001946101A1A4602F075FFD4E9045383E732
:1051B000D4E90112A8E703B0BDE83040FCF77EBB9C
:1051C0000023421CE0611946184602F0D1FFA4E713
:1051D000B8700320A470032010B5044682B00020EC
:1051E00004F0C8FA3C4AD2E900321B1842EB010134
:1051F0006846CDE900310CF0AFFC04F00F030C2B36
:1052000068D8DFE803F019262E30383A444648586B
:105210005C6507004169314ACB1782FB0101C3EB92
:10522000A10382FB0312D817C0EBA20000EB8000A1
:10523000A3EB400002B010BD0368284AD81782FBD8
:105240000312C0EBA20000EB8000A3EB400002B011
:1052500010BD0368214AD81782FB0323C0EBA300CB
:10526000E8E74368E9E743681C4AD81782FB032351
:10527000C0EBA300DEE78368DFE78368174AD8172F
:1052800082FB0323C0EBA30040F00800D2E7806953
:10529000D0E7C368D1E74269C36812F0030F0CBFBF
:1052A000012100210D4AD81782FB0323C0EBA30084
:1052B00040EA8100BEE70369084A0133B1E70069AB
:1052C000064B013083FB0023C017C0EBA300B1E7FE
:1052D0004369B2E7FF20ADE7101A012067666666F2
:1052E0002022002101480AF01BBD00BFBC70032032
:1052F00070B5364C0D462368012B32D0032B21D0DC
:10530000A0F184021B2A75D8DFE812F0030303031F
:105310000303030374007400740074009A039F0372
:10532000A40374002B013101310131019003740099
:10533000740074007400740074007400180318037F
:10534000180318035F2800F0238345DC3D2800F094
:105350001C853F2800F021833C284BD11C4B1D604D
:1053600070BD1C4B1B68202B00F0748114DD402B9A
:1053700000F0C282802B40F0BB81FE2800F0078441
:1053800000F3BF845B2800F019857E28E8D1BDE8D2
:1053900070400846FCF7A8BD082B00F0EE80102BEB
:1053A00040F0A681FD28DBDCDF2800F3FB828328A8
:1053B000D6DC7F2840F374878138022800F25F85AD
:1053C000DFE810F06D047204820400BFA80B002017
:1053D000B8700320A4700320E62800F0EF8400F3E7
:1053E000C582A0F18003032B00F21286974B1B6845
:1053F000002BB5D1A0F15003AF2B00F2A882DFE85B
:1054000013F0680468046804A602A602A602A602B5
:10541000A602A602A602A602A602A602A602A6024C
:10542000A602680468046804A602A602A602A602F0
:10543000A602A602A602A602A602A602A602A6022C
:10544000A602A602A602A602A602A6024905A60276
:10545000A602A6024305A602A602A602A602A6026C
:10546000A6023E054E0453046304A602A602A60249
:10547000A602A602A602A602A602A602A602A602EC
:10548000A602A602A602A602A602A602A602A602DC
:10549000A602A602A602A602A602A602A602A602CC
:1054A000A602A602A602A602A602A602A602A602BC
:1054B000A602A602A602A602A602A602A602A602AC
:1054C000A602A602A602A602A602A602A602A6029C
:1054D000A602A602A602A602A602A602A602A6028C
:1054E000A602A602A602A602A602A602A602A6027C
:1054F000A602A602A602A602A602A602A602A6026C
:10550000A602A602A602A602A602A602A602A6025B
:10551000A602A602A602A602A602A602A602A6024B
:10552000A602BA04BA04BA04BA04BF04BF04BF0492
:10553000BF04A602A602A602A6029004900490044C
:105540009004E604E104F004EB044404440444043D
:1055500044042F042F042F042F04C102C102C102EE
:10556000C1023B4B1B6813B12846FCF709FB05F051
:105570000100BDE8704002F08BBDA0F1D0032F2BDD
:1055800000F2E58101A252F823F000BF815B011017
:10559000815B0110815B0110815B0110815B011057
:1055A000815B0110815B0110815B01104F5901107B
:1055B0004F5901104F5901104F5901104F59011007
:1055C0004F5901104F5901104F5901104F590110F7
:1055D0004F5901104F5901104F5901104F590110E7
:1055E0004F5901104F5901104F5901104F590110D7
:1055F0004F5901104F5901104F5901104F590110C7
:105600004F5901104F5901104F5901104F590110B6
:105610004F5901104F5901104F5901104F590110A6
:105620004F5901104F5901104F5901104F59011096
:105630004F5901104F5901104F5901105D5301107E
:105640008B5D01108F5B0110955D0110E8770320E1
:1056500088280120FF283FF783AEDF2840F3058329
:10566000E0381F283FF67CAE01A353F820F000BFBE
:105670008B5C01108B5C01108B5C01108B5C01104A
:105680006153011061530110615301106153011006
:10569000615C0110615C0110615C0110615C0110D2
:1056A000CF5D0110C55D0110E35D0110D95D0110F2
:1056B000615301100B5E0110615301106153011021
:1056C00061530110615301105D5301108B5D011096
:1056D00061530110015E0110F75D0110ED5D0110D5
:1056E00061530110615C0110095D0110095D011039
:1056F000432840F3B481A0F185037A2B3FF630AE06
:105700007A2B00F2248101A252F823F06D5F011080
:105710004F5901104F5901104F5901104F590110A5
:105720004F5901104F5901104F5901104F59011095
:105730004F5901104F5901104F5901104F59011085
:105740004F5901104F5901104F5901104F59011075
:105750004F5901104F5901104F5901104F59011065
:105760004F5901104F5901104F5901104F59011055
:105770004F5901104F5901104F5901104F59011045
:105780004F5901104F5901104F5901104F59011035
:105790004F5901104F5901104F5901104F59011025
:1057A0004F5901104F5901104F5901104F59011015
:1057B0004F5901104F5901104F5901104F59011005
:1057C0004F5901104F5901104F590110955E0110AA
:1057D0004F5901104F5901104F590110895E0110A6
:1057E0004F5901104F5901104F5901104F590110D5
:1057F0004F5901104F590110595F01104F590110B5
:105800004F5901104F5901104F5901104F590110B4
:105810004F5901104F5901104F5901104F590110A4
:105820004F5901104F5901104F5901104F59011094
:105830004F5901104F5901105D5301108B5D01103C
:10584000735F01104F5901104F5901104F5901104A
:105850004F5901104F5901104F5901104F59011064
:105860004F5901104F5901104F5901104F59011054
:105870004F5901103B5F01104F5901104F59011052
:105880004F5901104F5901104F5901104F59011034
:105890004F5901104F5901104F5901104F59011024
:1058A0004F5901104F590110255F01100F5F011072
:1058B000955C0110FB5E0110EB5C0110EB5C0110CC
:1058C000EB5C0110EB5C0110EB5C0110EB5C011078
:1058D000EB5C0110EB5C01104F590110A15E01104F
:1058E000DB5E01104F590110615C01104F5901102E
:1058F000C15E0110955D0110FE2800F04881FF286F
:1059000000F048821F2822D1BDE870400846FCF70D
:1059100083B9E84E746A6C40200600F15C8314F091
:10592000700F40F05383210700F14A83620700F1B2
:105930004283A30740F03A83756270BD052B7FF464
:105940000FAD05F00100BDE87040FCF7BBBA43287D
:1059500040F02281D84A05F01F0312689342BFF637
:10596000FFAC2846BDE87040FCF71CBAA0F1FC0370
:10597000032B00F24D838C0604D5D04B1B68002B03
:1059800040F09A8405F00300BDE8704002F07CBB53
:105990000846BDE87040FFF7FBB80846BDE8704018
:1059A000FCF7B8BAE0381D283FF6DAAC01A353F88B
:1059B00020F000BFBD5D0110615301106153011063
:1059C00061530110615301106153011061530110C3
:1059D00061530110615301106153011061530110B3
:1059E00061530110615301106153011061530110A3
:1059F0006153011061530110615301106153011093
:105A000061530110615301101D5E01105D530110BF
:105A10008B5D01106153011061530110115E011083
:105A20006153011061530110615C0110A44B1B68AC
:105A3000002B3FF495AC2846BDE87040FCF74CB80D
:105A40002846BDE8704003F061B92846BDE87040C3
:105A500003F05EB92846BDE8704003F05BB900284A
:105A6000FFF67EAC432800F2978001A353F820F0A4
:105A7000775E0110775E01107D5F01109B5F011062
:105A8000995B01108D5F0110995B0110995B01100A
:105A9000995B0110995B0110995B0110995B0110F2
:105AA000995B0110995B0110995B0110995B0110E2
:105AB0005D5301108B5D0110995B0110995B011022
:105AC000995B0110995B0110995B0110995B0110C2
:105AD000995B0110995B0110995B0110995B0110B2
:105AE000995B0110995B0110995B0110635E0110D5
:105AF000995B0110995B0110995B0110995B011092
:105B0000995B0110995B0110995B0110995B011081
:105B1000995B0110995B0110995B0110995B011071
:105B2000995B0110995B0110995B0110995B011061
:105B3000995B0110995B0110995B0110995B011051
:105B4000995B0110995B0110995B0110995B011041
:105B5000995B0110995B0110995B0110995B011031
:105B6000995B0110995B0110995B0110635E011054
:105B7000995B01102B5E01102B5E01102B5E011052
:105B8000C9B200F00700BDE87040FBF737BE2846F9
:105B9000BDE87040FCF726B9A0F1C0032B2B3FF6FF
:105BA000DFAB2B2B3FF6DCAB01A252F823F000BF9A
:105BB000815C0110815C011061530110615301107F
:105BC00061530110615301106153011061530110C1
:105BD000815C0110815C0110815C0110815C01100D
:105BE000815C0110815C0110815C0110815C0110FD
:105BF0006153011061530110615301106153011091
:105C00006153011061530110615301106153011080
:105C10006153011061530110615301106153011070
:105C20006153011061530110615301106153011060
:105C30006153011061530110615301106153011050
:105C40006153011061530110615301106153011040
:105C50005B5E0110515E0110475E01103D5E011058
:105C60002846BDE8704002F009BA572800F3A38027
:105C70004F287FF775ABBDE87040783003F026BA47
:105C80002946BDE8704003F021BAE8B2BDE8704093
:105C9000F8F79AB90B4B1B68002B3FF461AB284611
:105CA000BDE8704003F02AB82846BDE8704003F014
:105CB00027B800BFB870032084280120E8770320AC
:105CC000802801200C7B03202846BDE8704002F0AC
:105CD000F1BFC44B1B68002B3FF442ABE9B200F0AC
:105CE0000F00BDE87040FBF7E5BFBF4B1B68002B02
:105CF0003FF436AB2946BDE8704000F0070003F0E2
:105D0000F3B9FF287FF42CABB84BC5F3C0010120D9
:105D1000596202F00BF905F00300BDE8704002F093
:105D2000B3B9B34B1A68AA423FF41AABC5F34000AB
:105D30001D6002F0A7F9C5F38001012002F0F6F81A
:105D400015F0080F0CBF01210021042002F0EEF82D
:105D50002368032B09D1A74B1B68022B3FF400AB30
:105D6000A54B1B68042B3FF4FBAA05F0C000BDE85F
:105D70007040FEF70DBFE8B2BDE87040FEF7CEBC44
:105D8000E8B2BDE87040FEF7DFBC2846BDE87040D1
:105D9000FFF76CB9954BC5F3C0010120596202F0C1
:105DA000C5F8C5F3800002F06DF905F00300BDE809
:105DB000704002F069B95B287FF4D2AA8B4B2D1199
:105DC0009D6270BDE8B2BDE87040F8F715BAE8B260
:105DD000BDE87040F9F7FABCE8B2BDE87040F8F7EA
:105DE000B7BCE8B2BDE87040F8F712BA0846BDE8A3
:105DF0007040FBF731BE0846BDE87040FBF742BE7D
:105E00000846BDE87040FBF7B5BD794B196070BD21
:105E100001F00F00BDE87040FCF754B80220BDE867
:105E2000704001F0010102F081B8744B1B68002B37
:105E300040F0508243283FF48DAD70BD2846BDE848
:105E4000704003F05BB92846BDE8704003F054B9D8
:105E50002846BDE8704003F04DB9BDE8704003F03E
:105E600047B9674B1B68002B3FF47AAA2846BDE868
:105E70007040FBF767BFBDE8704002F01FBF2846C7
:105E8000BDE8704002F038BF2946BDE870400120EF
:105E900002F01EBF2946BDE87040022002F018BF84
:105EA000544B1B68032B3FF75BAA564B1B68B3F59B
:105EB000005F3FF755AA2846BDE87040FBF790BD4C
:105EC0004C4B1B68002B3FF44BAA032B28467FF753
:105ED00060ADBDE87040FBF785BF464B1B68032BE8
:105EE0003FF73EAA474B1B68B3F5005F3FF738AA60
:105EF0002846BDE87040FBF7FDBC434B1B68002BF8
:105F00003FF42EAA2846BDE8704002F00FBF3E4B7A
:105F10001B68002B3FF424AA05F03F00BDE8704049
:105F200002F0EABE384B1B68002B40F0CF81314BAA
:105F30001B68032B3FF419AF70BD2E4B1B68032B5E
:105F40003FF70EAA314B1B68002B7FF409AA2846A5
:105F5000BDE87040FBF7F0BC2C4B1B68002B3FF4F6
:105F6000FFA92846BDE87040FBF792BE1F4B9D621B
:105F700070BD2846BDE87040FBF7B6BE1B4AE9B2CB
:105F8000D36A03F47F430B43D36270BD174B29469A
:105F9000BDE87040D86A02F0C1BE144A2B0292F8E4
:105FA0002C1003F47C530B43D36270BD05F0030047
:105FB000FCF7F4F8C0E4C5F3800001F0C7FFB8E4D3
:105FC0000220C5F3C00101F0B1FFAFE4C5F3021038
:105FD000FBF7C4FBA7E4E80000F48060FBF782FB5A
:105FE0009DE400BF90280120688D0320B870032035
:105FF000CC0B0020B80B0020A470032094280120B3
:106000004C280120482801200C7B03208C280120EB
:10601000A0F160039F2B3FF6BFAD01A252F823F021
:10602000D35C0110D35C0110D35C0110995B0110AB
:10603000995B0110995B0110995B0110995B01104C
:10604000995B0110995B0110995B0110995B01103C
:10605000995B0110995B0110995B0110995B01102C
:10606000995B0110995B0110995B0110995B01101C
:10607000995B0110955E0110995B0110995B01100D
:10608000995B0110895E0110995B0110995B011009
:10609000995B0110995B0110995B0110995B0110EC
:1060A0007F5E01109F5C0110A95C0110C95C0110AA
:1060B000995B0110995B0110995B0110995B0110CC
:1060C000995B0110995B0110995B0110995B0110BC
:1060D000995B0110995B0110995B0110995B0110AC
:1060E000995B0110995B0110995B0110995B01109C
:1060F000995B0110995B0110995B0110995B01108C
:10610000995B0110995B0110995B0110995B01107B
:10611000995B0110995B0110995B0110995B01106B
:10612000995B0110995B0110995B0110995B01105B
:10613000995B0110995B0110995B0110995B01104B
:10614000995B0110995B0110995B0110995B01103B
:10615000995B0110995B0110995B0110995B01102B
:10616000995B0110995B0110995B0110995B01101B
:10617000995B0110995B0110995B0110995B01100B
:10618000995B0110995B0110995B0110995B0110FB
:10619000995B0110995B0110995B0110995B0110EB
:1061A000995B0110995B0110995B0110995B0110DB
:1061B000995B0110995B0110995B0110995B0110CB
:1061C000995B0110995B0110995B0110995B0110BB
:1061D000995B0110995B0110995B0110995B0110AB
:1061E000995B0110995B0110995B0110995B01109B
:1061F000995B0110995B0110995B0110995B01108B
:10620000995B0110995B0110995B0110995B01107A
:10621000995B0110995B0110995B0110995B01106A
:10622000775D0110775D0110775D0110775D0110DA
:10623000815D0110815D0110815D0110815D0110A2
:10624000995B0110995B0110995B0110995B01103A
:10625000235D0110235D0110235D0110235D0110FA
:10626000CF5D0110C55D0110E35D0110D95D011026
:106270008B5C01108B5C01108B5C01108B5C01103E
:10628000615C0110615C0110615C0110615C0110D6
:106290008559011085590110855901108559011042
:1062A00028280ED0A0F14803072B3FF659A8BDE8D7
:1062B0007040803002F00ABF0846BDE8704002F02E
:1062C0002BBD0846BDE87040FBF726BB284602F010
:1062D0002BFD2CE605F01F01BDE87040FBF732BE38
:1062E00010B58A4B04461B6882B0012B00F08B80EE
:1062F000FF2800F3C280812840F3B680A0F182021B
:106300007D2A00F25581DFE812F02B025301530180
:1063100053015301530153015301530153015301DD
:1063200053015301530153015301530153014002DF
:1063300053015301530153015301530153015301BD
:1063400053015301530153015301530153015301AD
:10635000530153015301530153015301530153019D
:10636000530153015301530153015301530153018D
:10637000530153015301530153015301530153017D
:10638000530153015301530153015301530153016D
:10639000530153015301530153015301530153015D
:1063A000530153015301530153015301530153014D
:1063B000530153015301530153015301530153013D
:1063C000530153015301C701C701C701C701560259
:1063D0005301530121025301530153015301C301DE
:1063E000C301C301C3013C023802340230024D0232
:1063F000530153015301BB01BB01BB01BB01E601CA
:10640000E6015301E601424B1B68202B00F084801B
:1064100012DD402B62D0802B33D1FE2800F0738137
:1064200000F32F825A2800F094817E2825D102B0F3
:10643000BDE81040FBF7A6BE082B5ED0102B20D184
:10644000E02800F0868100F36F81822800F08881C7
:1064500000F32182A0F14803072B0ED8803002B050
:10646000BDE8104002F034BE3D2800F0C9813F284D
:1064700040F03981032B00F04681FF24204602B012
:1064800010BDFF2CF9DCDE2C40F31281A4F1DF03F8
:10649000202B00F28D80DFE813F0E6018B008B00EB
:1064A0008B008B008B008B008B008B008B008B0094
:1064B0008B008B00E1018B008B008B003B013B01CB
:1064C0003B013B013B013B013B013B018B008B004E
:1064D0008B008B008B004C018B002600FE2800F007
:1064E0001281FF2864D10B4B5B6A002B0CBF7F2409
:1064F0003F2401F0CBFD0443C0E7D72840F3D08010
:10650000FF28F0D0EB2859DDB7E700BFA80B00202B
:10651000A4700320B8700320FF28AEDCDF2840F30E
:106520000D81A0F1E0041F2CA7D801A353F824F09B
:10653000BF670110BF670110BF670110BF6701107F
:106540007B6401107B6401107B6401107B6401108B
:10655000336701103367011033670110336701108F
:10656000836701107B670110736701106B6701106F
:106570007B6401104D6801107B6401107B64011085
:106580007B6401107B6401107B64011007680110BB
:106590007B64011053680110076701102F6401101C
:1065A0007B64011033670110F3670110F36701107A
:1065B000EB2C3FF762AFBF2C40F39580A4F1C003F2
:1065C0002B2B3FF65AAF01A252F823F07D66011043
:1065D0007D6601107B6401107B6401107B640110F7
:1065E0007B6401107B6401107B6401107D660110E7
:1065F0007D6601107D6601107D6601107D660110CB
:106600007D6601107D6601107D6601107B640110BE
:106610007B6401107B6401107B6401107B640110BA
:106620007B6401107B6401107B6401107B640110AA
:106630007B6401107B6401107B6401107B6401109A
:106640007B6401107B6401107B6401107B6401108A
:106650007B6401107B6401107B6401107B6401107A
:106660007B6401107B6401107B640110CB67011017
:10667000DF670110D5670110E96701102046EEE6DB
:1066800001F0FEFCB54B5C6A04F00F040443F5E630
:106690000020FDF75FFFF0E6FEF714F80446EDE694
:1066A000CF2888DD00F00700FBF7E0F80446E5E6B8
:1066B000432C00F3F880402C00F30181012C00F002
:1066C0003E81042C40F0E180A44BD86A02B0BDE8C2
:1066D000104002F025BBA24B1C6801F0D7FC04F06F
:1066E0007E040443CAE6002C00F0D080432C40F026
:1066F000E0809C4B1B68002B3FF4BFAE02B0BDE8AE
:106700001040FBF761BB02B0BDE81040FBF7E0BBF7
:10671000954B1B68002B3FF4B0AE04F0070002B0AD
:10672000BDE8104002F0E2BCF7286CD0FD287FF4F1
:10673000A4AE02B0BDE8104001F0A2BC572800F39F
:1067400002814F287FF799AE783088E6032B7FF4DB
:1067500094AE824B986A02B0BDE81040FEF73CBD93
:1067600002B0BDE8104002F0CDBAF7F7CDFD044607
:1067700084E6F7F747FD044680E6F7F737FD044661
:106780007CE6F8F76DFF044678E6032B7FF775AEDD
:10679000764B1B68002B3FF470AE02B0BDE8104092
:1067A000FBF7E6B9032B7FF468AE714B5878FDF721
:1067B00043FD044662E6FDF7BFFF04465EE6FDF7D3
:1067C00081FFFAF791FB044658E602B0BDE810409D
:1067D00002F096BC02B0BDE8104002F095BC02B0D9
:1067E000BDE8104002F08EBC02B0BDE8104002F0DF
:1067F0008DBC5A4B5B6A002B3FF43FAEBF243DE695
:10680000032B7FF43AAE554B1A680A3A052A3FF635
:1068100034AE01A151F822F03D6801103968011031
:106820007B6401107B640110356801103168011030
:106830001C7C23E65C7C21E69C681FE65A695C6848
:10684000B2FA82F35B0944EA431417E6444B1C682E
:1068500014E602B0BDE81040FBF740BB02B0BDE853
:10686000104002F05FBA434B1B68032B3FF705AEA5
:10687000414B1C68002C7FF400AE0720FBF75CF84E
:10688000FCE5FF283FF42FAEF7E594B902B0BDE870
:10689000104002F007BA83287FF4EFAD02B0BDE8E4
:1068A000104002F031BA842C3FF453AFBF2C3FF7B5
:1068B00085AEA4F170030C2B66D820464BE72F4B16
:1068C0001B68002B43D1432C3FF413AFA4F16803A2
:1068D000052B3FF6D2AD002002F04CFF284A693C60
:1068E000D2E900321B1842EB01026846CDE90032C2
:1068F0000BF032F9042C4DD8DFE804F01F1D141200
:106900000300036901331F49DA1781FB0301C2EB5E
:10691000A10202EB8201A3EB410303EB0214ADE5FC
:10692000C368F0E76422436903F26C7393FBF2F1EE
:1069300002FB1133E7E78368E5E74368E3E72046B6
:1069400002F0BCF999E55A283FF403AF95E52046DB
:1069500002B0BDE81040FBF709BB00BFB8700320D0
:10696000CC0B002084280120688D03208028012082
:1069700058130020B80B00208C28012094280120F7
:10698000101A012067666666A4F1B0030C2B9DD82F
:106990002046E0E60368B6E770B50446264D0122BE
:1069A00005F12C0100F0C0FA204605F12401012276
:1069B00000F0BAFA20460122204900F0B5FA2E1D57
:1069C00029462046012200F0AFFA31462046012236
:1069D00000F0AAFA204605F10801012200F0A4FA0D
:1069E000204605F10C01012200F09EFA204605F137
:1069F0001001012200F098FA204605F1140101224D
:106A000000F092FA204605F11801012200F08CFAFC
:106A1000204605F11C01012200F086FA204605F10E
:106A20002001012200F080FA204605F12801012210
:106A3000BDE8704000F078BAB8700320CC0B00209D
:106A400070B50446264D012205F12C0100F0AEFA86
:106A5000204605F12401012200F0A8FA2046012277
:106A6000204900F0A3FA2E1D29462046012200F0FD
:106A70009DFA31462046012200F098FA204605F1A1
:106A80000801012200F092FA204605F10C010122D2
:106A900000F08CFA204605F11001012200F086FA80
:106AA000204605F11401012200F080FA204605F18C
:106AB0001801012200F07AFA204605F11C0101229A
:106AC00000F074FA204605F12001012200F06EFA70
:106AD000204605F128010122BDE8704000F066BAA9
:106AE000B8700320CC0B002030B5354983B0054683
:106AF00011F0C8FC00285CD0044603460122162190
:106B000030480FF0C1FE01220D2123468DF80710F9
:106B10000DF1070011460FF0B7FE012200251146C6
:106B200023460DF107008DF807500FF0ADFE01224E
:106B3000234611460DF107008DF807500FF0A4FE13
:106B40000122234611460DF107008DF807500FF082
:106B50009BFE204602F0F0F8204602F0F1F82046B5
:106B6000FDF736FB2046FDF745FC2046FAF76CFAA8
:106B7000204602F0E9F8204602F0EAF82046FEF747
:106B800055F92046FFF708FF2046FDF70BF9204690
:106B900002F0CEF8204602F0DFF82046F5F7AAFF13
:106BA000204602F0DDF820460EF074FA284603B0C5
:106BB00030BD05482946FDF7AFFA4FF0FF30F6E744
:106BC00070C702105CD9021074C7021070B5494931
:106BD00096B0064611F056FC002800F08680034669
:106BE00001221621044602A809F096F9162242490C
:106BF00002A80BF017FA054600286ED101222346A1
:106C000011468DF804008DF805008DF806008DF80A
:106C1000070001A809F080F90122234611460DF171
:106C2000050009F079F90122234611460DF106000D
:106C300009F072F90122234611460DF1070009F00F
:106C40006BF99DF806109DF80730090441EA0361CD
:106C50009DF8043019439DF8053041EA03210D29C0
:106C60000BD026483246FDF705FA20460EF012FA00
:106C70004FF0FF35284616B070BD204602F05EF892
:106C8000204602F05FF82046FDF7A8FA2046FDF7FF
:106C9000B7FB2046FAF7E6FA204602F057F82046FE
:106CA00002F058F82046FEF763F92046FFF7C8FEC9
:106CB0002046FDF719F9204602F03CF8204602F084
:106CC0004DF82046F5F7B4FF204602F04BF8204679
:106CD0000EF0E0F9284616B070BD31460848FDF7C1
:106CE000C9F920460EF0D6F9C2E731460548FDF74E
:106CF00013FABDE780C102105CD90210B0C70210C0
:106D000088C70210DCC7021003460846114601225C
:106D10000FF0BABD034608461146012209F0FCB83F
:106D2000002A1EDDF0B506460D4683B001EB420792
:106D3000012235F8024B114633460DF107008DF85C
:106D400007400FF0A1FD012233461146240A0DF140
:106D500007008DF807400FF097FDBD42E8D103B062
:106D6000F0BD7047002A1FDD70B505460C4682B0A5
:106D700001EB420601222B4611460DF1060009F0F7
:106D8000CBF801222B4611460DF1070009F0C4F89B
:106D90009DF807309DF8062042EA032224F8022BD2
:106DA000B442E7D102B070BD704700BF2DE9F04199
:106DB000B2F1000882B030DD05460F460026012200
:106DC00057F8044B11462B460DF107008DF807408C
:106DD0000FF05AFD01224FEA142C11462B460DF1FB
:106DE00007008DF807C00FF04FFD01224FEA144C49
:106DF00011462B460DF107008DF807C00FF044FD3A
:106E000001222B461146240E0DF1070001368DF8A4
:106E100007400FF039FDB045D1D102B0BDE8F08197
:106E2000F0B5002583B0171E8DF804508DF805507D
:106E30008DF806508DF807502FDD04460E460122CE
:106E40002346114601A809F067F80122234611469E
:106E50000DF1050009F060F80122234611460DF1FD
:106E6000060009F059F80122234611460DF10700EA
:106E700009F052F89DF806209DF807009DF80410CF
:106E800012049DF8053042EA00620A43013542EAE5
:106E90000322AF4246F8042BD1D103B0F0BD00BFAE
:106EA0002DE9F047B2F1000A82B01CDD07468846A2
:106EB0004FF00009082658F8084B58F8045C0122E6
:106EC0003B4611460DF107008DF807400FF0DCFC42
:106ED000240A013E44EA05644FEA1525EFD109F181
:106EE0000109CA45E6D102B0BDE8F0872DE9F043BB
:106EF000B2F1000983B014DD05468846002702AED2
:106F00006C46012220462B461146013409F004F854
:106F1000B442F6D1DDE900230137B945E8E80223A0
:106F2000EED103B0BDE8F0832DE9F043B2F10009E2
:106F300083B037DD054688460027012258F8044B08
:106F40001146002CB8BF64422B460DF10700B4BFB8
:106F5000802600268DF807400FF096FC01224FEAAC
:106F6000142C11462B460DF107008DF807C00FF0C9
:106F70008BFC01224FEA144C11462B460DF1070001
:106F80008DF807C00FF080FC01222B46114646EA1F
:106F900014640DF1070001378DF807400FF074FC01
:106FA000B945CAD103B0BDE8F08300BFF0B5171EE4
:106FB00083B038DD04460E460025012223461146E3
:106FC00001A808F0A9FF0122234611460DF1050092
:106FD00008F0A2FF0122234611460DF1060008F039
:106FE0009BFF0122234611460DF1070008F094FF94
:106FF0009DF805209DF806109DF807309DF80400C7
:10700000120242EA0142024303F07F0142EA0162B6
:107010001B0605F1010548BF5242AF428DF807102B
:1070200046F8042BC9D103B0F0BD00BF2DE9F047ED
:10703000B2F1000888B01ADD81460D460024DFF861
:1070400034A055F8040B14F04FFE06460F46524686
:107050001521CDE9006702A8ECF7EEFB01344B46A1
:107060000122142102A80FF00FFCA045E9D108B0BD
:10707000BDE8F087F0C702102DE9F041161E86B07A
:1070800014DD07460C460025DFF828803B46012228
:107090001421684608F040FF013522464146684603
:1070A0000AF062FDAE4204F10404EFD106B0BDE87F
:1070B000F08100BFF8C7021070B5054682B00846DF
:1070C0000E4610F001F8012204462B4611460DF140
:1070D00007008DF807400FF0D7FB0122C4F3072308
:1070E00011468DF807300DF107002B460FF0CCFB51
:1070F0002B4601223046A1B202B0BDE870400FF02D
:10710000C3BB00BF30B50122044683B00D46234601
:1071100011460DF1060008F0FFFE0122234611463C
:107120000DF1070008F0F8FE9DF807109DF806C065
:1071300023464CEA012401222146284608F0ECFEB1
:1071400000232B5503B030BD2DE9F8430546884692
:10715000174612B14FF0FF331360284607F060FC6A
:10716000421C064635D0284607F05AFC431C04460C
:1071700000F09E80002808BF4FF480741F2E1CD89A
:10718000DFE806F0105643251B101B101B1B1B1BB2
:107190001B1B1B1B2B1B1B1B1B1B1B1B1B1B1B1B2F
:1071A0001B1B1B10002CD8DD284607F039FC0130D2
:1071B00004F1FF34F6D14FF0FF363046BDE8F883D6
:1071C000284607F02DFC013004F1FF34F3D0002CE9
:1071D000F6DC00263046BDE8F883284607F020FCA0
:1071E0000130E8D0284607F01BFC0130E3D0A31E95
:1071F000002B55DD1C46002CAFDD284607F010FCA7
:10720000013004F1FF34F6D1D5E7022CD5D1284660
:1072100007F006FC421C0446CDD0284607F000FCCF
:10722000431CC8D0002FD4D004EB00243C60D0E72E
:10723000284607F0F5FB0646701CBCD0284607F030
:10724000EFFB411CB7D006EB0026022CB6B22ADDBC
:10725000E31E1E441C46B6B2B8F1000F05D115E07E
:10726000611C08F809003FF478AF331B28461FFA69
:1072700083F907F0D5FB431C04F1FF34F0D19AE702
:107280004846FBF77FFB013CFFF467AF301B1FFA5A
:1072900080F9284607F0C4FB421C0146F0D18AE77A
:1072A00004F1FE03A6E704F1FD03FD34D1DA54E74F
:1072B000033E18BF4FF0FF367FE700BF2DE9F04FC8
:1072C0000378ADF5803D87B0002B00F01581A14912
:1072D000804607F083FB0646002800F0368107F061
:1072E0009FFB3A2801464AD09B4B1B68022B1BDCB4
:1072F00000209A4C4A1C206001D10AE02068431CFF
:107300002360FAF757FF304607F08AFB431C01461B
:10731000F4D1304607F0D6FB4FF0000948460DF592
:10732000803D07B0BDE8F08F20F00403012BDFD1D2
:107330004FF4803706AD00213A46284608F0F0FCAD
:10734000304607F0B9FB002229463046FFF7FCFE25
:107350008146002840F0EB80804C3A462760074683
:107360000DF580331833002A00F0C98013F8011D91
:107370000127501E002940F0C3800246F3E7304643
:1073800007F09AFB002306AD009305F1090305936E
:1073900032464FF48071284607F05AFB002800F06F
:1073A0009D802B783A2BF3D16B7895F802A0392B7E
:1073B0008CBF37223022BAF1390F8CBF37213021F0
:1073C000EC789B1A2A79392C68790AEB031A8CBF5E
:1073D0004FF037094FF03009AB79392A8CBF372786
:1073E000302739288CBF4FF0370E4FF0300E392B35
:1073F0008CBF4FF0370C4FF0300CBAEB010AC7D0FE
:10740000A4EB0904A946A0EB0E0002EB041403EB65
:107410000013A3EB0C03E41B43EA0424DFB207EBE5
:10742000242704EB0A0B5744CDE9034520463D468B
:107430005C46CB460AF1FF32CDE901629BF8099028
:107440009BF80AC0B9F1390F8CBF37213021A9EB65
:1074500001090CEB0919BCF1390FA9F1300700F152
:107460000106A9F1370909D83946FAF7A3FEB44253
:107470003D440BF1020B0AD03046DFE7461C49467B
:10748000FAF798FEA6424D440BF1020BF4D1DDE968
:107490000162039C009B013422449342B8BF13460F
:1074A0000093059B2F4613F81A2003EB4A0A392A4A
:1074B0008CBF372130219AF80130521A392B03EB57
:1074C00002138CBF372230227F42FFB29B1ABB428D
:1074D000049D3FF45DAF4FF0FF330093009B1F4CC2
:1074E0003046236007F0EEFA236801337FF414AFCF
:1074F00041461B48FCF7BEFD4FF0FF390EE707B1D0
:107500002260304607F0DEFA2768B7F5605F16DCC8
:10751000002FD8BF002708DD0026304615F8011BD4
:107520000136FAF747FEB742F7D12760F6E6304654
:1075300007F0C2FA304607F073FA0146D8E63A4639
:1075400041460848FCF796FDD6E741460648FCF759
:10755000E3FDD1E780C10210A80B002048280120DC
:1075600010C8021038C80210FCC7021070B51649C6
:1075700082B0064607F032FA00B3002101AA0546A0
:10758000FFF7E2FD044628467CB907F09BFA019D0F
:1075900031462B462A460D48FCF748FD002D01DBFD
:1075A0000B4BDD81204602B070BD07F08BFA3146EF
:1075B0000848FCF75FFD4FF0FF34F3E7314606481B
:1075C000FCF7AAFDF7E700BF80C1021064C80210F3
:1075D0005813002084C80210A0C80210F8B52E4B22
:1075E0001B68042B36DC022B1EDC012B38D12B4808
:1075F000FFF764FE002863D1294B1B68002B40F085
:107600008C8343F2E072274D2B68934240F38783CB
:1076100025490968002900F07A83244B2A601B68F9
:10762000002B40F08380F8BD2148FFF747FEB8B13A
:10763000204D6C1E05F5E676C5F10105281914F8F4
:10764000011FFAF7B7FDB442F8D140F2CD12154B45
:107650001A60F8BD052B03D11748FFF72FFE40B97C
:10766000104D2B68B3F5605FC4BF4FF460532B60BF
:10767000F8BD124D6C1E05F20526C5F1010528194D
:1076800014F8011FFAF796FDB442F8D140F2062231
:10769000044B1A60F8BD00BFA80B0020447F0320F4
:1076A000688D032048280120980B0020E8700320F3
:1076B0004483032074D9021044870320C4E20210DB
:1076C000154D6C1E05F5E676C5F10105281914F86F
:1076D000011FFAF76FFDA642F8D140F2CD120F4B11
:1076E0000F4D1B682A60002B00F019830D4EC6F564
:1076F0004057741E013706F27F76381914F8011FBF
:10770000FAF758FDB442F8D14FF45E52064B2A60A6
:107710001B68002B87D009E074D90210688D032004
:107720004828012044DB0210E8700320AF216620C6
:10773000FAF740FD3D216720FAF73CFD182168204B
:10774000FAF738FD98216920FAF734FDD3216A2031
:10775000FAF730FDCF216B20FAF72CFDDB216C20EE
:10776000FAF728FDCF216D20FAF724FDE6216E20DF
:10777000FAF720FDC0216F20FAF71CFDEE217020E2
:10778000FAF718FD40217120FAF714FD202172202C
:10779000FAF710FDF8217320FAF70CFDC9217420C7
:1077A000FAF708FD11217520FAF704FD80217620F3
:1077B000FAF700FD40217720FAF7FCFC2121B520E3
:1077C000FAF7F8FCFB21B620FAF7F4FC2F21B720DA
:1077D000FAF7F0FC2121FC20FAF7ECFC7321FD20E4
:1077E000FAF7E8FC0421FE20FAF7E4FCCD2140F290
:1077F0000510FAF7DFFC6C214FF48370FAF7DAFC1E
:10780000002140F20710FAF7D5FC01214FF48470F3
:10781000FAF7D0FCCE2140F20910FAF7CBFC062192
:107820004FF48570FAF7C6FCED2140F20B10FAF721
:10783000C1FC79214FF48670FAF7BCFC0D2140F2AF
:107840000D10FAF7B7FC10214FF48770FAF7B2FC6D
:10785000FB2140F20F10FAF7ADFC3E214FF4887087
:10786000FAF7A8FC202140F21110FAF7A3FCCD2171
:107870004FF48970FAF79EFC6A2140F21310FAF770
:1078800099FC00214FF48A70FAF794FC212140F210
:107890001510FAF78FFC00214FF48B70FAF78AFC71
:1078A000422140F21710FAF785FCE5214FF48C7065
:1078B000FAF780FCED2140F21910FAF77BFCB221B7
:1078C0004FF48D70FAF776FCC92140F21B10FAF7DD
:1078D00071FC182140F27140FAF76CFC0A2140F269
:1078E0007240FAF767FC522140F27340FAF762FCEB
:1078F0002F2140F27440FAF75DFC532140F27540AD
:10790000FAF758FC202140F27640FAF753FC4C215C
:1079100040F27740FAF74EFC32214FF48F60FAF7CD
:1079200049FC2E2140F27940FAF744FC2E2140F226
:107930007A40FAF73FFC0D2140F27B40FAF73AFC1F
:10794000002140F27C40FAF735FCCD2140F27D4029
:10795000FAF730FC412140F27E40FAF72BFC05217A
:1079600040F27F40FAF726FC4D2142F6FB70FAF711
:1079700021FC652142F6FC70FAF71CFC6D2142F6F1
:10798000FD70FAF717FC2E2142F6FE70FAF712FC92
:10799000002142F6FF70FAF70DFC082140F27460F6
:1079A000FAF708FCAF2140F27560FAF703FCD32127
:1079B00040F27660FAF7FEFBFF2140F27760FAF7BB
:1079C000F9FB21214FF4CF60FAF7F4FBD22140F20A
:1079D0007960FAF7EFFB062140F27A60FAF7EAFBEA
:1079E000112140F27B60FAF7E5FB002140F27C6058
:1079F000FAF7E0FB402140F27D60FAF7DBFB012162
:107A000040F27E60FAF7D6FB362140F27F60FAF74B
:107A1000D1FB00214FF4D060FAF7CCFBED2140F20E
:107A20008160FAF7C7FBB02140F28260FAF7C2FB2F
:107A30003D2140F28360FAF7BDFB202140F28460D3
:107A4000FAF7B8FBF22140F28560FAF7B3FB0621A2
:107A500040F28660FAF7AEFB272140F28760FAF722
:107A6000A9FB12214FF4D160FAF7A4FB132140F2D5
:107A70008960FAF79FFB102140F28A60FAF79AFBBF
:107A8000FC2140F28B60FAF795FB312140F28C60CB
:107A9000FAF790FB7D2140F28D60FAF78BFB4021D5
:107AA00040F28E60FAF786FB3A2140F28F60FAF7D7
:107AB00081FB40214FF4D260FAF77CFB382140F281
:107AC0009160FAF777FBCB2140F29260FAF772FBF4
:107AD000572140F29360FAF76DFB202140F2946049
:107AE000FAF768FB322140F29560FAF763FB172141
:107AF00040F29660FAF75EFB382140F29760FAF7A1
:107B000059FB06214FF4D360FAF754FBDB2140F216
:107B10009960FAF74FFBCF2140F29A60FAF74AFBDF
:107B20003C2140F29B60FAF745FBC22140F29C6089
:107B3000FAF740FB052140F29D60FAF73BFB01217B
:107B400040F29E60FAF736FB212140F29F60FAF77F
:107B500031FBEC214FF4D460FAF72CFB372140F2D3
:107B6000A160FAF727FB7E2140F2A260FAF722FB20
:107B70003C2140F2A360FAF71DFB282140F2A460EB
:107B8000FAF718FB222140F2A560FAF713FB3E2119
:107B900040F2A660FAF70EFB012140F2A760FAF767
:107BA00009FB32214FF4D560FAF704FBE12140F2E2
:107BB000A960FAF7FFFA372140F2AA60FAF7FAFA59
:107BC000112140F2AB60FAF7F5FAEE2140F2AC6019
:107BD000FAF7F0FA372140F2AD60FAF7EBFA362106
:107BE00040F2AE60FAF7E6FA032140F2AF60FAF72E
:107BF000E1FACD214FF4D660FAF7DCFA602140F2C9
:107C0000B160FAF7D7FA002140F2B260FAF7D2FA7F
:107C1000CB2140F2B360FAF7CDFA462140F2B460CE
:107C2000FAF7C8FA202140F2B560FAF7C3FAFC214E
:107C300040F2B660FAF7BEFA122140F2B760FAF7E6
:107C4000B9FA13214FF4D760FAF7B4FA062140F2DB
:107C5000B960FAF7AFFA422140F2BA60FAF7AAFA2D
:107C6000C52140F2BB60FAF7A5FA362140F2BC60AC
:107C7000FAF7A0FA8C2140F2BD60FAF79BFACB210B
:107C800040F2BE60FAF796FA4E2140F2BF60FAF772
:107C900091FA28214FF4D860FAF78CFAFC2140F2CF
:107CA000C160FAF787FA1A2140F2C260FAF782FA45
:107CB000022140F2C360FAF77DFA0C2140F2C46061
:107CC000FAF778FA202140F2C560FAF773FAF72143
:107CD00040F2C660FAF76EFAC92140F2C760FAF7BF
:107CE00069FA08214FF4D960FAF764FACA2140F220
:107CF000C960FAF75FFA752140F2CA60FAF75AFADA
:107D0000002140F2CB60FAF755FA2B68AAE4074A43
:107D10001268002A3FF4A6AC08E5054DE6E4034BE3
:107D20001B68002B7FF402ADF8BD00BFE870032094
:107D30004828012000207047704700BF234B2DE9E1
:107D4000F0471B68224E002B0BBF40205020102113
:107D50001821204F3060396001F0A2FA35683B6885
:107D600003FB05F5002D29DD40F27F73013D9D42A7
:107D70004FF00004A8BF1D46DFF860A0DFF8609058
:107D8000DFF8608030683B68B4FBF0F1994212DAAA
:107D9000D9F8002000FB11409AF80030DFF848C005
:107DA0002AB1DCF80020A24208BF43F0400318F8D3
:107DB000042001F0E1FA0134AC42E3DD01F026FCDD
:107DC0000022054B1A60BDE8F08700BFB08D03208C
:107DD000E00B0020DC0B0020449503204895032095
:107DE000B88D0320C48D0320D80B0020B0F5F06FB0
:107DF00000D37047104A114B12681B68B0FBF2FCAD
:107E000010B50F4C9C4521540ADA0E4C0E4B2468D9
:107E10001B784CB902FB1C000A46614601F0ACFA23
:107E200001220A4B1A6010BD094C2468A04208BF09
:107E300043F04003EEE700BFE00B0020DC0B002026
:107E4000C48D0320B88D032048950320449503205A
:107E5000D80B00202DE9F0471C4E1D4F35683B68BC
:107E600003FB05F5002D29DD40F27F73013D9D42A6
:107E70004FF00004A8BF1D46DFF85CA0DFF85C905F
:107E8000DFF85C8030683B68B4FBF0F1994212DAAD
:107E9000D9F8002000FB11409AF80030DFF844C008
:107EA0002AB1DCF80020A24208BF43F0400318F8D2
:107EB000042001F061FA0134AC42E3DD01F0A6FBDD
:107EC0000022044B1A60BDE8F08700BFE00B0020E1
:107ED000DC0B00204495032048950320B88D032037
:107EE000C48D0320D80B002038B54FF4F062202158
:107EF000094807F015FF00254FF0FF3207490848F1
:107F0000084B094C0968006825601A6001F0C8F93F
:107F1000BDE83840FFF79EBFC48D0320DC0B002076
:107F2000E00B0020D80B0020B88D0320064A136810
:107F300029B11843984206D01060FFF78BBF23EA9F
:107F400000009842F8D170474895032038B5124B8D
:107F50001A6882421ED0044600254FF4F0622021A8
:107F60000E481C6007F0DCFE4FF0FF300C49AC42BD
:107F700008600BBF4020502010211821094B0A4AED
:107F80000A4C19602560106001F08AF9BDE838409C
:107F9000FFF760BF38BD00BFB08D0320C48D032044
:107FA000D80B0020DC0B0020E00B0020B88D032054
:107FB000704700BF38B501F0ABF8002310254FF033
:107FC000FF3140240C4A0D4813600D4A04601560CF
:107FD0000C4A0D4813600D4A11600D494FF4F062D0
:107FE0000B60202107F09CFE2946204601F058F93D
:107FF000BDE83840FFF72EBFB08D0320E00B002016
:10800000DC0B002048950320C48D0320D80B0020F2
:10801000B88D032001F06ABB01F06ABB034B186BFB
:10802000003818BF012001F065BB00BF58130020C5
:10803000014600B5003983B018BF012101A801F045
:10804000A5F810B903B05DF804FB019800F006FE36
:1080500003B05DF804FB00BF044608B5054B22469B
:108060001B680549D8680DF0D3FAB4FA84F04009CA
:10807000EBF794FC380C0020B4C80210704700BF26
:1080800000207047704700BF704700BF0020704756
:10809000704700BF2DE9F0412E4C2F4DD4F800C0A1
:1080A000296820607BB92B6041B12C4F2C4ED7F84A
:1080B0000080326808FB02F18C4532D30122294B43
:1080C0001A60BDE8F081264E244F3268D7F8008050
:1080D00008FB02FE864594BF002301232B60D1B923
:1080E000002BEBD02268B2F5F06FE7D23868336826
:1080F000B2FBF0F19942E1DA1B4B1C4C1B7800FB00
:10810000112043F04003A25C01F036F90122154B27
:108110001A60BDE8F081E645E2D9BCF5F06F03D303
:10812000DEE7BCF5F06FC9D2BCFBF8F19142D7DABB
:108130000D4A12781BB1844508BF42F04002134635
:108140000A4A08FB11C012F80C2001F015F92B683F
:10815000C6E700BFD80B0020B88D0320E00B00203D
:10816000DC0B00204495032048950320C48D032098
:108170002DE9F043344D354EDFF8DC902C68D6F80D
:1081800000C0D9F800E030B1B4EB000818BF4FF0E0
:10819000010804464046D1B18C4518D0002A3ED192
:1081A000002B44D02A4802689A4240D0502C0360E9
:1081B0001AD0182918D08C460120402C26D0BCF1AA
:1081C000100F23D048B3BEF1000F23D00FE022B12F
:1081D00020490F68974218BF0A608BB9502C02D013
:1081E000BCF1180FE9D1C0B10123C9F80030502209
:1081F00018232A6033600120BDE8F043FFF79EBDDD
:1082000013490A689A4218BF0B60E7E728B10023B8
:10821000C9F8003040221023EBE7BDE8F0838C461C
:108220000C4901200F68974218BF0A60D5E7502C0F
:10823000DAD01829D8D0402CE9D01029E7D0BEF1E7
:10824000000FE7D0D3E700BFE00B0020DC0B0020DD
:10825000D00B0020D40B0020B08D0320A1F580723C
:108260000346112A46D8DFE802F02C25101717091B
:10827000091E103910172C25091E3F33DB4A92E8DE
:10828000030083E8030018467047D94A92E80300C8
:1082900083E8030018467047D64A92E8030083E853
:1082A000030018467047D44A92E8030083E80300AD
:1082B00018467047D14A92E8030083E80300184645
:1082C0007047CF4A92E8030083E8030018467047DE
:1082D000CC4A92E8030083E80300D4E7CA4A92E854
:1082E000030083E80300CEE7C84A92E8030083E86E
:1082F0000300C8E78AB2083A762A00F2F18001A0AA
:1083000050F822F08B820110E1840110E184011009
:10831000E1840110A7820110DD820110E1840110C7
:10832000E1840110E1840110E1840110E184011075
:10833000E1840110E1840110E1840110E184011065
:10834000E1840110E1840110E1840110E184011055
:108350007D820110E1840110E1840110E1840110AB
:10836000E1840110618701105587011049870110D0
:108370003D870110318701102587011019870110F1
:108380000D87011001870110F5860110E9860110A3
:10839000DD860110D1860110C5860110B986011055
:1083A000AD860110A1860110958601108986011005
:1083B0007D860110718601106586011059860110B5
:1083C000DF850110D3850110C7850110BB85011021
:1083D000AF850110A3850110978501108B850110D1
:1083E0007F85011075850110E1840110E184011081
:1083F000E1840110E1840110E1840110E1840110A5
:10840000E1840110E1840110E1840110E184011094
:10841000E1840110E1840110E1840110E184011084
:10842000E1840110E1840110E1840110E184011074
:10843000E1840110E1840110E1840110E184011064
:10844000E1840110E1840110E1840110E184011054
:10845000E982011069850110D18201105D8501104A
:108460005185011047850110E1840110E18401105C
:10847000E1840110E1840110E1840110E184011024
:10848000E1840110E1840110E1840110E184011014
:10849000E1840110E1840110E1840110E184011004
:1084A000E1840110E1840110E1840110E1840110F4
:1084B000E1840110E1840110E1840110E1840110E4
:1084C000E1840110E1840110E1840110E1840110D4
:1084D0003B8501102F85011023850110FB840110BD
:1084E000A1F14102192A0ED96139192912D9484A34
:1084F00092E8030083E80300C5E6464A92E80300D9
:1085000083E80300BFE69221434850F82220C3E9E4
:108510000021B8E69322404850F82110C3E9001228
:10852000B1E63E4A92E8030083E80300ABE63C4A2A
:1085300092E8030083E80300A5E63A4A92E80300C4
:1085400083E803009FE600219222C3E900129AE625
:10855000354A92E8030083E8030094E6334A92E840
:10856000030083E803008EE6314A92E8030083E8C3
:10857000030088E600219322C3E9001283E62D4A16
:1085800092E8030083E803007DE62B4A92E80300AB
:1085900083E8030077E6294A92E8030083E80300B2
:1085A00071E6274A92E8030083E803006BE6254A58
:1085B00092E8030083E8030065E6234A92E803009B
:1085C00083E803005FE6214A92E8030083E80300A2
:1085D00059E61F4A92E8030083E8030053E61D4A68
:1085E00092E8030083E803004DE600BF54E5021063
:1085F00044E502104CE502105CE502103CE5021077
:1086000034E5021074E5021064E502106CE5021016
:10861000B4E60210ACE60210CCE40210A4E60210AC
:108620009CE6021094E602108CE6021084E602102A
:108630007CE6021074E602106CE6021064E602109A
:108640005CE6021054E602104CE6021044E602100A
:108650003CE6021034E60210444A92E8030083E844
:10866000030010E6424A92E8030083E803000AE6AA
:10867000404A92E8030083E8030004E63E4A92E899
:10868000030083E80300FEE53C4A92E8030083E828
:108690000300F8E53A4A92E8030083E80300F2E5B4
:1086A000384A92E8030083E80300ECE5364A92E892
:1086B000030083E80300E6E5344A92E8030083E818
:1086C0000300E0E5324A92E8030083E80300DAE5BC
:1086D000304A92E8030083E80300D4E52E4A92E88A
:1086E000030083E80300CEE52C4A92E8030083E808
:1086F0000300C8E52A4A92E8030083E80300C2E5C4
:10870000284A92E8030083E80300BCE5264A92E881
:10871000030083E80300B6E5244A92E8030083E8F7
:108720000300B0E5224A92E8030083E80300AAE5CB
:10873000204A92E8030083E80300A4E51E4A92E879
:10874000030083E803009EE51C4A92E8030083E8E7
:10875000030098E51A4A92E8030083E8030092E5D3
:10876000184A92E8030083E803008CE52CE6021027
:1087700024E602101CE6021014E602100CE60210B9
:1087800004E60210FCE50210F4E50210ECE502102C
:10879000E4E50210DCE50210D4E50210CCE502109D
:1087A000C4E50210BCE50210B4E50210ACE502100D
:1087B000A4E502109CE5021094E502108CE502107D
:1087C00084E502107CE5021070B500240F4B104DBB
:1087D000242221460F482C601C6007F0A1FA912248
:1087E00090250D480D4B02600D480E4904600E485F
:1087F0000E4E05600E481C6302600E4A3460146021
:10880000D3E90E23C1E9002370BD00BF78780320AF
:108810007C780320E01B0120F00B0020581300207F
:10882000F4770320C01B0120EC0B00208478032088
:10883000E80B0020AC8D0320114A12491368086828
:108840000133902813600ED00F4A1368002B0BDD04
:10885000013B136043B10D4B0D4A1B68002B08BF51
:10886000012313637047704730B490200025912294
:10887000074C084B256308601A6030BC704700BF86
:10888000F4770320EC0B0020AC8D0320181A012094
:1088900058130020E80B00209B4B2DE9F04F1B687C
:1088A0009A4DDFF890B2D5E90E8EB3EB0803964BE4
:1088B00004465B688BB063EB0E09DBF80030022BDB
:1088C00033DD934B1968002940F3B381914A0020AE
:1088D000CDE901489FED8A7B90468F4BD2F800A0EE
:1088E0001B688E4E039003F1010CDCF1000456F876
:1088F000232004F01F040CF01F0358BF6342002A1A
:1089000001F1FF3170DA824E424631608249019CAA
:10891000DDF808800B6018B1049BC2F800A02B633F
:10892000039B13B17E4B059A1A60B9F1000FC0F298
:108930009B80002314F00100CBF800301CBF794B62
:108940001868A60702D5774B5B681843650702D500
:10895000744B9B681843210702D5724BDB681843A0
:10896000E20602D56F4B1B691843A30602D56D4B77
:108970005B691843670602D56A4B9B69184314F07C
:10898000800517D0664A674B1168674A9329DB69EF
:10899000126800F00781912903D09E0708BF43F0B9
:1089A0000103932A00F04181912A02D0990700F037
:1089B000018118435D4B1B68902B0DD0C3F303124C
:1089C000062A03F00F030ADC44FA02F2D20703D5A9
:1089D000012202FA03F318430BB0BDE8F08F072A17
:1089E000FAD1002DF8D0F3E7942A27DC902A63DD32
:1089F00005920122039200297FF475AF444E42464E
:108A000031604549019CDDF808800B6018B1049B7A
:108A1000C2F800A02B63039B002B86D0404B059A25
:108A2000B9F1000F1A6084DA41480368364913EB44
:108A300008024EEBE3730A604B607AE7952A7BD11C
:108A4000384A012082ED007B82ED027B82ED047BBF
:108A500082ED067B912400220594924604920390B5
:108A600000297FF440AFC9E73148294903680A6803
:108A700013EB08064EEBE373002AD6DD2248013AD9
:108A8000C0E9006324480A600368244A52F823209E
:108A90000133594201F01F0103F01F0358BF4B423D
:108AA000002A0360FFF645AF942A6CDC902A40F35D
:108AB000A3801B4B1A603CE71A4F1411069457F819
:108AC000244002F00F0244FA02FC1CF0010F079749
:108AD000274690D10120904038430AF1010ADDE990
:108AE000062444F82200BAF1000218BF0122012036
:108AF000049200297FF4F7AE80E700BFAFF3008057
:108B00000000000000000000C01B012058130020DE
:108B100078780320847803207C780320F87703207A
:108B2000F00B0020E01B0120E80B0020EC0B0020E4
:108B3000E40B0020F477032012F480340CBF4FF0D4
:108B4000010C4FF0000C3D4FCDF820C0C2F3031CC8
:108B5000099457F82C4002F00F020797CDF818C07F
:108B6000274644FA02FC089C0CF0010C64453FF4D3
:108B700042AF0120099C9040002CADD027EA0000B4
:108B80000AF1FF3AABE7952A18D1202200212B48A1
:108B900007F0C6F891210023294A2B631160294A66
:108BA0001360C6E6932A23F003033FF402AF912A31
:108BB0003FF4FFAE43F001031843FBE612F4803CA0
:108BC0000CBF012100211D4EC2F3031056F8207086
:108BD00002F00F0247FA02F303F0010399423FF457
:108BE000A8AE01219140174A1368BCF1000F12D0C2
:108BF00027EA0101013B10E0104E101156F82070D9
:108C000002F00F0247FA02F3DB073FF592AE0121B3
:108C100091400C4A1368394301331360003B18BF7D
:108C2000012346F820102B6383E623F00303184347
:108C3000C0E6B9F1000FBFF67CAEF5E6E01B0120FF
:108C4000F00B00208478032000230249024A0B60C5
:108C5000136070477C7803207878032010B582B0C9
:108C600001466846FFF7FAFA009A902A0ED0084BA0
:108C700006201B680749002B08BF01230A60064C29
:108C8000019A06492260064A0860136302B010BDCB
:108C9000181A0120EC0B0020E80B0020AC8D0320FB
:108CA00058130020FF207047704700BF704700BF77
:108CB000704700BF704700BF704700BF704700BFDC
:108CC000704700BF704700BF704700BF704700BFCC
:108CD000704700BF704700BF704700BF704700BFBC
:108CE000704700BF704700BF704700BF704700BFAC
:108CF000704700BF00207047704700BF704700BF3B
:108D0000704700BF0020704700207047704700BFC9
:108D1000704700BF704700BF704700BF704700BF7B
:108D20000020704700207047704700BF704700BFA9
:108D3000704700BF704700BF704700BF704700BF5B
:108D4000704700BF704700BF704700BF704700BF4B
:108D5000704700BF704700BF704700BF704700BF3B
:108D6000704700BF704700BF002070470020704769
:108D700000207047002070474FF0FF30704700BF61
:108D8000002070474FF0FF30704700BF4FF0FF30BA
:108D9000704700BF4FF0FF30704700BF70B52C4CDC
:108DA000E38862881344B3F5803F09DD0E222378FF
:108DB000627023F0400323704FF6FF75658070BD2D
:108DC00009F078F90022034660781A600DF0F6FC8D
:108DD00006460EF079F9054609F06CF9016879BB91
:108DE0006088AA1C9042237824D3617043F040032A
:108DF0000121E0882370FAF769F998B10121E08830
:108E0000FAF764F92A4631460CF0D2FAE0880D21CF
:108E10002844F9F7B7FDE0886E1C00213044F9F7CB
:108E2000B1FD354609F046F90368002BC4D1ADB257
:108E3000658070BD222203F0BF03451E6270D7E734
:108E400009F038F92378026803F0BF036270CFE7B6
:108E5000581300202DE9F041002082B000F08AFC78
:108E60002B4C2C4B6278D3E90053401943EB0103A0
:108E7000012ACDE900030CD02AB9030C6380A0803D
:108E800002B0BDE8F08124481146FBF7F3F80098E2
:108E9000F3E7684608F060FE03466846D3E90058E9
:108EA000D3E9027609F06EF90146DDE900024FF4DC
:108EB000616C4B68A8EB0303C3EB031E0B68EB1A52
:108EC0008D6803EB8E037F1B0CFB0733C9681818F2
:108ED000A6EB010142EBE3720129CDE9000207DCB8
:108EE0004B1C10DA1E31032908D80C4BC018C4E7FC
:108EF0001B39032902D80A4BC018BEE70948FBF703
:108F0000B9F80098B9E7054B03FB01F10818B4E77D
:108F100058130020101A0120F0C8021080510100DF
:108F200080AEFEFFC4C802104FF0FF30704700BF94
:108F3000002070474FF0FF30704700BF4FF0FF3008
:108F4000704700BF4FF0FF30704700BF10B54B4C6B
:108F50006178192911D8DFE801F00D788B860D8230
:108F60007D4210103B342B211D19155D564F486A68
:108F7000101063710023E38010BD4148BDE810402C
:108F8000FBF778B83F4B1B68E38010BD3E4BE2888F
:108F90001A6010BD3C4B1B68E38010BD60883B4BE2
:108FA000B0FA80F0BDE8104040091860FBF7A4BE9D
:108FB000364B00221B68E280B3FA83F35B096380BF
:108FC00010BDE388324A003B18BF0123136010BD77
:108FD0002F4B1B68003B18BF0123E38010BDE188C5
:108FE0006088BDE81040F4F7D7BC2A4B1B68003BF3
:108FF00018BF0123E38010BDE388274A003B18BF58
:109000000123136010BD244B1B68003B18BF0123D4
:10901000E38010BDE388032BAED81A4A136010BD5D
:109020001E4B1B68003B18BF0123E38010BDE38883
:10903000184A003B18BF0123136010BDE388174A8C
:10904000003B18BF0123136010BD0020BDE8104095
:10905000FFF702B86088F4F7AFFCE08010BD104B5A
:109060001B68E38010BD0020BDE81040F8F788BF02
:109070000C48BDE81040FAF7FDBF00BF58130020B0
:1090800034C90210940B0020E40B0020181A0120B0
:10909000E87703206814002050950320A40B0020DB
:1090A000A80B00201CC902104FF0FF30704700BF12
:1090B0004FF0FF30704700BF00207047704700BF7F
:1090C000704700BF0048704770C00210704700BF73
:1090D000FF207047704700BF0048704770C0021003
:1090E0004FF0FF30704700BF704700BFFF20704750
:1090F000704700BF704700BF704700BF704700BF98
:109100000020704700207047002070470020704703
:1091100038B5174D2C7804B138BDEAF797FD04F047
:1091200049FE21461348EAF779FD134803F020FC75
:1091300040F2FF7003F02EFC204603F03BFC20467B
:1091400004F0FAFB204603F007FCFA20E8F70AF8DF
:1091500003F080FF094B0A491B680A4A0B60C3F100
:10916000200313600123084A2B70146038BD00BF30
:109170007F9503200C0C002024E70210F80B002040
:10918000347B0320387B0320307B032010B504465A
:1091900019B903F087F900B910BD03F091F90D2852
:1091A00039DDA0F18103562B31D8562B2FD8DFE8BB
:1091B00003F06B6865622E2E2E2E2E2E2E2E2E2E56
:1091C0002E2E2E2E2E2E2E2E2E2E2E2E2E2E2E2EBF
:1091D0002E2E2E2E2E2E2E2E2E2E2E2E2E2E2E2EAF
:1091E0002E2E5F2E2E2C74715C2E2E2E2E2E2E2EB9
:1091F0002E2E2E2E2E2E2E2E2E2E2E2E2E2E2E2E8F
:109200002E592E562E4A53506E004FF4817004B1E1
:109210002060012010BD0728F9DDA0F10803052B0F
:10922000F5D801A252F823F0479201104D92011097
:10923000419201100F9201100F9201104192011002
:1092400040F20910E3E74FF48470E0E74FF48270D6
:10925000DDE74FF48670DAE740F20B10D7E74FF402
:109260008570D4E74FF48370D1E740F20310CEE766
:1092700040F20510CBE740F21110C8E74FF48870B8
:10928000C5E740F20F10C2E74FF48770BFE740F226
:109290000D10BCE740F20110B9E74FF48070B6E75B
:1092A0002DE9F0412F4B304D402882B018602960E5
:1092B0001ED000242D4A2E4B11602E4AC1F12000F1
:1092C000A14210601C7002DC0FE0202C0DD003F0D6
:1092D00055FB0246E0B222B1013A0021D2B203F0BE
:1092E000F3FF2B680134A342EFDC02B0BDE8F0814C
:1092F0001029DED1002203214FF491701D23012497
:109300001B4E1C4FDFF8648000903960C8F80030B5
:1093100011464FF4A0731046347003F0DFFB33782E
:10932000002BE2D03B68002BDFDDD8F800302A6844
:1093300003EB830302EBC2025B00A3EB4203002BAF
:109340004FEA4202D1DD013B02EB630200214FF400
:10935000A07340F2FF70009492B203F0BFFB02B022
:10936000BDE8F081FC0B0020F80B0020347B0320CB
:1093700081950320387B03202DE9F04F1C4650EAED
:1093800001038BB000F187809A4B05461B6883422E
:1093900040F38180984B0E461B688B427BDD974BD8
:1093A00090461F78002F79D0002A08BF4FF0200880
:1093B00014F00103039301D0C3076CD4904B04F065
:1093C0000A02082A1B6800F0E280012B40F3A48007
:1093D000B8F1BF0F40F2EB8014F0060740F0F380C5
:1093E00043F2EC71A8F140025FFA82F8039B002B74
:1093F000844B18BF4FF00A0C93F801B008BF4FF030
:10940000050C18FB0BF8BBF1000F37D01A7804F0ED
:10941000400064B292B308F1010808EB030EDFF8D4
:10942000E8A1930005935300013A069309964FF083
:10943000000853461646CDE907C50BF1FF39039ADC
:109440001EF801CF002A79D1069D002C324603EB8D
:10945000050A4ADB002851D12CFA02F5ED0765D543
:1094600023F8021B534502F1FF32F5D1534608F1B0
:109470000108C345E3D1DDE907C5099E06EBC60235
:10948000520005EB850563465F4892B2CDF800B007
:10949000A9B203F09FFA0BB0BDE8F08F03F06EFAAB
:1094A000A842F8DD1F2EF6DCE00903F055FAB8F10A
:1094B000000F14BF4246202264B2F1B2E8B204F0B9
:1094C00061F8002CE7DA38460BB0BDE8F04F03F046
:1094D00043BAC1450DD0002814BF0D463D4623F8C0
:1094E000025B9A4502F1FF32C1D02CFA02F5ED077A
:1094F000EFD5002814BF3D460D46F0E72CFA02F5E3
:1095000015F0010F0CBF0D463D4623F8025B534595
:1095100002F1FF32F2D1AAE714F0020756D018F098
:10952000800F4AD1002743F2EC715FE723F8027BFA
:10953000534502F1FF328FD1534698E79A4632469F
:10954000CDF810B00FE0002C16DB002814BF8B46BE
:10955000BB4600256BF30F056BF31F45013A4AF834
:10956000045B551C0FD02CFA02F5ED07EBD5002853
:1095700014BFBB468B46ECE7C145E6D1002814BFBB
:10958000BB468B46E5E7DDE904B213446FE7012BE8
:109590001FDDB8F1BF0F23D914F0060F26D1A8F1B3
:1095A00040025FFA82F843F2EC7700211EE714F0E4
:1095B00002070BD018F0800FB4D043F2EC770021F3
:1095C00008F07F0812E714F00207F6D143F2EC71BD
:1095D0000CE714F0020106D018F0800FE3D0ECE79E
:1095E000A707F9D4DFE743F2EC77FFE6A307DAD564
:1095F000E3E700BFFC0B0020F80B0020819503205F
:10960000A80B002054F102103C7B0320704700BFE0
:10961000F8B50E4E3368002B16DD00250C4F3C6864
:1096200003F0ACF92C441F2C034606D85A1EE0B2B6
:10963000D2B213B1002103F047FE33680135AB42CB
:10964000EDDC0022034B1A60F8BD00BF387B03201D
:10965000347B0320307B0320002839D02DE9F843E8
:10966000DFF88480D8F80030002B14DD1C4B1D4E31
:109670001D68336804461D4403F080F91F2D07461A
:1096800000D850B93368D8F80020013393FBF2F1C9
:1096900002FB11333360BDE8F88340F2FF7003F042
:1096A00079F9002003F086F903F068F988B95FFAC8
:1096B00085F9013C002506E0E8B24946013503F092
:1096C00061FFAF42DED014F8012F002AF4D1D9E7B0
:1096D0007047421E0021D2B2E8B203F0F5FDE6E782
:1096E000347B0320307B0320387B0320704700BF8E
:1096F000704700BF704700BF00B3F0B5037806465F
:1097000089B083B10825104F314601A802F0F2F864
:10971000044660B1FA203C70E7F724FD013DF3D127
:10972000002009B0F0BD0822074B1A70F8E701A825
:1097300002F02EF901203C7009B0F0BD0822024B66
:1097400000201A70704700BF7E950320014B1878E7
:10975000704700BF7E950320014B187802F094BD3E
:109760007E9503204FF050435868C0F380507047F7
:1097700004F01CBD70B5334E044633788AB0E3B1B3
:10978000314DE7F777FE99B100234FF47A7212F06A
:10979000AFFA03462D492868A1FB031369689B09AA
:1097A000181841F100010CB1C4E900010AB070BD04
:1097B000264AA2FB00239B09ECE747F241027221F3
:1097C000CDE907337E23ADF8002002F04102412AA3
:1097D0008DF80210069310D19DF80130702B02D144
:1097E000CBB28B422BD0412A07D19DF80130752B8B
:1097F00003D19DF80230672B1FD0002207211623CA
:109800003520CDE9033105924FF0FF33012201905D
:1098100001A8029209930CF023FC00230C4A0A4D84
:10982000824273EB0102A8BF19464FF00103A8BFA3
:109830000848696028603370A3E70722DEE7032247
:10984000DCE700BF80950320081C0120D34D621087
:109850007F00926500B9556970B54FF020330C4612
:10986000002263602E212360C4F80730E2720546AF
:109870000BF018FC064600287AD0421B002A57DD60
:1098800029783F4B585C00F00300022804BF2039C0
:10989000C9B2012A21704AD06978585C00F00300EF
:1098A000022804BF2039C9B2022A61703FD0A978CA
:1098B000585C00F00300022804BF2039C9B2032A13
:1098C000A17034D0E978585C00F00300022804BF8E
:1098D0002039C9B2042AE17029D02979585C00F0F6
:1098E0000300022804BF2039C9B2052A21711ED005
:1098F0006979585C00F00300022804BF2039C9B21E
:10990000062A617113D0A979585C00F0030002287F
:1099100004BF2039C9B2072AA17108D0EA799B5C3B
:1099200003F00303022B04BF203AD2B2E271F6B176
:109930007278E2B1124B995C01F00301022904BF75
:10994000203AD2B22272B2788AB1995C01F0030156
:10995000022904BF203AD2B26272F2783AB19B5C1B
:1099600003F00303022B04BF203AD2B2A27270BDEF
:1099700028460DF0A9FB0246002881D170BD00BF2A
:109980003506031010B504F011FC80B9094B1A78A4
:109990006AB10121084C18702060084B084C18600F
:1099A0002060084A084C094B2060186011700120A3
:1099B00010BD00BF749503205C9503205C750320E7
:1099C000E47503207C950320A4740320887503208C
:1099D0000023036043608360C3600361436183616C
:1099E000704700BF01284FD92DE9F04F354B054690
:1099F000984283B062D84FF0000C4FF0FF3A324AE1
:109A0000324ECDE9002CDFF8D0B0009BC5F3D6175D
:109A1000D889DBF80030AC00184431463844C4F330
:109A2000080404F0CBFB68B9009BDBF80000DB897D
:109A300056F804801F443146384428F0704904F039
:109A4000BDFB10B103B0BDE8F08F3159DBF8000069
:109A500001F0704131513844314604F04DFC019B16
:109A6000013301930028EDD1164BAA4528BFAA4621
:109A700099450BD8164B18EA030F01D04D46C4E7A1
:109A8000102003B0BDE8F08F10207047114BDDE9C6
:109A9000002CD3F8E8016044C3F8E801D3F8EC01E6
:109AA000504588BFC3F8ECA1108EDBF8003009499F
:109AB000184403B0BDE8F04F04F01EBC024ADFF8C2
:109AC00018B0F1E7F7FFFF0F48740320648B032001
:109AD000FEFFFF0FE87503205C9503202DE9F04F92
:109AE00089468046202200214846C9B006F018F970
:109AF00098F80130002B40F0A4814FF0FF3BDFF8D5
:109B0000FCA25C4600938DF8203016E0012288F814
:109B100001202033B3FBF6F2C8F8103006FB1233F5
:109B2000002B00F06D8198F80130002B40F0898106
:109B300099F80030002B40F08481AB4FD8F81030FA
:109B40003E682146B3FBF6F4D8F8082006FB14342F
:109B5000901EA64A640A557BA54A05FB004412687C
:109B600014448C420BD0A34B51461868204404F097
:109B700025FB002840F06681D8F810303E68C3F31A
:109B800008051AF805705544002FBFD0EA7A0F2A4D
:109B900000F05B81E52FBCD06B7829790193EB79DC
:109BA0009DF8202003936B7A02910493AB7A95F889
:109BB00002B095F803E06879A97995F808C0059393
:109BC000002A43D0019BFA0142EA57021A44C2F329
:109BD000460343EAC2135BFA83F3C3F3460242EA45
:109BE000C3125EFA82F2C2F3460343EAC213029A38
:109BF00052FA83F3C3F3460242EAC31250FA82F2E6
:109C0000C2F3460343EAC21351FA83F3C3F3460295
:109C100042EAC312039B53FA82F2C2F3460343EAB9
:109C2000C2135CFA83F3C3F3460242EAC312049BF5
:109C300053FA82F2C2F3460343EAC213059A52FA78
:109C400083F3009ADBB29A4200F0A181202F00F04A
:109C5000B081694BDB5D03F00303012B04BF2037A8
:109C6000FFB289F800706B78202B00F0A781624A60
:109C7000D25C02F00302012A04BF2033DBB289F870
:109C80000130AB78202B00F0A1815B4AD25C02F05E
:109C90000302012A04BF2033DBB289F80230EB78DB
:109CA000202B00F09B81544AD25C02F00302012A6F
:109CB00004BF2033DBB289F803302B79202B00F06E
:109CC00095814D4AD25C02F00302012A04BF203381
:109CD000DBB289F804306B79202B00F08F81464A83
:109CE000D25C02F00302012A04BF2033DBB289F800
:109CF0000530AB79202B00F089813F4AD25C02F01D
:109D00000302012A04BF2033DBB289F80630EB7965
:109D1000202B00F08381384A0921D25C02F0030233
:109D2000012A04BF2033DBB289F807300A239E469C
:109D300095F808C009F10802BCF1200F00F0198164
:109D40002E2717702A7A2C4F17F802C00CF0030C3C
:109D5000BCF1010F00F0048109F801206A7A202A81
:109D600000F0F6800EF1010E714617F802C00CF0FB
:109D7000030CBCF1010F01D12032D2B209F803204B
:109D8000AA7A202A00F000810EF10103B85C00F0ED
:109D90000300012801D12032D2B209F8012009EBD9
:109DA000030200231370EB7A89F80C31AA8A6B8BBB
:109DB00043EA0243C9F80831EB69C9F800316A7E09
:109DC0002B7E43EA0223A9F80431EA7DAB7DC9F872
:109DD000104143EA0223A9F80631D8F81030C3F342
:109DE0000802C9F8142194E6A474032048740320DF
:109DF000E47503205C95032035060310648B032073
:109E0000D8F80830012B28D9884A9B00D089884A85
:109E100051461268C3F30805104400EB532004F0C8
:109E2000CDF978B95AF80530824A23F0704393424D
:109E300000F2BB80C8F8083098F80130002B3FF4DE
:109E400077AE002049B0BDE8F08F7A0609D46A7B6E
:109E500000998A427FF45DAE0DE0102049B0BDE864
:109E6000F08F4FF48072002108A8019305F058FF8D
:109E70006B7B0093019BB5F801B0B5F80310BBF103
:109E8000800F28BF4FF03F0B802928BF3F21019151
:109E9000B5F8051007F03F07802934BF08463F207A
:109EA0000290B5F807107A1E802934BF0F463F276D
:109EB0000397B5F80910802928BF3F210491E9894B
:109EC000802934BF08463F200590298A802934BF65
:109ED0000F463F270697B5F812E0B5F814C0EF8A91
:109EE000BEF1800F288B28BF4FF03F0EBCF1800FD2
:109EF000A98B28BF4FF03F0C802FED8B28BF3F2749
:109F0000802828BF3F20802928BF3F21802D28BFDF
:109F10003F25079502EB420502EB850508AA02F8EA
:109F200005B01544019A6A70029AAA70039AEA7001
:109F3000049A2A71059A6A71069AAA71079A85F895
:109F400007E085F808C06F72A872E9722A73E0E52D
:109F5000AA7A202A3FF423AF19460EF1010315E730
:109F60002032D2B209F801206A7A202A7FF4FAAEB0
:109F7000EEE76F7A202F0FD01F460B462E2111706F
:109F80006A7A39462C4FF0E609EB010209E74846A8
:109F900008A90EF033F906E7A87A20283FF401AFAC
:109FA0002E201070AA7A244FF0E6012388F80130A1
:109FB00047E702234A4601219E46BDE603230221CC
:109FC0009E4695F808C009F10102B5E60423032175
:109FD0009E4695F808C009F10202ADE6052304216A
:109FE0009E4695F808C009F10302A5E6062305215F
:109FF0009E4695F808C009F104029DE60723062154
:10A000009E4695F808C009F1050295E60823072148
:10A010009E4695F808C009F106028DE6092308213D
:10A020009E4695F808C009F1070285E648740320AA
:10A030005C950320F7FFFF0F350603102DE9F04F65
:10A04000DFF83491DFF834A1D9F8EC41DAF80030C8
:10A05000074683B0601C03F10203019108D09C42C3
:10A060007FD2012C08D81022104603B0BDE8F08F33
:10A07000022B88BF022474D93C4D3D4EDFF800B15D
:10A0800005E0DAF80030013402339C4269D2DBF893
:10A090000020F089A3001044294600EB5320C3F3AD
:10A0A000080804F08BF802460028DDD155F8083086
:10A0B00033F07043E5D1019B012F1C60D3D9B6F872
:10A0C0000EA0C7F3D613DBF800009A44274950448A
:10A0D00004F074F8BF0002460028C5D1C7F3080792
:10A0E000EB59DBF8000064F31B032049EB515044AB
:10A0F00004F002F902460028B6D1019B1C68012C2D
:10A10000B1D9F789C4F3D612DBF800001744174918
:10A11000384404F053F8A40002460028A4D1C4F344
:10A120000803EA581349DBF8000002F070420A43C2
:10A13000EA500E49384404F0DFF80246002893D173
:10A14000D9F8E831591C8FD0DBF800100190308E1F
:10A15000013B08440849C9F8E83104F0CDF8019AF8
:10A1600082E70D22104603B0BDE8F08F648B032018
:10A1700048740320F8FFFF0FE87503205C75032087
:10A180005C950320F8B504F011F8002800F0A480D5
:10A19000764C237813B100231846F8BD04F068F913
:10A1A00003460028F8D1724D294604F007F803460B
:10A1B0000028F1D195F8FE31552B40F0CD8095F86F
:10A1C000FF31AA2B40F0C88095F8C27195F8D211E2
:10A1D00095F8E22195F8F2C147EA010313435CEADE
:10A1E000030340F08B802B7803F0FD03E92B40F054
:10A1F000B380B5F80B30B3F5007F09D0B3F5806FAD
:10A2000006D0B3F5006F03D0B3F5805F40F0A480B3
:10A2100000231D46574A1360574B5A22184654498B
:10A220000BF0C6F8B0F80B200346B2F5007F40F003
:10A230009380427B511E080600F18E80114240F04F
:10A240008B80187C411E012900F28680DE89002E59
:10A2500000F08280D98A00297ED15F6A002F7BD0EE
:10A26000196A002978D007FB00F0091AB1FBF2F156
:10A2700030444FF6F476414F52023A60404AB142C0
:10A280001060404A116067D9D96A188E3E4A284446
:10A290001160374903F092FF034600287FF47CAF3A
:10A2A0003A4B4FF40072324918460BF081F8384AA5
:10A2B0000168914250D102F1FF52D0F8E41102F549
:10A2C00000522032914247D1324AD0F8FC319342B9
:10A2D00042D1012323705EE70122264B234C1860F4
:10A2E000284B20701860284B254C186013462A49CB
:10A2F0002060224C0A7020601846F8BD1D4E95F86B
:10A30000BE313060580602D10B3F012F29D995F894
:10A31000CE315B0602D10B39012925D995F8DE3102
:10A320005F0602D10B3A012A19D995F8EE315D0684
:10A3300012D1ACF10B0CBCF1010F0DD8174DA86870
:10A340000B49306003F03AFF034600287FF424AF46
:10A350003568002D7FF460AF05231846F8BD104D19
:10A36000EDE705F5DF75EAE70E4DE8E774950320A4
:10A37000648B03205C95032048740320A47403209D
:10A38000E47503205C75032088750320E8750320BD
:10A3900052526141000055AA7C950320528D032042
:10A3A000428D0320328D0320F0B50C460026D1B03B
:10A3B0000DF10C0C05460FCCACE80F0094E807003B
:10A3C0009DF80C308CE80700079623B31F4E204FF2
:10A3D0009DF80E30DB061ED503F0E8FE0446F0B112
:10A3E0003378002B2DD03878A8B90AA903A8FFF735
:10A3F00075FB80B99DF828306BB169460AA8FFF754
:10A400002BFA0B22294668460AF018FD20B19DF868
:10A410000C30002BDCD10024204651B0F0BD0B4B9A
:10A420001A7852B10B4E0C4D0C480D490D4A1C7058
:10A4300034602C6004600C6014600122044B1A70BC
:10A44000E9E7FFF79FFE024B1870CDE774950320F4
:10A450007C9503205C950320E47503205C75032044
:10A46000A4740320887503202DE9F04FADF5117D0C
:10A47000002900F0A7800C464FF48C720021814621
:10A4800005F04EFC2278DFF8F8A12F2ADAF800B0A8
:10A490000FD162786AB9714BD3F82CB01022002624
:10A4A000C9F808B189F80C2130460DF5117DBDE8D9
:10A4B000F08F2278002AF1D02E2A54D16178002919
:10A4C00051D16649C96A5945E8D02F2A03D1634B57
:10A4D0000134D3F82CB00026214640F2031209A81B
:10A4E00005F0DCFA5E4909A801AA8DF827610196FA
:10A4F00009F012FC044600285AD0DFF87081594F49
:10A5000001AA0020564909F007FC574A05461023C6
:10A51000CDE90566CDE90766CDE903BB02920028C7
:10A5200060D0D9062FD503F041FE30B398F8003043
:10A53000002B43D0387830BB4AA902A8FFF7CEFAE7
:10A5400008BB9DF82831F3B121464AA807F022FE46
:10A5500018B99DF83432DA063AD49DF8083093B130
:10A560009DF80A30DDE721782E29AED161782E29B9
:10A57000ABD1A1780029A4D0A7E73C4A137823B92E
:10A580000122384B1A700C268EE700234FF0010C85
:10A59000374E384C38483949324F137087F800C06D
:10A5A0003360236003600B60CAF80030002DEAD1ED
:10A5B000072630460DF5117DBDE8F08FFFF7E2FD6F
:10A5C0003870B8E7102630460DF5117DBDE8F08FE4
:10A5D000DDF830B2BBF1000F02D1204BD3F82CB024
:10A5E0002C468DE7DFF884801E4FDB06E0D503F0B4
:10A5F000DDFD38B398F8003063B338780028D7D140
:10A600004AA902A8FFF76AFA06460028D0D19DF8A9
:10A610002831002BCCD021464AA807F0BBFD50B909
:10A620004FF48C7248464AA90AF0C2FE30460DF536
:10A63000117DBDE8F08F9DF80830002BB8D09DF853
:10A640000A30D2E7094A1378002B9ED10122054B2C
:10A650001A70ADE7FFF796FD3870CFE74874032016
:10A6600060C902107C95032001001000749503203E
:10A670005C950320E47503205C750320A47403201B
:10A680008875032010B500230446C6B068462360D1
:10A690006360A360E36023616361A361FFF7E4FE8D
:10A6A000A0B99DF80C3113F008001AD1D906429ACE
:10A6B0000ED440996260C4E90221A3700022DDE952
:10A6C0004413C4E9051301232261237046B010BD71
:10A6D00012B100216260EEE7034A0021D26A626093
:10A6E000E9E70A2046B010BD4874032003462DE96F
:10A6F000F04F0025ADF5657D40F203125DA807938C
:10A7000005F0CCF92F215DA88DF877520AF0CAFC2C
:10A71000002800F03B8182465DAC0AF8015B03F043
:10A7200045FDC24B002800F026811B78002B00F06D
:10A730003D81BF4B1A78002A40F0238121469EA814
:10A74000CDE91622CDE91822CDE91A221C92FFF795
:10A750008BFE0246002840F014819DF8843313F0EC
:10A760000802089240F03086E09AD906009240F143
:10A77000CC85002A00F00886009A17920022002556
:10A7800001248DF85A30009B29461893E29B1992B8
:10A790001B93E39B4FF42072A6481C931A958DF8E7
:10A7A000584005F0BDFA50460CF08EFCA24A00F16C
:10A7B0000C03A2FB03234FEA930B002800F0A985AA
:10A7C000A846022703260425C4469A4AC1B20AF1C4
:10A7D0000D03A2E000F20981A2F801E0A14213F802
:10A7E0000CEC00F0AA80C0F0FD80A2F803E0B942B2
:10A7F00013F80BEC00F0AA80C0F0FD80A2F805E091
:10A80000B14213F80AEC00F0AA80C0F0F180A2F87F
:10A8100007E0A94213F809EC00F0AA80C0F0F1802B
:10A82000A2F809E000F1050E5FFA8EFE714513F8FB
:10A83000089C00F0D480C0F0E180CE46A2F80EE083
:10A8400000F1060E5FFA8EFE8E4513F8079C00F0AD
:10A85000C38000F2DC80CE46A2F810E000F1070EC3
:10A860005FFA8EFE8E4513F8069C00F0B28000F26F
:10A87000CB80CE46A2F812E000F1080E5FFA8EFE01
:10A880008E4513F8059C00F0A18000F2C680CE46EC
:10A89000A2F814E000F1090E5FFA8EFE8E4513F85F
:10A8A000049C00F0908000F2B580CE46A2F816E03D
:10A8B00000F10A0E5FFA8EFE8E4513F8039C7FD0DE
:10A8C00000F2B180CE460B30C0B2A2F818E0884248
:10A8D00013F802EC72D000F2A38070460CF10D0C5C
:10A8E00090830CF1FF30C0B2884213F801EC63D0C2
:10A8F00000F2B080704608F101080D350D360D37B5
:10A900000D34C345D08303F10D0302F12002EDB2F3
:10A91000F6B2FFB2E4B240F3A0805FFA8CF0884256
:10A9200013F80DEC7FF456AF4FF0000EA142A2F8E1
:10A9300001E013F80CEC7FF456AF4FF0000EB94273
:10A94000A2F803E013F80BEC7FF456AF4FF0000EC3
:10A95000B142A2F805E013F80AEC7FF456AF4FF0CD
:10A96000000EA942A2F807E013F809EC7FF456AFF5
:10A970004FF0000E54E71A7862B901231A462C49A9
:10A980000B7010460DF5657DBDE8F08F2B4C0DF575
:10A99000BA7AC4E62A4A187010602A4C2A492B4A0F
:10A9A0002B4B2060086010601860E6E7FFF7EAFBB9
:10A9B0001F4B02461870BEE600209CE700208DE782
:10A9C0004FF0000E7FE74FF0000E6FE74FF0000EE4
:10A9D0005EE74FF0000E4DE74FF0000E3CE74FF002
:10A9E000000E2BE74FF6FF7EFFE64FF6FF7EF3E605
:10A9F0004FF6FF7E0BE74FF6FF7EFFE64FF6FF7E3A
:10AA00001CE74FF6FF7E0BE74FF6FF7E32E74FF66F
:10AA1000FF7E21E74FF6FF7E48E74FF6FF7E37E7E0
:10AA20004FF6FF705AE74FF6FF7E4CE77495032010
:10AA30007C9503208C7803204FECC44E70C002102C
:10AA40005C950320E47503205C750320A474032047
:10AA5000887503204FF6FF704DE75FFA8BF3504681
:10AA60009B4608930CF030FB471E0B2F044600F268
:10AA7000CB822E21504607F0CFF826460546002807
:10AA800000F03E842E2150460AF00CFB854200F077
:10AA9000EB820DF1740C0AF1FF32654660468D4F72
:10AAA0000AF1FE0E161901E072450CD012F8013FB2
:10AAB000F95C01F00301022904BF203BDBB2B24282
:10AAC00000F8013BF0D100220CEB04010CF804204B
:10AAD00015F8013B202B02D09EA883540132A942D5
:10AAE000F6D100239EA98B549DF878322E2B40F08E
:10AAF0006E840F4617F8013F2E2BFBD02E213846CF
:10AB00000AF0D0FA8742044600F0D28300230DF108
:10AB10003408C8E9003388F808303E78002E00F089
:10AB20009E84A6F14103DBB2192B40F27182A6F19B
:10AB30003003DBB2092B40F26B823146664807F0E6
:10AB40006BF800280ABF5F260025012588F8006001
:10AB50007E787B1C002E00F07E84A34200F073847C
:10AB6000A6F14103192B0BD9A6F13003092B07D904
:10AB70003146594807F050F8002804BF5F260125E8
:10AB800088F80160BE78BB1C002E00F05A84A342F6
:10AB900000F04F84A6F14103192B04D9A6F130032C
:10ABA000092B00F2BA8388F80260FE78FB1C002EA5
:10ABB00000F062849C4200F07A84A6F14103192BD4
:10ABC00004D9A6F13003092B00F2B08388F80360A2
:10ABD0003E793B1D002E00F07F849C4200F0738480
:10ABE000A6F14103192B04D9A6F13003092B00F279
:10ABF000A68388F804607E797B1D002E00F06084B7
:10AC00009C4200F03F84A6F14103192B04D9A6F120
:10AC10003003092B00F2C68388F80560BE79BB1D9E
:10AC2000002E00F041849C4200F03584A6F14103DF
:10AC3000192B04D9A6F13003092B00F2AA8388F856
:10AC40000660FE790737002E00F01984BC4200F040
:10AC50000B84A6F14103192B04D9A6F13003092B6B
:10AC600000F2A983082388F8076000220DF1280963
:10AC700008F80320C9F800201CB16678002E40F0C7
:10AC8000C98100224FF02033002613AC4046C4E9AE
:10AC9000003309F80260C4F807300CF015FA414699
:10ACA000024620460AF084FB48460CF00DFA15AB2C
:10ACB00002464946184600930AF07AFBE672002DD8
:10ACC00000F014830127CDF804B0DFF810A0BB46D4
:10ACD000009F08E03506031064C9021040420F00CF
:10ACE000D34500F005815B460821B14A0BA8E8F77F
:10ACF000A3FD0BA80CF0E8F9064640460CF0E4F979
:10AD0000C6F10805854228BF05464FF0203241466E
:10AD1000C4E900222046C4F807202A460AF048FB6E
:10AD200032460BA960190AF043FB48460CF0CCF9F7
:10AD30004946024638460AF03BFB0022204616A947
:10AD4000E272FFF731FB0BF1010B0028C8D1DDF8EF
:10AD500004B0189A10AB009294E8070083E807004B
:10AD6000099300229146934B00981968924B934C9B
:10AD700093F80D80924B02901B680238914EC4F1FB
:10AD8000000A04901A9204F500750192039201FBE7
:10AD90001292306889491844049B00EB522008FB4A
:10ADA000030003F00BFA002840F01F81DDE90101E8
:10ADB000824B009F039C05E03AB100242033AB4254
:10ADC00000F098801A78E52AF6D114B90F4603EB03
:10ADD0000A0001345C45F1D9CDE900700998027888
:10ADE0004178D30143EA52030B44C3F3460281780E
:10ADF00042EAC31251FA82F2C2F34603C17843EA2F
:10AE0000C21351FA83F3C3F34602017942EAC31233
:10AE100051FA82F2C2F34603417943EAC21351FA6E
:10AE200083F3C3F34602817942EAC31251FA82F2F4
:10AE3000C2F34603C17943EAC21351FA83F3C3F361
:10AE40004602017A42EAC31251FA82F2C2F3460381
:10AE5000417A43EAC21351FA83F3C3F34602817A7B
:10AE600042EAC31351FA83F3DBB20593BBF1000F3F
:10AE700000F0F081089B0022013BDBB20293019BB2
:10AE8000CDF810B09B46DFF834A1DFF83C81DFF845
:10AE90003C910392474B484A1B68517BBBFBF3F53F
:10AEA00003FB15B5B1EB552F4FEA552700F27B8117
:10AEB000009B012B1CD91C463F4BA400DB8930684A
:10AEC00003EB542351461844C4F3080403F076F905
:10AED00070B93A490B5923F07044444508D8364AB2
:10AEE000517B7F1AB94200F25F8113EA090FE3D167
:10AEF0000D2246E52F4B09F500791968CDE9007060
:10AF0000B9FBF1F201FB129703943FB12A4B93F87E
:10AF10000D802B4B1B680AF5007A38E7029A012A4C
:10AF200022D9254C3368E0894FEA8208184400EBA7
:10AF300058202249C8F3080803F040F9A0B91F4B74
:10AF4000214A53F8083023F0704393420CD81F462F
:10AF5000184A1B48116802930368B81EB9FBF1F246
:10AF600094F80D800490D6E7002302989EA99E9342
:10AF7000FFF764F8002838D19E9A0F4B0292023AEC
:10AF8000144693F80D800E4B01461B68049208FB93
:10AF900004344FF4007209480593069404F0C0FE8F
:10AFA000059BB8F1000F2AD0039CDDF8188013E050
:10AFB00078C90210A474032048740320648B032012
:10AFC000E47503205C950320F7FFFF0FFEFFFF0FE2
:10AFD000AE4B5B7B9F420ED23068AD494044384453
:10AFE00003F08AF901370028F2D0024610460DF529
:10AFF000657DBDE8F08F9846A64B03941B68A64A72
:10B000001168B9FBF1F286E700287FF442AD81E1D7
:10B0100000259BE5A6F14103192B00F2998189F8DF
:10B020000060A678002E00F01882A6F14103192BCB
:10B0300000F29C81E47889F80160002C00F0128213
:10B04000A4F14103192B0BD9A4F13003092B07D923
:10B050002146924806F0E0FD002804BF5F24012548
:10B06000032289F802400DE6AA453FF412ADA5EB94
:10B070000A06731E072B3FF60CADA71B013F032FDB
:10B080003FF607AD9AF8001020297FF602AD8448FC
:10B0900006F0C2FD00287FF4FCAC012E58D09AF8CF
:10B0A000011020297FF6F5AC7D4806F0B5FD00289B
:10B0B0007FF4EFAC022E4BD09AF8021020297FF6D5
:10B0C000E8AC774806F0A8FD00287FF4E2AC032E38
:10B0D0003ED09AF8031020297FF6DBAC704806F0CA
:10B0E0009BFD00287FF4D5AC042E31D09AF80410D3
:10B0F00020297FF6CEAC6A4806F08EFD00287FF44A
:10B10000C8AC052E24D09AF8051020297FF6C1ACD2
:10B11000634806F081FD00287FF4BBAC062E17D0F3
:10B120009AF8061020297FF6B4AC5D4806F074FD4D
:10B1300000287FF4AEAC082E0AD19AF80710202917
:10B140007FF6A7AC564806F067FD00287FF4A1AC57
:10B1500015B30FB3697820297FF69BAC504806F0F1
:10B160005BFD00287FF495AC012F15D0A97820292C
:10B170007FF68FAC4A4806F04FFD00287FF489AC7B
:10B18000032F09D1E97820297FF683AC444806F0E3
:10B1900043FD00287FF47DAC10AB5046194609935F
:10B1A000FEF75AFBDDE5009C3A4AA31E12683068A0
:10B1B000BC1801FB034336491844069302F0FEFF16
:10B1C000002840F02B81029A3649531C01EB421CA7
:10B1D000039ADBB20AB943F040030F200021029F1B
:10B1E000304C7A01A354E31C0832985204EB471305
:10B1F000059A274CC5F3080504EB050E59835A73CD
:10B20000BCE80F0037686051CEF80410CEF8082073
:10B21000CEF80C30BCE80F00CEF810000698CEF83F
:10B22000141038442146CEF81820CEF81C3003F014
:10B2300063F8002840F0F280029B039A013BDBB2E6
:10B240000293049B01329A4203920BF1200B7FF48C
:10B2500021AE9B46079BD3F80841002C40F06D813E
:10B26000DFF848A0104DDAF8EC812B68B8F1FF3F09
:10B2700003F1020300F0AE80984580F0BD81B8F183
:10B28000010F00F2AD801022C9E000BF4874032016
:10B29000648B0320E4750320A474032064C90210A6
:10B2A00010E702108C7803205C750320E8750320FA
:10B2B00000240DF13408C8E9004488F808403E78BD
:10B2C000002E7FF42EAC4FF0203313AC4046C4E97F
:10B2D00000330A96C4F807300BF0F6FE41460246EA
:10B2E00020460AF065F80DF12809E672204616A9F5
:10B2F000FFF75AF800283FF42CAD15AB0093E1E4BA
:10B30000072F3FF6C6AB0746BCE61792DE9AFFF75B
:10B3100036BA83460022FFF7E4BB3146B74806F051
:10B320007BFC002804BF5F2601253CE43146B3487E
:10B3300006F072FC002804BF5F26012546E4314672
:10B34000AE4806F069FC002804BF5F26012550E4E2
:10B35000A6F13003092B7FF662AE3146A74806F00E
:10B360005BFC002804BF5F26012558E6A6F13003E8
:10B37000092B7FF65FAE3146A04806F04DFC002851
:10B3800004BF5F26012555E69D4AD26A0092FFF769
:10B39000F3B93146994806F03FFC002804BF5F2608
:10B3A00001254CE43146954806F036FC002804BFE0
:10B3B0005F26012530E43146904806F02DFC002838
:10B3C00004BF5F2601254DE40A22FFF7DABA9EAFDB
:10B3D000FFF794BB022B88BF4FF0020840F20C81AC
:10B3E000884F0BE0874B1B5933F0704377D02B68A5
:10B3F00008F101080233984580F0FE80804BC8F3C5
:10B40000D619D88933684FEA880418443946484425
:10B41000C4F3080402F0D2FE0028E3D002469DF8EF
:10B420005830002B3FF4ADAA16A8FEF7D1FAFFF76B
:10B43000A8BA00230DF1280988F80230C9F80030B5
:10B440001BE4022311E400230DF1280988F80130E0
:10B45000C9F8003011E4012307E4012212E4354663
:10B46000334602E402220DE400230DF1280988F896
:10B470000730C9F8003000E40323FFF7F6BB0723C9
:10B48000FFF7F3BB00230DF1280988F80530C9F850
:10B490000030FFF7F2BB00230DF1280988F80630D1
:10B4A000C9F80030FFF7E9BB0623FFF7DEBB002336
:10B4B0000DF1280988F80330C9F80030FFF7DDBB2B
:10B4C0000523FFF7D2BB00230DF1280988F80430CB
:10B4D000C9F80030FFF7D1BB0423FFF7C6BB079BB9
:10B4E0003068C3F80881464B4649DB8903EB090500
:10B4F000284402F063FE0246002890D14149424AA6
:10B500000B59306803F0704313430B51284402F089
:10B51000F3FE0246002882D1DAF8E8315A1C09D03D
:10B52000374A013B108ECAF8E8313368374918446E
:10B5300002F0E2FE079BD3F80841354A019B1168EF
:10B540002F4A03EB4B13507B324A3768D2F800C0C6
:10B55000009A023A00FB02CCB3FBF1F201FB12327B
:10B560000CEB522C00220799CDF88322CDF88722CC
:10B57000CDF88B22CDF88F22CDF893228DF897222B
:10B58000C3F30803099AC1E944C39EAB91F80C8147
:10B59000D1F8005107CA03C323F8022B120C1A700A
:10B5A00018490CEB070002F009FE024600287FF460
:10B5B00036AF144A079B1746D6F800C0D3F814617B
:10B5C000ADF89242240CA595ADF88C4295198DF8F2
:10B5D00083829EAC0FCCB8516960AA60EB600FCC3F
:10B5E000EB61079B69612861AA61D3F810013946B4
:10B5F000604402F081FE11E70D2210E764C90210D9
:10B6000048740320648B0320F8FFFF0FE8750320C4
:10B61000A4740320E475032000285ED070B50D46A5
:10B62000ADF50C7D002954D000210446164621605A
:10B630004FF48C726160A160E16021616161A16180
:10B64000684604F06DFB8DF80C6102F0AFFD244BF1
:10B6500080B11B781BB3234B187888B9294646A8BC
:10B66000FEF702FF07281FD0002808BF0E200DF5A7
:10B670000C7D70BD1A7832B901231846194A13702F
:10B680000DF50C7D70BD184A18701060174C1849E4
:10B69000184A194B2060086010601860ECE7FEF74C
:10B6A00071FD104B1870D8E729466846FFF71EF861
:10B6B0000028E5D10122429B2270C4E901339DF8A4
:10B6C0000C31A370459BA361449B63610DF50C7D18
:10B6D00070BD10200DF50C7D70BD1020704700BFAF
:10B6E000749503207C9503205C950320E47503206A
:10B6F0005C750320A4740320887503202DE9F041B4
:10B700000446ADF5147D214608A8FEF7ADFE0028DD
:10B7100063D19DF82C31DD0663D44A9D002D00F0E5
:10B720009B80DFF8BC814C9F694ED8F80000314601
:10B7300038444D9C02F042FD00284ED11F2C12D9F6
:10B740002022E520331901E094420CD313F8151C94
:10B750000F2908D1B2F5207F03F8200C02F1200256
:10B76000A3F12003F0D1E523D8F80000584938446C
:10B77000335502F0C1FD00282FD128460DF5147D68
:10B78000BDE8F041FEF72EB99DF83A3123BB9DF894
:10B790000430002BC1D09DF8063003F01002002ABF
:10B7A000BBD002F003FD2B78002874D0002B00F0F2
:10B7B000858030780028B0D14EA901A8FEF78EF917
:10B7C0000028AAD19DF83831002BA6D0BDF8383119
:10B7D0002E2BDCD0A342D7D00B200DF5147DBDE875
:10B7E000F081002C38D020460BF06EFCB0F5827F43
:10B7F00037D802F0DBFC002835D0364D2B78002BF3
:10B8000044D0354E30780028E7D1CDE90100CDE9AC
:10B810000300CDE90500079021464EA8FEF724FE5F
:10B820000028DAD19DF844321C074FD4D8069099ED
:10B8300003F0100246D509B92849C96A02918DF86A
:10B84000063001238DF80430939B42F62E64079353
:10B85000929B03910693A2E710200DF5147DBDE89D
:10B86000F0810820B9E71B4B1A7852B11C4A1870B6
:10B8700010601C4C1C491D4A1D4B20600860106064
:10B8800018600123144A18461370A6E7FEF77AFCE5
:10B89000114E3070B7E753B1114B124A1860124B7A
:10B8A00010601860114A124B287010601860012354
:10B8B0004A9D3370002D7FF434AFCDE7FEF762FC74
:10B8C000307077E78E9802910490B8E70A2084E7F9
:10B8D000648B0320749503207C9503204874032017
:10B8E0005C950320E47503205C750320A474032099
:10B8F00088750320002834D038B50C46002932D092
:10B90000054608460BF0E0FBB0F5827F22D802F036
:10B910004DFC034658B1154B1B78EBB1144B18780E
:10B92000B8B921462846BDE83840FEF7ABBE0F4AFD
:10B93000117851B10F4913700B600F4C0F4810492B
:10B94000104A236003600B60136001231846084A05
:10B95000137038BD082038BDFEF714FC044B187076
:10B96000DEE710207047102038BD00BF749503201B
:10B970007C9503205C950320E47503205C7503200F
:10B98000A4740320887503202022FFF745BE00BF62
:10B9900008B103780BB900207047002303604360AF
:10B9A0008360C3600361436183610020704700BF0F
:10B9B0002DE9F04F87B0CDE90003002855D003787A
:10B9C0001546002B51D0894600294ED08378DB06DE
:10B9D00050D402F0EBFB784B002850D11A7852B1CA
:10B9E000764A18701060764C7649774A774B20601B
:10B9F00008601060186001221346184674490A70E6
:10BA000007B0BDE8F08F704F58683B689A4250D33A
:10BA100001282AD90026DFF8A4A1B2FBF3FB6D4C64
:10BA20006D4BCDE902190495D14635469A46264616
:10BA3000DFF8AC810592BAF80E108400D9F8000046
:10BA400001EB54210844634902F0B8FBC4F3080435
:10BA5000013528BB315921F07040404500F2A780E4
:10BA6000AB4522D95D4B1942E5D11023184607B0EA
:10BA7000BDE8F08F0A23184607B0BDE8F08F1B78A9
:10BA8000002B00F08F80524B187848B9019B03B10E
:10BA90001860009BD3E903128A42B4D30023E5E780
:10BAA0000346184607B0BDE8F08FDDE90219DDE96D
:10BAB0000452A1EB020BAB4528BFAB46009B98603C
:10BAC000BBF1000F75D000261A6998464B464249D3
:10BAD000B14600911E4611463E4CDFF8E0A03A68A0
:10BAE000374BB1FBF2F502FB15151968DAF80020A7
:10BAF000009B0A44597B02EB5522023801FB0020CF
:10BB0000344902F05BFB8646C5F30805C5F5007CA9
:10BB100061197546ABEB090206EB0900002D3FD118
:10BB2000624528BF6246154609F042FCD8F810105D
:10BB300038682944B1FBF0F200FB1212A944C8F89E
:10BB4000101052BBCB4505D84E46019B002BA5D00B
:10BB50001E60A3E7D8F80820012A4FEA820284D9A0
:10BB6000009BDAF80010D889084400EB52201949EC
:10BB7000C2F30802029202F021FB054680B9029A44
:10BB8000174BA25822F070429A42DDD8D8F8101014
:10BB9000C8F80820D8F80800A1E7CB45FAD8D3E7C1
:10BBA0002B4663E7FEF7EEFA094B18706DE70F239B
:10BBB0005CE75E46C9E700BF749503205C950320EF
:10BBC000E47503205C750320A474032088750320AA
:10BBD0007C950320648B032048740320FEFFFF0F35
:10BBE000F7FFFF0F2DE9F04F89B0CDE90012039365
:10BBF000002862D003788046002B5ED000295CD0FC
:10BC00008378DC065DD402F0D1FAB54B00285CD114
:10BC10001A7852B1B34A18701060B34CB349B44AA1
:10BC2000B44B206008601060186001231846B24AC7
:10BC3000137009B0BDE8F08FDDF80880AC4BD8F880
:10BC40000400D8F8101004461B68D8F80C60019A5C
:10BC50005D1E0A442A44B2FBF3F7C8F808B0029705
:10BC6000002E00F0868035449D42C0F0C980B5FBAF
:10BC7000F3F5012D40F2A18201281ED94FF0010BEE
:10BC80009E4FDFF86092DFF888A29D4EBAF80E0052
:10BC9000D9F80020A3001044984900EB5320C3F3C7
:10BCA000080402F08BFA0BF1010B38B93B595D45E2
:10BCB00023F070445ED03342E8D1102009B0BDE8D3
:10BCC000F08F0A2009B0BDE8F08F1B78002B4BD015
:10BCD000894B18780028F1D1039B03B11860D8F87C
:10BCE0000C30D8F810100593814BD8F804B01B68BD
:10BCF00058469942C0F0EA81BBF1010FDDD9002519
:10BD0000B1FBF3F3CDF808807C4FA846DFF8D4915F
:10BD10001D46DFF8FCA17B4E07E09B4608F10108B9
:10BD2000454589D9BBF1010FC7D9BAF80E00D9F83A
:10BD300000304FEA8B04184400EB54206F49C4F3E1
:10BD4000080402F03BFA0028B8D13B5923F07043B5
:10BD5000B342E2D9079007A95846FEF76FF90028C9
:10BD6000ACD1DDF81CB0D9E7FEF70CFA624B1870C5
:10BD7000B0E70125029BAB420CD900230793204674
:10BD800007A9FEF75BF9002898D1079C029B0135B3
:10BD9000AB42F2D1D8F80400D8F81010544B8346C7
:10BDA0001C680D46A142C0F0B780012885D9B1FBBF
:10BDB000F4F40026514FDFF82C91DFF854A1514DD7
:10BDC000BAF80E30D9F800004FEA8B0B03EB5B2377
:10BDD0004A49184402F0F2F9CBF3080B0136002867
:10BDE0007FF46CAF57F80B3023F0704BAB4500F28B
:10BDF0006B81B44240F28E80414A1342E0D15CE74D
:10BE00009A42CBD3002307933F4BDFF8E0B0D3F83F
:10BE1000EC41DBF80030621C03F1020358D09C4275
:10BE20005AD2012C7FF649AF344FDFF8B890DFF8D3
:10BE3000E0A0CDF8108005E0DBF8003001340233DB
:10BE40009C4249D2BAF80E00D9F80020C4F3D618A3
:10BE50001044A60029494044C6F3080602F0AEF992
:10BE600000287FF42BAFBD5935F07045E4D143462F
:10BE7000BAF80EB0D9F800009B4420495844DDF8C8
:10BE80001080079402F09AF900287FF417AFBB598D
:10BE90001E4AD9F8000003F0704313431749BB5101
:10BEA000584402F029FA00287FF408AF1649D1F867
:10BEB000E831581C09D0BAF83000D9F80020013B0D
:10BEC0001044C1F8E83102F017FAC8F804405DE701
:10BED000022B88BF0224A7D80D2009B0BDE8F08F3F
:10BEE000749503205C950320E47503205C750320A2
:10BEF000A4740320887503207C950320648B0320A1
:10BF0000FEFFFF0FF7FFFF0FE8750320F8FFFF0F9D
:10BF100048740320D8F81050019BC8F808B0002BD3
:10BF200000F00E810026DFF8C0A2A84FCDF81080E7
:10BF3000B0465646BA46ABF10203DFF8A49202932C
:10BF4000A34B96F80DC01A68029BB5FBF2F402FBF6
:10BF50001454670A0CFB03779E4AD9F80000126854
:10BF60009A491744384402F029F98446019A009905
:10BF7000C4F30804A2EB080E0AEB0400C4F5007237
:10BF80004144BCF1000F40F09D809645744628BFA7
:10BF90001446224609F00CFAD9F800008B493844BF
:10BFA00002F0AAF925448446A044002840F08A8083
:10BFB000874B1968B5FBF1F201FB1252002A59D1E7
:10BFC000019A42455BD84646DDF81080D8F80C103F
:10BFD000C8F81050A9427CD2039BC8F80C50002B23
:10BFE00000F0AA801E60059BAB4237D9784B1A68D7
:10BFF000531E05991D441944B1FBF2F3B5FBF2F44D
:10C000009C422BD2D8F80430012B27D9954272D309
:10C01000013C00F0CC806D4F0025BB46DFF8C0919D
:10C02000DFF8C4A16C4EBAF80E109B00D9F80000DE
:10C0300001EB53210844C3F308035946009302F06F
:10C04000BDF858B9009B654AF958013521F0704395
:10C05000934203D8AC4275D03142E4D1D8F81400F1
:10C0600000283FF42BAED8F81820B2F5007F49D352
:10C07000002023E6019B43453FF662AFA3E7BBF1F7
:10C08000010F4FEA8B0B7FF627AFF089D9F800201C
:10C090004E49104400EB5B20CBF3080B02F08EF806
:10C0A00000287FF419AF5AF80B204C4B22F0704B4C
:10C0B0009B453FF611AF049BC3F808B0ABF10203F8
:10C0C00002933DE76046F9E50F20F7E55C46059EE3
:10C0D000BDE5039B03B11E6005988142BED23C4B77
:10C0E0001A68531E002960D118449042B6D3D8F87C
:10C0F0000430012BB2D91846FDF774FC0023C8F8B0
:10C100000430ABE7364D314C2B682146184402F021
:10C1100055F800287FF4D2AD2146D8F818302868A9
:10C12000D8F81450D8F80C2023442844DA6109B018
:10C13000BDE8F04F02F0E0B8059BAB428ED955E761
:10C14000019E43E721F0704121F00101002985D0D3
:10C15000BAF80E00D9F80020C3F3D61510441B49D5
:10C1600028449C0002F02AF800287FF477AFBAF840
:10C170000E60D9F800002E44C4F30804134930447B
:10C180003D5902F01BF858B93B59164AD9F800003E
:10C1900003F0704313430D4930443B5102F0ACF8B7
:10C1A00025F07040FDF71EFC58E70D4621E7DFF84B
:10C1B0003090064FDFF830A0CAE7029BAB427FF613
:10C1C000EDAD002301250793D9E500BF648B032063
:10C1D000A4740320E4750320FEFFFF0FF7FFFF0F99
:10C1E0005C950320F8FFFF0F48740320034620B13D
:10C1F000027812B10020196170471020704700BF0B
:10C2000000B10069704700BF00B1C068704700BF4F
:10C2100050B310B503780446FBB101F0C7FF134BD0
:10C2200048B11B78DBB1124B1878A8B92046BDE89D
:10C230001040FFF763BA1A7852B10E4A18701060B6
:10C240000D4C0E490E4A0F4B2060086010601860BC
:10C2500001231846064A137010BD102010BDFDF7CB
:10C2600091FF034B1870E0E710207047749503208E
:10C270007C9503205C950320E47503205C75032006
:10C28000A47403208875032014289ABF024B53F826
:10C2900020000248704700BFBCE602107CC90210B3
:10C2A00070B5114D84B02C78E4B9012602F0DEFAA5
:10C2B0000E4A0F4B14701E700E4A0F4B0F4914603C
:10C2C0001C600F4A0F4B0C6014601C60E4F744FEC6
:10C2D0000D4B0E4ACDE90143009200230C4AE4F7CE
:10C2E000B5FF2E7004B070BD7395032074950320C4
:10C2F0007C950320E47503205C7503205C95032086
:10C30000A474032088750320101C01208599011056
:10C3100020A1070010B502F0D9FA08B9012010BD1C
:10C3200002F0DEFAC0F30F23002BF7D0012BC0B2CE
:10C330000CD0032BF2D1A52800F086805E30C0B26D
:10C340000128EBD80022514B1A70E7E7D0286AD8B1
:10C35000A02840F28980A0F1A1032F2B63D801A26D
:10C3600052F823F01DC3011051C4011051C4011033
:10C3700027C4011061C4011027C4011027C4011093
:10C3800027C4011027C4011027C4011027C40110BD
:10C3900027C4011027C4011027C4011027C40110AD
:10C3A00027C4011027C4011027C4011027C401109D
:10C3B00027C4011027C4011027C4011027C401108D
:10C3C00027C4011027C4011027C4011027C401107D
:10C3D00027C4011027C4011027C4011027C401106D
:10C3E00027C401101DC3011027C4011027C4011068
:10C3F00027C4011027C4011027C4011027C401104D
:10C4000027C4011027C4011027C4011027C401103C
:10C4100027C4011027C4011027C4011027C401102C
:10C4200059C401100D201A4A1A4C1388118801337F
:10C4300089B26054184903F01F0313800B68002B66
:10C440003FF46CAF984769E70022144B1A7065E718
:10C4500001220E4B1A7061E70122114B1A705DE741
:10C4600001220E4B1A7059E70A28DBD0A0F16103B4
:10C47000192BD8D8094B1B780BB100F01F00034BC8
:10C480001B78002BCFD000F0DF00CCE7789503209D
:10C4900068950320448B0320807803207795032040
:10C4A0008B950320044A054B10881B8880B29BB2F1
:10C4B000C01A18BF01207047689503206A950320B1
:10C4C0000848094902880B8892B29BB29A42F9D077
:10C4D0000B88064A9BB2D05C0B88013303F01F0324
:10C4E0000B807047689503206A950320448B0320D6
:10C4F000014B1860704700BF8078032080B130B5D1
:10C50000002485B0E4F728FD074D08494FF0FF33BC
:10C51000CDE90145064A0091E4F798FE05B030BD2B
:10C520000148E4F723BF00BFC81B012015C3011059
:10C530006079FEFF10B5044C237803B110BD02F002
:10C5400029FA0123237010BD799503200FB470B52B
:10C5500082B007AC01940E234FF0010242EC403050
:10C560000D234FF0000242EC40300C4E0DAD54F85C
:10C57000043B012230460DF103018DF803300FF02A
:10C58000CFFBAC42F3D10D234FF0010242EC40301F
:10C5900002B0BDE8704004B0704700BF00800840A2
:10C5A0000FB4012230B583B007AB019315460E23BB
:10C5B00042EC40300D244FF0000343EC4040079B19
:10C5C0000DF1030105488DF803300FF0A9FB45EC90
:10C5D000404003B0BDE8304004B0704700800840E0
:10C5E0000FB42DE9F04182B00DF1240801240E238F
:10C5F000CDF8048044EC40300D254FF0000343ECAF
:10C6000040500D4F099B22460DF1030138468DF82D
:10C6100003300FF085FBD8F80430224638460DF180
:10C6200003018DF803300FF07BFB44EC405002B067
:10C63000BDE8F04104B07047008008400FB470B509
:10C6400082B007AC01940E234FF0010242EC40305F
:10C650000D234FF0000242EC40300C4E0BAD54F86D
:10C66000043B012230460DF103018DF803300FF039
:10C6700057FBAC42F3D10D234FF0010242EC4030A6
:10C6800002B0BDE8704004B0704700BF00800840B1
:10C690002DE9F04F2A2487B01E464FF00E0B4FF0C5
:10C6A00000050746029103928DF8174045EC40B013
:10C6B0000D2445EC4040DFF880900DF11703012276
:10C6C000194648460FF02CFB4FF0010A4AEC404057
:10C6D000039B0420DAB200921B0AFAB2390AFFF770
:10C6E000ADFF2B238DF8173045EC40B045EC4040B2
:10C6F0000DF117035246194648460FF011FB4AEC5C
:10C7000040400299F3B20093CAB2330A0420090AE6
:10C71000FFF794FF2C238DF8173045EC40B045EC23
:10C720004040524648460DF117010FF0F9FA4AEC25
:10C73000404007B0BDE8F08F008008402DE9F84F79
:10C740000B461546EFF3108272B6324E3260324A13
:10C750001188994205D8314A1288C2F5A0729342D5
:10C760003EDB6A1E0244194692B2FFF791FF4FF07A
:10C77000020A2B4CDFF8BC906268C9F804A0236859
:10C78000DFF8B480274F83F00F0302EA0A0203F0B8
:10C79000CF03C8F800300E214FF0010B7A604BEC4C
:10C7A00040100D234FF0000242EC40301E492A4653
:10C7B00020460FF0ADFA0D234BEC40306268C9F80B
:10C7C00004A0236802EA0A0283F0070303F0CF0300
:10C7D000C8F800307A60336883F31088BDE8F88FBA
:10C7E000124A12881A44124B1B88B2FBF3F403FB63
:10C7F00014220B44114489B2994205F1FF32A8BFBB
:10C8000003F1FF330244B4BF0B469BB292B2FFF771
:10C810003FFFACE7F0770320649503206295032087
:10C820000080084000A00840A47C032066950320F7
:10C830000A0C002000B0084000900840F8B5304BCA
:10C840001B78002B32D02F4B2F4A1B7812682F48B1
:10C850002F4D013303EB83011278007849002C78C7
:10C86000013902FB00F089B214B32A4B1C88BAB11B
:10C87000012A3ED0284F00264FEA520C07EB8C0EBF
:10C880003B46BC4664F30F0664F31F464CF8046B4A
:10C89000E645FBD1D60703D502F0FE0C23F81C4079
:10C8A000FFF74CFF2B7883F001032B700120F8BDBC
:10C8B0001A4BB3F800E0002AF2D0012A1DD0164B23
:10C8C00056089C466EF30F0403EB86066EF31F4476
:10C8D0004CF8044B6645FBD1D407E1D502F0FE0CC1
:10C8E00023F81CE0FFF72AFF2B7883F001032B705D
:10C8F000DCE74FF0000C084BD0E7A446064BEFE70F
:10C90000000C002071950320040C0020709503207A
:10C910007295032060950320A47C0320080C00205E
:10C920000A4B1A7812B918B9187070470028FBD151
:10C9300000B5074A0749B2F800E0B1F800C0187026
:10C94000A1F800E0A2F800C05DF804FB8295032086
:10C95000080C002060950320014B1870704700BF41
:10C960008A950320014B1870704700BF6E95032015
:10C97000014B1860704700BF040C00204FF4A070FA
:10C98000034B1B681B78B0FBF3F0C0B2704700BFCD
:10C99000040C0020044B1B7813B1044B1880704723
:10C9A000034B1880704700BF8295032060950320D9
:10C9B000080C0020044B1B7813B1044B18807047FF
:10C9C000034B1880704700BF82950320080C00209D
:10C9D000609503202DE9F04F83B000901D46084676
:10C9E000BDF830B01146EFF3108372B6324ADFF86B
:10C9F000E4901288C9F800308A420BF1FF339BB2F1
:10CA000005D82E4C2488C4F5A074A14241DB0B4408
:10CA10009BB26A1E024492B2FFF73AFE0222284CF1
:10CA2000DFF8B4806168C8F804202268254F264EDC
:10CA300082F00F0201F0020102F0CF023A600E20F4
:10CA40004FF00103716043EC40004FF00D0A4FF0CE
:10CA50000002019342EC40A020460BFB05F2009936
:10CA60000FF056F9019B43EC40A002236268C8F81E
:10CA70000430236802F0020283F0070303F0CF03BF
:10CA80003B607260D9F8003083F3108803B0BDE8D2
:10CA9000F08F0E4C24880C440D490988B4FBF1F644
:10CAA00001FB16465418324491B20B449BB2A34288
:10CAB000AFDB013CA3B2ACE7649503206295032091
:10CAC000008008400090084000A0084066950320C0
:10CAD0000A0C0020F077032000B008402DE9F04F49
:10CAE0008DB0BDF85860002E00F0DD809C461446E5
:10CAF000DFF84CB216444FEA5C0205460BEB8200AD
:10CB00004FF000078246A1462CF00102B3B292B268
:10CB1000039309924B1E0A0A63440492CAB2069216
:10CB2000864EC3F30722DBB205920793CDF808C007
:10CB3000029B93B1012B00F0FE800022804B65F335
:10CB40000F0265F31F4243F8042B9A45FBD1029B69
:10CB5000DB0702D5099B2BF81350EFF3108372B655
:10CB6000784A1360784B1C884C4500F29F80774BC5
:10CB70001B88C3F5A073994580F29880744B1A887E
:10CB8000744B4A441B88B2FBF3F103FB112223448C
:10CB90001444A4B29C42A2BF03F1FF339BB208939A
:10CBA0004FF02A03B8BF08948DF82F300E2347ECBE
:10CBB00040304FF00D0847EC4080012230460DF127
:10CBC0002F010FF0ADF8012242EC4080079B0420BA
:10CBD00000930499DDE90532FFF730FD2B238DF832
:10CBE0002F300E2347EC403047EC40800122304686
:10CBF0000DF12F010FF094F8012242EC40800899CA
:10CC00000420CBB20093E2B20B0A210AFFF716FD13
:10CC10002C238DF82F300E2347EC403047EC40801A
:10CC2000012230460DF12F010FF07AF8012242EC7B
:10CC300040800220484B726858603368DFF82081DA
:10CC4000464C83F00F0302F0020203F0CF03C8F852
:10CC500000300E216260012242EC40100D2347ECAF
:10CC600040303749029A35480FF052F801220D231F
:10CC700042EC40300221384B7268596033680A40F8
:10CC800083F0070303F0CF03C8F800302D4B626038
:10CC90001B6883F3108809F101031FFA83F9039BD2
:10CCA0004B457FF445AF0DB0BDE8F08F2A234FF020
:10CCB0000E088DF82F3047EC40800D2447EC4040A3
:10CCC000012230460DF12F010FF02AF8012343EC29
:10CCD0004040079B042000930499DDE90532FFF7EB
:10CCE000ADFC2B238DF82F3047EC408047EC4040C3
:10CCF000012230460DF12F010FF012F8012343EC11
:10CD000040404FEA19235FFA89F219460420009245
:10CD1000FFF794FC2C238DF82F3047EC408047EC34
:10CD20004040012230460DF12F010EF0F9FF0123A2
:10CD300043EC40407DE700230DE700BF0080084042
:10CD4000A47C0320F07703206495032062950320E0
:10CD5000669503200A0C002000B0084000A008409F
:10CD60000090084043182DE9F04F9BB2C3F59F7225
:10CD7000013292B2B2F5F07F89B05ED2C3F5A078ED
:10CD8000C8F30722C3F5F0739BB205925FFA88F8E7
:10CD90002E4A2F4F13802F4B38801980EFF31082CB
:10CDA00072B633212C4C4FF0000B4FF00E0A8DF869
:10CDB0001F1022604BEC40A00D254BEC405001228F
:10CDC0000DF11F0125480EF0ABFF4FF0010949ECB2
:10CDD0004050204BCDF800801A883988D0B2120A12
:10CDE000059B029001920620CAB2090AFFF7AEFB2A
:10CDF000236883F310881A4B3F88A3F800B0EFF341
:10CE0000108372B6236037238DF81F304BEC40A09F
:10CE10004BEC405001220DF11F0110480EF080FF35
:10CE200049EC40500220FAB2390AFFF7D9FB2368D7
:10CE300083F3108809B0BDE8F08F0123002105932A
:10CE40004FF0E0084FF4F0730846A1E70A0C002009
:10CE50006495032062950320F0770320008008404A
:10CE600066950320002370B5134A144982B00D88DB
:10CE70001380EFF3108272B63721114C8DF8071032
:10CE800022600E2243EC40200D2643EC406001223C
:10CE90000DF107010B480EF043FF4FF0010343EC87
:10CEA00040600220EAB2290AFFF79AFB236883F365
:10CEB000108802B070BD00BF669503206495032002
:10CEC000F077032000800840284B1A8802B9704789
:10CED000274928480B8870B50A330488B3FBF2F061
:10CEE00002FB10339BB21C4482B00B80A4B2EFF360
:10CEF000108372B63721204D0E222B608DF807105B
:10CF00004FF0000343EC40200D2643EC406001222B
:10CF10000DF1070119480EF003FF4FF0010343EC38
:10CF200040600220E2B2210AFFF75AFB2B6883F32C
:10CF300010884FF49B75124B124C1E880022124B26
:10CF400066F30F0266F31F4243F8042BA342FBD1A2
:10CF5000294601354FF4A0720020ADB2FFF7EEFB79
:10CF6000B5F5A07FEAD102B070BD00BF0A0C002069
:10CF70006695032064950320F07703200080084025
:10CF800060950320247F0320A47C0320294B1A886A
:10CF900002B970472849F0B50B88284D0A3B134465
:10CFA00093FBF2F002FB10332C889BB21C4483B03D
:10CFB0000B80A4B2EFF3108372B63721204E0E22FD
:10CFC00033608DF807104FF0000343EC40200D272D
:10CFD00043EC407001220DF107011A480EF0A0FE4B
:10CFE0004FF0010343EC40700220E2B2210AFFF748
:10CFF000F7FA336883F31088134B2C881E8804F1EA
:10D000000A07124DBFB20022114B66F30F0266F3FE
:10D010001F4243F8042BAB42FBD1214601344FF4AD
:10D02000A0720020A4B2FFF789FBBC42EBD103B091
:10D03000F0BD00BF0A0C0020669503206495032014
:10D04000F07703200080084060950320247F0320B0
:10D05000A47C03202DE9F04F00278F4B87B01D885B
:10D060008E4B1F80EFF3108372B637228C4C8DF8F5
:10D07000172023600E2247EC40200D2647EC40602D
:10D0800001220DF1170187480EF04AFE4FF0010B07
:10D090004BEC40600220EAB2290AFFF7A1FA2368AC
:10D0A00083F310883D46BA467F4B804E1B887D4CEB
:10D0B0000293002202997E4B61F30F021FFA8AF855
:10D0C00061F31F4243F8042BB342FBD1EFF310830B
:10D0D00072B6714A1788724AB8451360C0F09A80D8
:10D0E000744B1B88C3F5A0739A4580F293806B4AFA
:10D0F000714B12881B885244B2FBF3F103FB1122DF
:10D100003B441744BFB29F42A2BF03F1FF339BB21F
:10D1100003934FF02A03B8BF03978DF817304FF0F1
:10D120000E0945EC40904FF00D0845EC408001227F
:10D1300020460DF117010EF0F3FD4BEC408000226C
:10D140003F230420009311460123FFF777FA2B2396
:10D150008DF8173045EC409045EC40800122204688
:10D160000DF117010EF0DCFD4BEC4080039A04201A
:10D17000D3B20093390A130AFAB2FFF75FFA2C23ED
:10D180008DF8173045EC409045EC40800122204658
:10D190000DF117010EF0C4FD4BEC40800223DFF8C7
:10D1A00020916268C9F804302368DFF81881434F82
:10D1B00083F00F0302F0020203F0CF03C8F800303F
:10D1C0000E217A604BEC40100D2345EC40304FF4BB
:10D1D000A072374933480EF09BFD0D234BEC4030D5
:10D1E00002236268C9F804301A40236883F00703F9
:10D1F00003F0CF03C8F80030294B7A601B6883F333
:10D2000010880AF1010ABAF5F07F7FF452AF07B037
:10D21000BDE8F08F2A234FF00E098DF8173045EC4A
:10D2200040900D2745EC4070012220460DF117017A
:10D230000EF076FD4BEC407000223F23042000935B
:10D2400011460123FFF7FAF92B238DF8173045EC2F
:10D25000409045EC4070012220460DF117010EF080
:10D260005FFD4BEC40704FEA18235FFA88F21946D5
:10D2700004200092FFF7E2F92C238DF8173045ECDB
:10D28000409045EC4070012220460DF117010EF050
:10D2900047FD4BEC407081E76495032066950320C1
:10D2A000F07703200080084060950320247F03204E
:10D2B000A47C0320629503200A0C002000A00840F3
:10D2C00000B00840009008402DE9F04F4FF00006F4
:10D2D000A04BA2EB010C1B680CF1010C1B78421C4B
:10D2E0001CFB03FC02EB82028FB01FFA8CFC520085
:10D2F000994F03FB01F104924FEA5C0207EB8202B3
:10D3000009922CF0010292B2944C4B1E0B920A0A25
:10D3100063440592CAB200EB800007922488C3F3ED
:10D3200007228F4DDBB24FEA400B06920893CDF8EF
:10D330000CC0039B9BB1012B00F00A810022864B9D
:10D3400064F30F02099964F31F4243F8042B8B42E4
:10D35000FBD1039BDB0702D50B9B27F813401FFA79
:10D360008BF9EFF3108372B67E4A13607E4BB3F8ED
:10D370000080C84500F2A6807C4B1B88C3F5A073D3
:10D380009B4580F29F807A4B4FF00E091A88794BAB
:10D390005A441B88B2FBF3F103FB1122434490442F
:10D3A0001FFA88F89845A2BF03F1FF339BB20A9396
:10D3B0004FF02A03B8BFCDF828808DF8373046ECFF
:10D3C00040904FF00D0A46EC40A0012228460DF196
:10D3D00037010EF0A5FC012343EC40A0089B04207C
:10D3E00000930599DDE90632FFF728F92B238DF824
:10D3F000373046EC409046EC40A0012228460DF123
:10D4000037010EF08DFC012343EC40A00A9A042062
:10D41000D3B200934FEA1821130A5FFA88F2FFF79C
:10D420000DF92C238DF8373046EC409046EC40A0A7
:10D43000012228460DF137010EF072FC012343EC66
:10D4400040A00223DFF830A16A68CAF804302B68D4
:10D45000DFF82891DFF8288183F00F0302F0020241
:10D4600003F0CF03C9F800300E210123C8F80420CF
:10D4700043EC40100D2346EC40303749039A3848BE
:10D480000EF046FC01231A460D2342EC40300223E5
:10D490006A68CAF804301A402B6883F0070303F067
:10D4A000CF03C9F800302F4BC8F804201B6883F362
:10D4B0001088049B0BF1010B5B457FF43AAF0FB072
:10D4C000BDE8F08F2A234FF00E0A8DF8373046EC76
:10D4D00040A04FF00D0846EC4080012228460DF197
:10D4E00037010EF01DFC012343EC4080089B042013
:10D4F00000930599DDE90632FFF7A0F82B238DF89C
:10D50000373046EC40A046EC4080012228460DF121
:10D5100037010EF005FC012343EC40804FEA19234C
:10D520005FFA89F2194604200092FFF787F82C234E
:10D530008DF8373046EC40A046EC4080012228466A
:10D540000DF137010EF0ECFB012343EC408078E74E
:10D55000002302E7040C0020A47C03206095032034
:10D5600000800840F0770320649503206295032033
:10D57000669503200A0C002000B008400090084087
:10D5800000A00840F0B50A269C4B83B01C689C4B59
:10D5900006FB024C1D889B4B0CF1010CB3F800E01C
:10D5A0002378082B00F08580974A0CF10A0766461D
:10D5B0000CF1010C3478674504F0100429D0002CDC
:10D5C00014BF76462E4616801CF8014C0A3214F021
:10D5D000080F14BF74462C4622F8084C1CF8014C66
:10D5E00014F0040F14BF74462C4622F8064C1CF8A5
:10D5F000014C14F0020F14BF74462C4622F8044C60
:10D600001CF8014CE60754BF22F8025C22F802EC39
:10D61000CDE744BB7D4C2478002C40D0A2F800E03C
:10D62000A2F802E03478670734D5A2F804E0347831
:10D63000A40702D4754C247834B3A2F806E03478F9
:10D64000E40702D4714C247814B3A2F808E00A2449
:10D6500001EB8102520000FB03F100946A48FFF7DE
:10D66000B9F903B0F0BDA2F800E034782407D7D4AC
:10D67000664C2478002CD3D1558034786707D4D4F5
:10D6800095803478A707D8D4D5803478E707DCD4E0
:10D69000AE46DAE75D4C2478002CC6D1F0E7158061
:10D6A00034782407E8D5A2F802E034786407BCD4C3
:10D6B000E6E7574A544C1278002A00F0AB806246E5
:10D6C0000CF10A070CF1010CBC4592F900604CD03A
:10D6D0001EEA260238BF2A4622801CF8012C560674
:10D6E00000F11A8112F0800F14BF72462A46628040
:10D6F0001CF8012C103412F0600F0CBF2A46724641
:10D7000024F80C2C1CF8012C12F0300F0CBF2A4608
:10D71000724624F80A2C1CF8012C12F0180F0CBFCA
:10D720002A46724624F8082C1CF8012C12F00C0F23
:10D730000CBF2A46724624F8062C1CF8012C12F065
:10D74000060F0CBF2A46724624F8042C1CF8012C44
:10D75000920762460CF1010C14BF24F802EC24F885
:10D76000025CBC4592F90060B2D1002EC0F2A980E3
:10D77000264E3678002E00F0D180A4F800E0A4F800
:10D7800002E01678B60604D4204E3678002E00F05B
:10D79000A880A4F804E01678F70604D41B4E367867
:10D7A000002E00F0A380A4F806E01678370704D412
:10D7B000164E3678002E00F09E80A4F808E0167809
:10D7C000770704D4114E3678002E00F09980A4F823
:10D7D0000AE01678B70704D40C4E3678002E00F015
:10D7E0009480A4F80CE01278D20704D4074A127887
:10D7F000002A00F08F80A4F80EE028E7040C002037
:10D8000060950320080C0020A87403208A9503204B
:10D810006E95032062460CEB06070CF1010C674580
:10D8200092F90060A1D035EA260228BF7246228014
:10D830001CF8012C103412F0400F14BF72462A4617
:10D8400024F80E2C1CF8012C12F0200F14BF724685
:10D850002A4624F80C2C1CF8012C12F0100F14BFCF
:10D8600072462A4624F80A2C1CF8012C12F0080FE4
:10D8700014BF72462A4624F8082C1CF8012C12F01A
:10D88000040F14BF72462A4624F8062C1CF8012CFB
:10D8900012F0020F14BF72462A4624F8042C1CF81A
:10D8A000012CD20762460CF1010C54BF24F8025C33
:10D8B00024F802EC674592F90060B4D1002EBFF65F
:10D8C00057AFA4F800E0167877063FF558AF194E29
:10D8D0003678002E7FF453AF65801678B6063FF594
:10D8E00058AFA5801678F6063FF55DAFE58016784F
:10D8F00036073FF562AF2581167876073FF567AFAB
:10D9000065811678B6073FF56CAFA5811278D70709
:10D910003FF571AFAE466EE77246E8E625801678B1
:10D920007706D9D5A4F802E01678B6063FF531AFF0
:10D93000D7E700BF8A950320014B1870704700BFDE
:10D94000000C00204FF4A07310B40B4A0B4C12686B
:10D9500092F800C00A4AB3FBFCF3013BDBB28342FE
:10D9600028BF03461F29237088BF1F23117088BF5B
:10D9700013705DF8044B7047040C00207095032071
:10D98000719503201A4B1B7803B9704770B5194B7A
:10D99000194A1B7819491268013303EB830308788D
:10D9A000174C12785900013902FB00F0B4F800E07E
:10D9B00089B2AAB1012A17D0124E00243346550865
:10D9C0006EF30F0406EB85056EF31F4443F8044B1A
:10D9D0009D42FBD1D30703D502F0FE0326F813E0E6
:10D9E000BDE87040FEF7AABE0023064EF6E700BF72
:10D9F000000C002071950320040C0020709503207A
:10DA0000080C0020A47C03201A4B1B7803B9704734
:10DA100070B5194B194A1B7819491268013303EB89
:10DA200083030878174C12785900013902FB00F083
:10DA3000B4F800E089B2AAB1012A17D0124E00242E
:10DA4000334655086EF30F0406EB85056EF31F444D
:10DA500043F8044B9D42FBD1D30703D502F0FE03EC
:10DA600026F813E0BDE87040FEF768BE0023064EBE
:10DA7000F6E700BF000C002071950320040C002085
:10DA80007095032060950320A47C03202DE9F04FBE
:10DA9000A04F89B03D7815B109B0BDE8F08F0A20DC
:10DAA000E2F7B2FD0B20E2F7AFFD0C20E2F7ACFD90
:10DAB0000D20E2F7A9FD0E20E2F7A6FD0F20E2F708
:10DAC000A3FD4FF001084FF00A0948EC44900B26E3
:10DAD00048EC44600D2448EC44404FF00E0B48ECF9
:10DAE00044B00F2348EC44308B498C48E6F7E0FB08
:10DAF00041464846E2F756FD41463046E2F752FDC0
:10DB000041460C20E2F74EFD48EC40400F2348EC24
:10DB10004030EFF3108272B6814E326045EC4030F7
:10DB200014200021E3F7B0FC0F2348EC4030002123
:10DB30007C48E3F7A9FC8DF81F8045EC40B045EC2C
:10DB40004040764842460DF11F010EF0E9F848ECDE
:10DB5000404042F210700021E3F796FC3A238DF822
:10DB60001F3045EC40B045EC40406C4842460DF15A
:10DB70001F010EF0D5F848EC404055214046FEF715
:10DB80000FFD36238DF81F3045EC40B045EC40408A
:10DB9000624842460DF11F010EF0C2F848EC4040C9
:10DBA00048214046FEF7FCFC21238DF81F3045EC50
:10DBB00040B045EC4040594842460DF11F010EF07F
:10DBC000AFF848EC4040B7238DF81F3045EC40B02B
:10DBD00045EC4040514842460DF11F010EF0A0F8BF
:10DBE00048EC4040C6214046FEF7DAFC33238DF86E
:10DBF0001F3045EC40B045EC4040484842460DF1EE
:10DC00001F010EF08DF848EC404040232A46009357
:10DC1000294643460620CDE90155FEF797FC11231E
:10DC20008DF81F3045EC40B045EC40403B48424643
:10DC30000DF11F010EF074F848EC4040336883F397
:10DC4000108842F210700021E3F71EFC364B1D8055
:10DC5000364B1B880593EFF3108272B63260372281
:10DC60008DF81F2045EC40B045EC40402B48424623
:10DC70000DF11F010EF054F848EC4040059B0220C6
:10DC8000DAB2190AFEF7ACFC336883F31088284B2C
:10DC9000284CB3F800800022274B68F30F02A9B28A
:10DCA00068F31F4243F8042BA342FBD14FF4A07248
:10DCB00000200135FEF742FDB5F5F07FEBD1EFF323
:10DCC000108272B62923326000250E228DF81F3093
:10DCD00045EC40204FF00D0845EC408001220DF14D
:10DCE0001F010E480EF01CF8012444EC40803368FC
:10DCF00083F31088E3F730F9104B114ACDE9015353
:10DD000000924FF0FF330F4AE3F7A0FA3C7009B0DE
:10DD1000BDE8F08F7A950320C06878040080084041
:10DD2000F0770320C0D4010066950320649503209A
:10DD300060950320247F0320A47C0320281A01205F
:10DD40003DC80110E05EF8FF704700BF024A034B78
:10DD500010601960704700BF4C7503205475032094
:10DD6000034B1B6813B1034A10681847704700BF84
:10DD70004C7503205475032070B50E1E09DD441E3A
:10DD8000A519FEF79DFB04F8010FAC42F9D130460E
:10DD900070BD0026304670BD002909DD38B5441E2F
:10DDA000651814F8010F00F005FFAC42F9D138BD39
:10DDB000704700BF10B500F0EDFD0C4C01F05AFEAD
:10DDC000FEF7B8FB0A48FEF793FB0120FEF796FB2F
:10DDD00000F086FEFEF764FA20460121E5F71EFFFB
:10DDE0002046BDE810400121E5F736BF0C0C0020AD
:10DDF00061DD011008B50E2813D8DFE800F02126F8
:10DE000008080812080D123017120D1C2B0004F020
:10DE100051F90523036008BD04F04CF902230360A7
:10DE200008BD04F047F91623036008BD04F042F969
:10DE30001523036008BD04F03DF91C23036008BDF1
:10DE400004F038F90023036008BD04F033F913230C
:10DE5000036008BD04F02EF91123036008BD04F02F
:10DE600029F91423036008BD70B538B10D4629B1F6
:10DE7000012A06461AD0022A07D04AB104F01AF93C
:10DE8000162303604FF0FF3070BDFEF7BDF9024668
:10DE90002C68E117A41841F10003002BEEDB2146AA
:10DEA0003046FEF7A3F928B92C6070BDFEF7A8F93B
:10DEB0000246EDE704F0FEF805230360E2E700BF49
:10DEC000002370B582B0019300B30D46F1B1037F1A
:10DED000044603B3437F16464BB9324629462046D3
:10DEE00001ABFDF77FFED8B9019802B070BDFEF717
:10DEF0008BF901462046FEF779F90028EDD004F0B1
:10DF0000D9F8052303604FF0FF30EEE704F0D2F8B4
:10DF100016230360F7E704F0CDF81E230360F2E751
:10DF2000FFF768FFEFE700BF002300B583B0019360
:10DF300040B139B101ABFDF73BFD50B9019803B0D9
:10DF40005DF804FB04F0B6F8162303604FF0FF30D1
:10DF5000F5E7FFF74FFFF9E710B538B10446FDF7D5
:10DF600017FD2046E4F788F9002010BD04F0A2F860
:10DF7000162203464FF0FF301A6010BD2DE9F04322
:10DF800089B018B10F4609B10B7843B904F092F883
:10DF9000162303600025284609B0BDE8F08300255C
:10DFA000722B064602958DF80C5000F09C80772B62
:10DFB00038D0612BEAD14FF0010840F20113C1467D
:10DFC0008DF80C80ADF809307B787A1C5BB1622B40
:10DFD00005D02B2BDAD140F20113ADF8083012F83E
:10DFE000013F002BF3D120210120E4F72FF9044653
:10DFF000002800F08980B9F1000F00D0EDB90825A4
:10E0000031462046FDF776FC80B3FA20E3F7AAF804
:10E01000013DF5D12046E4F72FF904F04BF8022337
:10E020000360B7E7012340F20111A84699461D4657
:10E030008DF80B30ADF80910C6E7082504E0FA208A
:10E04000E3F790F8013D46D031462046FDF79CFCB1
:10E0500060B10E28F3D13046FEF7DAF80028EED191
:10E0600031462046FDF790FC0028E8D19DF8095084
:10E0700015B1A378DB073CD4B8F1000F07D02046D8
:10E08000FEF7C2F801462046FEF7B0F800BB214B70
:10E09000214A0493214B2577CDE90523204B08AA7B
:10E0A000079312E9030084F81D808DE8030004AB98
:10E0B00039460CCB204601F001FE054640B1002355
:10E0C0000222194603F002FF284609B0BDE8F0839A
:10E0D0002046FDF75DFC2046E4F7CEF803F0EAFFAA
:10E0E0000523036056E70123A846A9468DF80830AA
:10E0F0006AE72046FDF74CFC2046E4F7BDF803F044
:10E10000D9FF1E23036045E703F0D4FF0C2303600F
:10E1100040E700BF29DF0110C1DE011069DE0110F8
:10E1200059DF0110F0B589B080B30F4671B30646D0
:10E130000825314601A8FDF7DDFB044658B1FA2059
:10E14000E3F710F8013DF4D103F0B4FF02230360BC
:10E150004FF0FF3018E001465822384601F0E0FD4C
:10E1600048F2B6129DF8061048F2241311F0010F80
:10E1700008BF134601A87B60FEF746F8034601A8D6
:10E180003B61FDF705FC204609B0F0BD03F092FFAE
:10E1900016230360DCE700BF08B503F08BFF1E22E7
:10E1A00003464FF0FF301A6008BD00BF4FF05043E8
:10E1B000586880F48000C0F3805070472DE9F0412A
:10E1C000494B0F461B7884B003B940025121FF260A
:10E1D000030E8DF80930030C8DF80A30030A8DF810
:10E1E0000B304FF0000211238DF80C008DF8081051
:10E1F0008DF80D6042EC403008223C493C480DF05F
:10E200008FFD06223A4802A90DF08AFD4024DFF86E
:10E21000E08002E013F0FF0457D0012340460DF1E7
:10E2200007020DF106018DF806600DF06DFD9DF9F8
:10E2300007C09DF80750BCF1000F04F1FF33E9DB84
:10E24000002D42D1FF262B4CDFF8A48001E0002CEA
:10E250003BD00123404602AA0DF107018DF807606B
:10E260000DF052FD9DF80830013CFE2BEFD164B358
:10E270004FF40072FF21384601F052FD3A4639460C
:10E280004FF400731A480DF03FFD02AA0DF107018B
:10E29000012317488DF807600DF036FD02AA01230F
:10E2A0000DF1070112488DF807600DF02DFD1123C7
:10E2B0004FF0010242EC403008220C490C480DF0AE
:10E2C0002FFD284604B0BDE8F08111234FF0010274
:10E2D00042EC403003250822044905480DF020FD9A
:10E2E000284604B0BDE8F08176950320240C002078
:10E2F00000000840A08601002DE9F041594B8846F6
:10E300001B7884B003B940025821FF25030E8DF815
:10E310000930030C8DF80A30030A8DF80B304FF0EA
:10E32000000211238DF80C008DF808108DF80D50A7
:10E3300042EC403008224C494C480DF0F1FC0622DA
:10E340004A4802A90DF0ECFC4024484F02E013F0CB
:10E35000FF047BD001230DF1070238460DF10601C1
:10E360008DF806500DF0D0FC9DF907209DF8076050
:10E37000002A04F1FF33EADB002E67D1FE2302AA54
:10E380008DF807300DF10701012338480DF0BCFC72
:10E3900041464FF4007235480DF0C2FC02AA0DF15F
:10E3A0000701012331488DF807500DF0ADFC02AA9A
:10E3B0000DF1070101232D488DF807500DF0A4FC45
:10E3C000012302AA0DF1070128488DF807500DF02E
:10E3D0009BFC11254FF001039DF8084043EC405091
:10E3E00008222149214804F01F040DF099FC052C56
:10E3F00004D00426304604B0BDE8F08146EC40501D
:10E400000822194919480DF08BFC42F21074FF27BD
:10E41000164D0123284602AA0DF107018DF8077059
:10E420000DF072FC013C9DF8083001D0FF2BF0D1BB
:10E4300011234FF0010242EC403008220A490B48F8
:10E440000DF06EFC304604B0BDE8F08111234FF0B2
:10E45000010242EC40300822034904480DF060FC00
:10E46000C7E700BF76950320240C00200000084079
:10E470002DE9F043BB4985B0BB48E5F719FF1123EF
:10E480004FF0010242EC40300822B849B6480DF086
:10E4900047FC42F210700021E2F7F6FF5024FF26FD
:10E4A000B14D0123284602AA01A98DF804600DF0A0
:10E4B0002BFC013CF5D142F210700021E2F7E4FFA1
:10E4C0000A272546DFF8A482A74E40244FF41542C0
:10E4D00011230294ADF80C2045EC4030082241464F
:10E4E00030460DF01DFC0622304602A90DF018FC46
:10E4F0004FF0FF0902E013F0FF0429D0012301AA25
:10E5000030460DF103018DF803900DF0FDFB9DF9F0
:10E510000420631E002A9DF80440ECDB4FF0110933
:10E520004FF0010343EC40900822414630460DF085
:10E53000F7FB012C17D0013F04D10225284605B076
:10E54000BDE8F08342F210700021E2F79DFFBCE7C6
:10E5500011234FF0010242EC403008224146304680
:10E560000DF0DEFBE7E748F2AA72814BADF80C2014
:10E5700002934FF0000343EC409008227B497A4815
:10E580000DF0CEFB0622784802A90DF0C9FB40240D
:10E59000FF26754D02E013F0FF0412D0012301AAFB
:10E5A00028460DF103018DF803600DF0ADFB9DF9D8
:10E5B0000420631E002A9DF80440ECDB012C00F0CF
:10E5C0009D8011234FF0010242EC40300822674940
:10E5D00065480DF0A5FB4FF47A774FF00008634EC5
:10E5E000614D77214FF47F4211230291ADF80C2049
:10E5F00048EC40300822314628460DF091FB0622B7
:10E60000284602A90DF08CFB40244FF0FF0902E0E0
:10E6100013F0FF045CD0012301AA28460DF1030189
:10E620008DF803900DF070FB9DF90420631E002A05
:10E630009DF80440ECDB4FF011094FF0010343EC6F
:10E6400040900822314628460DF06AFB012C3FF627
:10E6500074AF44F269024FF47F430292ADF80C307C
:10E6600048EC40900822314628460DF059FB06221E
:10E67000284602A90DF054FB40244FF0FF0902E0A8
:10E6800013F0FF042FD0012301AA28460DF1030146
:10E690008DF803900DF038FB9DF90420631E002ACD
:10E6A0009DF80440ECDB4FF011094FF0010343ECFF
:10E6B00040900822314628460DF032FB002C3BD01A
:10E6C0004FF47A700021E2F7DFFE013F89D134E791
:10E6D00011234FF0010242EC403008222349224826
:10E6E0000DF01EFB29E711234FF0010242EC4030F0
:10E6F0000822314628460DF013FBE1E74FF0FF35C5
:10E7000002AA04231146184802950DF0FDFA1123C0
:10E7100044EC40300822154913480DF001FB9DF8E8
:10E720000A3003F00F03012B7FF407AF9DF80B3085
:10E73000AA2B3FF450AF00E77A2302934FF47F43B4
:10E74000ADF80C3044EC40900822084906480DF022
:10E75000E7FA0622044802A90DF0E2FA4024FF2756
:10E76000014E0AE0801A060000000840240C002038
:10E770004800000113F0FF04AAD0012301AA30468B
:10E780000DF103018DF803700DF0BEFA9DF9042020
:10E790009DF80450002A04F1FF33EBDB002D97D1E4
:10E7A00004234FF0FF340DEB030211462A48019475
:10E7B0000DF0AAFA11244FF0010343EC4040082267
:10E7C000264925480DF0ACFA9DF80430244A03F0A0
:10E7D0004003002B14BF01230023137037D1214BBA
:10E7E00002934FF47F43ADF80C3045EC40400822D3
:10E7F0001A4919480DF094FA0622174802A90DF09B
:10E800008FFA4024FF27144E03E013F0FF043FF477
:10E810005FAF01230DF1030230460DF102018DF8C7
:10E8200002700DF071FA9DF90320631E002A9DF815
:10E830000340EADB11234FF0010242EC4030082292
:10E84000064905480DF06CFA002C7FF476AE0649B7
:10E850000148E5F7A7FD71E600000840240C002000
:10E86000769503205000000240787D0170B5164E69
:10E87000357805B170BD1020E1F7C6FE1120E1F733
:10E88000C3FE1220E1F7C0FE1320E1F7BDFE162003
:10E89000E1F7BAFE0124112344EC4430162045EC84
:10E8A00044002A462146E1F79BFE21461020E1F76D
:10E8B00079FE21461220E1F775FE21461320E1F78B
:10E8C00071FE347070BD00BF88950320034BD3E800
:10E8D0008F0FC0B280F00100704700BF8695032003
:10E8E00030B52A4C87B00123C4E88F3F09238DF847
:10E8F0001430E2F7BFFD42F210734FF0FF3C6FF0AF
:10E900000042C01841F10001844572EB01033CBF95
:10E91000114660460025CDE9020101231F211C4854
:10E9200005AA0095E5F788FC831C01D2012805D0D3
:10E930000023C4E88F3F184607B030BDE2F79AFDC8
:10E9400044F620634FF0FF356FF00042C01841F1EC
:10E950000001854272EB01033CBF284611460025A9
:10E96000CDE9020102231F21094805AA0095E5F718
:10E9700081FC831C012BDBD90228D9D1C4E88F5F2D
:10E98000BDF8140040BA80B2D6E700BF86950320D8
:10E99000840B002038B50F4D2C7804B138BD42F2FD
:10E9A00010710D48E5F722FC03210720E1F7FAFD7D
:10E9B00003210620E1F7F6FD224601210720E1F7B9
:10E9C0000FFE224601210620E1F70AFE01232B70EB
:10E9D00038BD00BF87950320840B002070B5E0B1DF
:10E9E000D9B10B78722B18D14B78622B15D18B785B
:10E9F0009BB906461C20E3F717FC054668B10824BE
:10EA000031462846FCF776FF40B1FA20E2F7AAFB30
:10EA1000013CF5D12846E3F72FFC0025284670BDC0
:10EA2000002300B583B0019370B1012201AB0DF159
:10EA30000301FCF7BDFF38B9019B012B04D19DF800
:10EA4000030003B05DF804FB4FF0FF30F9E700BFAF
:10EA500078B301292DDD2DE9F043174683B022B3A9
:10EA600000248146A046451E4E1E01E0B44213D04C
:10EA70000122384601AB0DF10301CDF80480FCF70B
:10EA800097FF80B9019B012B0DD19DF80330013414
:10EA90000A2B05F8013FE9D10023484609F8043064
:10EAA00003B0BDE8F083002CF6D1002003B0BDE830
:10EAB000F0830020704700BF10B10021FDF796BB26
:10EAC000704700BF40B110B50446FCF761FF204617
:10EAD000E3F7D2FB002010BD4FF0FF30704700BFBE
:10EAE0002DE9F04F2E4F87B03C78002C54D1DFF841
:10EAF000C0802C49D8F80000E5F7A2FC01250646A5
:10EB00004FF4803A4FF44029D8F800B01A200BF1A6
:10EB10002F4101F56001090D0631C9B2E1F742FD4F
:10EB200021461A222B4658460095E5F705FD1E4B57
:10EB300021460593F401B31D44EA033424F0C04494
:10EB4000324602AB44F080445846CDF808A0CDF8D8
:10EB500010900394E5F736FDD8F800801B2008F1EB
:10EB60002F4101F56001090D0631C9B2E1F71AFD27
:10EB70001B222B46294640460095E5F7DDFC0B4954
:10EB8000324605914046294602ABCDE902A4CDF8B4
:10EB90001090E5F717FD3D7007B0BDE8F08F00BF9E
:10EBA0006D9503205803031000680040006C00407E
:10EBB0002C0C00202DE9F04786B08046FDF7DEFEE4
:10EBC000DFF89CA200F1FF39FEF71EFF9AF8003033
:10EBD000013B072B00F29C86DFE813F03100870031
:10EBE000BA00EF0004011B012E010800B8F1700FFC
:10EBF00000F0D2840023934F934D3E782C78B0469A
:10EC00008AF80030C14505DA00231E460134E4B21B
:10EC10002C703B701F2C08D821463046FEF792FE20
:10EC200006B0BDE8F047FEF7ADBEFEF74DF92C7813
:10EC3000013CE4B21F2C2C70F7D83E78ECE700239F
:10EC4000A8F118008AF800304B2800F2B080DFE805
:10EC500010F0EC01AE00EC011B01AE00AE00AE0006
:10EC6000AE00AE00AE00AE00AE00AE00AE00AE0034
:10EC7000AE0041021E02AE00AE00AE00AE00AE001D
:10EC8000AE00AE00AE00AE00AE00AE00AE00AE0014
:10EC90000A021402AE00AE00AE00AE00AE00AE003E
:10ECA000AE00AE00AE00AE00AE0020023502AE00F7
:10ECB000AE002902AE00AE00AE00AE004302AE00D0
:10ECC000AE00EA01AE00AE00AE00AE00AE00AE0097
:10ECD000AE00EA01AE00AE007C02AE00EA01EA013D
:10ECE000EA01AE00AE00AE004F02584A5849136820
:10ECF00001F8038001331360A8F11B03242B00F2F9
:10ED0000C580DFE813F0C100C300C300C300C30027
:10ED1000C300AC01C300C300C300C300C300C300F1
:10ED2000C300C300C300C300C300C300C300C300CB
:10ED3000AF00AF00AF00AF00AF00AF00AF00AF005B
:10ED4000AF00AF00C3009F01C300C300C300AE010A
:10ED50003E4A3F491368B8F11B0F01F8038003F1E5
:10ED60000103136000F09080A8F13003DBB2092B9F
:10ED700078D9B8F13B0F00F065810020B8F16C0F35
:10ED80008AF8000000F03584B8F16D0F0FD0B8F1AB
:10ED9000680F40F027842F4B1B88192B00F03F840D
:10EDA00041F2A802934202D12B48FDF7E1FD254F25
:10EDB000254D3E782C78B04624E70023214F224D84
:10EDC000B8F1410F3E782C788AF8003000F0CE83FD
:10EDD000B8F1420F00F0DA83B8F1300F00F01E8175
:10EDE000B0460FE70023174F174DB8F1410F3E789B
:10EDF0002C788AF8003000F0C483B8F1420F00F09C
:10EE0000BA83B8F1300FEBD10222144BB0461A701E
:10EE1000F8E60C4F0C4DB8F11B0F3E782C7800F043
:10EE20009F83B8F1070F02D0B8F19C0FD8D100230F
:10EE3000B0468AF80030E5E6B8F15C0F14BF06234F
:10EE40000023D8E66F950320839503208C7503205B
:10EE500094750320107B032024E70210300C00205F
:10EE600089950320C84BC94A1978C94F32F8113027
:10EE7000C84D03EB830308EB4303303B22F811300A
:10EE80003E782C78B046BDE60123B4E60023A8F115
:10EE900018008AF800305D2800F2C78001A353F8FB
:10EEA00020F000BF2BF001102BF001102BF001100F
:10EEB0002BF001102BF001102BF001102BF00110A2
:10EEC0002BF001102BF001102BF001102BF0011092
:10EED0002BF001102BF001102BF001102BF0011082
:10EEE0002BF001102BF001102BF001102BF0011072
:10EEF0002BF001102BF001102BF001102BF0011062
:10EF00002BF001102BF001102BF001102BF0011051
:10EF10002BF001102BF001102BF001102BF0011041
:10EF20002BF001102BF001102BF001102BF0011031
:10EF30002BF001102BF001102BF001102BF0011021
:10EF40002BF001102BF0011067F301105DF301109D
:10EF500041F3011023F30110A9F3011081F3011013
:10EF6000FDF20110BDF201102BF00110A1F2011011
:10EF70007FF201102BF001102BF001102BF001108B
:10EF80002BF001102BF001102BF001102BF00110D1
:10EF90005FF201103FF201102BF001102BF0011075
:10EFA0002BF001102BF001102BF001102BF00110B1
:10EFB0002BF001102BF001102BF001102BF00110A1
:10EFC0002BF001102BF001102BF001102BF0011091
:10EFD0002FF201100BF20110E3F10110BDF201104C
:10EFE000BDF10110AFED01102BF001102BF001105D
:10EFF0002BF00110AFED0110ABF401106DF4011016
:10F000002BF001102BF001100BF40110CBF30110C9
:10F0100067F00110AFED01107BF0011002225E4B92
:10F02000B0461A70EEE50623E5E50222584F594D29
:10F030003878431C3B702978FEF7A4FA3E782C7888
:10F04000B046DFE5504A524F1378524D1E2B3E78A2
:10F050002C783FF6C5AE0133B0461370D2E50823D5
:10F06000C9E50323C7E54A4F4C4B3E78494D1E7016
:10F070002C784B4BB0461C70C4E5484A484B167878
:10F08000434F1C78434DB0463E702C70BAE50523C3
:10F09000B1E5404D3E4F2C783E780134E4B2B046A5
:10F0A0002C70AFE53A4F3B4D3E782C783F2EB04662
:10F0B0003FF6A8AD01223B4B9A55A3E54FF000085F
:10F0C000344D334F2C7846460134E4B22C7087F827
:10F0D000008097E504238EE52E4D2B78002B00F061
:10F0E00096822B4F013B3E78DCB2B0462C7089E50E
:10F0F0000024284D264F20462C703C70FDF710FC54
:10F100004FF6FF70FDF746FC2046FDF753FC204606
:10F11000FDF722FC0120FEF70FFC01231E4A2146C9
:10F120001370214A20461370FDF71CFEFDF792FF75
:10F130001E4B1F4A1B681470002B00F0B181204643
:10F1400098473E782C78B0465CE500240E4B21466B
:10F1500020220E481C7000F0E3FD164B21463E2293
:10F16000184600F0DDFD0222034645F61B31084F2C
:10F1700011483E78074DB0462C788AF8002002608E
:10F1800023F8021C3EE500BF7D950320107B032081
:10F190006F95032083950320310C00208495032074
:10F1A000859503206C8D0320300C0020D47503203E
:10F1B0007B950320967503208C750320984B994FFF
:10F1C0001B883E78984D032BB0462C7800F01383B3
:10F1D000002B7FF417AD3F2E3FF614AD934A9355A5
:10F1E00010E58F4E33880BB9012333808E4D328862
:10F1F0002B7813441F2BA8BF1F238A4F2B703E78F8
:10F200002C784E453FF700AD06E5854A1388002B64
:10F2100040F0B18201210B461180013BDCB2814FED
:10F22000814D3E782C70B145FFF6EEACF4E4804B96
:10F230001B68002B3FF4BBAD7E489847B7E5784E7E
:10F2400033880BB9012333803388013B3380FDF7CA
:10F250009DFE33885A1E3280002BF8D1A7E5704EF0
:10F2600033880BB9012333803388013B3380FDF7AA
:10F270002BFE33885A1E3280002BF8D197E5684B5D
:10F28000694D1B882C78002B00F06982012B00F05F
:10F29000CC82022B00F00783624F3E78B046B1E487
:10F2A0005F4B1B88002B00F04182012B00F0AA82EB
:10F2B000022B7FF47CADFDF7CDFE78E5584E338808
:10F2C0007288002B40F0128201233380002A40F024
:10F2D0000A820123738033881F2B40F204821F248B
:10F2E0007388514D4B454F4FDABF03F1FF33DEB208
:10F2F0005FFA89F6B0462C703E7083E4484E33883E
:10F300000BB9012333803388464F4B45464DDABF56
:10F3100003F1FF33DEB25FFA89F6B0462C783E7017
:10F3200070E4404F3E4B97F800801B883E4DA8EBA1
:10F33000030828EAE8785FFA88F62C783E7061E4E2
:10F34000384F374B3E781B88374D1E444E45A8BF7B
:10F350004E46F6B2B0462C783E7053E4324D304AF9
:10F360002B78128845E7304D2D4B2C781B882D4F7C
:10F37000E41A3E7824EAE474E4B2B0462C7041E426
:10F38000274E33880BB9012333804FF00008264DF8
:10F3900033882C78234FE41A24EAE474E4B2464616
:10F3A0002C7087F800802DE41D4E33880BB90123A3
:10F3B00033801D4D31882B7800220B441F2BA8BFB2
:10F3C0001F23184F2B703A7019E7154E3488728836
:10F3D000002C40F04B8101233380002A00F037815C
:10F3E0001F2A134640F23A811F23C3F11F03204610
:10F3F00099B2FDF7B7FC4FF000080B4D094F464698
:10F400002C7087F80080FFF7FDBB00230A4A0B48E9
:10F4100092F800C001271C4619460278004E1DE0F4
:10F42000107B03206F950320839503206C8D0320B0
:10F43000D875032034CB02107D9503207B950320E3
:10F4400007FA01F589B2072945EA020501D8012426
:10F45000EAB20133D9B28C45C0F0EE8036F81150D3
:10F46000691E002DECD101242A46F2E7A14B1B882E
:10F47000052B00F00781A04FA04D3E78062BB0462B
:10F480002C787FF4BFAB0136631C10219C4A009698
:10F4900002A8E4F7D1F99B4B1B680BB102A898476F
:10F4A0003E782C78B046FFF7ADBB0024964D914EC8
:10F4B0002A7836F81430262B28D8DFE813F08A0192
:10F4C00085017F0127007A012700270075012700A9
:10F4D00027002700270027002700270027002700F4
:10F4E000270027002700270027006C01270067015D
:10F4F0002700270062012700270049004900490032
:10F5000049004900490049004900F300272B00F059
:10F51000D681A3F1280188B2072840F2BC80302BA5
:10F5200040F0A281E11C914204F1010304DA36F8B3
:10F530001300022800F0C9819A4204DD36F8132036
:10F54000052A00F098812A78DCB2A242B1D22EE4DA
:10F550006E4A1E3B32F81300FDF71CFA631CF2E7FB
:10F560000723B0468AF80030FFF74CBB684AB04624
:10F570001370FFF747BB0122664BB0461A70FFF7C6
:10F5800041BB644AB0461370FFF73CBB0122604B9D
:10F59000B0461A70FFF736BB0020FDF7C1F94FF6F1
:10F5A000FF70FDF7F7F90020FDF704FA0020FDF7E2
:10F5B000D3F90120FEF7C0F9012300215548544A30
:10F5C000037008461370FDF7CDFBFDF743FD0020E7
:10F5D000514B524A1B681070002B3FF40BAB9847FD
:10F5E000FFF708BB444F01223878444D431C3B7061
:10F5F00021E5404B1B88192B18D041F2A8029342F9
:10F600007FF4D5AB4648FDF7B3F9FFF7D0BB3A4FCF
:10F61000FDF7BCFC3E782C78B046FFF7F3BA01202A
:10F62000FEF78AF9FEF7AEF9FFF7C1BBFEF784F9E2
:10F63000FEF7EAF9FFF7BBBB04B10270364B1B685B
:10F64000002B3FF4B4AB00789847FFF7B0BB012321
:10F65000328873801F2A40F24C811F24013BDBB2A9
:10F66000A3423FF6C2AEFDF7FDFBC4E6002AEED092
:10F670001F2C134633D8013C1F2A88BF1F23E4B236
:10F68000EED8EBE71F4B1B68002B3FF490AB2548EF
:10F690009847FFF78CBB1D4B33F81100FDF78AF933
:10F6A000631C50E7E11C914204F1010304DA36F8CF
:10F6B0001300022800F0C4809A427FF744AF36F866
:10F6C0001320052A7FF43FAF0234174B16F814209D
:10F6D000E4B233F81200FDF75DF9631C33E71F2A2B
:10F6E000BBD91F24BFE7013BDCB2F9E5002A3FF498
:10F6F000F0ADF0E5107B03206F9503208395032088
:10F7000044CB0210D87503207D950320800503109B
:10F71000310C0020300C0020D47503207B95032091
:10F720003CEC02103CCB021070030310C04DC14FE3
:10F730005FFA89F8424639782878FDF7C5FD2C78BC
:10F74000661CF6B21F2E3FF6A8AD30460136424683
:10F750000021F6B2FDF7B8FD202EF6D1A0E6B54F98
:10F76000204639785FFA89F2FDF7AEFD3E782C78B5
:10F77000B046FFF747BA1F2B88BF1F243FF64FAD97
:10F780004BE50020FDF7CCF8631CDCE60020FDF71C
:10F79000E3F8631CD7E64FF6FF70FDF7FBF8002097
:10F7A000FDF7E0F8631CCEE60120FDF7B9F8631C15
:10F7B000C9E60120FDF7D0F8631CC4E648F210400A
:10F7C000FDF7E8F8631CBEE60120FDF7CBF8631CEB
:10F7D000B9E64FF6FF70FDF7DDF80020FDF7EAF817
:10F7E0000020FDF7B9F80020FDF79AF80020FDF79A
:10F7F000B9F8631CA7E6402200218F4800F090FA78
:10F80000FFF700BA8A4D2B7863B1002420465FFAD7
:10F8100089F632460021FDF757FD01342B78E0B21E
:10F820008342F6D81846834F01E02046814F0021DD
:10F830003A78FDF749FD3E782C78B046FFF7E2B9FB
:10F8400016F81130A21C16F8122004349B0816F882
:10F850001400D2085B0143EAC22343EAD000E4B2B9
:10F86000FDF798F8631C6EE6312B0FD10020FDF7F1
:10F87000A1F8631C67E60234704B16F81420E4B25A
:10F8800033F81200FDF796F8631C5CE6A3F15A0208
:10F8900091B2072930D86A4BD2B233F81200FDF783
:10F8A00079F8631C4FE6634F204600215FFA89F226
:10F8B000FDF70AFD3E782C78B046FFF7A3B94FF666
:10F8C000FF70FDF767F8631C3DE616F81130A21CC7
:10F8D00016F8122004349B0816F81400D2085B01B5
:10F8E00043EAC22343EAD000E4B2FDF763F8631CA5
:10F8F00029E6013AD4B2B1E6643B9AB2072A05D8A8
:10F900004F4ADBB232F81300FDF754F8631C1AE6D5
:10F91000A8F10703142B2DD801A252F823F000BF41
:10F920001FFA011009FA0110E7F9011093F0011014
:10F9300093F0011093F00110D3F90110C5F90110F3
:10F94000B1F9011075F9011075F9011075F901107F
:10F9500075F9011075F9011075F9011075F90110AB
:10F9600075F9011075F9011075F9011075F901109B
:10F9700089EE0110A8F120032E4F2D4DDBB25E2B36
:10F980003E782C783FF62CAA2E4B1B78E3B92E4BF1
:10F990001B78002B60D1B8F1230F08BF4FF01E0871
:10F9A000731C4246214630463B70FDF7EBFD77E580
:10F9B0000022204F234B3E781D4DB0462C781A7004
:10F9C000FFF720B90122F4E7204B1B78002B43D12D
:10F9D000E1E74FF00008174F154D46462C7887F8A1
:10F9E0000080FFF70FB9FCF7C9FF124F431E3E78A6
:10F9F000083626F00706B34238DD0D4DF6B2B046A4
:10FA00002C783E70FFF7FEB80A4F3E7816B3013EE1
:10FA1000F6B2B046064D3E702C78FFF7F3B80C4BAB
:10FA20001B68002B3FF4C3A99847FFF7C0B900BF7C
:10FA3000839503206F9503206C8D032070030310C2
:10FA4000700503106C950320310C0020300C002051
:10FA500090750320B046DDE7022BA1D1B8F15E0F0F
:10FA600084BFA8F15F005FFA80F899E7FCF786FF92
:10FA7000461EC2E708B5FEF709F80122064BDA7008
:10FA8000DA72DA74DA7683F8232083F82B2083F88D
:10FA9000332083F83B2008BD6C8D032040EA01032E
:10FAA0009B0730B501D1032A17D8844601F1FF3EE8
:10FAB00007E01EF8011F541E03F8011B29B122465E
:10FAC0009C466346002AF4D130BD002CFCD09444FF
:10FAD00003F8011B6345FBD130BD0C468446256805
:10FAE00021460434A5F1013323EA050313F0803FD6
:10FAF000DCD1043A4CF8045B032AF0D82146D5E760
:10FB00002DE9F0411E464B68154607469A890C467A
:10FB1000D20507D5D3F82880B8F1000F02D0022310
:10FB20000022C04702F0C6FA00233246294603608D
:10FB3000E36820689847041E02DB2046BDE8F08198
:10FB400002F0B8FA0368002BF7D002F0B3FA0368AA
:10FB50003B60F2E770B54D690C46064645B102F0D0
:10FB6000A9FA00226369026020689847051E05DB38
:10FB70003046214603F0A2FF284670BD02F09AFAF3
:10FB80000368002BF4D002F095FA03683360EFE7C6
:10FB900070B582B00C461D460646019202F08AFA04
:10FBA00000232A4601A9036023692068984700289A
:10FBB00002DB019802B070BD02F07CFA0368002BF2
:10FBC000F7D002F077FA03683360F2E7F8B50C4635
:10FBD00015461F46064602F06DFA00233A462946AE
:10FBE0000360A36820689847041E01DB2046F8BD27
:10FBF00002F060FA0368002BF8D002F05BFA0368A9
:10FC00003360F3E782B02DE9F04784B089461146AE
:10FC1000054603AA1F460D93DDE90EA802F04EFB30
:10FC2000002838D010F0140F064601D0002F30D035
:10FC300016F0180F02D0BAF1000F2AD0284606F0AD
:10FC4000FFFE044638B32846182102F0C9FB20B352
:10FC50004FF6FF73A681B8F1000F109AE381134BA2
:10FC6000C0E90094E06187602362114BC0F80CA0EA
:10FC70006362104BC0F8108018BF98460E4BC4F852
:10FC800028804261E362204604B0BDE8F04702B03C
:10FC9000704716232B600024F5E7019006F032FF31
:10FCA0000198A08106F030FFF5E700BFCDFB011001
:10FCB00001FB011091FB011055FB011082B030B522
:10FCC00085B00D4686460A4C0DF1240C08A981E842
:10FCD0000C0013469CE807008DE807002A46714691
:10FCE0002068FFF78FFF05B0BDE8304002B07047D5
:10FCF000380C0020024B0A460146186805F050BE39
:10FD0000380C002000B583B0044B014601AA1868E6
:10FD100005F046FE03B05DF804FB00BF380C002080
:10FD200070B5860747D0541E002A3ED0CAB203469B
:10FD300001E0013C39D303F8012B9D07F9D1032CD5
:10FD40002CD9CDB20F2C05EB052505EB054535D992
:10FD5000A4F1100C03F1100E1A462CF00F064FEA16
:10FD60001C1CB644C2E90055C2E902551032724566
:10FD7000F8D10CF1010214F00C0F04F00F0C03EB9E
:10FD8000021213D0ACF1040323F003030433134431
:10FD900042F8045B9342FBD10CF003042CB1C9B2CE
:10FDA0001C4403F8011BA342FBD170BD64461346FB
:10FDB000002CF4D1F9E703461446C0E71A46A446DE
:10FDC000E0E700BF2DE9F04F02FB03FB83B00C9C82
:10FDD000BBF1000F45D09246994680460E4610B1C1
:10FDE000436B002B41D0B4F90C20636E900405D412
:10FDF00042F4005223F40053A28163669904C3F3D2
:10FE000040322ED46568002D32DBA3892A46216852
:10FE10009B0733D4CDF800A05F46C24610E005F042
:10FE2000C7FA2268214650462A442E44A7EB05080B
:10FE3000226005F05BFC002857D1656847462168C1
:10FE4000BD422A463046EAD33A4605F0B1FAD4E933
:10FE50000032D21B3B44C4E90032484603B0BDE83F
:10FE6000F08F002003B0BDE8F08F06F03BFEBAE74C
:10FE7000A389154621689B076260CBD55A45304659
:10FE800028BF5A46154605F093FA2368216BABEB61
:10FE900005072B44236063685B1B636051B1002F2F
:10FEA000DBD004F14003994202D0404603F006FE45
:10FEB000002323633544CDE900A947B3D4F810A04B
:10FEC000214626684046D4F814902560C4E90457BA
:10FED00005F00CFC6368002226601D446260FA1A7B
:10FEE000C4E904A958B91746E7E705EB0B00DDF8AC
:10FEF00000A0C01BB0FBFAF003B0BDE8F08F03EB2D
:10FF00000B00DDF800A0C01BB0FBFAF0AAE7DDF89B
:10FF100004904846A2E700BF94460A46014630B521
:10FF20001C4683B0034D634628680094FFF74AFFE0
:10FF300003B030BD380C002020B5054682B008B1B2
:10FF4000436B83B14B68013B002B4B6005DB0B68B7
:10FF50005A1C0A60187802B020BD284602B0BDE8DD
:10FF6000204002F0EBB9019106F0BCFD0199E9E7F0
:10FF700038B50D4B04461D680DB16B6B7BB16368E2
:10FF8000013B002B636004DB23685A1C2260187855
:10FF900038BD21462846BDE8384002F0CFB9284692
:10FFA00006F0A0FDEBE700BF380C00202DE9F04F74
:10FFB0001D4640EA02039BB083469B07019240F036
:10FFC0000783171F18BF0127019B9A085B00059242
:10FFD000002209930792019A062902FB01F35A4471
:10FFE0000BEB03000892049040F26A8101984FEAFB
:10FFF00051080729A3EB000300FB08B80BEB03042F
:020000041002E8
:1000000013D0282900F200822646DA46414650469F
:100010000292A8470028029AC0F2E6813146404683
:100020000292A8470028029A4BDD002F53D1DBF83B
:100030000030D8F80010CBF80010C8F80030089B4A
:100040004FF0000A03921E460693019BD046A2463B
:10005000C3F10009A64233465ED85946304602969F
:10006000A8470028029B40F3FB8052460293C246F9
:1000700090460CE02368D8F800102160C8F80030E2
:10008000C8444FF0010A4C44A64200F29080594601
:100090002046A84700282EDBF5D1002FEAD0012FFB
:1000A00077D0019A4146234604EB020E1A7808786D
:1000B00003F8010B01F8012BAEEB0302002AF5DC7B
:1000C000DEE731465046A8470028029AC0F29A81DE
:1000D000B046002FABD0012F00F00F825B46089E88
:1000E000197898F8000003F8010B08F8011BF11AC1
:1000F0000029F5DCA3E7C246029B002F40F0A18057
:100100003368226832602360019B1E444C444FF0E8
:1001100001083346A642A0D95146C246039A8846F2
:10012000BAF1000F48D0069AB11AA2EB0B028A422C
:10013000A8BF0A46002A40F02781049AA8EB0404CD
:100140000198A2EB0802121AA24228BF2246002AF6
:1001500040F0B181049BA142A3EB040605D32246E3
:1001600033460C465E4611469B46019B994240F23F
:10017000F180079A072A00F28E81B4FBF3F4B1FBF9
:10018000F3F11AAB03EBC20343E91064531C07936A
:1001900021E7C4462046059B013B0268DCF80010BD
:1001A000002B40F8041B4CF8042BF5DC68E7DDE974
:1001B0000232BAF1000FB6D1089B04998B4233D2B8
:1001C000019B1646DDF814905C42DDF824805E4504
:1001D00025D9029607E0DAF800203168CAF8001045
:1001E00032605E451AD9B246264451463046A84789
:1001F000002813DD002FEED0012F54D0324606EB3D
:10020000080C9AF8003011780AF8011B02F8013B3B
:10021000ACEB0A03002BF4DC5E45E4D8029E019BA4
:100220001E44049B9E42D2D3079B002B00F0828089
:10023000079B1AAA013B079302EBC30353E910B1D2
:10024000C9E6012F1FD0019A16442246197810786A
:1002500003F8010B02F8011BF11A0029F6DC55E73F
:1002600002D0019B1E44F5E6002F7CD1069932682E
:100270000B680A603360019B1944019B4FF0010831
:1002800006911E44E6E62046059AA446013A1968FE
:100290000468002A43F8044B40F8041BF6DC019B79
:1002A00064461E4432E730464A46013ADAF80030E6
:1002B0000168002A4AF8041B40F8043BF5DC90E78B
:1002C0008242B1D2019B1646DDF814905C42DDF803
:1002D0002480B34525D2029607E0DAF80020316881
:1002E000CAF8001032605E451AD9B246264451461B
:1002F0003046A847002813DD002FEED0012F1CD078
:10030000324606EB080C9AF8003011780AF8011B07
:1003100002F8013BACEB0A03002BF4DC5E45E4D8A9
:10032000029E019B1E44049B9E42D2D3079B002B3E
:100330007FF47EAF1BB0BDE8F08F30464A46013AED
:10034000DAF800300168002A4AF8041B40F8043B40
:10035000F5DCC8E7019B9C427FF666AF019BB34684
:10036000B4FBF3F137E6012F00F0B680069A01994D
:100370005118107893F800C002F801CB03F8010B74
:10038000881A0028F5DC78E7022FA6EB020040F07F
:10039000E0805A44DC469CF800E090F800900CF8AD
:1003A000019B00F801EBA2EB0C0EBEF1000FF2DC9A
:1003B000049AA8EB04040198A2EB0802121AA242C4
:1003C00028BF2246002A3FF4C5AE0498A0EB020CD9
:1003D000324418789CF8006003F8016B0CF8010BAC
:1003E000D01A0028F5DCB5E631464046A84700287B
:1003F000029AFFF61AAE31465046A8470028029AE4
:10040000FFF666AED04610E6C908029200FB01F680
:1004100058460BEB060A73000BEB46095146039353
:10042000A8470028029AC0F2C4804946504602926A
:10043000A8470028029A75DDA8EB060341460392FF
:1004400008EB060918460293A8470028039AC0F251
:10045000A080494640460392A8470028039A59DDE8
:1004600073000292A4EB03094E4448463146A84764
:100470000028029A5EDB214630460292A8470028F7
:10048000029A3FF7C3AD21464846A8470028029A82
:100490005DDB2646BAE5019A58462B469046B1FBED
:1004A000F2F1FFF783FD44457FF6C2AE019BB346F0
:1004B000B4FBF3F18FE50498022FA0EB020C87D078
:1004C0009208013A1868DCF80060002A43F8046BCF
:1004D0004CF8040BF5DC3DE6DDE90520A446013AC5
:1004E00001681C68002A40F8044B43F8041BF6DC42
:1004F00006996446019B1944BFE65846059B013B9B
:100500000168D8F80060002B40F8046B48F8041B21
:10051000F5DC94E549460298A8470028039A45DB94
:10052000C8469DE749465846A8470028029A4DDB31
:10053000CA4681E721463046A8470028029AFFF6BE
:1005400065AD21464846A8470028029AA1DB4E46E1
:100550005CE592085E468E469C46013A3368016827
:10056000002A46F8041B40F8043BF6DC049AA8EB8A
:10057000040401987146A2EB08026346121AA242D3
:1005800028BF2246002A3FF4E5AD0498A0EB020CF8
:1005900096E749464046A8470028039AFFF660AF11
:1005A00049460298A8470028039AB9DBDDF808807D
:1005B00056E749465046A8470028029AFFF63CAF46
:1005C00049465846A8470028029AB1DBDA4633E785
:1005D0000227F9E438B50B4D04462B680BB15A6B72
:1005E0002AB1B4F90C3033B1B4F90E0038BD184655
:1005F00006F078FAF5E72B6809224FF0FF301A6011
:1006000038BD00BF380C00202DE9F04FC3B01C46A8
:100610009046054608910D930C9008F069FE03681A
:100620001846149306F050FD13901DB16B6B002B10
:1006300000F0ED870899B1F90C204B6E900405D4B9
:1006400042F4005223F400538A814B669F0401F167
:100650006581089AB2F90C301E0740F1BA80126920
:10066000002A00F0B68003F01A030A2B00F0C080C5
:100670000023C3469C46CDE9263332ABE046CDF895
:1006800028C09A4625939FED6E7BCDE915CC8DED64
:10069000107B9BF800305C46DBB1252B19D025463A
:1006A00014F8013F0BB1252BF9D1B4EB0B0610D098
:1006B000279B33442793269B0133072B2693CAE9B4
:1006C00000B600F3A4800AF1080A0A9B33440A9397
:1006D0006B78002B00F0A4804FF0000304F1010BB5
:1006E00065784FF0FF398DF8773000230993069332
:1006F0000BF1010BA5F12003582B00F2A580DFE8D8
:1007000013F00D02A300A3000602A300A300A300A0
:10071000A300A300A3009D010002A300A801C5013E
:10072000A300F90159005900590059005900590016
:10073000590059005900A300A300A300A300A3007F
:10074000A300A300A300A300A300E0011901A300DC
:100750001901A300A300A300A3006102A300A3004A
:100760004C02A300A300A300A300A3001802A3004F
:10077000A3008206A300A300A300A300A300A3007C
:10078000A300A300A300A300B6016A011901190187
:100790001901AF016A01A300A300B702A300A902D7
:1007A000A50696028F02A3006802A300A806A30074
:1007B000A300AB06A5F13003002202EB82021BF876
:1007C000015B03EB4202A5F13003092BF5D9099235
:1007D00090E7089D0C98294603F0B2F8002841F0F4
:1007E0009D80B5F90C3003F01A030A2B7FF440AF5B
:1007F000089BB3F90E30002BFFF63AAF2346424672
:1008000008990C9843B0BDE8F04F01F06FB925AAE4
:1008100008990C9807F04CFF30B90DF1C80A54E75D
:10082000279B002B40F0C487089B9B895B0601F146
:1008300075800A9843B0BDE8F08F00BFAFF3008029
:1008400000000000000000000E95002DE8D00023FD
:1008500028AE8DF8A0508DF87730012307930B93C5
:100860004FF000094B46CDF83C90069A279C12F0B9
:10087000840505D1099A0799571A002F00F37F8341
:100880009DF8772082B1269A0DF17701013401326B
:10089000CAF8001001212794072A2692CAF80410EA
:1008A00000F3AD830AF1080A7BB1269A1EA902342F
:1008B0000132CAF8001002212794072A2692CAF8AA
:1008C000041000F3AA830AF1080A802D00F0368292
:1008D0000B9BA9EB0307002F00F37882069BDF0533
:1008E00000F1D0810B9BCAF800601C44CAF80430A8
:1008F000269B27940133072B269300F3E8820AF105
:10090000080A069B5A0705D5099B079A9D1A002DD0
:1009100000F38F830799DDE909238A42ACBF9B1856
:100920005B180A93002C40F0BC8200230DF1C80A2A
:100930002693AEE60D9B4FF0FF320E95073323F062
:100940000701B44BB1EC027B55EC174B0D9125F030
:1009500000418DED187A1991DDE918678DED107B56
:1009600030463946E1F77CF9002840F0B1844FF079
:10097000FF32A84B30463946E1F7AAF9002840F08B
:10098000A7840022002320462946E1F78DF900289C
:1009900040F0A2869DF87730069A9F4E22F08002A2
:1009A00006929E4A0E994FF000094729D8BF164675
:1009B0000322CDF83C9007920B9213B1079B0133B1
:1009C0000793069B13F002033FF44FAF079B0233DC
:1009D0000793022349E7069B0E959D0679D50D9B4B
:1009E000073323F007031A46596852F8083B0D9263
:1009F0000A460029C0F24D84B9F1000F08DB0699C0
:100A000021F0800003D153EA020100F0BF8006907C
:100A10000A2B72F1000180F0FF8530330DF1C7061B
:100A20008DF8C73001230B930B9A9DF877304A4518
:100A3000B8BF4A46079200220F92BEE70D9B53F8BB
:100A4000042B002A099280F23184099A0D935242B4
:100A50000992069B9BF8005043F00403069347E677
:100A6000069B9BF8005043F04003069340E60D9B25
:100A7000002228AE0E958DF8772053F8042B0D93A5
:100A800001238DF8A02007930B93E9E65A4612F84C
:100A9000015B2A2D00F0EA87A5F13003092B00F253
:100AA00042874FF0000909EB890912F8015B03EB5B
:100AB0004909A5F13003092BF5D949EAE9799346AB
:100AC00018E6069B0E9543F010030693069B9D06C1
:100AD00085D40D9A52F8043B0D92069AD40600F183
:100AE000D383069A500640F1CF8343F3C0321BB242
:100AF00011467EE7069B9BF8005043F08003069367
:100B0000F6E52B239BF800508DF87730F0E5069B37
:100B10009BF8005043F001030693E9E59DF8773018
:100B20009BF80050002B7FF4E3AD20238DF8773045
:100B3000DEE5069B0E9543F010030693069B13F02B
:100B4000200200F081830D9B0121073323F007036E
:100B500018465A6850F8083B0D900020B9F1000F74
:100B60008DF87700C0F26B81069853EA020420F0FA
:100B7000800040F06381B9F1000F40F05F8129B936
:100B8000069B13F001030B9340F0FE824FF0000927
:100B900032AE0690CDF82C9046E7069B0E9543F0BA
:100BA00010030693069B13F0200200F05D830D9B5B
:100BB0000021073323F0070318465A6850F8083B12
:100BC0000D90CAE7069B9BF8005043F0080306937C
:100BD0008EE50D9C00270E9554F8046B8DF8777008
:100BE000002E00F05284B9F1000FC0F25A854A4637
:100BF0003946304608F00CFB002800F08486821B42
:100C0000B9469DF877300B9222EAE2720D94079272
:100C10000F97D2E6FFFFEF7F54CB021050CB0210AC
:100C2000069B9BF8005043F02003069360E5069B6B
:100C300078200D9A43F00203AB490E90069347F6D5
:100C4000300316910221ADF8783052F8043B0D9232
:100C5000002282E7069B9D0640F12D830D9B0A9A98
:100C60001B681A60D2175A600D9B04330D9310E570
:100C70009BF80050069B6C2D00F0FE8343F01003A0
:100C8000069335E50E9B652B40F33481002200234B
:100C9000DDE91001E0F7F6FF002800F00882269B4E
:100CA0000134924A01332794CAF800200122072B0D
:100CB0002693CAF8042000F39D840AF1080A1F9BBA
:100CC000434580F2EE82139B149A1C44CAE9002328
:100CD000269B27940133072B269300F3C1830AF147
:100CE000080A08F1FF35002D7FF70BAE102D269B6B
:100CF00040F3CF867E49224610260C9FDDF82090D7
:100D00000C46129103E0103D102D40F3D3800133C7
:100D10001032072BCAE90046CDE926320AF1080A4B
:100D2000F1DD25AA4946384607F0C2FC00287FF4C9
:100D30007BAD0DF1C80ADDE92632E4E7099B079A8D
:100D40009F1A002F7FF7C4AD694A102F269B12927D
:100D500028DD52462046C2461025B04619460C9C56
:100D6000634E02E0103F102F17DD013110300729CC
:100D7000C2E90065CDE9261002F10802F2DD25AADC
:100D80000899204607F094FC00287FF44DAD103FF1
:100D900032AA102FDDE92610E7DC46460446D0468D
:100DA0000B4692460133129A3C44CAF80470072B52
:100DB000CAF80020CDE9263400F366840B9B0AF1C3
:100DC000080AA9EB0307002F7FF788AD484A102FC8
:100DD000269B129223DD22464FF010090C9D089CA1
:100DE00002E0103F102F19DD013310324049072B6C
:100DF000CAE90019CDE926320AF1080AF1DD25AA6F
:100E0000214628460DF1C80A07F052FC00287FF45D
:100E10000BAD103F102FDDE92632E5DC144601331F
:100E2000129A3C44CAF80470072BCAF80020CDE996
:100E3000263400F3F7810AF1080A4FE506900129EC
:100E40003FF4E6AD022932AE10D1169803F00F013F
:100E50001B09415C43EA0273120906F8011D53EABB
:100E60000201F3D132AB9B1B0B93DDE503F00701CD
:100E7000DB08304643EA42733031D20806F8011DE0
:100E800053EA0204F2D13029ECD0069BDB07E9D506
:100E90003023023806F8013C32AB06461B1A0B938E
:100EA000C2E525AA08990C9807F002FC00283FF437
:100EB0003CADB9E41446129A2C44CAF80450CAF85E
:100EC00000200133072BCDE926347FF718AD25AA82
:100ED00008990C9807F0ECFB00287FF4A5AC279C40
:100EE0000DF1C80A0DE500BF70CB021034C002102E
:100EF000A0050310269DB8F1010F04F101040AF1C9
:100F0000080705F1010540F347810123072DCAF8C1
:100F10000060CAF80430CDE9265400F31383139B14
:100F20000135149A1C44072DC7E90023CDE9265446
:100F300000F3148308370022002308F1FF39DDE9AC
:100F40001001E0F79FFE002840F040810135013696
:100F50004C44C7F80490072D3E60CDE9265400F3B9
:100F600029810837159B01351C447B60072D21AB77
:100F7000CDE926543B60AADC07F1080AC1E4B04978
:100F8000102F269A12912BDD51462046C2460C9C0A
:100F9000B04617932E46AA4D02E0103F102F19DDE0
:100FA0000132103010230D60072A01F1080141F8C9
:100FB000043CCDE92620F0DD089925AA204607F05B
:100FC00077FB32A900287FF42FAC103F102FDDE90A
:100FD0002620E5DC3546179B46460446D0468A4621
:100FE000013212993C44CAF80470072ACAF800106A
:100FF000CDE9262400F3BE820AF1080A40E425AABE
:1010000008990C98129307F053FB00287FF40CAC5E
:10101000279C0DF1C80A129B46E425AA08990C9852
:1010200007F046FB00287FF4FFAB279C0DF1C80AB0
:101030004BE4102D269B40F37B84814922461026E9
:101040000C9FDDF820900C46129102E0103D102D0F
:1010500018DD01331032072BCAE90046CDE92632EC
:101060000AF1080AF2DD25AA494638460DF1C80AF8
:1010700007F01EFB00287FF4D7AB103D102DDDE9F3
:101080002632E6DC14460133129A2C44072BCAE9B7
:101090000025CDE926347FF73DAC25AA08990C98A8
:1010A00007F006FB00287FF4BFAB279C32E41F9AB1
:1010B000002A40F36E820F9F4745A8BF4746002F86
:1010C0000BDD269B3C4401332794072B2693CAE96A
:1010D000006700F3E0830AF1080A0F9D002FA8BF04
:1010E000ED1B002D00F3DB811F9B4345C0F2018205
:1010F000069AD00700F1FD810F9AA8EB0303A8EB35
:1011000002059D42A8BF1D46002D0EDD1644269AFD
:101110002C44CAF804500132CAF800602794072A08
:10112000269200F3CB830AF1080A002DACBF5E1BA8
:101130001E46002E7FF7E5AB102E269B40F3B884A9
:101140004049224610250C9FDDF820900C46129154
:1011500003E0103E102E40F3608301331032072B62
:10116000CAE90045CDE926320AF1080AF1DD25AACF
:101170004946384607F09CFA00287FF455AB0DF13C
:10118000C80ADDE92632E4E7302389460DF1C706B7
:1011900006908DF8C73047E4069BD9073FF5B5AEFA
:1011A0000123072DCAF80060CAF80430CDE926549F
:1011B0007FF7D8AE25AA08990C9807F079FA00288D
:1011C0007FF432AB32AFDDE92654CBE6B8F1010F44
:1011D0007FF7C8AE1B4BB8F1110F129340F370822A
:1011E00022461026DDF830A01C4605E0A9F11009C2
:1011F000B9F1100F40F3638201351032072DC7E9B2
:101200000046CDE9265207F10807EFDD25AA089927
:10121000504607F04DFA00287FF406AB32AFDDE907
:101220002652E3E725AA08990C9807F041FA00280E
:101230007FF4FAAA279C0DF1C80AFFF74FBB00BF45
:1012400090050310A00503100D9951F8043B0D9172
:10125000069911F0100105D1069A12F0400201D052
:101260009BB20A46012178E40D9951F8043B0D9197
:10127000069911F0100105D1069A12F0400201D032
:101280000A469BB2114668E4DA1711460029BFF6F8
:10129000B3AB5B424FF02D004FF0010162EB420215
:1012A0005CE4069BDE077FF52CAB0CE59BF8005059
:1012B0000D93FFF71DBA069BDC0600F12981069B02
:1012C000580640F125810D9B0A9A1B681A80CBE4D1
:1012D000DDE9100102460B46E0F7C2FC002840F0B1
:1012E0009D830E9BB9F1FF3F23F02003079300F08D
:1012F000CF82B9F1000F03D1472B08BF4FF001098E
:10130000069ADDE9100142F480750029C0F29B8243
:1013100000279DED107B8DED1A7B0E9B652B00F059
:101320004E8200F3C482452B00F0498223AB0C9817
:10133000CDF80490049320AB03931FAB02930223D8
:101340000093DDE91A2301F08BFB069B0646D907C3
:1013500000F1F281239BA3EB00081F9B0F930F9BCF
:10136000DA1C02DB994580F274820E9B023B0E93DD
:101370000E9B8DF884300F9B591E00291F91C0F2DF
:1013800021832B2309298DF8853040F308830DF143
:10139000930CDFF864E36446AEFB01390A4620464D
:1013A000013C4FEAD909632A09EB8903A1EB430306
:1013B000494603F1300300F8013CEDDC831E303177
:1013C000634504F8011C80F076830DF1850213F863
:1013D000011B634502F8011FF9D142AB181AA0F1B5
:1013E00071031593159BB8F1010F43440B9340F320
:1013F000DF820B9B139A134400220B9323EAE373BF
:101400000F920793CAE1B74B0E951693069B13F004
:10141000200200F086800D9B073323F00703194656
:101420005A6851F8083B0D910698C10776D553EAE2
:10143000020173D040F0020106910E998DF87910E7
:1014400030218DF878100221FFF787BB0E95FFF74A
:10145000A9BB0E95FFF772BBA34B0E951693D5E76C
:1014600025AA08990C9807F023F900287FF4DCA935
:10147000279C0DF1C80A34E443F020039BF8015087
:101480000BF1010B0693FFF733B94B46974E0D94C2
:10149000062B28BF06230B930793FFF7E1B9102D06
:1014A000269B40F3F382924821460B9610271A465A
:1014B000DDF83090089C0646129003E0103D102D98
:1014C00040F31C8101321031072ACAE90067CDE9D7
:1014D00026210AF1080AF1DD25AA2146484607F02F
:1014E000E7F800287FF4A0A90DF1C80ADDE926215C
:1014F000E4E7139A14991444CAE90012269A27942F
:101500000132072A269200F391810AF1080AF3E5D5
:101510000D9B0A9A1B681A60FFF7A6BB0221FFF712
:101520001CBB0D9951F8043B0D91069911F0100167
:101530007FF47AAF069A12F040023FF475AF9BB287
:101540000A4671E725AA08990C9807F0B1F8002817
:101550007FF46AA932AFDDE92654E0E425AA0899B0
:101560000C9807F0A5F800287FF45EA932AFDDE9FA
:101570002654E0E425AA08990C98129307F098F8ED
:1015800000287FF451A9279C0DF1C80A129BFFF790
:1015900077B9269B0134574901332794CAF80010C4
:1015A0000121072B2693CAF8041000F3B8800AF132
:1015B000080A58EA020300F09481139B14991C4412
:1015C000CAE90013269B27940133072B269300F3C7
:1015D00051810AF1080A002AC0F2AE810133444465
:1015E000CAF80060072BCAF80480CDE926347FF7DB
:1015F00086A96CE425AA08990C9807F059F80028E8
:101600007FF412A9279C0DF1C80AFFF758BB0C986C
:1016100005F068FAFFF70EB832AE37484FF0CC3E0F
:101620000527CDF81C9099181D46144641F100017C
:10163000A0FB01C929F0030C0CEB990CA1EB0C01E8
:101640005B1A62F1000C0EFB03F200FB0C22A3FB01
:1016500000C31A440CF001034FEA5C0CA3FB0739EA
:1016600059180A2D4CEAC27301F1300174F10004DB
:101670004FEA520206F8011DD5D232ABDDF81C90BC
:101680009B1B0B93FFF7D0B925AA08990C9807F07C
:101690000FF800287FF4C8A8279C0DF1C80AFFF7AF
:1016A00017B93046B94605F00FFD20EAE0729DF803
:1016B00077300D940B900F970792FFF77EB9144681
:1016C0000135129B4C44C7F80490072D3B60CDE9CF
:1016D00026547FF746AC6DE52D238DF87730FFF764
:1016E0005BB900BF5CCB021070CB021084CB021040
:1016F000A005031034C00210CDCCCCCC0B9E0C4600
:1017000013460133129A2C44CAF80450072BCAF826
:101710000020CDE926346FDC0AF1080AE4E425AAAA
:1017200008990C9806F0C4FF00287FF47DA81F9A42
:101730000DF1C80A279C3CE700EB090400220023B6
:10174000DDE91A01E0F79EFA002840F0C680239BED
:10175000A34206D230215A1C23921970239B9C422B
:10176000F9D81F9A0F92A3EB0608079B472B3FF46B
:10177000F6AD0E9B662B7FF4FBAD069B0F9A03F034
:101780000103002A43EA090340F38781002B40F05C
:101790005C810F9B07930B9366230E930695002F96
:1017A00036D02D234FF000098DF87730FFF706B9BA
:1017B00025AA08990C9806F07BFFFFF735B809F1C8
:1017C000010802230C98CDE9003823AB049320AB29
:1017D00003931FAB0293DDE91A2301F041F90E9B3D
:1017E000064600EB0804662BA8D13378302B00F0B6
:1017F00007811F9B1C44A1E725AA08990C9806F0B5
:1018000057FF00287FF410A8279C0DF1C80A6BE44D
:10181000B9469DF87730FFF7D0B81446129A344491
:10182000CAF80460CAF80020FFF74BBB25AA089944
:101830000C9806F03DFF00287EF4F6AF1F9B0DF1DB
:10184000C80A279C58E401F100432D271A901B93E6
:1018500063E50F9B984500F39680069B13F0010FFC
:101860000F9B40F0FC8023EAE3720B9367230792FF
:101870000E9393E725AA08990C9806F019FF002803
:101880007EF4D2AF1F9A0DF1C80ADDE92634A2E634
:101890004FF0060934E525AA08990C9806F008FFD0
:1018A00000287EF4C1AF279C0DF1C80A15E40E9BF9
:1018B000662B7FF43BADC846032383E725AA08992E
:1018C0000C9806F0F5FE00287EF4AEAF1F9B0DF1DC
:1018D000C80A279CA8EB030327E41F9A23460F920C
:1018E00041E7069BDD077FF50CA8139B149A1C4467
:1018F000CAE90023269B27940133072B2693B9DCE2
:101900000AF1080A6AE6CDF81C90CDF82C908146C1
:101910009DF877300D940F90FFF74FB84FF0FF33DD
:101920000A93FEF786BF93464FF00009FEF7E2BE2A
:10193000644A1292FFF7A7BB5542103280F2BE8074
:101940006148214610271A46DDF83090044612906F
:1019500002E0103D102D39DD01321031072ACAE9AD
:101960000047CDE926210AF1080AF2DD25AA0899E7
:10197000484606F09DFE00287EF456AF0DF1C80AD9
:10198000DDE92621E5E7139B0F9A4344002A0B93D8
:1019900051DD23EAE373079367230E93FEE63023BA
:1019A00030318DF8863004238DF88710159319E5B2
:1019B000069A12F001020F927FF41BAD23EAE37343
:1019C0000793EBE6C3F101012D23DBE40C4613463C
:1019D0000133129A2C44CAF80450072BCAF800208D
:1019E000CDE926348CDD25AA08990C9806F060FE16
:1019F00000287EF419AF0DF1C80ADDE92634EDE5C3
:101A000000220023DDE91A01E0F73CF9002838D074
:101A10001F9B1C440F93A4EB0608AEE6119B002B02
:101A200020DB9DF87730069A284E22F0800206923D
:101A3000274AFEF7B7BF0F9B0B9AC3F101031A4465
:101A4000134667220B930E92B8E7139B4B44134443
:101A500066220B9323EAE3730E9207939EE6139A92
:101A60001344EEE72D238DF87730DCE70D9B9BF8D0
:101A70000150934653F8049B49EAE9790D93FEF728
:101A800037BEC8F101031C441F9357E60E4A129259
:101A900037E60D4A1292FFF70EBA2BB901236622E0
:101AA00007930E920B9379E6139B01334B44CFE7D8
:101AB000054A1292B2E60223159393E4024A129267
:101AC00086E700BF90050310A005031058C0021060
:101AD00058CB021010B4044C13460A460146206845
:101AE0005DF8044BFEF790BD380C002070B5ADF5E5
:101AF0008D6D0C4606461AA900910491A18921F02A
:101B00000201ADF80C104FF4806102910591616EF5
:101B10001991E189ADF80E10E1690791616A0991A7
:101B2000002106916946FEF76FFD051E07DB694639
:101B3000304600F091F9002818BF4FF0FF35BDF88E
:101B40000C305B0603D5A38943F04003A3812846EC
:101B50000DF58D6D70BD00BF024B1968703105F039
:101B600073B900BF380C00200EB470B59DB00025CD
:101B70004FF4017221AC1B95ADF8142054F8046B9E
:101B80000290069005F0A0FA0B4903464FF6FF704D
:101B900032460A910949ADF816000393079323468C
:101BA000086802A90E951395019402F0B9F81DB0CA
:101BB000BDE8704003B0704781550210380C00201A
:101BC0000CB4F0B59DB000254FF40173064622AC6D
:101BD0000846ADF8143054F8047B1B950291069129
:101BE00005F072FA0B4903460E953A4613954FF6E7
:101BF000FF7503933046079323460A9102A9ADF877
:101C00001650019402F08CF81DB0BDE8F04002B00F
:101C1000704700BF8155021011F0FF01034600F02C
:101C2000030239D08ABB10B501EB012E02680EEB1E
:101C30000E4EA2F101338EEA020423EA0203A4F15C
:101C4000013222EA0402134313F0803F0FD150F80F
:101C5000044F84EA0E0CA4F10133ACF1013223EA03
:101C6000040322EA0C02134313F0803FEFD0037801
:101C700023B936E010F8013F002B32D09942F9D158
:101C800010BD8A4228D09A0729D01A781846013305
:101C9000002AF6D110467047CAB90268A2F1013392
:101CA00023EA020313F0803F08D150F8042FA2F179
:101CB000013323EA020313F0803FF6D003785BB1CF
:101CC00010F8013F002BFBD17047990705D018464B
:101CD00013F8012B002AF8D170471846DDE71846A3
:101CE000A1E7184610BD00BF002310B50C461A46E8
:101CF00003F096F8A38923F06003A38110BD00BF11
:101D00000023064A10B5044610681A46214603F01F
:101D100087F8A38923F06003A38110BD380C00204D
:101D2000B1F90C202DE9F04116070C4680464ED43F
:101D3000496842F400630029A38163DDA56A002D90
:101D400042D0002112F48052D8F80060C8F8001088
:101D5000E16964D101234046A847451C02466DD085
:101D6000B4F90C30A56AE169580705D56368D21A41
:101D7000236B0BB1E36BD21A00234046A847431CE8
:101D80004FD1D8F80010B4F90C301D2940D8314A91
:101D9000CA40D7073CD523F40062DD04A2814FF08E
:101DA000000262602269226001D5002944D0216BC3
:101DB000C8F8006041B104F14003994202D04046A6
:101DC00001F07CFE002323630020BDE8F0810E6952
:101DD000002EF9D092070D680E600CBF4B690023EE
:101DE000AD1B8B600BE02B463246E1694046676ACB
:101DF000B847B0F1000CA5EB0C05664406DD002DDC
:101E0000F1DCE1E7E16B002998DCDDE7B4F90C30A7
:101E100043F040034FF0FF30A381BDE8F081226D15
:101E2000A2E7B4F90C300022626023F40062DB0404
:101E3000A28122692260BAD52065B8E7D8F80030BF
:101E4000002B8DD01D2B01D0162BDFD1C8F80060E0
:101E5000BAE700BF0100402010B5044682B008B1C7
:101E6000436B53B1B1F90C0008B902B010BD204664
:101E700002B0BDE81040FFF753BF019104F032FEFD
:101E80000199EFE7A0B138B50C4B04461D680DB1C0
:101E90006B6B4BB1B4F90C0000B938BD2146284634
:101EA000BDE83840FFF73CBF284604F01BFEF1E7D1
:101EB000034A0449044807F0F7B900BF380C002072
:101EC00070110020591E0210400C00202DE9F04333
:101ED000524C83B00E461746D4F800801D46044687
:101EE000B8F1000F03D0D8F83430002B7ED0022F89
:101EF00003D0012F7ED8002D7CDB21464046FFF722
:101F0000ABFF216B41B104F14003994202D040463E
:101F100001F0D4FD00232363B4F90C200023110643
:101F2000A361636045D43E4B022F03EA0203A38101
:101F30004BD001AB6A462146404608F0EDFAA38932
:101F40001843A081EDB1EEB1D8F8343043B3009A14
:101F5000B4F90C30AA4202D043F40063A381012FEC
:101F600002D143F00103A38113F008022660C4E903
:101F7000046519D0DB0737D500236D42A360A56146
:101F800013E0009D2846E0F74FF90646002834D0BC
:101F9000A38943F08003A381D8F83430002BD6D135
:101FA000404604F09FFDD2E7A260002003B0BDE8E8
:101FB000F0832169404601F081FDB4F90C20184BF3
:101FC000022F03EA0203A381B3D1002043F00203EE
:101FD00004F143020021A3810123A1602260C4E92E
:101FE000042303B0BDE8F083A560DEE7404604F0BB
:101FF00079FD7CE74FF0FF30D8E7DDF80090A94588
:1020000006D04846E0F710F9064608B14D46BFE74E
:10201000B4F90C304FF0FF30D8E700BF380C002087
:102020005CF3FFFFCAB384460B4630B50446084351
:10203000800719D09CF800000C78A04212D150B350
:10204000012A28D0E64603E01CEB030F23D010B38F
:102050001EF8010F11F8014FA2EB0E03A04203F18D
:10206000FF33F1D0001B30BD032A07D8E2E7043A62
:1020700011D01EF0803F0ED1032A10D920681946D6
:1020800053F8045BA446A0F1013E0434A8422EEAB2
:10209000000EECD0CEE7002030BD10467047A446BD
:1020A0001946C7E7024B0A460146186800F098B87F
:1020B000380C0020014B1868704700BF380C002016
:1020C000012A51DD2DE9F047164682B08046894647
:1020D0001D4610B1436B002B43D0013E4F460DE02F
:1020E0002B68274401936B68A3EB040C019B2344EA
:1020F000C5E9003C03F05CF9361B2BD06B68294620
:1021000040461BB903F0F2FA10BB6B68B342D5F836
:1021100000A04FF00A0128BF334650461A461C461D
:1021200007F076F80346224651463846002BD7D0B2
:102130000133A3EB0A042B606B6822461B1B6B6008
:1021400003F036F900233B55484602B0BDE8F0875E
:102150004F4502D000233B70F6E7002002B0BDE8F7
:10216000F08704F0BFFCB8E70020704710B4044CBF
:1021700013460A46014620685DF8044BFFF7A0BFEE
:10218000380C0020024B1968703103F02BBB00BFE4
:10219000380C002010B48446104C1CF8013B11F898
:1021A000010BE25C02F00302012A225C02F003024E
:1021B00008BF2033012A06D01B1A0AD10028ECD10F
:1021C0005DF8044B70472030181AE6D05DF8044BD8
:1021D000704718465DF8044B704700BF3506031082
:1021E00038B5A1FB021434BB00F0FAF8054630B351
:1021F00050F8042C22F00302043A242A0CD8132AA3
:102200000FD91B2AC0E9004412D9242AC0E902448C
:1022100018D000F1100205E02146FDF781FD2846A7
:1022200038BD024600232846C2E90033936038BD1A
:1022300000F10802F6E7FFF73DFF0C2303600025DD
:10224000284638BD00F11802C0E90444EAE700BF9F
:1022500010B5044682B008B1436B2BB1204602B0E2
:10226000BDE8104003F01AB9CDE9001204F03AFCC1
:102270002046DDE9001202B0BDE8104003F00EB9BF
:102280000D4B0A4610B50446186882B008B1436B7E
:102290002BB1214602B0BDE8104003F0FFB8CDE9F4
:1022A000000104F01FFC2146DDE9000202B0BDE898
:1022B000104003F0F3B800BF380C002010B50B78C5
:1022C000722B36D0772B06D0612B2BD004461623E9
:1022D0000020236010BD4FF4C0644FF0010C0820B3
:1022E0004B7801316BB916E02B2B20F01C0E2CF033
:1022F000030303D14EF0100043F0020C11F8013F2C
:102300004BB1622B0BD0782BEED111F8013F4CF47E
:10231000006C002BF5D144EA0C04146010BD4CF4A1
:10232000803CEBE74FF402744FF0010C4FF48470E3
:10233000D6E700240420A446D2E700BF38B50546FE
:102340000C4608B1436BCBB1B4F90C20636E910419
:1023500005D442F4005223F40053A28163669B0427
:102360000FD42146284603F0C1F950B9D4E900231F
:10237000511C013BC4E90013107838BD04F0B2FBD6
:10238000E2E74FF0FF3038BD144B10B50446186833
:1023900082B008B1436BCBB1B4F90C20636E9104E9
:1023A00005D442F4005223F40053A28163669B04D7
:1023B00011D4214603F09AF968B9D4E90023511CDD
:1023C000013BC4E90013107802B010BD019004F085
:1023D00089FB0198E0E74FF0FF30F5E7380C00206B
:1023E00001F10B03162B2DE9F04F074683B023D8DC
:1023F000102900F2AF8004F087FA1025182302207C
:10240000C24E33445C68A3F10802944200F0788124
:102410006368384623F00303D4E902122344CA60F8
:1024200091605A68083442F001025A6004F06EFA72
:10243000204603B0BDE8F08F002B23F00705C0F263
:102440008980A94200F2868004F05EFAB5F5FC7F2F
:10245000C0F0B2816B0A00F08180042B00F27C8115
:10246000AB0903F1390003F1380EC300A74E334422
:10247000A3F1080C5C68A44507D10DE0002AE168CF
:1024800080F238818C450C4606D0636823F0030344
:102490005A1B0F2AF2DD7046DFF874823469444516
:1024A00000F0EA80636823F0030CACEB05030F2B0C
:1024B00000F39281002BC6E9048880F28181BCF58B
:1024C000007FD6F804E080F027814FEADC03012288
:1024D0004FEA5C1C013302FA0CF256F833104EEA54
:1024E000020E06EBC302083AC6F804E0C4E9021281
:1024F00046F83340CC6083104FF0010C0CFA03FC1B
:10250000F44531D81CEA0E0F07D120F003004FEA42
:102510004C0C04301CEA0E0FF9D006EBC00A8146C1
:10252000D646DEF80C300BE05A681C46DB6822F019
:102530000302511B0F2900F31B81002980F22F8118
:102540009E45F1D109F101090EF1080E19F0030FB2
:10255000E7D165E10C233B60002469E74FF4007389
:1025600040204FF03F0E81E7B468636823F0030911
:10257000A9EB05030F2B02DDA94580F0AA80DFF847
:1025800094B104EB09030820DBF80020009310321B
:1025900002EB050802F0D4FFD6F808140246013118
:1025A00005D008F1FF384142804401EA080841465D
:1025B0003846019205F010FEB0F1FF3F8246019AC5
:1025C0007CD0009B83425AD9B44277D1DBF8040017
:1025D00002F1FF3C4044CBF80400D6F80814013166
:1025E00000F06B81009BAAEB03010144CBF80410BF
:1025F0001AF00703009300F03D81C3F1080138464B
:102600008A440A44D04408EA0C01521A02EA0C0136
:10261000019105F0E1FD421C00F06781A0EB0A008A
:10262000019900EB010848F00102C6F808A0B44285
:10263000CAF80420DBF804201144CBF8041031D090
:10264000B9F10F0F40F205816068A9F10C02052372
:1026500022F0070200F0010010430F2A606004EB33
:102660000200C0E901331DD904F10801384601F028
:1026700025FADBF8041015E0D6F804E03BE7DBF8B8
:10268000041002F1FF3C41440846CBF80410A4D1E9
:10269000009B13EA0C0FA0D109EB0802B06842F0CE
:1026A00001024260DBF82C208A42DBF8302038BF80
:1026B000CBF82C108A4238BFCBF83010B46862686F
:1026C00022F00302531B0F2B40F3C680954200F209
:1026D000C380621945F0010543F00103083444F852
:1026E000045C3846B260536004F010F9204603B031
:1026F000BDE8F08FA26823443846D1608A6090E636
:10270000DC68A3427FF484AE0230C5E6600D002091
:10271000680D0020EC700320BCF5206F4FEA5C22AE
:102720006CD3142A00F2B68002F15C035B32DB004A
:10273000F118F3580839994203D191E09B68994206
:1027400004D05A6822F003026245F7D8D968C4E978
:1027500002318C60DC60CEE6142B56D9542B00F28B
:10276000A2802B0B03F16F0003F16E0EC3007DE618
:10277000D4F808C03846671945F001056560CCF803
:102780000C30C3F808C041F00103C6E90477C7E97B
:1027900002887B60A150083404F0B8F848E622446F
:1027A0003846516841F00101516054F8082FD36058
:1027B0009A6004F0ABF83BE6E80805F108031FE671
:1027C000A44438460834DCF8043043F00103CCF864
:1027D000043004F09BF82BE6621943F0010145F048
:1027E000010538466560C6E90422C2E902885160E5
:1027F00044F80C30083404F089F819E64FEA9C12CA
:1028000002F139033832DB0092E703F15C0003F197
:102810005B0EC3002AE65AF80839534540F082801F
:1028200010F0030F00F1FF30F5D1736823EA0C03B9
:1028300073604FEA4C0C0CF1FF329A4204D393E6DA
:102840004FEA4C0C09F104091CEA030FF8D0484682
:1028500063E60123CAF80430384604F057F87BE6F3
:1028600092104FF0010C0CFA02F24EEA020EC6F87A
:1028700004E06CE70AEB0801384601EA0C01521A41
:1028800002EA0C01019105F0A7FC431C7FF4C6AEDF
:102890000099C8E6542A13D84FEA1C3202F16F039C
:1028A0006E32DB0044E7B3F5AA7F13D8EB0B03F1DC
:1028B000780003F1770EC300D8E5C6F808A497E6C0
:1028C000B2F5AA7F19D84FEADC3202F178037732E9
:1028D000DB002DE740F25452934219D8AB0C03F1C0
:1028E0007D0003F17C0EC300C0E5009B0021A3F135
:1028F00008029044A8EB0A0895E640F254539A4225
:102900000CD84FEA9C4202F17D037C32DB000FE7DA
:102910004FF47E737F204FF07E0EA7E54FF47E7359
:102920007E2205E7736884E72DE9F04F036985B0DF
:102930000C69A342C0F29080013C01F1140500F142
:102940001408814655F824304FEA840C58F82420A6
:1029500005EB8407013308EB840B9A42B2FBF3F6D4
:1029600042D30020AA46C646CDF80C8003468846CE
:10297000CDE901C505465AF8042BDEF8001090B2E7
:1029800057454FEA124C06FB00508AB24FEA1045F9
:1029900080B206FB0C55A2EB00021A44ABB24FEA20
:1029A0001545C3EB224392B203EB114342EA0342C3
:1029B0004FEA23434EF8042BDDD24146DDF80C806C
:1029C000DDE901C558F80C3073B9ABF1040BD845FB
:1029D00004D307E0D84504F1FF3403D25BF804398F
:1029E000002BF7D0C9F81040484606F051F90028EE
:1029F0002EDB00224146944655F8040B0B681FFA63
:102A000080FEAF429AB24FEA1040A2EB0E0262443F
:102A1000C0EB224092B200EB134042EA00424FEA80
:102A2000204C41F8042BE7D258F8242008EB84030B
:102A30006AB9043B434504D807E0984504F1FF34E4
:102A400003D253F80429002AF7D0C9F81040013600
:102A5000304605B0BDE8F08F002005B0BDE8F08F2E
:102A60002DE9F04F816B9DB016461F460446299D07
:102A7000CDE9046741B1C26B012393404A608B608A
:102A800005F050FE0023A363B7F10009C0F2B48043
:102A900000232B607C4B33EA090300F0B88000224E
:102AA00000239DED047B51EC170B8DED027BDFF7CE
:102AB000E9F8804668B10123289A13602A9B13B174
:102AC000724B2A9A1360DFF8D08140461DB0BDE8F2
:102AD000F08F1AAB204601931BAB0093DDE9022374
:102AE00006F040FA83465FEA195540F0A780DDE919
:102AF0001A85454405F23243202B40F34982C3F145
:102B0000400309FA03F905F2124326FA03F349EAEE
:102B10000300DFF76FF8013D0123A1F1F871149371
:102B200000225B4BDEF7BEFF51A3D3E90023DEF7A3
:102B3000CDFF51A3D3E90023DEF7A0FF06460F46E1
:102B40002846DFF745F84EA3D3E90023DEF7BEFFA2
:102B500002460B4630463946DEF790FF06460F46E2
:102B6000DFF75AF8002281460890002330463946A4
:102B7000DFF79AF8002840F0FD81A8EB0508089DD2
:102B8000162D08F1FF3A00F2A481424B03EBC50376
:102B9000DDE90201D3E90023DFF786F8002800F021
:102BA00081806B1EBAF1000F08934FF00003119360
:102BB000C0F2958100230A93089B002B78DA089BCA
:102BC0000A9A0B93D21A0A925A420023109208933F
:102BD000269B092B74D8052B40F3DF81043B00258D
:102BE0002693269B023B032B00F28786DFE813F037
:102BF000FF03FC03F203D803012329F000492B60F3
:102C0000214BCDF8149033EA09037FF448AFC9F3A0
:102C1000130942F20F73289A59EA060913601DD06E
:102C20002A9BDFF87880002B3FF44FAF08F10303B5
:102C30002A9A404613601DB0BDE8F08FDDE902120C
:102C4000CDF85080A5F2FF35C2F313030846DDF836
:102C5000688043F07F5141F4401161E72A9BDFF81F
:102C60004080002B3FF431AF08F10803E0E700BFDC
:102C700061436F63A787D23FB3C8608B288AC63F82
:102C8000FB799F501344D33F0000F07F35C0021002
:102C90000000F83F7007031034C0021098CB0210F8
:102CA0008CCB0210B8F1000F40F31A8511900A90F6
:102CB000089B9A440B9300231093269B092B8AD9D7
:102CC00000230125CDE926334FF0FF330C950993FE
:102CD0000021099BE1631593204605F0FDFC079058
:102CE000002800F01286099B0E2B8CBF002505F0F2
:102CF0000105079BA363002D00F01E810B9900299D
:102D000040F35C81A64B01F00F02C8054FEA211584
:102D100003EBC203D3E9006740F12183A14B05F027
:102D20000F054FF00308D3E90823DDE90201DEF7C0
:102D3000F3FECDE90E018DB1DFF86892E90709D500
:102D40003046394608F10108D9E90023DEF7BEFE16
:102D500006460F466D1009F10809EFD132463B4691
:102D6000DDE90E01DEF7D8FECDE91201119B53B16A
:102D700000228D4BDDE9126730463946DEF794FFBD
:102D8000002840F0B4844046DEF722FFDDE912233C
:102D9000DEF79CFE854B0022DEF770FE099B06469F
:102DA000A1F15077002B00F0AE800B9B0E93099B96
:102DB00018937B4AB046189BB94602EBC303DDE982
:102DC000126713ED027B394630468DED167BDEF738
:102DD00023FF0546DEF7FCFE02460B463046394629
:102DE0003035DEF75FFE079B0F460C995A1C0646EE
:102DF000EDB21292DDE91623002900F0FB820020DB
:102E00006B49DEF789FE42464B46DEF74BFE079BD9
:102E1000324680461D703B468946DEF781FF00281A
:102E200040F05385CDF864A00025CDF858B0DDF80A
:102E300048A0DDF860B018942AE001355D4580F2C5
:102E4000CD844046494600225A4BDEF73FFE002221
:102E5000584B8046894630463946DEF737FE0F46E6
:102E60000646DEF7D9FE0446DEF7B2FE02460B4602
:102E7000303430463946DEF715FE42464B460AF8F6
:102E8000014B06460F46DEF70FFF002840F0AD84E9
:102E900032463B4600204449DEF704FE42464B469C
:102EA000DEF702FF0028C8D0DDF858B05546189C60
:102EB000079902E0A94200F06D842A4615F8013D09
:102EC000392BF7D00133DBB22B70DDF81C80079271
:102ED0001BE10123BAF1000F1193BFF66BAEC8F1ED
:102EE00001034FF0000A0A9366E64046DEF770FEE3
:102EF000DDE91223DEF7EAFD00222C4BDEF7BEFDF2
:102F00000646A1F1507700222B4BDDE91201DEF7D6
:102F1000C9FD32463B4680468946DEF701FF002860
:102F200040F0188440464946324607F10043DEF738
:102F3000BBFE002840F085811B9B002B03DB0B9A16
:102F40000E2A40F361810C9A002A68D0269A012A41
:102F500040F3F583099B109A5D1EAA42C0F22C83B0
:102F6000002BA2EB050580F27D84DDE90923A3EBAC
:102F700002082EE34846DEF72BFE32463B46DEF7DC
:102F800081FE00287FF4F9AD09F1FF330893F4E5E1
:102F9000C3F1200306FA03F0BBE5012521E600BFDB
:102FA00070070310600803100000F03F00001C4091
:102FB0000000E03F000024400000144000F0F482D4
:102FC0000B9B5E42B24B06F00F0203EBC203DDE93E
:102FD0000201D3E90023DEF779FD3611CDE90E01B8
:102FE00000F06584AB4F00234FF00208CDE91201D9
:102FF000F20706D508F10108D7E90023DEF766FDE0
:103000002B46761007F10807F2D1CDE91201002B0B
:103010007FF4ACAE9DED0E7B8DED127BA6E600231A
:10302000109DDDF828801E460C93B8F1000F0DDDD1
:10303000BAF1000F0ADDD04543460A9AA8BF5346AD
:10304000D21AA8EB0308AAEB030A0A92109B53B109
:103050000C9B13B1002D40F0D0825946109A2046A7
:1030600005F048FD83460121204605F063FC089BDE
:103070000746002B40F05E81269B012B40F37681B2
:103080000123534413F01F0308D0C3F12002042A84
:1030900000F3688208D0C3F13C0300E01C230A9AC5
:1030A00098449A441A440A920A9B002B05DD59461B
:1030B0001A46204605F078FD8346BAF1000F05DD7B
:1030C00039465246204605F06FFD0746269B022BE7
:1030D000119BD4BF00250125002B40F0B580099B32
:1030E000002B26DC2DB3099B002B00F03E82279B92
:1030F000DDF81C80DB430E933946204605F012FBB9
:103100001EB13146204605F00DFB5946204605F01C
:1031100009FB00220E9B079901330A70289A13605D
:103120002A9B002B3FF4D1AC404619601DB0BDE88E
:10313000F08F0C9B002B00F0A480B8F1000F05DD90
:1031400031464246204605F02FFD0646089B002BDF
:1031500040F02D83B146079D099A6B1E02971A44D1
:10316000049B03F0010309920A9302995846FFF762
:10317000DBFB31468246584605F08AFD02998046BF
:103180004A4620460AF1300705F0A4FDC36801460F
:10319000002B40F04D820890584605F079FD0899C3
:1031A0000890204605F0BEFA269B089A134340F08B
:1031B0007B820A9B002B00F05E83B8F1000FC0F207
:1031C0005783099BA846AB4208F8017B00F03D837A
:1031D000594600230A22204605F0AEFA4E458346A2
:1031E00031464FF000034FF00A02204600F05682AD
:1031F00005F0A2FA4946064600230A22204605F0B9
:103200009BFA45468146B0E7214B03EBC203D3E965
:10321000009A279B002B80F20682099B002B00F36B
:10322000028273B900221C4B48465146DEF74EFC21
:1032300002460B46DDE90201DEF74AFD002800F0F8
:10324000898200273E4652E73946584605F020FD60
:103250000028BFF644AF0B9B59460A222046013B8B
:103260000B93002305F068FA0C9B8346002B40F07B
:103270000D83159B002B159B099302DC002D7FF419
:1032800032AFDDF81C800125DDF824900EE000BF90
:103290007007031060080310000014405946002313
:1032A0000A22204605F048FA013583463946584639
:1032B000FFF73AFB4D4500F1300308F8013BEDDB29
:1032C000099A0025002ACCBF90464FF00108079AC2
:1032D0009044594601222046029305F065FC394688
:1032E000834605F0D5FC002840F33982079A02E0B6
:1032F000904500F0438218F8013CC24608F1FF38BF
:10330000392BF5D0013388F800300B9B0E933946EA
:10331000204605F007FA002E00F037822DB1B542A5
:1033200003D02946204605F0FDF9DDF81C80CDF8D4
:103330001CA0E6E601461A46204605F0DBFB269B6C
:103340000746012B40F34B81002308933B6907EBB1
:103350008303186905F09AFAC0F1200391E69DED08
:10336000027B4FF002088DED0E7BE4E4049B002B02
:103370007FF486AEDDE90412C2F31303002B7FF461
:103380007FAEC24B13402BB10A9B0AF1010A0133F5
:103390000A930123089A0893002A3FF471AED5E7F7
:1033A00001230C93279B0B9A134415930133012B94
:1033B0001E460993B8BF0126172E40F394820122BE
:1033C00004235B001146013203F11400B042F8D926
:1033D000E16381E401230C93279B002B40F37B8165
:1033E0001E4615930993E7E700230C93DAE70023C1
:1033F0000C93F1E740464946DEF768FB079B1D70DA
:10340000189B012BCDE90C0100F03E82189D079B13
:10341000DDF848801D4400229D4B30463946DEF7DA
:1034200055FB0F460646DEF7F7FB8146DEF7D0FB7D
:1034300002460B4609F1300930463946DEF732FBC9
:1034400008F8019B454506460F46E4D10022914B02
:10345000DDE90C8940464946DEF710FB32463B4623
:10346000DEF722FC002840F09F8142464B460020B8
:103470008849DEF717FB32463B46DEF751FC002851
:1034800040F08C801B9B002BFFF6C9AD0B9B0E2BD5
:103490003FF7C5AD804B0B9ADDF81C8003EBC203F0
:1034A000D3E9009ADDE902674A4653463046394679
:1034B000DEF732FBDEF7B0FB0546DEF789FB4A4656
:1034C0005346DEF703FB02460B4630463946DEF72D
:1034D000E9FA05F13003079A1370099B012B129B3F
:1034E00000F0F881C3F10102CDF808B0CDF81080EA
:1034F000984608941446DDF824B01DE04A46534629
:1035000030463946DEF708FBDEF786FB0546DEF778
:103510005FFB4A465346DEF7D9FA0B460246394668
:103520003046DEF7BFFA05F1300308F8013B08EB3F
:1035300004035B4500F063810022554BDEF7C6FAB9
:103540000022002306460F46DEF79CFB0028D5D05C
:10355000CDF81C80DDF808B0DDF81080089C0B9BCE
:103560000E93D2E5C3F11C0399E5394605222046A6
:1035700005F0E2F807465846394605F089FB002871
:103580007FF7B5ADDDF81C80079B013307930B9BDC
:1035900001330E93312388F80030ADE52A4615F843
:1035A000013D302BFAD090E49DED027B4FF00208F4
:1035B0008DED127BFFF7DABB109B089AEB1A109582
:1035C00000251A44099B08929A440A9A90461A4484
:1035D0000A920121204605F0ADF9064625E5049B37
:1035E000002B7FF4B1AEDDE90401C1F313030A46F9
:1035F000002B3FF4C6AE0890A8E631462A46204686
:1036000005F078FA06465A462046314605F0C0F9DC
:1036100059468346204605F085F8109B5B1B1093A6
:103620003FF421AD19E5079B5A1C9846129239E7E1
:1036300020460897029F05F075F8B8F1000F089B27
:1036400008DB049A269902F0010241EA080852EACE
:1036500008023AD1594601222046029305F0A4FA05
:103660003946834605F014FB0028029B40F327816E
:10367000392B00F0EF800AF13103AA460AF8013B2A
:1036800035460B9B4E460E9341E600BF0000F07F8F
:10369000000024400000E03F7007031005F04CF8E4
:1036A00045460646814660E5B8F1000FC0F21F812D
:1036B000269B43EA08080A9B53EA080800F0178192
:1036C000002A7FF77EAD3B46029F392B00F0C28077
:1036D000AA460133D2E7012327930993FFF7F8BAEB
:1036E000C8F10103824611900A93FFF7E1BA099BE2
:1036F000002B3FF4FAAB159D002D7FF71DAC0B9B03
:10370000304639460022013B0E93894BDEF7DEF945
:1037100002460F4608F101001646CDE91267DEF7B2
:1037200057FA32463B46DEF7D1F90022814BDEF7ED
:10373000A5F918950646A1F15077FFF73ABB149A00
:1037400072B303F233430A9A9A44109D90461A4486
:103750000A923EE70027DDF81C803E4614E703D1BD
:10376000029BDB073FF5C2AD18F8013CC24608F1E9
:10377000FF38302BF8D00B9B0E93C8E50B9B079AB4
:1037800001330E9331231370C1E5DDF81C80CDF8B1
:103790001CA0BAE40E9B01330E933123FFF794BBB8
:1037A0001A9BC3F13603CEE70799FFF786BB716812
:1037B000204604F091FF0546002800F08D80336913
:1037C00006F10C010C3002339A0001F0F1FD29469C
:1037D0000122204605F0E8F98146BCE4DDF864A04A
:1037E000DDF858B0189CFFF7A7BBDDF81C80DDF8AA
:1037F00058B0189CCDF848A0CDF81CA085E4CDF8B1
:103800001C80DDF808B0DDF81080089C02460B46ED
:10381000DEF734F94A46534606460F46DEF780FA8D
:1038200058B94A46534630463946DEF72BFA002847
:103830003FF495AEE9077FF592AE0B9B4146079D9D
:103840000E93CDF81C80FFF738BB3B463546029FF0
:103850004E463EE5A84639233546079A4E4608F8B7
:10386000013B48E50A9A9A4490461A440A92B0E607
:103870003B46029F01E73B46029F392BEAD0B8F155
:10388000000F3FF7F8AEF8E6129DDFE53146002362
:103890000A22204604F050FF159B0646002B159B7C
:1038A00009933FF74AAC002D7FF41DAC45E49DED34
:1038B0000E7B4FF002088DED127BFFF757BA7FF4B5
:1038C000DCAEDA077FF5D9AED2E6129BDDF81C80BC
:1038D00007931AE4079399E70246174B40F2EF214A
:1038E0001648E0F75FF80021E163FFF7F5B9002A19
:1038F0003B46029F3FF7AEAEBFE600252046294675
:10390000E56304F0E9FE079030B90B4B002240F26A
:10391000AF110A48E0F746F8079B01222795A363F9
:103920004FF0FF330C9215930993FFF705BB00BFCF
:103930000000244000001C409CCB0210B0CB0210C1
:1039400038B52F4B05460C461B6813B15A6B002A3D
:1039500045D0B4F90C30180716D52269F2B113F02E
:10396000010107D0616900204942A060A1613AB11C
:10397000002038BD980758BF6169A160002AF7D1BF
:10398000190638D4104638BDD9062CD55A0712D49A
:10399000226943F00803A381002AE0D103F42071D7
:1039A000B1F5007FDBD02146284606F047FDB4F98B
:1039B0000C302269D3E7216B51B104F140029142EE
:1039C00004D0284600F07AF8B4F90C3000222263C3
:1039D0000021226923F02403C4E90021D9E7184615
:1039E00003F080F8B5E7092243F040032A60A38181
:1039F0004FF0FF3038BD43F04003A381F8E700BF2C
:103A0000380C00202DE9F8430646DFF8AC8008208A
:103A1000894601F095FD0546304602F075FFD8F85D
:103A200008305F6827F00307A7F11104A4EB09042D
:103A30002C44B4FBF5F4013C05FB04F4A54208DC7E
:103A40000021304604F0C8FBD8F808303B449842C7
:103A500005D0304602F05AFF0020BDE8F8836142ED
:103A6000304604F0B9FB01300FD03F1B104AD8F8A4
:103A70000830304647F001075F6013681B1B136076
:103A800002F044FF0120BDE8F8830021304604F035
:103A9000A3FBD8F80820831A0F2BDADD43F00103CB
:103AA00003495360034B1B68C01A0860D1E700BF8D
:103AB000F070032068110020600D002000297CD0E8
:103AC0002DE9F0410C46804602F01EFF764F54F877
:103AD000043CA4F10805BE6823F00101681842689F
:103AE000864222F0030200F08380DE0700EB020C26
:103AF000426033D454F8084CDCF8043007F1080C69
:103B00002D1B214403F00103AC68644564D0D5F853
:103B10000CE0C4F80CE0CEF80840002B00F08180E7
:103B200041F001036B600160B1F5007F22D2CB0848
:103B30000122490901338A4079680A4357F8331052
:103B40007A6007EBC302083AC5E9021247F833501E
:103B5000CD604046BDE8F04102F0D8BEDCF804304C
:103B6000DB072BD541F00103B1F5007F44F8043C9D
:103B70000160DCD3B1F5206F4FEA512353D28B099A
:103B800003F1390003F13802C300F818FB58083874
:103B9000984203D161E09B68984204D05A6822F0B1
:103BA00003028A42F7D8D868C5E9023085604046EA
:103BB000DD60BDE8F04102F0A9BE7047114407F195
:103BC000080C836863453FD0C268DA60936041F0B7
:103BD00001036B606950A7E7002B5FD10A44D0E96D
:103BE0000213CB60996042F001036B60AA50B0E70A
:103BF000DB070A4407D454F8083CED1A1A44D5E907
:103C00000213CB60996042F001036B60274BBD60EB
:103C10001B6893429DD8264B40461968FFF7F2FE79
:103C200097E71144CDE7142B08D9542B1DD80B0B63
:103C300003F16F0003F16E02C300A6E703F15C001D
:103C400003F15B02C300A0E741F00103C7E904559B
:103C5000C5E902CC6B6069507BE70121921001FA43
:103C600002F279680A437A609EE7B3F5AA7F06D824
:103C7000CB0B03F1780003F17702C30085E740F234
:103C80005452934206D88B0C03F17D0003F17C0261
:103C9000C3007AE74FF47E737E2276E741F001039A
:103CA0006B60016055E700BF600D00206C110020C3
:103CB000EC70032018B3F0B407468C4617F8015B8C
:103CC00001E0A54214D01CF8014B002CF9D1DDB164
:103CD0003E460C4616F8015B00E063B114F8013B68
:103CE0009D42FAD14DB100233B701660F0BC704785
:103CF00073B13846E0E73746EAE72E46F5E7106845
:103D00000028D8D10020704700201560F0BC704713
:103D100017600370EAE700BF0123FFF7CBBF00BFC6
:103D20002DE9F04F8946B1F90C10ADF5317D834690
:103D300088040893D9F8643007D441F4005123F47F
:103D40000053A9F80C10C9F864309F04C3F3403144
:103D500000F1C380174617F8013B1393002B00F0C6
:103D600013878E46714C8A460B91069105910991F5
:103D7000CDF80CB014F803B01BF0080B70D1252B54
:103D80005ED13A785D465E46A2F12503791C532B3D
:103D900061D8DFE813F0540060006000600060004C
:103DA000F00360006000600060006000A600A600F4
:103DB000A600A600A600A600A600A600A600A600D3
:103DC00060006000600060006000600060006000F3
:103DD00060006000FA03B1006000B10060006000A4
:103DE00060006000BB0360006000DA0360006000F8
:103DF000600060006000600060006000840360009C
:103E00006000E3036000600060006000600060002C
:103E1000600003040804B100B100B1000A041304F7
:103E200060006000AC036000C3037506B703600068
:103E30006000F703600077066000600084030F46AF
:103E4000D9F80430002B3CDDD9F8003017F8012CEC
:103E50001978914222D005980DF5317DBDE8F08F9B
:103E6000D9F80420039D0FE0D9F800301A78013307
:103E7000A25C160710D5D9F804200AF1010AC9F886
:103E80000030013AC9F80420002AEDDC49462846F2
:103E900003F086F90028E7D004970AE001330AF11D
:103EA000010A0497C9F80030D9F80430013BC9F879
:103EB0000430049F17F8013B1393002B7FF45AAF93
:103EC000C9E74946039803F06BF90028BCD0059B6D
:103ED0001BB1B9F80C305B06BDD54FF0FF3305932D
:103EE000B9E715F08F0FB6D106EB860602EB460652
:103EF0007A780F46303E47E704270491D9F804301A
:103F0000002B00F367834946039803F049F9002822
:103F1000DDD16B0640F15E837B1E032B00F2C98668
:103F2000DFE813F0A8016601A900060035060310BA
:103F3000039845F4F06505F0DBF903680D93731EF3
:103F4000B3F5AE7F40F282846FF4AE71731840F225
:103F50005D161093002758AB4946CDF844B09846FB
:103F6000BB46B9460A930C97CDE90E770B681878D3
:103F7000A0F12B0CBCF14E0F50D8DFE81CF0190259
:103F80004F0019024F004F0081027400740074004A
:103F90007400740074007400740074004F004F00CB
:103FA0004F004F004F004F004F001F027200720081
:103FB00072002C020E024F004F00C0014F004F0054
:103FC0004F004F006B024F0068024F004F004F0040
:103FD00063024F004F004F004E0249024F004F0056
:103FE0004F004F004F004F004F001F027200720041
:103FF00072002C020E024F004F00C0014F004F0014
:104000004F004F006B024F0068024F004F004F00FF
:1040100063024F004F004F004E0249020D9A92F882
:1040200000C0844514D1AA0512D525F42075CDF819
:1040300030B008F8010B013E48680AF1010A013866
:104040000028486040F3FB8201330B60002E8DD1C5
:104050005A464B468946002A00F0648125F4807553
:1040600060E12A05F4D519EB070CF1D1674625F478
:10407000C075E146DDE7731E45F45865B3F5AE7FC4
:1040800040F20B836FF4AE7206EB020B40F25D164A
:1040900058AB4FF00008CDF81CB01F460A934B46B2
:1040A000DDF818B0C1469846D8F800201078A0F185
:1040B0002B034D2B63D8DFE813F0140262001402C7
:1040C00062006200B2021C011C011C011C011C01E7
:1040D0001C011C01FF01FF0162006200620062001E
:1040E0006200620062004E004E004E004E004E0024
:1040F0004E006200620062006200620062006200C4
:10410000620062006200620062006200620062009F
:1041100062006200070262006200620062006200E8
:104120006200620062004E004E004E004E004E00E3
:104130004E00620062006200620062006200620083
:10414000620062006200620062006200620062005F
:10415000620062000702BBF10A0F10DD25F438652A
:1041600007F8010BD8F80430013B002BC8F80430E5
:1041700040F371820132C8F80020013E94D14346D9
:10418000E905C846CDF818B0994607D50A9B9F4265
:1041900000F2BE840A9B9F423FF45DAE15F0100210
:1041A00040F06882069B099E0A9903983A70B047CE
:1041B000089BAA0603F1040600F156826B0700F182
:1041C0006E8415F0010240F04E82AD0740F14B8243
:1041D000B74B099903989942069B0A9900F04C85C0
:1041E00004F04CFA0B46089A1168C1E900033DE25D
:1041F000D9F80020002E05F01008137808BF4FF002
:10420000FF36EF07E35C03F0080300F16D82B8F1BD
:10421000000F00F02583002B7FF44BAED9F804305B
:104220000132012E03F1FF33C9F80020C9F8043030
:1042300000F009850125039F12E0D9F800301A78B3
:104240000133A25C100713D40135C9F80030D9F846
:104250000430AE4203F1FF33C9F8043000F07D842E
:10426000002BEADC4946384602F09AFF0028E4D0E9
:10427000AA441EE6002E05F0100308BF4FF0FF36DB
:10428000E9070C9300F13083D9F8001018AD0C9AAF
:104290000B78EB5C002A00F09282002B3FF4DBAD40
:1042A000D9F804300131012E03F1FF33C9F80010B1
:1042B000C9F804301BD0DDF80C8010E0D9F80030CC
:1042C0001A780133AA5C92B10137C9F80030D9F8E5
:1042D0000430BE4203F1FF33C9F8043007D0002B8D
:1042E000ECDC4946404602F05BFF0028E6D0BA44C9
:1042F000DFE5704B25F4386533F91BB030E7002F4C
:1043000040F0C481BBF1000F40F0C08105F4E062D1
:10431000B2F5E06F00F01C844B46DDF844B08946EE
:104320005F460022013B012B40F278847B1E062B66
:1043300040F25683E80540F1B381690500F18784B6
:1043400018F8011C01F0DF03452B40F0EA8308F167
:10435000FF360AF1FF3A4A46039802F0E3FE15F0F1
:1043600010037FF4A6AD33700E9B002B40F0A283A8
:1043700000220A99039805F08FFF089BEA07074679
:10438000884603F1040640F157831B68C3E90078AF
:10439000059B0896013305938BE52A0503D519EB98
:1043A000070C3FF463AE022F7FF452AE032740E6C2
:1043B0002A067FF54DAE25F080053AE62A0503D59D
:1043C00019EB070C3FF452AEB9F1010F7FF440AE88
:1043D0004FF002092DE62A053FF545AE05F4A06C25
:1043E000BCF5806F06D06A057FF532AEBBF1000FD9
:1043F00000F0F683AA0504D40C9AABEB0202CDE9D7
:104400000E2825F478654FF0000B45F4C07510E6D2
:10441000072F7FF41DAE08270BE605F4186CBCF5DA
:10442000807F7FF415AEBBF1010F7FF411AE25F450
:1044300080753022013E4FF0000B45F4006508F80E
:10444000012BF6E5062F7FF403AE0727F1E52A05D9
:10445000C4D4FDE5B9F1000F40F01181BBF1000FAC
:1044600040F00D8105F4E06CBCF5E06F00F06A836C
:10447000012F02D0042F7FF4EBAD0137FFB2D8E556
:10448000EA057FF5F0AD109A25F080050BF1010BE0
:10449000002A3FF4D0AD109A013A1092CCE545F4D1
:1044A00000750491024B032709931023069325E519
:1044B0003DAF0210B0050310874B33F91BB0BBF1C1
:1044C000080F3FF74BAE5AE605F4C063B3F5007F23
:1044D0007FF455AE25F400754FF0100B45F4A06540
:1044E0003EE62B067FF54BAE25F0800538E6280723
:1044F0007FF4B1AC7A786C2A00F01E8345F0010598
:104500000F4641E445F408750491CBE72A077FF490
:10451000A2AC7A7845F002050F4635E4EE06049128
:104520003FF5C7AC089A680752F8043B089200F1BF
:10453000BD82E90700F12B83AA0740F128834FEAE7
:10454000EA72C3F800A05A60B3E445F00105049193
:10455000624B0327099308230693CFE445F04005F7
:10456000012718A804F004FE0490D9F80430002BA9
:104570003FF7D2ACC7E42E437FF46DAC7A781025B8
:104580000F4601E402270491B8E445F001050491C7
:10459000534B032709930A230693AFE445F04005E4
:1045A00000270491E1E70491F2E72B077FF453AC75
:1045B0007A7845F004050F46FFF7E6BBD9F80430DA
:1045C00003270491002B464B09934FF000030693F9
:1045D0007FF799ACD9F800201378E35C18077FF5D2
:1045E0009BACDDF80C8006E0C9F800201378E35C92
:1045F00019077FF591ACD9F804300AF1010A0132AC
:10460000013B002BC9F80430EEDC4946404602F07D
:10461000C7FD00287FF45BACD9F80020E6E72B0546
:104620007FF59EADBBF1000F03D145F400754FF04F
:10463000080B690540F1F58125F4B06590E5039814
:10464000079102F0ADFD079900287FF401AD002E1F
:104650007FF48CACFCE44146039802F0A1FD0028F5
:104660003FF48BAD8BE5089B1B681860059B089693
:10467000013305930A9BFF1A4744BA4419E4B9F180
:10468000020F7FF4F5AE4FF00309D2E4032F3FF49D
:10469000F4AE052F3FF4F1AEDAE44FF0000BF7E48F
:1046A00015F010037FF405AC88F8003005F4C06302
:1046B000B3F5806F7FF458AE0C9B93423FF458AE35
:1046C0009A1A0DF2B3230749984528BF0DF2B22874
:1046D0004046DFF79BF84BE6B00503103DAF0210F4
:1046E000A54F0210DCCB0210B8F1000F00F0B7812B
:1046F000002B7FF4DEABDDF820B00DF14C0CCDF8D3
:1047000020B00027CDF81C80E346DDF82C8005F0B2
:1047100053FFB8423FF4DBAB58ABB8F1030F16AD13
:10472000D9E9002112F8010B01F1FF31D85507F149
:104730000107C9F80410C9F8002002D12B68042B26
:1047400004D0082200212846FBF7EAFA3B4658AA83
:1047500059460398009500F073FFB0F1FF3F804683
:104760003FF4B5AB002840F0FB81CBF8000000F02F
:1047700063FF002840F03982BA44013E079B002BBA
:1047800040F009820BF1040B1F46D9F80420002ADF
:1047900040F31682D9F800201278A25C150701D4E4
:1047A000002EB4D1DC46CDF82C80DDE9078BB8F1C2
:1047B000000F00F05B81CDF820B0FFF77ABBDDF889
:1047C00020B05BF8042B002B3FF445ABD9F8043044
:1047D0009046012E03F1FF33C9F8043001F10103C3
:1047E000C9F800300B7808F8013B24D0164437464E
:1047F000164611E0D9F800100B78EB5C53B3D9F8EA
:104800000430013BC9F804304B1CC9F800300B7868
:1048100008F8013BB8451DD0D9F80430002BE9DC7D
:104820004946039802F0BCFC0028E3D046453FF41B
:104830004EABA8EB0607059BBA44CDF820B0013378
:104840000593002388F80030FFF733BB0023109353
:10485000FFF780BBA8EB0607002FECD1FFF7FBBAF0
:10486000DDF8208058F8047B002B40F0EA81D9F86D
:1048700004303D46012E03F1FF33C9F8043002F144
:104880000103C9F80030137805F8013B00F0D68128
:104890003E44DDF80CB012E0D9F800301A78A25C82
:1048A000110716D4D9F80420013AC9F804205A1C7B
:1048B000C9F800201B7805F8013BB54209D0D9F8AA
:1048C0000430002BE8DC4946584602F069FC002819
:1048D000E2D0EF1BBA44059BCDF82080013305934D
:1048E00000232B70FFF7E5BA002B00F0D3800DF109
:1048F0004C0B00270B9DCDF828A0079605F05CFE19
:10490000B8423FF4E4AA032D0DF15008D9E9003272
:1049100002F1FF3213F8011BC9F8042058AAC9F8A4
:104920000030D15507F1010703D1D8F80030042B2E
:1049300004D0082200214046FBF7F2F958AA3B4672
:1049400059460398CDF8008000F07AFE421C0546D7
:104950003FF4BDAA002840F0B8808246CBF80000A2
:1049600016AB0822002118460B93FBF7D9F9C04972
:1049700052460B9BD1F8E01003980E4612A9B0479F
:1049800001280CBF9DF848A04FF0000A18AB13F89F
:104990000A30002B00F001810A9B032D3B440A934F
:1049A00000F09C80079B013B07930C9B0BB90BF11C
:1049B000040BD9F804300027002B40F39A80079BA2
:1049C000002B9BD1DDF828A00B950C9B002B7FF4CE
:1049D00070AACBF80030059B01330593FFF769BA45
:1049E000022F40F25581032F3FF4A4AC043F0795FA
:1049F000DDF80CB04546FFB2FE434644B8461746C4
:104A000015F8011D4A46584602F08CFBB542F7D115
:104A10003A460AF1FF3A4746A846079DAAEB070A1D
:104A200088E4079B25F4607513B1013B01360793B9
:104A300009F10109FFF796BB089BAA07D3F800B05C
:104A400031D402460B46DDF70BF9002840F01981FE
:104A500038464146DDF7AEF8CBF8000098E4DDF8C3
:104A600020B05BF804CB002B3FF449AE059BCDF89A
:104A700020B0013305930023CCF80030FFF719BABA
:104A8000049165E57B4B0327049109930A23069360
:104A9000FFF734BA089B53F804BB089329E7089B37
:104AA0001B681880E2E5CBE9007871E4A3F800A068
:104AB000FFF7FFB90F9E0A2300220398711CB0462E
:104AC00000F070FA0E9BC21AFBE5831C0CD0DBF8D9
:104AD00000A0BAF1FF3F7FF443AF57E7D8F80030AA
:104AE000042B7FF45FAF60E7D9F80430002B3FF769
:104AF00005AF4946039802F053FB00283FF45FAF2F
:104B0000DDF828A00B95002F3FF45FAFFFF7DFB96A
:104B100017F8011C4A460398013F02F003FBFFF718
:104B200039BB4A46039802F0FDFAAAF1020AA8F13D
:104B3000020618F8021C0EE4BA7845F002050237A6
:104B4000FFF722B925F4F0654FF00109FFF771BABC
:104B500025F4F0650127FFF76CBAB244FFF7A9B955
:104B600010F1020F3FF411AEDBF8000000F064FD1D
:104B700000283AD1B8F1030FBA447FF4FEAD2A6899
:104B8000042A7FF4FAADF9E50593FFF764B9C3F899
:104B900000A0FFF78EB90027F7E5DDF828A00B95F8
:104BA000002F3FF412AF58AB039EDD19013F4A4678
:104BB00015F8011D304602F0B5FA002FF6D104E7D2
:104BC0004946039802F0ECFA00283FF4E3ADDC46D6
:104BD000CDF82C80DDE9078B002F7FF478A9E6E57E
:104BE0004B46BB468946FFF79BBBDC46CDF82C8085
:104BF000DDE9078B002F3FF4DAAD58AB039ECDF80B
:104C00001CC0DD19013F4A4615F8011D304602F06F
:104C100089FA002FF6D1DDF81CC0C8E50A9CDDF842
:104C20000CB0A0457FF617A918F8011D4A46584652
:104C300002F078FAA045F7D1FFF70DB90AF1010AA1
:104C400049E63D4647E60AF1010AFFF732B90A9CF8
:104C5000DDF80CB0A0457FF6FEA818F8011D4A4605
:104C6000584602F05FFAA045F7D1FFF7F4B800BF4D
:104C70007C1100203DAF021006F0EEFA0B46FFF764
:104C8000B2BA664803F042FCCBF80000FFF780BBE5
:104C90000A9BDDF80CB098457FF6DDA818F8011DD9
:104CA0004A46584602F03EFA0A9B9845F6D1FFF76D
:104CB000D2B8012E05F0100838BF012615F0010505
:104CC000374616D1B8F1000F6DD1089D3346012249
:104CD000039855F8041BCDF8009002F07DFA0028E7
:104CE0003FF4F5A8059B8244089501330593FFF72F
:104CF000E0B8B8F1000F48D04FF0000B00260B9B36
:104D00004546079305F058FCB0423FF4E0A858AB85
:104D10000DF15808D9E9002112F8010B0139985515
:104D20000136079BC9F80410032BC9F8002003D1F2
:104D3000D8F80030042B04D0082200214046FAF7AE
:104D4000EFFF334658AA59460398CDF8008000F08B
:104D500077FC421C03463FF4BAA8002839D1B2447C
:104D6000013F1DB9CBF800500BF1040BD9F804201A
:104D70000026002A3EDD002FC3D1A8460B93B8F1D0
:104D8000000F3FF428AEFFF794B8089B53F804BB1C
:104D90000893B3E7C9F80010494603981D44FF1A69
:104DA00002F0FEF978B9D9E900239F4202EB030132
:104DB000F0DCDB1B3A443D44C9F80430AA44C9F88E
:104DC0000020FFF776B8002D3FF481A8AA44FFF732
:104DD00070B8981C0AD0032BB24403D1D8F8002035
:104DE000042A00D0013F002DBED0BFE7D9F804202F
:104DF000002A86DC49460398079302F0D1F9079B05
:104E00000028B8D0A8460B93002E7FF460A8B8F114
:104E1000000F3FF4E0ADFFF74CB800BF70C00210C8
:104E200000F056B910B4044C13460A4601462068F7
:104E30005DF8044B00F04CB9380C0020032A30B464
:104E400015D941EA000484460B46A40704D0541E39
:104E50000FE0043A032A08D91946604653F8044B78
:104E60005CF8045BA542F4D0F1E760461946541E95
:104E70007AB1431E0139021901E09A4209D013F8B0
:104E8000010F11F801CF6045F7D0A0EB0C0030BC4A
:104E90007047002030BC70472DE9F04F82468E46A7
:104EA0003F4875461EF801BB10F80B4014F008048B
:104EB000F7D1BBF12D0F5BD0BBF12B0F6FF0004989
:104EC00004BF9EF800B005F1020E33F0100010D1BF
:104ED000BBF1300F04D0002B5ED10A231F4609E03E
:104EE0009EF8000000F0DF0058284ED0002B53D170
:104EF00008231F460025B9FBF7F6284607FB16983E
:104F00000EE0ABF1370C63451DDD002D04DB86425E
:104F100002D321D1E0451FDA4FF0FF351EF801BB67
:104F2000ABF1300CBCF1090FEDD9ABF1410CBCF188
:104F3000190FE6D9ABF1610CBCF1190F03D8ABF135
:104F4000570C6345E1DC6B1C0AD004B140420AB146
:104F5000CDB91160BDE8F08F07FB00C00125DDE78A
:104F60002223CAF800305AB10EF1FF314846F0E76B
:104F70009EF800B04FF0004905F1020E0124A4E7AD
:104F80004846BDE8F08F8146EEE710239EF801B059
:104F90000EF1020E1F46ADE710231F46AAE700BF21
:104FA00035060310242B02D8012B00D074E710B56E
:104FB000FDF780F816230360002010BD10B5242AE9
:104FC000084C1346246807D8012A05D00A46014632
:104FD0002046BDE810405FE7FDF76CF8162303603C
:104FE000002010BD380C002010B5242A084C1346B0
:104FF000246807D8012A05D00A4601462046BDE8A4
:10500000104049E7FDF756F816230360002010BD55
:10501000380C002070B539B106460C4608B1436B18
:1050200083B3B4F90C3013B90025284670BD21466E
:105030003046FCF775FEE36A054633B1E169304658
:1050400098470028B8BF4FF0FF35A3891B061CD432
:10505000216B41B104F14003994202D03046FEF782
:105060002DFD00232363616C21B13046FEF726FD40
:105070000023636401F046FD0023A38101F044FD99
:10508000284670BD01F02EFDCBE721693046FEF7C2
:1050900015FDDDE7024B01461868FFF7BBBF00BFF7
:1050A000380C002038B511F0FF040CD00346002561
:1050B00001E0431C054621461846FCF7ADFD0028DB
:1050C000F7D1284638BD2146BDE83840FCF7A4BDDD
:1050D0002DE9F04F0C4697B090461E46054618B194
:1050E000436B002B00F01181A38903F48473B3F5A3
:1050F000847F00F0E280D4F82890B9F1000F00F02E
:105100003581012E42D036F0020706D016232B60DF
:105110004FF0FF3017B0BDE8F08F2269BA46002A81
:1051200057D0B4F90C3040F61A02134207D1590592
:105130006DD4904A914551D043F40063A381214638
:105140002846FCF789FE0028E2D133464246E16951
:105150002846C8470130DBD0216B41B104F1400340
:10516000994202D02846FEF7A9FC00232363A389B5
:1051700000212069082223F40263C4E90001A3810D
:1051800004F15C00FAF7CCFD0020C3E72146284675
:10519000FCF762FEB4F90C3013F4805240F09280B8
:1051A0003346E1692846C847431C0746B0D0B4F9E6
:1051B0000C3022695E0740F18A806368FF1A236B16
:1051C0000BB1E36BFF1AB8444FF0010A0026002A26
:1051D000A7D12146284605F031F9A2E7B4F90E100F
:1051E0000029A9DB6A46284601F0FCFA002840F0B5
:1051F0009F80019B03F47042B4F90C30B2F5004F6C
:105200009AD143F48063A3814FF48063E364002E5A
:1052100067D1C346BAF1000F72D1A389DA047ED5F3
:10522000206D6268216B871A002971D0E36BFF1A29
:1052300017442069A26B121ABF1A1344BB4502DB44
:10524000FA185A4577D8E76C0023E16928467F426F
:1052500007EA0B073A46C84701303FF470AF002316
:10526000216B63602369236041B104F140039942DB
:1052700002D02846FEF722FC00232363A389BBEB60
:10528000070B23F02003A38110D02146284600F00D
:105290002DFA00287FF453AF63685B45FFF44FAFEE
:1052A0002268A3EB0B035A44C4E90023082200211F
:1052B00004F15C00FAF734FD66E721462846FCF766
:1052C000CBFD18E75E07276D22693FF576AF18071B
:1052D0007FF579AF2368002B3FF475AF9B1A1F440D
:1052E00071E76A46B4F90E10284601F07BFA0028EF
:1052F0007FF425AF049B08EB030BBAF1000F8CD0B1
:10530000216B626821B1E36B92E701F0EBFBEBE606
:105310002368002120691B1AFF1A13448EE701231A
:105320005246E1692846C847431C7FF47AAF06E736
:10533000B4F90C3000E7ABEB07073844DB1BC4E9DA
:10534000000341B104F14003994202D02846FEF720
:10535000B5FB00232363A3890822002104F15C002C
:1053600023F02003A381FAF7DBFC0DE71D232B605C
:10537000CEE600BFC555021010B4044C13460A46D1
:10538000014620685DF8044BFFF7A2BE380C0020F0
:10539000024B01461868FDF723B800BF380C002007
:1053A000024B01461868FEF789BB00BF380C00208D
:1053B000844641EA000313F0030349D1403A23D362
:1053C0000B6803604B6843608B688360CB68C36085
:1053D0000B6903614B6943618B698361CB69C3616D
:1053E0000B6A03624B6A43628B6A8362CB6AC36255
:1053F0000B6B03634B6B43638B6B8363CB6BC3633D
:1054000040304031403ADBD230320BD30B6803607E
:105410004B6843608B688360CB68C3601030103189
:10542000103AF3D20C3205D351F8043B40F8043B58
:10543000043AF9D2043208D0D2071CBF11F8013B5C
:1054400000F8013B01D30B8803806046704700BF22
:10545000082A13D38B07B1D010F00303AED0C3F1E9
:105460000403D21ADB071CBF11F8013B00F8013B13
:10547000A4D331F8023B20F8023B9FE7043AD9D38A
:10548000013A11F8013B00F8013BF9D20B780370A7
:105490004B7843708B7883706046704730B5054613
:1054A00083B0144608B1436BCBB1A368013B002B1A
:1054B000A36012DAA269934208DBC8B20A2805D0B9
:1054C00023685A1C2260197003B030BD224628465A
:1054D00003B0BDE8304000F0ABBAC8B2F0E70191CC
:1054E00001F000FB0199E0E7144B70B51E6805461A
:1054F0000C460EB1736BE3B1A368013B002BA360B4
:1055000011DAA269934207DBE8B20A2804D02368C3
:105510005A1C22601D7070BD224629463046BDE8E7
:10552000704000F085BA2368E8B25A1C22601D70F2
:1055300070BD304601F0D6FADEE700BF380C00201F
:10554000082802D14FF48050704708B5FCF7B2FD2F
:10555000162203464FF0FF301A6008BD10B50C4606
:10556000B1F90E1005F092FE002803DB236D034411
:10557000236510BDA38923F48053A38110BD00BF10
:10558000002070472DE9F0410C46B1F90C101F4680
:105590000546CB0516460BD421F480513B463246D6
:1055A0002846A181B4F90E10BDE8F04100F056BCC8
:1055B000B4F90E100223002205F0AEFEB4F90C106F
:1055C000EAE700BF10B50C46B1F90E1005F0A4FED5
:1055D000421CB4F90C3004D043F480532065A381FD
:1055E00010BD23F48053A38110BD00BFB1F90E108C
:1055F00002F050BF0CB400B583B004AB53F8042BD9
:105600000193FBF701F803B05DF804EB02B07047BB
:105610000EB410B583B0074C014605AB206853F8B3
:10562000042B0193FAF7F0FF03B0BDE8104003B07C
:10563000704700BF380C0020002105F039BD00BFC5
:1056400070B50D4C82B00546D4F8E460069C2AB1D2
:105650000094B047431C08D002B070BD114601232E
:10566000064A0094B047431CF6D100228A232260E8
:105670002B6002B070BD00BF7C11002070C0021012
:1056800070B51C460F4B82B01D680F4BD3F8E46019
:1056900051B1944600940A46014663462846B047F5
:1056A000431C08D002B070BD0123084A284600946C
:1056B000B047431CF6D100228A2322602B6002B03F
:1056C00070BD00BF380C00207C11002070C002109B
:1056D0008B8903F00903092B01D000207047024B8E
:1056E0001868FCF7B9BB00BF380C002070B5054640
:1056F0000C4610B1436B002B56D0B4F90C3000228D
:105700009E06626059D4580719D4D90658D51A078D
:1057100039D443F00403A3812369002B3FD0B4F9AB
:105720000C60B3071ED122692846266A6369E169C5
:105730002260B0470028606039DD002070BD216B19
:105740000029E9D004F14003994202D02846FEF72F
:10575000B5F90022E36B22636360002BDCD0A36BFE
:105760002360EAE701231C4A1C49A3811C4803F07B
:105770009BFD06F00903A681092BD4D121462846BA
:10578000FCF7CEFACFE721462846FCF765FBA0B927
:10579000B4F90C30A06023F00803A061B9E72146FA
:1057A000284604F04BFEBAE701F09CF9A5E7B4F9EE
:1057B0000C300BD143F02003A3814FF0FF3070BDBC
:1057C000092243F040032A60A381F6E7002243F058
:1057D00040036260A381F0E770110020D1560210EF
:1057E000400C0020F8B55B4A0C460023D0E90001CC
:1057F00006F086FA002AC0F2A580574D05445749A5
:105800004FF46163A1FB0201C90A03FB1122544B4F
:10581000A160A3FB0213E91C5B096360C3EB0313E4
:10582000A2EB83024F4B226083FB0132CB170A4469
:10583000C3EBA203C3EBC303CB1A78D4002DA3613F
:1058400077DB494BE91783FB0523C1EBE33147487D
:10585000474A00FB0150474E8308A2FB0352A6FBB8
:105860000353454D00EBD222A2EBD3120309A5FB53
:105870000353424DA2EB1312A5FB02359308521BB2
:10588000A6FB036305EB52023D4DDB09120AA5FBA3
:105890000265C3EB55133B4D034440F26D1000FB12
:1058A000123303EB83000230A5FB006540F2F9568A
:1058B000ED09B04205EBC5008CBF6FF0090602266A
:1058C00000EB00103544304E0230A6FB00604FF470
:1058D000C87606FB01215E1C012D98BF0131B3F58E
:1058E000997FA6EB90000BD3A3F59973A1F26C718D
:1058F000E3610023E06020462362C4E90451F8BD5F
:1059000096070BD0214E06FB02F2214EB6EB321F5A
:105910002CBF012200223B331344E7E71B4E1D4FEF
:1059200002FB06F6B7EBB60FECD20122F3E7073322
:10593000A36119490C4B294483FB0123C917C1EB0F
:10594000E33184E702F5A832144D02F5C072054434
:1059500055E700BF805101006CFA0A00C5B3A2915F
:105960008988888893244992BD066B394FC5FDFF0D
:105970007F206B39D97CC65941D6720061F3196713
:105980001F85EB51D7802BD6CDCCCCCC295C8FC2D8
:105990000AD7A300285C8F0250C5FDFF6BFA0A00EE
:1059A0002DE9F047DFF8749080460E46174602F066
:1059B0008FFED9F800504DB13378344663B13D2B9A
:1059C0000AD014F8013F3BB13D2BFAD1404602F01A
:1059D00081FE0020BDE8F0873D2BF7D02868A41B8E
:1059E0000028F3D022463146FCF71CFB28B9286872
:1059F000035D00EB040A3D2B04D055F8040F00288A
:105A0000F0D1E3E7D9F800304046ED1AAD103D6023
:105A100002F060FE0AF10100BDE8F087E812002004
:105A200000B583B001AAFFF7BBFF03B05DF804FB2C
:105A3000F8B50D460646144610B1436B002B4AD00C
:105A4000B4F90C30A2691807A2601FD52269EAB127
:105A5000EDB29904626E2F4624D592042FD42268A9
:105A600023696169D31A99422CDD0133A168013998
:105A7000A160511C2160157062699A4219D00A2DEB
:105A800002D1A389DB0714D43846F8BD214630463D
:105A9000FDF756FF98B9B4F90C30EDB2626E990477
:105AA0002F46DAD443F4005322F40052A3816266F5
:105AB000D3E721463046FCF7CFF90028E4D04FF079
:105AC000FF37E1E721463046FCF7C6F90028F6D15A
:105AD00022680123CAE701F005F8B1E7024B0A4644
:105AE00001461868FFF7A4BF380C00202DE9F04FDD
:105AF000164683B0002900F09E800C4606F10B0587
:105B0000804600F001FF54F8040C162DA4F108099A
:105B100020F0030762D8102200231546B542C0F0DA
:105B2000A280002B40F09F80974261DADFF828B313
:105B300009EB0701DBF80830D1F804C08B4200F014
:105B400097802CF001030B445B68DB0768D42CF0D2
:105B5000030C07EB0C03934245DAC30712D454F845
:105B6000083CA9EB030ADAF8043023F0030084446C
:105B70000CEB070B5A4540F3FE8007EB000B5A4530
:105B800040F3D48031464046FCF72AFC0646002804
:105B900000F0298154F8043CA0F1080223F001032D
:105BA0004B44934200F0B1803A1F242A00F2DF8078
:105BB000132A00F2B080034622461168196051682A
:105BC000596092689A6021464046FDF777FF40464B
:105BD00000F09CFE304603B0BDE8F08F25F00705CD
:105BE0002A46EB0F9AE71F46D1E90223D3609A6059
:105BF000781BD9F8043009EB07020F2803F00103E2
:105C00001FD83B43C9F80430536843F00103536085
:105C10002646404600F07AFE304603B0BDE8F08FDD
:105C2000C307AFD454F8083CA9EB030ADAF80430F0
:105C300023F00300A1E7114603B0BDE8F04FFCF7E5
:105C4000CFBB2B4309EB050140F00100C9F804303C
:105C5000083141F8040C4046536843F00103536097
:105C6000FDF72CFFD4E70C23C8F800300026D3E75B
:105C70002CF0030C05F110010CEB07038B4280F2B2
:105C80009280C0073FF57EAF54F8083CA9EB030AA9
:105C9000DAF8043023F0030084440CEB0703994244
:105CA0003FF76BAF3A1F5646DAF80C1056F8080F5C
:105CB000242AC160886000F2B080132A40F2AB80D1
:105CC00021681B2ACAF808106168CAF80C1000F293
:105CD000AB8008340AF110022168116061685160DC
:105CE000A16891605B1B0AEB0502404643F001038B
:105CF000CBF808205360DAF8043003F001032B439B
:105D0000CAF8043000F002FE86E750F8043C23F0A5
:105D100003031F446CE723681B2A03606368436026
:105D200036D804F1080200F1080346E73A1F564648
:105D3000DAF80C30242A56F8081FCB60996022D874
:105D4000132A1ED923681B2ACAF808306368CAF8C8
:105D50000C303CD808340AF1100322681A606268DB
:105D60005A60A2689A6034465F46D14640E72146B1
:105D700005F01EF927E7D1E902133A1FCB609960BD
:105D8000D5E73346E9E72146304605F011F9EAE761
:105D9000A368242A8360E368C36028D004F110025A
:105DA00000F1100309E75B1B09EB0502404626469C
:105DB00043F00103CBF80820536054F8043C03F08F
:105DC00001032B4344F8043C00F0A0FD24E7A36842
:105DD000242ACAF81030E368CAF8143010D01034FE
:105DE0000AF11803B9E7404600F090FD3EE7236949
:105DF00004F1180203616369436100F11803DCE6F2
:105E000023691834CAF8183054F8043CCAF81C3016
:105E10000AF12003A1E732465EE7214630460193AE
:105E200005F0C6F8019B5DE7A168242ACAF81010A6
:105E3000E168CAF8141003D010340AF118024BE7D5
:105E400022691834CAF8182054F8042CCAF81C2007
:105E50000AF1200240E700BF600D002038B50C4673
:105E600084461146074D1A460023204664462B609F
:105E7000DDF76CFD431C00D038BD2B68002BFBD038
:105E8000236038BD6872032001683B29F0B50446E1
:105E900083B000F2B18041683B2900F2A080A16884
:105EA000172900F28F8021690B297ED863699A0730
:105EB0003AD16648664A674D00FB0326B5EBB60F3C
:105EC00066D2E3681D20002B32DC634D5F4F604ECD
:105ED000DFF880C107E0012914BF55F821200246F0
:105EE0001344002B1CDC0139F5D261694A1E12F003
:105EF000030F626157D107FB0262BCEBB20FC0F027
:105F0000888001F26B71554A07FB0161B2EB311FCA
:105F10002CBF1D201C201F220B211344002BE2DD6F
:105F2000C4E9033103B0F0BD1C20E368002BCCDDD5
:105F30000226494D012905D19842F3DA1B1A0221A4
:105F4000C4E9033655F8212001319A42A3EB02033C
:105F5000E8DA0C29C4E90331ECD161694FF0000E95
:105F6000DFF8E8C01C204A1C394FC4F810E012F0DA
:105F7000030F62610CFB027208D101F26D711D20EA
:105F80000CFB01773349B1EBB20F44D20021D9E7C2
:105F900003F26C7300FB0322304BB3EB321F2CBFB8
:105FA0001D201C20C1E71C20B5E70C22684604F028
:105FB00029FB6369DDE9002113440029636136DBB5
:105FC000216174E71822684604F01CFBE368DDE9F0
:105FD00000120B44002AE36024DBA26063E73C224A
:105FE000684604F00FFBA168DDE900231144002B93
:105FF000A16026DB636053E73C22684604F002FBA5
:106000006168DDE900231144002B616014DB23602B
:1060100042E71D207FE7114A0021B2EB371F38BF4E
:106020001C208FE71832013BC4E902233BE70C3107
:10603000013BC4E904133AE73C330139C4E90031B8
:106040002AE73C330139C4E9013129E7295C8FC2D1
:1060500050B81E05285C8F02D40503100AD7A30090
:106060002DE9F04F064685B005F03AF980463046F6
:10607000FFF70AFF3169F468B268012904F1FF34BF
:106080007769D6E90053C3EB031305EB8305B74BE0
:1060900003EB81031B6B1C444FF4616303FB02554C
:1060A00002DDB80700F09A8042F2107344F62062D5
:1060B000F4613B44934200F25481462F6DDC3DD0A5
:1060C000452F00F03781452340F26D1ADFF8A4C256
:1060D000A748DFF8A4E2DFF8A49213F0030F0CFB4B
:1060E000030140F26D120CD1BEEBB10F03F26C71E3
:1060F0004FF4B7720CFB010103D3B9EB311F38BF6A
:106100005246013BA41ABB42E7D1B90740F01281C5
:10611000984A974B984902FB0730B1EBB00FC0F09B
:106120000F8107F26C7102FB0133944AB2EB331F0B
:1061300040F26D1328BF4FF4B773E41A904B4FEA47
:10614000E579C4FB035900F0F5FC05F0B5F88D4B7B
:10615000D3F800B0BBF1000F00F0C680D6F820A045
:1061600070695246D8F8043000F26C70012AA8BF5A
:106170000122834201923CD005F0E4F8C8BBDDF86F
:1061800004B0BBF1010F40F0AF80D8F850704FF071
:10619000010B7D1949EBE777ABE0462340F26D1A1E
:1061A0007448DFF8D4E1DFF8D49113F0030F00FB5B
:1061B00003FC40F26D120CD103F26C71BEEBBC0F0C
:1061C0004FF4B77200FB01F103D3B9EB311F38BFB5
:1061D000524601331444BB42E7D1AFE7654A644BF2
:1061E000654902FB0730B1EBB00F80F099800134B4
:1061F0005AE7D8F84830D8F82810D8F82000B3EB80
:10620000010C0290D8F82400D8E913E203906EEB59
:10621000E1709B1A4FEAE27B6EEBE27E9D4279EBE6
:106220000E0E03DA654579EB0003A8DA029B9B1A90
:106230000293039B63EB0B0E029B9D42D8F8003048
:1062400079EB0E0EACBF4FF0010E4FF0000E65451E
:1062500079EB0000B4BF01200020002B6DD00EEAC6
:10626000000BBAF1000F8CDB019B8BEA030ABAF139
:10627000010F86D1F36830680193BBF1000F62D142
:10628000521A104455193060304649EBE279FFF755
:10629000FBFDF268019BD21A26D0012A40F38E80C2
:1062A0004FF0FF3AF2691AEB02026FD4BB0740F0DD
:1062B0008A8030482E49304B00FB071EB3EBBE0FDF
:1062C000C0F0878007F26C7700FB07112B48B0EB1A
:1062D000311F40F26D1128BF4FF4B7718A42A8BF39
:1062E000521A5444F2614CE7D8F828707D1949EBF2
:1062F000E777043400F020FC234981FB0421E217F6
:106300002144C2EBA102C2EBC202A21A00D507329D
:10631000C6F820B0B2612846394605B0BDE8F08F16
:1063200007F26C7102FB0133144AB2EB331FFFF426
:10633000BBAE5CE740F26D13FFE64EEA000B90E760
:106340004FF4B773F9E6891A08444D1930603046A6
:1063500049EBE179FFF798FDF268019BD21A9CD1D5
:1063600013E74FF0FF352F46D5E700BFD4050310E4
:1063700050B81E05295C8FC2285C8F020AD7A30083
:10638000805101006472032093244992791E8A0788
:106390001CD11348134A144B00FB0121B3EBB10F7E
:1063A0001AD307F26B77114900FB0722B1EB321FBA
:1063B00040F26D1238BF4FF4B67292E7B2F1FF3F70
:1063C000A8BF92466EE740F26D1187E74FF4B672B0
:1063D00087E74FF4B77181E740F26D1281E700BFA4
:1063E000295C8FC250B81E05285C8F020AD7A30013
:1063F0008C461146BCF18E0F00F29180DFE81CF054
:106400003A01380136013401320130012E012C01EC
:106410002A01280126012401220120011E018F00EA
:106420001C011A01180116011401120110010E01BC
:106430000C010A0108010601040102010001FE002D
:10644000FC00FA00F800F600F4008F008F008F00C7
:106450008F008F008F008F008F00F200F0008F0000
:106460008F008F008F008F008F008F008F008F00B4
:106470008F008F008F008F00EE00EC00EA00E80034
:106480008F008F008F00E6008F008F008F00E400E8
:106490008F008F00E2008F008F00E0008F008F00E0
:1064A0008F008F008F008F008F008F008F008F0074
:1064B000DE008F00DC00DA00D8008F008F00D600ED
:1064C0008F008F008F008F008F008F008F008F0054
:1064D000D400D200D000CE00CC00CA008F00C8008B
:1064E000C600C400C200C000BE00BC00BA00B800B4
:1064F000B600B400B200B0008F00AE00AC00AA003D
:10650000A8008F008F008F008F008F00A6008F00E3
:106510008F008F00A400A200A0009E009C00002B12
:1065200014BF1A460246604608B504F0CDFD524B32
:10653000002808BF184608BD5048704750487047AB
:10654000504870475048704750487047504870470F
:1065500050487047504870475048704750487047FF
:1065600050487047504870475048704750487047EF
:1065700050487047504870475048704750487047DF
:1065800050487047504870475048704750487047CF
:1065900050487047504870475048704750487047BF
:1065A00050487047504870475048704750487047AF
:1065B000504870475048704750487047504870479F
:1065C000504870475048704750487047504870478F
:1065D000504870475048704750487047504870477F
:1065E000504870475048704750487047504870476F
:1065F000504870475048704750487047504870475F
:10660000504870475048704750487047504870474E
:10661000504870475048704750487047504870473E
:10662000504870475048704750487047504870472E
:10663000504870475048704750487047504870471E
:10664000504870475048704750487047504870470E
:1066500050487047504870475048704750487047FE
:1066600050487047504870475048704750487047EE
:10667000504870475048704770C002102CD202102A
:1066800014D2021000D2021064D2021070CF021095
:10669000A8CE0210CCD10210E4D10210E4CD021039
:1066A00090D1021018D002108CD20210BCCC021073
:1066B00084CC02107CCD02107CCE02106CCD021076
:1066C000A0D20210C0CD021094CF0210A8D10210A7
:1066D00078D1021048D1021030D1021010D102102E
:1066E000F0D00210C0D002109CD002105CD1021079
:1066F00040D2021084D0021068D0021064CA021086
:106700004CD0021040D002102CD0021008D0021041
:10671000F0CF0210DCCF0210C4CF0210B8D00210AC
:10672000B4CF0210ACCF021088CF02105CCF0210A1
:1067300040CF02102CCF0210FCCE0210F0CE02107F
:10674000E0CE0210C8CE0210B8CE021090CE0210D9
:106750006CCE02105CCE021044CE021024CE021089
:1067600004CE0210ACCD02109CCD021048CA02101B
:106770005CCD021048CD02103CCD021024CD021099
:1067800018CD021004CD0210F0CC0210DCCC0210A7
:10679000B0CC0210A0CC021070CC02105CCC021065
:1067A00040CC021034CC02101CCC02100CCC0210D5
:1067B000F0CB0210E4CB02108CC90210034A002374
:1067C000014610681A46FFF713BE00BF380C0020C0
:1067D000034A0023014610681A46FFF709BE00BFAE
:1067E000380C002070B50C460346084D00262046A4
:1067F00011461C462E60DDF7C7F8431C00D070BD63
:106800002B68002BFBD0236070BD00BF6872032093
:106810002DE9F04186B002FB03F81C46174601AB98
:106820000C9E0546019103930123CDF80880CDF815
:106830001480049308B1436B13B3B6F90C20736E44
:10684000910405D442F4005223F40053B2817366DC
:106850009B0403D5002006B0BDE8F08131462846F0
:1068600003AA00F06BF938B1059BA8EB0308B8FB4D
:10687000F7F006B0BDE8F081204606B0BDE8F08133
:1068800000F030F9D9E700BF2DE9F0411D4C86B08A
:1068900002FB01F70E46D4F800801C4601AB1546FA
:1068A000019003930123029705970493B8F1000F19
:1068B00002D0D8F834300BB3B4F90C20636E9104D5
:1068C00005D442F4005223F40053A28163669B0472
:1068D00003D5002006B0BDE8F0812146404603AA5A
:1068E00000F02CF930B1059BFF1AB7FBF6F006B0AB
:1068F000BDE8F081284606B0BDE8F081404600F0D2
:10690000F1F8D9E7380C0020704700BF704700BF8E
:1069100000207047024A0349034802F0C5BC00BF8B
:106920007011002015500210400C00200C4B4168E3
:10693000994210B5044601D0FEF76CFBA168094BE3
:10694000994202D02046FEF765FBE168064B99426A
:1069500004D02046BDE81040FEF75CBB10BD00BF70
:106960002071032088710320F071032000207047FC
:106970002DE9F8432A4900252A4C04230822DFF890
:10698000B890C4F8381104F15C002946DFF8AC80F7
:10699000254F264EE36025606566A561C4E9015573
:1069A000C4E90455F9F7BCF9214B0822294604F142
:1069B000C40063672567C4F8CC50C4F88050E66211
:1069C000C4E90749C4E90987C4E91A55C4E91E5551
:1069D000F9F7A6F904F1680329460822C4F88430BF
:1069E00004F59670134BC4F8D850C4F8DC30C4F8E2
:1069F0003451C4F8E850C4E92298C4E92476C4E9C3
:106A00003455C4E93855F9F78BF904F1D003C4E9DA
:106A10003C98C4E93E76C4F8EC30BDE8F88300BF8A
:106A20001569021020710320C5550210ED550210A2
:106A300009000100120002005D5502108555021088
:106A4000F8B5254B0646D3F83831002B3DD0234FFF
:106A5000D7E90134013B04D51DE05A1C04F1680458
:106A600019D0B4F90C50013B002DF6D11C4B082273
:106A7000294604F15C006566E3602560A561C4E910
:106A80000155C4E90455F9F74BF9C4E90C55C4E9BB
:106A900011552046F8BD3D680DB12F46D8E74FF49B
:106AA000D6713046FBF79CFC044688B10423056090
:106AB0000C302946254640F8083C4FF4D072A060BF
:106AC000F9F72EF93C602F46C2E7FFF751FFBEE70A
:106AD0000C2338603360DCE7207103207011002044
:106AE0000100FFFF436B03B17047044B044AD3F826
:106AF00038314263002BF7D13AE700BF2071032001
:106B00002D690210704700BF704700BF024A002085
:106B1000024902F0C9BB00BF7011002011690210C8
:106B2000024A0020024902F0BFBB00BF70110020E2
:106B30006D690210704700BF704700BF9368002B5B
:106B400000F0F980B1F90CC01CF0080F2DE9F04FEE
:106B5000904683B081460C4631D00B697BB31CF064
:106B60000207D8F8006038D00027D4F824B0E169D3
:106B7000DFF8C4A23D4655452B463A46484628BF55
:106B80005346C5B1D847002840F3CB80D8F8083029
:106B900007442D1A1B1AC8F80830002B00F0B780E4
:106BA00055452B46D4F824B03A46E16928BF5346F0
:106BB0004846002DE6D1D6E900750836DBE72146C8
:106BC0004846FCF7BDFE002840F0B080B4F90CC088
:106BD000D8F800601CF00207C6D11CF0010A64D18D
:106BE00023685746A16818468B46002F59D01CF4DD
:106BF000007F00F0B680B9420A4600F2E2801CF441
:106C0000906F30D021695D1A636913EB430348BF6D
:106C100001334FEA630B6B1C3B445A465B4501D979
:106C20009B461A461CF4806F00F0EA8011464846E5
:106C3000FBF7D6FB002800F0F9802A462169009076
:106C4000FEF7B6FBA289009B22F4906242F080021C
:106C5000A2815819C4F814B0ABEB05053A46BB46FF
:106C60002361A56020605146009204F0A1F9A1685B
:106C700023683D46009AA1EB0B0100271A44A1604E
:106C80002260D8F80830AA445B1BC8F80830002BF3
:106C90003DD02368A168B4F90CC018468B46002F7C
:106CA000A5D1D6E900A708369DE73846BB463D4644
:106CB0000097002D41D0002846D0009AA168AA4232
:106CC0006369206828BF2A4603EB010A21698842CC
:106CD00002D9524500F38580934275DC5A46E1693A
:106CE0004846676AB847B0F1000A1ADD009BB3EB6B
:106CF0000A0300930FD00120D8F80830D344A5EB45
:106D00000A05A3EB0A03C8F80830002BD1D10020F4
:106D100003B0BDE8F08F21464846FBF79DF80028F8
:106D2000EAD0B4F90C3043F04003A3814FF0FF30B8
:106D300003B0BDE8F08F0020704775683346083611
:106D4000002DFAD0D3F800B02A460A21584602F0A6
:106D50005FFA002867D00130A0EB0B031A460093BE
:106D6000ACE722699A4214D36269BA4211D86FF033
:106D70000043656AE1694846BB4228BF3B4693FB36
:106D8000F2F302FB03F35246A847051EC9DD7F1B41
:106D900077E7B942184628BF39460D4651462A467C
:106DA00004F006F9A1682368491B2B44A160236005
:106DB0000029ECD121464846FBF74EF80028E6D0E2
:106DC000AFE7BB463A464EE75946019204F0F0F869
:106DD000019AA36892469B1AA36023681344236018
:106DE00084E75946524604F0E3F8236821464846B2
:106DF00053442360FBF730F800283FF477AF90E767
:106E00004846FEF773FE034600287FF422AF21694F
:106E10004846FCF753FEB4F90C300C2223F08003F3
:106E2000C9F800207FE76A1C009247E70C22B4F9FA
:106E30000C30C9F8002076E700FCFF7F00230146F4
:106E40001A46184604F056BB2DE9F0410C46074699
:106E500004F046FA064621463846FEF7C3FC43696D
:106E60000446990703F26C780AD1804A804B02FBF2
:106E7000083302F18042013AB2EBB30FC0F0AB80AD
:106E80007C4A82FB08324FEAE873C3EBE2134FF40B
:106E9000C87202FB1383002B0CBF30250025764BF4
:106EA0001D44FFF747FE04F007FA744B1B68A3B1BB
:106EB0007368434540F091803068D7E90013D6E904
:106EC0000872002840F09380B94273EB0202C0F2CE
:106ED0009C8001232362376D01E02362B76A684A10
:106EE000FE174FF4616C674982FB073220683A4411
:106EF000C6EBE223C6EBE2260CFB137381FB031205
:106F0000D9171A44C1EB62116268521AC1EB011120
:106F1000A3EB8103C01AA3683B28A3EB0603C4E9D3
:106F20000002A36050DD01323C38C4E900023B2A74
:106F300043DD01333C3AC4E90123172B1FDD183B25
:106F40002069D4E90621A3600132E3680131072AF0
:106F500003F10103E161A8BF0022E360A26155F8DB
:106F60002020934206DD9B1A0B2800F10102E3600A
:106F700044D02261FFF7E0FD2046BDE8F081002B00
:106F8000F8DA1833D4E90621A360013AE36801F185
:106F9000FF3148BF0622013BE161A261E360002BA3
:106FA000E8D12369013B3CD49A002361AB58E360EC
:106FB000FFF7C2FD2046BDE8F081002ABDDA013BA3
:106FC0003C32C4E90123B8E70028B0DA013A3C308A
:106FD000C4E90002ABE7302561E7404604F0B2F9AE
:106FE00000287FF469AF4FF0FF33236276E7B942A0
:106FF00073EB020209DA002323626FE76369002260
:1070000001332261E2616361B4E7B26C9142F26CD8
:107010009341B4BF012300232362002B7FF45BAFB5
:107020005CE763690B215A1E216103F26B73626195
:1070300092070ED10D490E4A01FB032201F1804156
:107040000139B1EBB20F04D240F26D132C22E3618F
:10705000ACE7074A054901FB03230B4AB2EB331F98
:107060002CBF0123002303F5B673EFE7295C8FC221
:1070700050B81E051F85EB51D80903106472032018
:10708000C5B3A291898888880AD7A30030B4047850
:10709000C4B10D78844685B10A462B4602E012F849
:1070A000013F2BB19C42FAD1ACEB000030BC7047E1
:1070B0001CF8014F002CEFD1F6E71CF8014F002C13
:1070C000FBD1F1E72046F1E720F0030110F00300C7
:1070D000C0F1000051F8043B00F1040C4FEACC0C65
:1070E0006FF000021CBF22FA0CF213434FF0010CA8
:1070F0004CEA0C2C4CEA0C4CA3EB0C0222EA0302E7
:1071000012EACC1204BF51F8043B0430F4D0C2F1AF
:10711000000102EA0102B2FA82F2C2F11F0200EBA0
:10712000D200704738B54B1C1AD093891446526868
:10713000CDB223F02003A381236BA3B1636B9342F1
:1071400009DD23685A1E226003F8015C636801337D
:107150006360284638BD214601F0AEF80028F0D023
:107160004FF0FF35F5E7236921682BB18B4203D23D
:1071700011F8013CAB420ED0234604F14000C4E9B3
:107180000E120321012220632846616303F8425F47
:10719000C4E9003238BD01390132C4E90012D8E730
:1071A00010B50C46096B69B104F14003994201D056
:1071B000FCF784FC0020E36B2063636013B1A36BD6
:1071C000236010BDA289002123694FF0FF3042F0F7
:1071D00020026160A281F3E72DE9F04F834685B07C
:1071E00002FB03F00E9C0193A0B388460646D4E947
:1071F0000015A84223D94FF0000904F1400ACDE957
:10720000020240462A46FEF7D3F82168236B58460F
:107210004F19A8441946C4F8049027603746761BD6
:10722000DBB1534501D0FCF749FCE06BC4F830906A
:10723000606090B1A16BB04205462160E1D3324657
:107240004046FEF7B5F80198D4E90032921B33446A
:10725000C4E9003205B0BDE8F08FDDE90202A38980
:10726000284443F02003C01BA3810023B0FBF2F0AD
:107270002269C4E9002305B0BDE8F08F2DE9F04F85
:107280008A46B1F90C10DDB08C0407930390DAF84C
:10729000643007D441F4005123F40053AAF80C10D1
:1072A000CAF864309804C3F3403100F1AC83164649
:1072B00016F8013B0D93002B00F096868E46DFF802
:1072C000A0848B46894606910591089118F80340E1
:1072D00014F008046ED1252B5DD131782746A1F139
:1072E0002503721C532B61D8DFE813F054006000B3
:1072F0006000600060002F026000600060006000BD
:107300006000D000D000D000D000D000D000D0006D
:10731000D000D000D000600060006000600060001D
:1073200060006000600060006000AC016000600010
:107330006000600060006000600027026000600084
:10734000300160006000600060006000600060006C
:107350006000DB00600060001E02600060006000F2
:10736000600060006000600039019D016000600005
:107370006000A401B00160006000F501600000023F
:1073800011061702600060001B0260001406600016
:107390006000DB001646DAF80430002B5BDDDAF81B
:1073A0000030197816F8012C914232D005985DB062
:1073B000BDE8F08FDAF804200AF140050024039FAD
:1073C00010E0DAF800301A78013318F802201207BA
:1073D0003FD5DAF8042009F10109CAF80030013A72
:1073E000CAF80420002AECDCDAF8303038461946B6
:1073F00013B3AB4201D0FCF761FBDAF83C30CAF8BA
:107400003040CAF80430BBB1DAF83830CAF800307E
:10741000D9E7013309F101090496CAF80030DAF816
:107420000430013BCAF80430049E16F8013B0D936A
:10743000002B7FF44BAFB9E7BAF80C3043F02003D0
:10744000AAF80C30DAF81030CAF800300023CAF875
:1074500004300496E8E7DAF83010002900F0C18221
:107460000AF14003994202D00398FCF727FB00235E
:10747000CAF83030DAF83C30CAF80430002B00F09B
:10748000B082DAF83830CAF800308AE714F08F0F8B
:107490008CD107EB870701EB470771781646303F21
:1074A0001DE744F400740492AB4B08931023069339
:1074B0000323DAF80410002900F3D580DAF830103D
:1074C000002900F08E820AF14000814204D0039826
:1074D0000993FCF7F3FA099B0021CAF83010DAF897
:1074E0003C10CAF80410002900F07B82DAF838104A
:1074F000CAF80010610640F1B680022B00F0098244
:10750000032B00F02F81012B33D0012F04F0100248
:1075100038BF012714F001040A9240F03C840A9B12
:10752000002B40F0D582079C3B460122039854F87B
:10753000041BCDF800A0FFF74FFE002800F05C828E
:10754000059B81440794013305936DE744F00104E2
:107550000492814B0893082306930323A9E744F080
:10756000400400230492DAF804100029A6DD012B60
:10757000CBD1002F04F0100208BF4FF0FF3714F0FA
:1075800001040A9240F09883DAF800601CAD0A9A70
:107590003178695C002A00F0DB8200293FF406AFF5
:1075A000DAF804100136012F01F1FF31CAF800604A
:1075B000CAF8041000F02E830AF14006CDF824909A
:1075C000B14626461C4613E0DAF80010087801316F
:1075D000285C002800F01B830134CAF80010DAF898
:1075E0000410A74201F1FF31CAF8041000F00F8324
:1075F0000029E9DCDAF8303003981946002B00F056
:1076000025854B4501D0FCF759FADAF83C10CAF849
:107610003060CAF80410002900F01885DAF8381034
:10762000CAF80010D2E704924C4B08930A23069341
:1076300003233EE723077FF4B9AE717844F00404D6
:1076400016464CE644F001040492EDE7DAF8043003
:107650000492002B414B08934FF0000306934FF028
:1076600003037FF72BAFDAF80000017818F8011058
:107670000A077FF542AF0AF1400609940025344617
:107680004E46994607E0CAF80000017818F8011044
:107690000B0740F1A281DAF80410013601300139FC
:1076A0000029CAF80410EEDCDAF8303003981946E5
:1076B000002B00F09681A34201D0FCF7FFF9DAF825
:1076C0003C10CAF83050CAF80410002900F0898133
:1076D000DAF83800D7E720077FF468AE71786C29B4
:1076E00000F0658444F001041646F8E5E7060492CC
:1076F0003FF59AAE079A660752F8043B079200F1ED
:107700001584E50700F17384A00740F170844FEA07
:10771000E972C3F800905A6086E644F40874049253
:10772000C2E602230492C4E611461CA801F020FD23
:1077300044F040040123049015E721077FF436AE9E
:10774000717844F002041646C9E527437FF42EAE53
:10775000717810241646C2E53DAF0210A54F021005
:10776000350603107B1E44F45864262B40F24F81EB
:10777000A7F1270327270B93002312AE1A4609937C
:107780000AF1400335460A935B46CB46DDF8189074
:10779000DAF8001091F800C0ACF12B004D283BD86E
:1077A000DFE800F0823A823A3A8E70707070707042
:1077B0007087873A3A3A3A3A3A3A272727272727CB
:1077C0003A3A3A3A3A3A3A3A3A3A3A3A3A3A3A3A19
:1077D0003A763A3A3A3A3A3A3A3A2727272727273F
:1077E0003A3A3A3A3A3A3A3A3A3A3A3A3A3A3A3AF9
:1077F0003A76B9F10A0F0FDD24F4386405F801CBAD
:10780000DAF8040001380028CAF8040067DD013105
:10781000013FCAF80010BBD1CDF81890D9469B465D
:10782000E10505D5B54200F2A283B5423FF4BEADF5
:1078300014F0100240F0CC80069B3146089F03985C
:107840002A70B847079BA20603F1040700F1BA802B
:10785000630700F1678314F0010240F0B280A107D2
:1078600040F1AF80B84B089903989942069B314686
:1078700000F0948400F002FF0B46079A1168C1E9FA
:107880000003A1E0B14824F4386430F91990B5E759
:1078900004F4C060B0F5007FBED124F400744FF052
:1078A000100944F4A064A9E72006B5D524F08004AB
:1078B000A4E7A64830F91990B9F1080F9CDCABE7B2
:1078C00020059BD5B9F1000F03D144F400744FF0AB
:1078D0000809600540F1B08224F4B0648EE7DAF85C
:1078E0003010002900F08E830A98814205D0039859
:1078F0000693FCF7E3F8069B0022DAF83C10CAF87E
:107900003020CAF80410002900F07C83DAF838101F
:107910007EE7DAF80000002F04F01006037808BFB5
:107920004FF0FF37E40718F8035005F0080571D44D
:10793000002E00F07181002D7FF476ADDAF804306E
:107940000130012F03F1FF33CAF80000CAF80430F8
:1079500000F029840AF14006012432462E461546DD
:1079600014E0DAF800301978013318F801100A072A
:1079700000F1E8800134CAF80030DAF80430A74298
:1079800003F1FF33CAF8043000F01783002BE8DC62
:10799000DAF8303003981946002B00F0AD83AB4283
:1079A00001D0FCF78BF8DAF83C30CAF83060CAF83E
:1079B0000430002B00F0A083DAF83830CAF8003029
:1079C000D1E7079B1B681860059B07970133059358
:1079D000AD1B099B1D44A94426E54B46099CB146B5
:1079E0008BE5BAF80C300022DAF8101043F02003CF
:1079F000CAE90012AAF80C30059B23B1BAF80C3082
:107A00005B067FF5D3AC4FF0FF330593CEE4002344
:107A10000B93B1E6002E00F02682002D7FF404AD1A
:107A2000079A0DF1340C079600253E4667460992E9
:107A300002F0C2FDA842DFD012ABBBF1030F10ACC5
:107A4000DAE9002112F8010B01F1FF31585505F177
:107A50000105CAF80410CAF8002002D12368042BDB
:107A600004D0082200212046F8F75AF92B4612AA22
:107A7000394603980094FDF7E3FDB0F1FF3F8346DC
:107A8000BAD0002840F09C823860FDF7D5FD002870
:107A900040F06583A944013E079B002B40F0AB8278
:107AA00004371D46DAF80420002A40F3F982DAF898
:107AB0000020127818F80220110701D4002EB7D147
:107AC000BC46099A079E002E00F0D3810792ABE4D2
:107AD000DAE900139F4240F35A83DAF8302018465F
:107AE0000AF14006254613460246CDE9099BA34606
:107AF000B14611445E463C460398CAF800109344D0
:107B00001946BF1A002B00F03A824B4501D0FBF713
:107B1000D5FFDAF83C20CAF83050CAF80420002A11
:107B200000F02D82DAF8381097424FF00003CAF8BF
:107B30000010DEDCDDE9099B13463444DB1B3944CD
:107B4000CAE90013A1446FE43DAF021038070310E7
:107B5000079A52F8040B00293FF428ACDAF8041015
:107B60000446012F01F1FF31CAF8041006F10101AA
:107B7000CAF80010317804F8011B40D0C619CDF8BE
:107B80001C900AF140070990B1460B920A9E11E041
:107B9000DAF800100878285C48B3DAF804000138F5
:107BA000CAF80400481CCAF80000097804F8011B50
:107BB0004C451CD0DAF804100029E9DCDAF8303042
:107BC00003981946002B00F05482BB4201D0FBF70A
:107BD00075FFDAF83C10CAF83060CAF804100029C2
:107BE00000F04782DAF83810CAF80010D2E7099896
:107BF000DDF81C90231A0B9A002B3FF4D7AB994465
:107C0000059B079201330593002323700CE4DDF8F4
:107C100024902346994407E4079951F8042B002D3A
:107C200040F0B782DAF804301446012F03F1FF3335
:107C3000CAF8043000F10103CAF80030037804F8F0
:107C4000013B00F0A882D61907910AF1400709927A
:107C500015E0DAF80010087818F80000030700F1C2
:107C6000F680DAF804000138CAF80400481CCAF8A3
:107C70000000097804F8011BB44200F0E880DAF84B
:107C800004100029E5DCDAF8303003981946002B9F
:107C900000F02082BB4201D0FBF710FFDAF83C1065
:107CA000CAF83050CAF80410002900F01382DAF83C
:107CB0003810CAF80010CEE7002A40F02581079B53
:107CC00053F8042B0992079300255C4602F074FCDC
:107CD000A8423FF491AE032C0DF1380BDAE90032E3
:107CE00002F1FF3213F8011BCAF8042012AACAF8E5
:107CF0000030515505F1010503D1DBF80030042BAC
:107D000004D0082200215846F8F70AF8099E2B46AD
:107D100012AA03983146CDF800B0FDF791FC411C42
:107D200004463FF469AE002840F004813060064606
:107D300010AB0822002118460B93F7F7F1FFAF496B
:107D400032460B9BD1F8E0600CA90398B04701289C
:107D50000CBF9DF8306000261CAB9B5D002B00F033
:107D60006481032CA94400F0FC80013F0A9B13B9F5
:107D7000099B04330993DAF804300025002B40F303
:107D8000A880002FA2D1A3460A9B002B7FF44CAB06
:107D9000099A13604BE0002A40F09380079951F84C
:107DA000042B099207911C4612AE0B9302F004FCBF
:107DB000A0423FF421AEBBF1030F10ADDAE9002180
:107DC00012F8010B01F1FF31305504F10104CAF83A
:107DD0000410CAF8002002D12B68042B04D008221A
:107DE00000212846F7F79CFF23463246099903985D
:107DF0000095FDF725FCB0F1FF3F83463FF4FCAD55
:107E0000002840F09F800A9BA144013F23B9099AB2
:107E10001360099B04330993DAF804200B9C002AB1
:107E200034DD002FC2D10A9B002B7FF4FDAA059BF5
:107E300001330593FFF7F8BA0B9824F4607410B17E
:107E4000013801370B90099801300990D8E4099A5C
:107E50000799A31A9944059B0791013305930023C1
:107E60002370FFF7E1BA079A52F804CB002D3FF4D4
:107E7000DAAD059B0792013305930023CCF800305F
:107E8000FFF7D2BADAF80420002A8FDCDAF83010D3
:107E9000002900F041810AF14002914202D003988A
:107EA000FBF70CFE0023DAF83C20CAF83030CAF8A1
:107EB0000420002A00F03081DAF83820CAF80020C7
:107EC000AFE7002209926EE7DAF80430002B3FF7A3
:107ED000FDAEDAF83010002900F02F810AF14003DE
:107EE000994202D00398FBF7E9FD0023CAF830302D
:107EF000DAF83C30CAF80430002B00F01E81DAF8C2
:107F00003830CAF800303CE70DAB0993DCE6049248
:107F1000FFF71FBB3A4B049208930A2306930323EF
:107F2000FFF7C7BA079B1B6818804DE5A3F80090C0
:107F3000FFF77ABA821CC7D0099B1E68731C7FF4B6
:107F4000F7AE09E710F1020F9CD00328A14402D13B
:107F50002A68042A00D0013F0A9B002B3FF459AF46
:107F60005AE7DBF80030042B7FF4FFAEFEE615F88D
:107F7000011C52460398013DFFF7D4F855E4BAF8C6
:107F80000C305C46DDF8249043F02003DDF828B087
:107F9000AAF80C30DAF81030CAF800300023CAF81A
:107FA0000430002C3FF428ADA144FFF73DBAB1786E
:107FB00044F002040236FFF792B9B944FFF734BA2D
:107FC00010F1020F3FF46EAD3868FDF735FB002865
:107FD00040F0C580BBF1030FA9447FF45CAD22687B
:107FE000042A7FF458AD57E50593FFF7DFB9C3F8CE
:107FF0000090FFF719BA002554E500BF7C1100205E
:108000003DAF0210CDF81890D9469B46BAF80C3017
:1080100043F02003AAF80C30DAF81030CAF8003028
:108020000023CAF80430FFF7FBBBA346002D3FF442
:10803000ABAE12AB039E5C19013D524614F8011D14
:108040003046FFF76FF8002DF6D19DE6BAF80C2008
:108050002346DDF8249042F020029944AAF80C202F
:10806000DAF81020CAF800200022CAF80420FFF72E
:10807000DBB9BAF80C30099843F02003DDF81C9006
:10808000A0420B9AAAF80C30DAF81030CAF8003087
:108090004FF00003CAF804303FF4AEAC231AAEE54B
:1080A000DAF83010002900F082800AF14002914293
:1080B00002D00398FBF702FD0022CAF83020DAF85C
:1080C0003C20CAF80420002A71D0DAF83820CAF817
:1080D0000020EEE4099A0799A31A9944BAF80C30E3
:1080E00043F02003AAF80C30DAF81030CAF8003058
:1080F0000023CAF80430AEE6BAF80C30A14443F0CD
:108100002003AAF80C30DAF81030CAF80030002347
:10811000CAF80430FFF788B9BAF80C3043F02003EE
:10812000AAF80C30DAF81030CAF800300023CAF888
:108130000430002C3FF477AE5EE4BAF80C30A3466E
:1081400043F02003AAF80C30DAF81030CAF80030F7
:108150000023CAF80430002D3FF416AE4CE4BC46B0
:10816000099A079E002D3FF4AEAC12AB0996039E10
:108170005C190792013D524614F8011D3046FEF786
:10818000D1FF002DF6D1BC46079A099E9BE43C46E0
:10819000D4E414465FE609F101095CE603F05CF8FB
:1081A0000B46FFF76ABB09F10109FFF73DB9BAF8C1
:1081B0000C30BC46099A43F02003079EAAF80C3005
:1081C000DAF81030CAF800300023CAF80430002D65
:1081D0007FF412AC77E400BF38B50022064D0446A8
:1081E00008462A60DBF78EFB431C00D038BD2B68A5
:1081F000002BFBD0236038BD6872032080EA0102A7
:10820000844612F0030F4FD111F0030F32D14DF815
:10821000044D11F0040F51F8043B0BD0A3F10132CF
:108220009A4312F0803F04BF4CF8043B51F8043BE2
:1082300016D100BF51F8044BA3F101329A4312F05A
:10824000803FA4F101320BD14CF8043BA24312F061
:10825000803F04BF51F8043B4CF8044BEAD023465E
:108260000CF8013B13F0FF0F4FEA3323F8D15DF810
:10827000044B704711F0010F06D011F8012B0CF8D8
:10828000012B002A08BF704711F0020FBFD031F850
:10829000022B12F0FF0F16BF2CF8022B8CF80020D7
:1082A00012F47F4FB3D1704711F8012B0CF8012B5A
:1082B000002AF9D1704700BF2DE9F0410C46096B47
:1082C00004F14003994214D0666B77003A46FDF7FB
:1082D0000DFC054630B300EB060801463246404629
:1082E000FDF766F8C4F80080C4E90C570020BDE82B
:1082F000F0814FF48061FAF773F898B194F8422056
:108300004FF48061206300F2FD33616380F8FF2346
:1083100094F8412080F8FE2394F8402080F8FD2353
:108320002360E3E74FF0FF30E1E700BF70B54C1C7E
:108330002BD00D460646144610B1436B002B4CD093
:10834000B4F90C3023F020025807A28106D4D906D4
:108350001BD51B0734D442F00402A281226BEDB27C
:108360006368AAB1626B9A4209DD23685A1E2260D3
:1083700003F8015C636801336360284670BD2146E1
:108380003046FFF799FF0028EFD04FF0FF35F4E7B4
:10839000226921682AB18A4203D211F8012CAA422B
:1083A0001ED0224604F14000C4E90E13032101232C
:1083B00020632846616302F8425FC4E9002370BD70
:1083C00021463046F9F748FD0028DED1B4F90C20EB
:1083D000A06022F00802A061BDE7FEF783FBAFE7D3
:1083E00001390133C4E90013C7E700BF024B0A4655
:1083F00001461868FFF79ABF380C0020F0B5144604
:1084000083B00F46064601AA2146F9F757FF70B31D
:1084100005463046FEF714FB044640B34FF4DB73C9
:108420003946019A304600F05BF8002819DB114B01
:108430002DB2114A2362114BE081E461A581C4E9A8
:1084400009230F4BE362EB0502D4204603B0F0BDD5
:108450000223002221463046FCF7E2FC204603B00E
:10846000F0BDFEF74FFB0023A381FEF74DFB002478
:10847000EBE700BF5D55021085550210C55502108F
:10848000ED550210024B0A4601461868FFF7B6BFC9
:10849000380C002038B50022064D044608462A60F4
:1084A000DBF76AFA431C00D038BD2B68002BFBD0E9
:1084B000236038BD6872032038B5074D074C2C1B6C
:1084C000A41005D0013C55F8043D9847002CF9D183
:1084D000BDE8384003F006BC70BD021070BD02104C
:1084E00038B50C4684461146074D1A4600232046EF
:1084F00064462B60DBF73AFA431C00D038BD2B688A
:10850000002BFBD0236038BD687203200048704701
:108510000000C07F2DE9F04F924685B089461E4687
:108520000D46554A0390294615F8014B135D13F08B
:108530000803F8D12D2C7CD02B2C4ED04FF0FF31DE
:1085400002936FF00043CDE9001336F0100851D0CC
:1085500037464FEAE6783A464346DDE9000103F044
:10856000C7FB002383468E4618461946A44613E0EF
:10857000ACF13704A6421FDD002B09DB83457EEBFF
:10858000010305D38E4508BF83453BD1A24239DAAA
:108590004FF0FF3315F801CBACF13004092CE9D9C9
:1085A000ACF14104192CE3D9ACF16104192C03D8C6
:1085B000ACF15704A642DFDC5A1C2FD0029A12B14C
:1085C000404261EB4101BAF1000F03D0002B48D1CA
:1085D000CAF8009005B0BDE8F08F4FF0FF3002936D
:1085E00036F010086FF000432C7801F10205CDE958
:1085F0000003ADD1302C25D0002E3AD10A27B04649
:108600003E46A8E700FB08F307FB0133A0FB070188
:108610000B44201843EBE4710123BBE72223039AA8
:108620001360BAF1000F17D005F1FF39DDE9000141
:10863000CEE74FF00047009301232C788D1CCDE945
:10864000017382E72B7803F0DF03582B0CD086B937
:108650000827B0463E467EE7DDE9000105B0BDE8EB
:10866000F08FCDE90001DFE710276C7802353E4638
:1086700071E710273E466EE7350603104AE700BF54
:1086800010B4044C13460A46014620685DF8044BBA
:1086900040E700BF380C002010B4044C13460A46D3
:1086A000014620685DF8044B34E700BF380C002019
:1086B000936810B514461BB918460023636010BDBB
:1086C000FEF73CFA0023A3600023636010BD00BFE7
:1086D000704700BF704700BF38B5436C05460C4675
:1086E0004BB153F8240080B1026843F824200023E2
:1086F000C0E9033338BD21220421F9F771FD034697
:1087000068640028EDD1002038BD0121284601FA17
:1087100004F56A1D9200F9F763FD0028F3D0C0E963
:108720000145E4E731B1436C4A6853F82200086020
:1087300043F82210704700BF2DE9F04107460E466E
:108740001C460D6901F1140E0020DEF80010013006
:108750008BB285424FEA114102FB03434FEA134CAF
:108760009BB202FB01CC03EB0C434FEA1C444EF8D6
:10877000043BEADC3CB1B368AB4207DD06EB8503A2
:1087800001355C6135613046BDE8F081716838467D
:108790000131FFF7A1FF8046A8B1326906F10C0153
:1087A0000C3002329200FCF703FE7B6C726853F8C7
:1087B0002210316043F82260464606EB85030135FE
:1087C0005C613561DFE70246024BBA210248DBF704
:1087D000E9F800BF9CCB0210B8D202102DE9F84393
:1087E0001E4617460833264A0C46092E82FB031202
:1087F0004FEAE3730546C3EB620338DD4FF0010C2B
:1088000000214FEA4C0C01316345FADC2846FFF7A2
:1088100063FF014668B3089B092F43614FF00103D2
:10882000036112DC0A340927BE420BDDF61B264425
:1088300014F8013B0A222846303BFFF77DFFB44283
:108840000146F5D10846BDE8F88304F109093C4426
:10885000C84618F8013B0A222846303BFFF76CFF58
:10886000A0450146F5D1A7F108044C44DCE70021FE
:10887000CCE70246034BD3210348DBF793F800BF54
:10888000398EE3389CCB0210B8D20210B0F5803F8D
:10889000034618D203041020B3F1807F01D20830C0
:1088A0001B02B3F1805F01D204301B01B3F1804F92
:1088B00003D3002B06DB013070479B0005D45B001F
:1088C00005D4202070470020E6E7023070470330CF
:1088D000704700BF0368014613F0070207D0DA07AC
:1088E0001FD4980721D55B0801200B60704798B210
:1088F000A0B11046DAB20AB908301B0A1A0701D132
:1089000004301B099A0701D102309B08DA0703D40F
:108910005B0800F1010006D00B6070471B0C1020B3
:10892000E8E700207047202070479B0802200B607A
:10893000704700BF38B5436C04460D464BB15868CC
:10894000B0B102685A60002201234561C0E90323E7
:1089500038BD21220421F9F743FC03466064002856
:10896000EDD1094B002240F245110848DBF71AF817
:108970001C2201212046F9F733FC0028F1D0012206
:108980000223C0E90123DEE79CCB0210B8D202101B
:108990002DE9F04FD1F8108085B015690E4692464A
:1089A000A84505DB2A46534645468A4690461E465C
:1089B00005EB0804DAE90113A342B8BF0131FFF760
:1089C0008BFE002800F08B8000F1140707EB840E6B
:1089D000774505D23B46002243F8042B9E45FBD841
:1089E00014360AF1140906EB880809EB850546459B
:1089F00068D2A5EB0A030AF1150ACDF808E0AE46E5
:108A0000153B039423F00303043355452CBF9B46C9
:108A10004FF0040B824605E0090C2CD1B04507F15C
:108A200004074CD956F8041B8DB2002DF4D0CC4667
:108A30003C46002301965CF8040B216886B2E645AB
:108A40008AB24FEA104005FB06224FEA11411A4450
:108A500005FB001101EB124192B24FEA114342EAC9
:108A6000014244F8042BE6D8019E47F80B3056F833
:108A7000041C090CD2D03B68002248463D461C46E7
:108A8000944602889BB201FB02C202EB144243EA05
:108A9000024345F8043B50F8043B2C684FEA134C62
:108AA0007045A3B201FB0C3303EB12434FEA134CA6
:108AB000E7D3B04547F80B3007F10407B2D850466A
:108AC000DDE902E4002C02DC05E0013C03D05EF8A5
:108AD000043D002BF9D0046105B0BDE8F08F0246DB
:108AE000024B4FF4B1710248DAF75CFF9CCB0210E5
:108AF000B8D2021012F003032DE9F04114460746E4
:108B00002CD10D46A4101CD03E6C86B3E3074FF069
:108B1000000806D4641014D03068A8B10646E307F4
:108B2000F8D5324629463846FFF732FF35B17B6C1F
:108B3000696853F821202A6043F8215064100546E3
:108B4000EAD12846BDE8F081324631463846FFF783
:108B50001FFF30600646C0F80080E0E7013B0F4A87
:108B600052F823200023FFF7E7FD0546CAE701215D
:108B70003846FFF7B1FD064640B1012340F27122AD
:108B8000C0E90432002338640360BFE70246044BA7
:108B900040F245110348DAF705FF00BF60070310F4
:108BA0009CCB0210B8D202102DE9F0470C4690463B
:108BB00006464FEA62192769A36807EB62174968FE
:108BC0007D1C9D4203DD5B0001319D42FBDC304694
:108BD000FFF782FD002850D0B9F1000F00F1140C0E
:108BE0000EDD09F10502634600214FEA820E00EB1B
:108BF000820243F8041B9342FBD1AEF114039C4460
:108C000004F11403216918F01F0803EB81012BD034
:108C1000C8F12009E6464FF0000A1A6802FA08F285
:108C200042EA0A024EF8042B53F8042B994222FA26
:108C300009FAF2D80B1B04F11502153B23F00303CC
:108C40000433914238BF04234CF803A0BAF1000F5B
:108C500000D13D46736C6268056153F822102160B3
:108C600043F82240BDE8F087ACF1040C53F8042B24
:108C700099424CF8042FF9D8EBE70246024B4FF427
:108C8000EF710248DAF78EFE9CCB0210B8D20210C8
:108C900084460B690069C01A16D10CF1140C14310A
:108CA0000CEB830201EB830310B401E0944508D27E
:108CB00052F8044D53F8041D8C42F7D005D24FF002
:108CC000FF305DF8044B7047704701205DF8044B9E
:108CD000704700BF2DE9F04F15460A6983B08846FA
:108CE0002B69D21A002A40F08B8001F1140605F19D
:108CF000140101EB830106EB830302E09E4280F046
:108D0000828053F8044D51F8042D9442F6D078D364
:108D10002B460024454698466968FFF7DDFC00288D
:108D200000F08C802E6905F1140B08F1140ED8F8B0
:108D3000103000F1140A05F110020EEB83094FF018
:108D4000000C0BEB86015746C460CDF804B05EF80A
:108D5000044B52F8045F1FFA84FBF145ABB24FEAB3
:108D60001444A3EB0B03C4EB1544634404EB23440A
:108D70009BB24FEA244C43EA044347F8043BE6D84D
:108D8000A9EB080408F11508DDF804B0C145A4F109
:108D9000150434BF4FF000084FF00108A408B8F1E3
:108DA000000F04F101024FEA820208BF04220BEB1C
:108DB00002055244A94231D917462C4654F8043BC7
:108DC0001FFA83F8A1424FEA134E6344C4449BB296
:108DD0000EEB2C4C43EA0C434FEA2C4C47F8043B77
:108DE000ECD80139491B21F003010A4423B952F898
:108DF000043D013E002BFAD0066103B0BDE8F08FC0
:108E000086DA012488E70021FFF766FC78B10122A9
:108E10000023C0E9042303B0BDE8F08FB8F1000FD0
:108E20004FEA840408BF00240AEB0402DEE702468E
:108E3000064B40F237210648DAF7B4FD0246034BF1
:108E400040F245210248DAF7ADFD00BF9CCB02108D
:108E5000B8D20210114B0B40A3F15073002B03DD6D
:108E600000221946104670475B42B3F1A07F4FEADB
:108E7000235106DA4FF4002300220B411046194615
:108E8000704714391E2904DD0122002310461946BB
:108E900070474FF00042CA40F7E700BF0000F07F84
:108EA0002DE9F041026900F1140707EB820252F844
:108EB000046CA2F104083046FFF7E8FCC0F120037F
:108EC0000A280B6035DD4745A0F10B011BD252F893
:108ED000083C31B3C1F1200C8E40A2F1080023FA06
:108EE0000CF48B40874246EA040646F07F5545F471
:108EF00040151AD252F80C2C294622FA0CF21343D0
:108F00001846BDE8F0810B280AD006FA01F10023CB
:108F100041F07F55184645F440152946BDE8F081DB
:108F2000002346F07F5545F4401518462946BDE814
:108F3000F081C0F10B03474526FA03F141F07F555C
:108F400045F4401509D3002200F11503294606FA1D
:108F500003F313431846BDE8F08152F8082CDA40B9
:108F6000F2E700BFF0B5012183B016461F46FFF7B8
:108F7000B3FB0546002849D0C7F30A54C7F31303CF
:108F80000CB143F48013002E019315D101A8FFF713
:108F9000A1FC0199012200F1200369612A611CB33F
:108FA000A4F23344C3F135001C44089B1C60099BA8
:108FB0001860284603B0F0BD68460096FFF78AFCAB
:108FC000019A034600B3C0F1200102FA01F1C24048
:108FD000009801920143002AC5E905120CBF012245
:108FE00002222A61002CDBD1A3F23243089805EB60
:108FF000820103600869FFF749FC099BC0EB42103E
:109000001860284603B0F0BD0099E4E70246034B20
:1090100040F20F310248DAF7C5FC00BF9CCB0210CA
:10902000B8D202102DE9F04383B0884681466946E4
:10903000FFF736FF04460D46404601A9FFF730FF13
:10904000D9F81030D8F81020A3EB020CDDE900327B
:109050009B1A03EB4C13002B0BDD05EB03573D462E
:1090600002460B4620462946D8F756FD03B0BDE818
:10907000F083C3EB033301EB03594946F0E700BF2C
:10908000172870B506460ADD002008490024084D5F
:1090900022462B46D8F71AFD013EF9D170BD054B8B
:1090A00003EBC003D3E9040170BD00BF0000F03F33
:1090B0000000244060070310013902F114034FEA55
:1090C000611C116903EB81010CF1010C8B4200EB77
:1090D0008C0C16D210B5A0F1040E53F8044B994233
:1090E0004EF8044FF9D88B1A153B23F003030433D1
:1090F0001844844504D9002340F8043B8445FBD838
:1091000010BD844505D9002340F8043B8445FBD8B5
:109110007047704703694A111430934209DA00EB33
:10912000830302E053F8042DAAB98342FAD8002041
:10913000704700EB8203F8DD11F01F01F5D010B489
:1091400050F8224024FA01F28A40944209D00120CA
:109150005DF8044B70470120704753F8042D002A36
:10916000F5D18342F9D800205DF8044B704700BF69
:1091700070B50C7884465E2C24D00023481C9E4693
:1091800000220CF5807163F3070263F30F2263F38F
:10919000174263F31F62634643F8042B8B42FBD1F3
:1091A00074B18EF00101451C0CF8041015F8013C57
:1091B0002D2B0ED05D2B0AD01BB11C462846F2E7A2
:1091C000013870BD0123881C4C789E46D8E728469C
:1091D00070BD90F801E0BEF15D0F15D0744513DC51
:1091E000661C02300CEB060202F8011BA2EB0C031A
:1091F000013B9E45F8DCAEEB04030235013B7445B0
:10920000A8BF00239C19D1E72D242846CBE700BF37
:109210005FFA81FC810744D00346511E22B909E060
:109220009A0709D0013905D31846013302786245FF
:10923000F6D1704700207047184603290CD8002942
:10924000F8D00346014401E08B42F3D0184613F8EE
:10925000012B6245F8D1704710B50CEB0C24024687
:1092600004EB044402E00439032915D9104652F8EE
:10927000043B6340A3F1013E2EEA030313F0803F59
:10928000F1D00346014401E08B4208D0184613F8A0
:10929000012B6245F8D110BD10460029F1D1002004
:1092A00010BD1146C9E700BF2DE9F8434FF0000992
:1092B000074688461646D6E90154013D0FD4A389D6
:1092C000012B08D9B4F90E3021463846013302D0BB
:1092D000C04749EA0009013D68346B1CEFD136688C
:1092E000002EE8D14846BDE8F88300BFF030704753
:1092F000004870476C120020004870476C12002034
:109300002DE9F04F88469FB0002183460792002246
:109310001A910021CDE9041242461746199212F81B
:10932000019BB9F12D0F5FD801A151F829F000BFC1
:109330007D940210E9930210E9930210E993021060
:10934000E9930210E9930210E9930210E9930210E5
:10935000E99302101B9302101B9302101B9302103F
:109360001B9302101B930210E9930210E993021061
:10937000E9930210E9930210E9930210E9930210B5
:10938000E9930210E9930210E9930210E9930210A5
:10939000E9930210E9930210E9930210E993021095
:1093A000E9930210E9930210E9930210E993021085
:1093B0001B930210E9930210E9930210E993021043
:1093C000E9930210E9930210E9930210E993021065
:1093D000E9930210E9930210E9930210EB9902104D
:1093E000E9930210039A021000220892B9F1300F9B
:1093F0007ED000230A93A9F13003092B00F23484B4
:10940000002538462E462C460130082C05EB8502F7
:1094100004F1010406EB8601199090F80090CCBF8E
:1094200003EB420503EB4106A9F13003092BEBD90D
:109430000122A349F8F7F6FD58BB199BA2460990F3
:109440005A1C19925B78A3F13002092A09D801301D
:1094500091461999002A40F0D4844B1C19934B78FB
:10946000F1E74FF0010923F02002452A40F0B782CE
:1094700044EA00030A9A134340F05082079B0026F7
:1094800000270BB1C3F80080304639461FB0BDE855
:10949000F08F29F0200200204B46A246452A814643
:1094A000099000F03B820E90002C35D10A9A0243BD
:1094B00040F08382B9F1000FE0D1692B00F0CC8439
:1094C00000F31F83492B00F0C7844E2BD6D17D4972
:1094D00019A802F053F80028D0D0199B1B78282B2C
:1094E00000F08385784802F043F906460F4666E2AD
:1094F0007A7802F0DF02582A00F03F84013719978A
:1095000097F80090B9F1300FF8D0B9F1000F00F0E2
:10951000548201230A936EE7099ABAF1000F08BF3B
:10952000A2460E9B102C3046A046A3EB0203A8BF18
:109530004FF010080D93D8F75DFB092C02460B463F
:10954000CDE9042317DD614B03EBC80353E9122374
:10955000D8F7BCFA02460B462846CDE90423D8F7D3
:1095600049FB02460B46DDE90401D8F787FA0F2CC8
:10957000CDE9040124DC0D9B002B00F0B5830D9B8D
:1095800040F3AD82162B40F38484C4F125030D9A79
:10959000934215DBC4F10F044C4D05EBC401DDE92A
:1095A0000423D1E90001D8F791FA0D9B1C1B05EBB0
:1095B000C405D5E90023D8F789FA06460F46FEE12F
:1095C000A4EB08030D9A9D18002D40F32B8215F093
:1095D0000F000AD03D4901EBC001DDE90423D1E9C8
:1095E0000001D8F773FACDE9040135F00F034BD031
:1095F000B3F59A7F00F35A84102B4FEA231540F3FA
:10960000B385DFF8DCE04FF0000C0A96F046E14647
:109610007646DDE9042315F0010F1046194607D000
:10962000D8E90023D8F752FA4FF0010C02460B4656
:109630006D1009F1010908F10808012DEBD1B646BA
:109640000A9EBCF1000F01D0CDE90423059B0EEB6F
:10965000C901A3F154730593DDE90423D1E90001A5
:10966000D8F734FA1A4B0A460B40CDE904011949E0
:109670008B4200F21B8418498B4240F2C9844FF0A0
:10968000FF32164BCDE9042300230C9323465246A8
:10969000394658460096FFF7A1F81590002800F0CB
:1096A00005840E9A099B9B1A0D9A002A22EAE272FF
:1096B000A8BF002314920E9300239A460993EBE06F
:1096C000E8D20210F8D2021070C002107007031026
:1096D0000000F07F0000A07C0000907CFFFFEF7F87
:1096E00060080310D21A1F2AA4EB020400F37C8244
:1096F0000123002593401E46A0444C440C9BA145E9
:1097000098444B46A8BF23464345A8BF4346002B79
:1097100004DDE41AA8EB0308A9EB03090E9B002B58
:1097200000F30382002C00F319820D9B002B00F341
:109730004C82B8F1000F00F33C82B9F1000F08DD54
:1097400051464A465846FFF72FFA8246002800F055
:1097500039823A461A995846FFF7BCFA0990002810
:1097600000F03082099A0023D168D3600F915146EE
:10977000FFF78EFA0028C0F27984DDF8149000F02B
:10978000E78351460998FFF74DFC00224FF08043D4
:1097900004460D46D8F79CFA002800F0B6810F9BCE
:1097A000002B40F02882049B002B40F01283C9F369
:1097B0001303002B40F09B820022954B2046294644
:1097C000D8F772FA002840F0BA830022914B204665
:1097D0002946D8F77BF90A460146109002F100436A
:1097E000CDE912121193DFF834828B4B09EA080895
:1097F0009845DDE9104500F00A820C9B1BB3B8F1D7
:10980000D46F20D880A3D3E90023DDE91201D8F773
:109810005FFAA0B1DDE91201D8F710FA012838BFCC
:109820000120D8F7E7F90F9BCDE91201002B40F09A
:10983000E38201F1004316901793DDE9164505F127
:10984000D663A3EB0805DDE90A01FFF703FB024637
:109850000B4620462946D8F739F9DDE90A23D8F71F
:109860000DF90C46CDE904016C4B2340434503D16F
:109870000C9B002B00F05C821A995846FEF752FFB1
:1098800039465846FEF74EFF51465846FEF74AFF06
:1098900009995846FEF746FF159C58466168FEF741
:1098A0001BFF0746002800F08D81226904F10C019E
:1098B0000C3002329200FBF77BFD1CAB5846019343
:1098C0001BAB9DED047B009353EC172B8DED0A7BB6
:1098D000FFF748FB1A90002800F049810121584603
:1098E000FFF728F88246002800F06C811B9B002BB4
:1098F000C0F259810E9ADDF8508003EB02090C9AF0
:109900001C9C9B1A464A2344C4F13604013B9342F3
:10991000FFF6E8AE012300251E46EDE6DDF8648083
:1099200008F10103199398F801302B2B00F099816D
:109930002D2B57D14FF0010E08F10203199398F81F
:109940000230A3F1300CBCF1090F00F24881199AE2
:10995000302B0C920BD1013219921378302BFAD0A4
:10996000A3F131010C92082939D8A3F1300C0C9BDA
:10997000591C19915B78A3F13002092A00F2818207
:1099800001310CEB8C0C199103EB4C0C0B78ACF106
:10999000300CA3F13002092AF2D90C9A891A08294D
:1099A00040F36F8244F61F620E92BEF1000F3FF447
:1099B0007BAD0E9A52420E9276E500260027079A5A
:1099C0000AB1199B1360089B002B3FF45DAD07F1B2
:1099D000004330461F4639461FB0BDE8F08F0022D5
:1099E0000E9261E54FF0000EABE7002208927A1C60
:1099F000199297F80190B9F1000F3FF43FAD174667
:109A0000F4E401220892F2E70000C0FFFFFFDF410B
:109A10000000F03F0000E03F0000E07F0000F07F2A
:109A200002FCFFFF3FF430AE6D4215F00F020AD08A
:109A3000B74B03EBC203DDE90401D3E90023D8F7F8
:109A40006BF8CDE904012D113FF41EAE1F2D40DC53
:109A500015F01003DFF8D4824FF0000C18BF6A2312
:109A60000C93DDE9042315F0010F1046194607D0C9
:109A7000D8E90023D8F72AF84FF0010C02460B462C
:109A80006D1008F10808EED1BCF1000F01D0CDE94E
:109A900004230C9BA3B1DDE90401C1F30A52C2F116
:109AA0006B03002B0ADD1F2B40F382830020342B35
:109AB000049040F3B8834FF05C7305936A230C93D2
:109AC00000220023DDE90401D8F7DCF800283FF488
:109AD000DDAD222300260027CBF800306FE71633D8
:109AE000FFF66EAD099B0E9A9A1A894B03EBC203DF
:109AF000DDE90401D3E90023D8F70EF806460F4646
:109B00005DE76E2B3FF4E3ACB8E4824B2046294678
:109B10000022D7F7DBFF0F9BCDE91201002B71D19B
:109B200001F10043109011935DE651461A465846E4
:109B3000FEF7E0FF8246002844D001461A9A5846B4
:109B4000FEF726FF00283DD00F9058461A99FEF7E1
:109B5000E9FD0F9B002C1A937FF7E7AD22461A9977
:109B60005846FFF721F81A9000287FF4DEADB94679
:109B7000054622230026684FCBF800302946584678
:109B8000FEF7D0FD49465846FEF7CCFD51465846F3
:109B9000FEF7C8FD15995846FEF7C4FD09995846C9
:109BA000FEF7C0FD0BE7149ADDF83890A2EB03082E
:109BB000A5E6394642465846FEF7F6FF0746002816
:109BC0007FF4BBADB9461A9DD3E73946149A58467F
:109BD000FEF790FF074600287FF4ABADF2E70022C6
:109BE000CDF864800E925FE44C4AD31A012202FA47
:109BF00003F5164680E59FED427B8DED107B8DEDE4
:109C0000127BF0E59DED127B8DED107BEBE5A9F16C
:109C10005473DFF804910593DDE904452046294695
:109C2000FFF718F9DDE91023D7F750FF2B4622463E
:109C3000D7F724FF3A4B01EA09099945CDE9040118
:109C400040F2D68003F15473DDE90A01994202D152
:109C500006460136B6D04FF0FF33324CCDE904341E
:109C60000AE64FF0000E67E601222F493846F8F762
:109C7000D9F9824658B14FF0000A4B465546564630
:109C800050465446D146CDF824A0FFF7ECBB1999B5
:109C90004B1C19934B78302B40F04F818A1C104697
:109CA000199201320378302BF9D0401A0138A3F110
:109CB0003102082A0FD8199F0026A3F13009012488
:109CC000431C39463546099306EB8606002009EB0E
:109CD0004606FFF7C2BB00224FF0010916461446A4
:109CE00015460992FFF7BFBBDDE9046767E69FED04
:109CF000067B8DED107B9FED027B8DED127B72E577
:109D0000000000000000F03F000000000000F0BF75
:109D1000700703100000E03F0000F07FE2FBFFFF50
:109D2000FFFF9F7CFFFFEF7FE8D20210B008031017
:109D3000DDE9125628463146D8F708F9D8F700F879
:109D40000B46024631462846D7F7ACFE049D0F9ECF
:109D5000C4F3130C04462E430D4656EA0C0326D1D9
:109D6000C0A3D3E90023D7F79FFF00283FF484ADB9
:109D7000B946DDE904671A9D00E7029319A9089B1B
:109D80005846AF4A01931AAB00931BAB00F074FD29
:109D900010F00F0504463FF410AE062D40F08A8007
:109DA0007B1C0022002600270892199307E69CA33B
:109DB000D3E90023D7F778FF0028D9D120462946D8
:109DC00099A3D3E90023D7F7ABFF00283FF454ADA4
:109DD000CEE7049B012B8AD1B9F1000F87D1B94698
:109DE0001A9C2223254600260027CBF80030C5E622
:109DF00001F15474059437E59DED127B8DED167BD2
:109E00001BE5012840F33B8204EB000E0C900EF1A1
:109E1000FF3C02E0460064450BD0082C06EB8600B0
:109E200004F10104F6DD05EB8503102CD8BF5D00BD
:109E3000F1E70C987446099BBCF1080F03440993A1
:109E40007FF742AF102C4FF00000DCBF05EB85051B
:109E500002EB4505FFF701BB7A4919A801F08EFB1B
:109E600000283FF40BAB199B19A87749013B1993C4
:109E700001F084FB10B9199B013319930026734F2D
:109E80009DE544F61F629445A8BF9446CDF838C0BE
:109E90008BE50D986E4901EBC001DDE90423D1E9A2
:109EA0000001D7F713FE06460F4688E52223CBF8BC
:109EB0000030E3E71A9A3AB135211CA8FFF7FCF805
:109EC00058461A99FEF72EFC013D1B9B042D00F20B
:109ED000D981DFE805F0032C291E030003F2334289
:109EE0001C9B04931D9B23F4801343EA02530593A8
:109EF000E20502D543F000430593544A1A40DDE9D8
:109F00000467002A7FF45BADF8F7D4F822230360DE
:109F100055E54FF0FF326FF00043CDE90423E30530
:109F20007FF5E2AE059BE5E7484B0593F7E7DDE9F2
:109F30001C121D9BCDE90412DAE75046B7E69FEDEF
:109F40003C7B8DED107B9FED3C7B8DED127B4AE4DD
:109F50004B460F98B646B946AC463E49C3F313028A
:109F6000DDE90A67002800F0B5808A4200F00A8126
:109F7000A5BB049A1EEA020F33D03046394604933B
:109F8000FEF768FF0C9B002B00F02581049BC3F3B8
:109F90000A53C3F16B0CBCF1000F40F365812E4CEA
:109FA000002204EB0C53D7F791FD02460B463046D6
:109FB0003946D7F763FD06460F4630463946274BEC
:109FC0000022D7F783FD214B06460F460B40002B9E
:109FD0007FF4D1AE2223CBF80030CCE61CEA030F8D
:109FE000CBD10C9B002BE8D1C5E619A81CAA1C49B3
:109FF00001F0DEFA05287FF475AA1D9B43F0FF43AC
:10A0000043F4E00305931C9B0493DDE90467D6E465
:10A0100002F154730593FFF737BB00BFAFF3008025
:10A020009535A094FFFFDF3F35E5AF350000E03FF9
:10A03000000000000000E0BF000000000000E03F62
:10A0400088080310ECD20210F0D202100000F07F5A
:10A0500070070310FFFF0F000000F03F00005039B1
:10A060009C0803109535A094FFFFCF3F0F9BB94686
:10A07000DDE90401DDE90A670343B2D1C1F313034B
:10A08000002BAED121F00044240D2405B4F1D66F8D
:10A090002546A6D9099A536913B91369012BA0DD86
:10A0A000099901225846FEF77FFD51460990FEF7B7
:10A0B000EFFD002895DD0C9BD3B1A5F580136FEA69
:10A0C00013536FEA035305934FF0FF330493DDE915
:10A0D000046772E7D2B9DDE904452246002C49D174
:10A0E0000C9A002A40F08E8025F00044240D2405AF
:10A0F000A4F580141A9D6FEA14536FEA0353059375
:10A100004FF0FF330493DDE9046737E5ADBB049AF4
:10A110001EEA020F3FF465AF304639460493FEF75E
:10A1200099FE0C9B002B00F08680049BC3F30A531E
:10A13000C3F16B0CBCF1000F40F39E80524C002227
:10A1400004EB0C53D7F7C2FC02460B4630463946A7
:10A15000D7F7A8FC0022002306460F46D7F792FD4A
:10A1600000283FF42AAF3BE64FF00009DFF824E176
:10A17000FFF76CBABCF1000FCAD01CEA030F3FF422
:10A1800030AFC9E70C9A049CD2B1404A1A40B2F1F0
:10A19000D46F15D8100D4FF0FF31C0F16B00814026
:10A1A0008C4227D0002D62D01D423FF406AFE4E67A
:10A1B0004FF0FF3202FA03F3049A1A4004927DE44E
:10A1C000621C12D0BCF1000F7FF408AF14EA0E0F2E
:10A1D0003FF407AFD1E602460B4630463946D7F783
:10A1E0004DFC1A9D06460F46C8E4294A934234D0D6
:10A1F00001321A4002F58013059300230493DDE930
:10A200000467EEE6214D1D40B5F1D66F3FF655AF20
:10A21000B5F15C7F3FF6D1AE22231A9D00260027C0
:10A22000CBF80030AAE4C2F14B024FF0FF33934069
:10A230000B40059342E402460B4630463946D7F7B9
:10A2400031FC1A9C0022002306460F462546D7F70C
:10A2500019FD00283FF492ACC3E522231A9D002685
:10A260000A4FCBF8003089E402460B469FE614EA19
:10A270000E0F3FF4A2AE80E602460B4666E7A44608
:10A280000134D8E5002333E60000F03F0000F07F02
:10A29000FFFFEF7F60080310014BFFF731B800BFED
:10A2A0007C11002010B4044C13460A460146206875
:10A2B0005DF8044BFFF724B8380C002010B4044CB0
:10A2C0000A46044B014620685DF8044BFFF718B8B6
:10A2D000380C00207C1100202DE9F041DFF8A4802B
:10A2E00013460A460146D8F800002DED028BFFF711
:10A2F00007F802460B4604460D46D7F7B1FC50BBA3
:10A3000020462946D7F756FC08EE100ADFED1A7AE8
:10A31000B0EEC87AB4EE677AF1EE10FA15DD25F0EA
:10A3200000474FF0FF32154B20463946D7F798FCCF
:10A3300038B94FF0FF32114B20463946D7F7C8FCE9
:10A3400018B1D8F8003022221A6018EE100ABDECBD
:10A35000028BBDE8F081002D094806DAFEF7D6F839
:10A3600007EE900AB1EE678AEFE7BDEC028BBDE81D
:10A37000F041FEF7CBB800BFFFFF7F7FFFFFEF7F0D
:10A3800070C00210380C00202DE9F843254F0A4612
:10A39000254B01463868FEF7B3FF02460B460446DC
:10A3A0000D46D7F75DFC88BB20462946D7F702FC4F
:10A3B00007EE100ADFED1D7A0646B0EEC77AB4EE5E
:10A3C000677AF1EE10FA17DD25F000494FF0FF3201
:10A3D000174B20464946D7F743FC38B92046494633
:10A3E0004FF0FF32124BD7F773FC28B13B682222A3
:10A3F0001A603046BDE8F88316F0FF4FF9D10D4BD7
:10A400002B40002BF2D13046BDE8F883002D0A48DE
:10A4100004DAFEF77BF880F00046EAE7BDE8F8438F
:10A42000FEF774B8380C00207C110020FFFF7F7FFE
:10A43000FFFFEF7F0000F07F70C00210B1F90C3019
:10A440002DE9F0410C46990796B008D504F1430375
:10A4500001222360C4E9043216B0BDE8F081B4F9EA
:10A460000E100646002926DB6A46FCF7BBF90028D9
:10A470001FDB019D4FF480684FF4006705F47045C1
:10A48000A5F50055B5FA85F56D0941463046F7F753
:10A49000A7FFE8B1B4F90C30C4F8148043F080038E
:10A4A00020602061A3813DBB3B43A38116B0BDE882
:10A4B000F081B4F90C3013F0800519D04FF040084A
:10A4C0000025304641462F46F7F78AFF0028E1D1A4
:10A4D000B4F90C309A05BFD423F0030304F143020E
:10A4E000012143F002032260C4E90421A381B3E700
:10A4F0004FF480682F46C8E7B4F90E10304601F0DB
:10A500002BF810B9B4F90C30CEE7A38923F003037C
:10A5100043F001031BB2C7E770B50C46B1F90E104A
:10A5200096B0154600291E4614DB6A46FCF75AF918
:10A5300000280FDB01994FF480634FF4006001F4B1
:10A540007041A1F50051B1FA81F1490931602B60E8
:10A5500016B070BDA18911F0800106D00021402302
:10A56000084631602B6016B070BD4FF4806308461A
:10A5700031602B6016B070BD42B10C49104610B569
:10A58000144600F049F818B9094810BD084870474A
:10A590000749204600F040F80028F5D0054920463C
:10A5A00000F03AF80028EFD0002010BD00D30210D0
:10A5B000FCD2021070C00210014B93F828017047C2
:10A5C0007C11002041B110B50C460B49204600F02B
:10A5D00023F818B9094810BD0848704707492046B4
:10A5E00000F01AF80028F5D00549204600F014F8CC
:10A5F0000028EFD0002010BD00D30210FCD20210C2
:10A6000070C0021010B491FBF2F402FB1411C0E907
:10A6100000415DF8044B704780EA010C1CF0030F09
:10A6200037D110F0030C20F0030021F0030150F8A3
:10A63000042B08BF51F8043B0ED08CF0030C6FF0D4
:10A640007F434FEACC0C23FA0CFC51F8043B42EA5E
:10A650000C0243EA0C0300BFA2F1013C9A4201BF85
:10A660002CEA020C1CF0803F50F8042B51F8043BFC
:10A67000F2D04FEA02604FEA1222012828BFB0EB65
:10A68000036F08BF1B0AF4D003F0FF03000EC01ACB
:10A69000704710F0030F0AD010F8012B11F8013B9E
:10A6A000012A28BF9A42F4D0A2EB030070474DF86C
:10A6B000045D50F8042B01F0030521F0030151F86B
:10A6C000043B022D26D04DD822F07F45B5EB132F49
:10A6D000A2F1013C2CEA020C0DD11CF0803C08BF19
:10A6E00051F8043B0AD185EA0205B5EB036F0CD1A2
:10A6F00050F8042BE8E74FEA13235BE03CF07F4C73
:10A7000054D10B784FEA126554E04FEA126503F01A
:10A71000FF034FE04FEA0245A2F1013C4FEA154525
:10A720002CEA020CB5EB134F18D11CF0803C08BF8B
:10A7300051F8043B07D185EA0205B5EB034F09D177
:10A7400050F8042BE6E75FEA0C4C2FD10B884FEA58
:10A7500012452FE04FEA03434FEA12454FEA1343F5
:10A7600028E000BF02F0FF05B5EB136FA2F1013C3A
:10A770002CEA020C0DD11CF0803C08BF51F8043BC0
:10A780000AD185EA0205B5EB032F0AD150F8042B54
:10A79000E8E74FEA13630DE012F0FF0F06D051F81F
:10A7A000043B4FEA122523F07F4303E04FF0000003
:10A7B00020BC704705F0FF0203F0FF00012828BF0E
:10A7C000904204BF2D0A1B0AF4D0A2EB000020BC6B
:10A7D000704700BF2DE9F0410469B4EB611F05DC4F
:10A7E0000023036100234361BDE8F08100F11405FB
:10A7F0004E1111F01F0C05EB840E05EB860321D0E2
:10A80000043355F82610CCF120089E4521FA0CF1AE
:10A810002DD92F461A6802FA08F20A4347F8042B8A
:10A8200053F8041B9E4521FA0CF1F3D8A31B9B009F
:10A83000053B9B08013305EB830445F8231071B1F8
:10A8400004340CE09E45CBD900F1100253F8041BF0
:10A850009E4542F8041FF9D8A41B05EB8404631B32
:10A86000AC424FEAA3030361BCD0BDE8F081416173
:10A870000029B5D02C46E3E72DE9F04F8A4685B094
:10A88000096803938B78302BCDE9002040F0EE81EE
:10A89000CA1C137814460132302BFAD0A4EB0109FC
:10A8A000A9F10209DFF8108318F80330002B00F03B
:10A8B000D3802378002718F803303D46002B00F0A2
:10A8C0006D81264616F8013F18F80330002BF9D1A8
:10A8D0000122B8493046F7F7A5FB8346002843D04C
:10A8E0003278002D00F0A381AB1B4FEA830B02F0FE
:10A8F000DF023546502A43D0CAF80060002F54D1F9
:10A900002A1B3946013A072A03DD52100131072A72
:10A91000FBDC0198FDF7E0FE8246002800F06A8229
:10A9200000F11406A542029640F2CC810027B946F8
:10A930000CE03A4604372B78AC4218F8033003F0A9
:10A940000F0303FA02F349EA030940D015F8013D69
:10A950002E2B01D1AC4231D9202FEAD1002246F86A
:10A96000049B04279146E6E7002D00F070813278C1
:10A97000AB1B354602F0DF024FEA830B502ABBD1F6
:10A980006A782B2A00F051812D2A40F0C5800120E1
:10A99000AA78AE1C18F802104A1E182A40F2C48089
:10A9A0002E46CAF80060002FAAD0B9F1000F0CBFE4
:10A9B00006250025284605B0BDE8F08F01227D4917
:10A9C0002846F7F72FFB0028C6D1AC42BED1029B28
:10A9D000484646F8049BF61AB610CAF8106076018D
:10A9E000FDF754FF009B361A1C68A64277DCC0F2C4
:10A9F00020810027009B9A685A45C0F25881009B2D
:10AA00005A685A454BDDA2EB0B0B5C4500F3A7805F
:10AA1000DB68022B00F0F980032B00F06A81012B28
:10AA200040F0F7805C4540F0F480012C08D0611EB6
:10AA30005046FEF76FFB002800F0EB80009B5A6841
:10AA40000399012362250A60029ACAF81030136044
:10AA50000E9BC3F800A0ADE7012256492046F7F748
:10AA6000E1FA0746002840F09B806378651C18F8DF
:10AA70000320002A00F09680302B2C4640F04481C1
:10AA800014F8013F302BFBD018F803304FF00109C8
:10AA9000B3FA83F77F09002B7FF413AF7EE0012523
:10AAA0009FB1009BDA68022A00F08880032A00F038
:10AAB0008980012A07D1B90705D5029B1A68174377
:10AAC000FA0700F1838045F010050E9B2846C3F875
:10AAD00000A0039BC3F800B005B0BDE8F08F361BA3
:10AAE00050463146FEF716FB074678B1711E029BB1
:10AAF00001274A1153F8220001F01F0207FA02F25F
:10AB0000024203D0B94200F3E780022731465046A3
:10AB1000B344FFF75FFE6DE718F802106E1C0020CB
:10AB20004A1E182A3FF63CAF72781039013618F8E1
:10AB3000022002F1FF3CBCF1180F0CD801EB81019F
:10AB400016F8013F02EB4102A2F1100118F80320B0
:10AB5000531E182BF2D900B149428B44CCE60BF1BD
:10AB6000FF36002F40F0AC80002E40F0AF80731114
:10AB7000029A06F01F06594652F823200123504638
:10AB8000A4EB0B04B3400225134218BF47F00207A1
:10AB9000FFF720FE009BD3F804B081E7264697E636
:10ABA0002378254603F0DF03502B00F09E80CAF87F
:10ABB0000050FAE6E8D20210D80803100F9BC3F148
:10ABC00001030F930F9B002B3FF47DAF029B0026E8
:10ABD000DAF8107098461A464FEA870903EB8700A7
:10ABE00003E0904242F8046C44D9944652F8041BA6
:10ABF0004B1CF6D00131022DCCF800107DD014F0A2
:10AC00001F0440F0AB8021255FE70F9B002B3FF432
:10AC100017AF502501985146FDF784FD00230E9A89
:10AC20002846136005B0BDE8F08F0020B0E6AB46C3
:10AC30005DE6A61B5146019800273246ABEB060B9A
:10AC4000FDF7B2FF00F1140382460293D2E6727858
:10AC5000751C18F802102E4600293FF448AE16F86D
:10AC6000012F18F80230002BF9D13DE68C1C4FF073
:10AC7000000917E6DAF80820974248DA7A1C012121
:10AC80000AEB8707022DCAF81020DDF808807961E9
:10AC900033D0002A6FDC0022CAF810200022CAF844
:10ACA0001420009B0BF1010B9A685A45ABDA514610
:10ACB0000198FDF737FD00230E9AA325136079E66E
:10ACC000012754E7029E4FF0000980E631465046C6
:10ACD000FEF720FA07464AE7B11E5046FEF71AFA79
:10ACE00000283FF412AF032710E74FF0000B0127B5
:10ACF00046E60F9B002B8CD0A2E6009B1A68013A17
:10AD0000A24263D02225E0E64FF00109D9E5DAF846
:10AD1000041001980131FDF7DFFC064600286FD0D2
:10AD2000DAF810200AF10C010C3006F11408023296
:10AD30009200FAF73DFB51460198B246FDF7F2FC4E
:10AD400031690120022D01EB000206EB8101326125
:10AD50004861D2D09742BFF652AF9AE7C144C4F1DE
:10AD6000200459F8040CFDF791FDA042BFF64BAF4B
:10AD7000DAF810208DE708EB82000AF11804DAF8FF
:10AD80001420A0424FEA52022CD94546236842EAD9
:10AD9000C37245F8042B54F8042BA0424FEA520228
:10ADA000F4D8A0EB0A0119398908013148F82120AB
:10ADB00008EB810102B10431A1EB080241454FEAE1
:10ADC000A202CAF810207FF46CAF67E7621104F0AA
:10ADD0001F0458F822100122A2400A4214BF212564
:10ADE000222572E6C8F800200AB14146E3E7CAF816
:10ADF000102053E70246054BE4210548D8F7D2FD61
:10AE00000246024B84210248D8F7CCFD9CCB0210AD
:10AE100008D302102DE9F04780460C4645482646E7
:10AE200014F801EB10F80EC01CF0080CF7D1BEF1BD
:10AE30002D0F5BD0BEF12B0F3AD0654633F01000DA
:10AE40003ED04FF0FF379A46B7FBF3F703FB07F905
:10AE50006FEA0909002630460EE0AEF1370C634573
:10AE60001DDD002E04DBB84202D833D1CC4531DDE4
:10AE70004FF0FF3614F801EBAEF1300CBCF1090FC6
:10AE8000EDD9AEF1410CBCF1190FE6D9AEF1610C70
:10AE9000BCF1190F03D8AEF1570C6345E1DC731C0C
:10AEA0001CD005B140420AB1F6B91160BDE8F08787
:10AEB00033F0100094F800E0654606F10204C0D1BA
:10AEC000BEF1300F17D06BBB0A234FF005091A4FA4
:10AED0009A46BFE700FB0AC00126CBE72223304693
:10AEE000C8F80030002AE1D0611EDEE794F800E0E7
:10AEF0000125B41CA2E7207800F0DF00582807D015
:10AF000083B908234FF007096FF060479A46A1E71D
:10AF1000102394F801E04FF00F0902346FF07047EE
:10AF20009A4697E710234FF00F096FF070479A4643
:10AF300090E700BF35060310999999196AE700BF99
:10AF400010B4044C13460A46014620685DF8044BD1
:10AF500060E700BF380C002010B4044C13460A46CA
:10AF6000014620685DF8044B54E700BF380C002010
:10AF700010B4034CD4F8E440A4465DF8044B604799
:10AF80007C11002082B049B15AB16BB113780B60CB
:10AF90001278101E18BF012002B0704701A9002AC4
:10AFA000F3D1104602B070476FF00100F4E700BF24
:10AFB00088420ED98B1883420BD900EB020C002A71
:10AFC0006ED0624613F801CD994202F801CDF9D155
:10AFD00070470F2A0FD8034602F1FF3C002A5FD0CA
:10AFE0000CF1010C013B8C4411F8012B614503F875
:10AFF000012FF9D1704740EA01039B0751D1A2F11B
:10B00000100301F1200C70B523F00F0501F1100EB3
:10B0100000F110041B09AC445EF8105C0EF1100E38
:10B02000103444F8205C5EF81C5C44F81C5C5EF84C
:10B03000185C44F8185C5EF8145CE64544F8145C4F
:10B04000EAD1013312F00C0F02F00F0C01EB0311E7
:10B0500000EB031329D0ACF1040C1C1F8E462CF01E
:10B0600003064FEA9C0C1E445EF8045B44F8045F40
:10B07000B442F9D10CF1010402F0030203EB8403A2
:10B0800001EB840102F1FF3C4AB10CF1010C013BE0
:10B090008C4411F8012B614503F8012FF9D170BDE3
:10B0A000704702F1FF3C03469AE76246EAE700BFB9
:10B0B000FF2804D8034B185C00F0080070470020FC
:10B0C000704700BF35060310002070472DE9F04F90
:10B0D00085B08B461E460D4601925D4A0390294677
:10B0E00015F8014B135D13F00803F8D12D2C00F077
:10B0F00082802B2C51D0029336F0100A54D04FEAA4
:10B10000E67A32464FF0FF304FF0FF315346B146FA
:10B1100000F0EEFD32460746884653464FF0FF30BA
:10B120004FF0FF3100F0E4FD944600221046114636
:10B1300013E0A4F137039E421FDD002A09DB87429A
:10B1400078EB010205D3414508BFB8423BD16345C6
:10B1500039DD4FF0FF3215F8014BA4F13003092B14
:10B16000E9D9A4F14103192BE3D9A4F16103192B07
:10B1700003D8A4F157039E42DFDC531C30D0029B5E
:10B1800013B1404261EB4101019B1BB182BB019BAA
:10B19000C3F800B005B0BDE8F08F36F0100A2C7887
:10B1A000029301F10205AAD1302C29D0002E44D1FE
:10B1B0004FF00A09B2464FF0050C4FF09937DFF80F
:10B1C00094804E46B1E709FB01F100FB0A11A9FB8F
:10B1D0000002114418184FF0010241EBE371BAE785
:10B1E0002223039910460B601146019B002BD1D0FE
:10B1F00005F1FF3BCBE701232C788D1C02937BE705
:10B200002B7803F0DF03582B0BD0B6B94FF00809A9
:10B21000B2464FF0070C4FF0FF376FF060484E46D4
:10B2200083E74FF010096C784FF00F0C02354FF0A8
:10B23000FF376FF070484E4677E74FF010094FF038
:10B240000F0C4FF0FF376FF070484E466DE700BFB0
:10B25000350603109999991938E700BF10B4044CCA
:10B2600013460A46014620685DF8044B2EE700BFEE
:10B27000380C002010B4044C13460A4601462068DE
:10B280005DF8044B22E700BF380C002038B50C46AF
:10B2900084461146074D1A460023204664462B601B
:10B2A000D8F746FB431C00D038BD2B68002BFBD0E1
:10B2B000236038BD68720320014B186800F05EBA45
:10B2C000380C002008B5FBF735FC044B186800F07B
:10B2D00055FABDE80840FBF72FBC00BF380C002032
:10B2E00000487047F012002010B4034CD4F8E0403E
:10B2F000A4465DF8044B60477C110020034649B129
:10B30000FF2A02D801200A7070478A224FF0FF30CE
:10B310001A6070470846704738B50C468446114697
:10B32000074D1A460023204664462B60D8F728FBB9
:10B33000431C00D038BD2B68002BFBD0236038BDE8
:10B34000687203202DE9F0470446FFF7C9FF40F279
:10B35000B1739C4240F3AD806FF4F66786465E4A57
:10B36000A4F26D7304EB070CA4F2B271446040F2D6
:10B370006D104FEAAC0C6FF4C8690EF1500500FB7C
:10B3800001CC82FB0301DB175448A3EB61139C44FF
:10B3900004EB0903A2FB032372460CEBD31C117AC6
:10B3A00053694A2922D044293FD163449169283204
:10B3B0001768CE17C3FB0016C91946EBE77695420E
:10B3C00042E90216EBD1DEF82000DEF84810DEF884
:10B3D00024308842DEF84C204FF001009341B4BF86
:10B3E00003460023CEF80030BDE8F087A6070CEB3B
:10B3F00003010ED13A4F3B4E07FB046607F180472D
:10B40000013FB7EBB60F04D23B2BC8BF01314B1E37
:10B41000CCE7334F334E07FB0466334FB7EB361F91
:10B42000F5D33B2BC8BF0131F1E7A10744D02A4E29
:10B4300086FB0416E117C1EBE6114FF4C87606FB54
:10B44000114100290CBF4FF030084FF00008274988
:10B450008844D16801293CDD4FEA810A6646A8F19B
:10B460000401AAF10809C14451F8047F89453E440A
:10B47000FAD1AAF104018844311D1D4F87FB0179DF
:10B48000CF178944C7EBA907C7EBC707C91BD8F873
:10B490000070591A136903F1FF3348BF0731C3EB3A
:10B4A000C3030B44BB4202DB073BBB42FCDA334421
:10B4B0007CE70020BDE8F087094E0A4906FB04112D
:10B4C00006F18046013EB6EBB10FB0D24FF0300826
:10B4D000BDE76646D0E700BF1F85EB5180510100F4
:10B4E000295C8FC250B81E050AD7A300D8090310E3
:10B4F0009324499270B4164D2C681CB365681F2DB7
:10B5000023DC38B96B1C00200235636044F8251039
:10B5100070BC704704EB850C0228CCF888204FF0F3
:10B520000102D4F8886102FA05F246EA0206C4F87C
:10B530008861CCF80831E5D1D4F88C311343C4F8D4
:10B540008C31DFE7034C2C60D8E74FF0FF30DFE7AA
:10B55000187403206C72032038B50022064D04468F
:10B5600008462A60D8F714FA431C00D038BD2B686F
:10B57000002BFBD0236038BD6872032010B504682F
:10B580008646013409E014F8013BA3F1410CBCF1FB
:10B59000190F98BF2033934207D111F8012B002ACD
:10B5A000F1D10120CEF8004010BD002010BD00BF39
:10B5B00009682DE9F04F4B1185B011F01F010446C9
:10B5C00002EB8303029140F09A80181F1946256808
:10B5D000002641F8046C01352B78002B00F0A78081
:10B5E000B446019106468646DFF88081E14667460B
:10B5F000E346AA460146039418F8030000285CD1EC
:10B60000202B00F28E804F4520DD76451AD9BCF103
:10B61000070F17DCCCF10804DEF800307046CDF8D7
:10B6200000E0A400C4F1200CA646446804FA0CF51E
:10B630001D4324FA0EF3056040F8043F8642F4D817
:10B64000DDF800E0724551D34FF0080C1AF8013FC5
:10B65000002BD1D108460199002F68D0B64502D2FF
:10B66000BCF1070F67DD72454CD2141F734653F8C7
:10B67000045B834244F8045FF9D9A0EB0E03441C39
:10B680000EF1010E23F003030433A64588BF042303
:10B690000024134443F8044B8342FBD951F8044C73
:10B6A0001CB106E050F8043D1BB98242FAD10123D7
:10B6B0000360052005B0BDE8F08F0CF1010C0137E7
:10B6C000BCF1080F08DCDEF800301B0100F00F00B1
:10B6D0001843CEF80000B9E77245B7D24EF804BC63
:10B6E0000023AEF1040E4FF0010CEFE7AEF10406BB
:10B6F0004EF804BCB9464FF0000CB646A6E7191D3B
:10B70000184664E7029B51F8044C002BC8D0C3F1E3
:10B7100020034FF0FF3525FA03F31C4041F8044C99
:10B72000BEE7292B084655460199039C1BD00420EF
:10B7300005B0BDE8F08FCCF10803DEF80040774695
:10B740009B002546C3F120089C467B6803FA08F459
:10B750002C4323FA0CF53C6047F8045FBE42F4D852
:10B76000724582D3CEE70135256075E7D80803100E
:10B7700000200149704700BF0000F87F2DE9F04F1D
:10B7800005468FB0FFF7ACFDBE4904462846FAF7E0
:10B7900047F98046002800F03181BB4E316821B165
:10B7A000FEF73AFF002841D031680846D6F764FD1D
:10B7B0004046FBF789FC014628460131F6F710FEAA
:10B7C000306010B14146FCF719FDB04A0023B04D7E
:10B7D000B04EB14F3360A36223653B60C5E90022E0
:10B7E0004A22C4E90333C4E90533C4E90D33C4E98B
:10B7F0000F332272002384F830200022C4E908238A
:10B80000C4E9122398F800303A2B12D03C2B16D002
:10B810000DF1300BA14AA24940465B4600F00AFAFE
:10B82000002803DD0C98C21E072A1ED90FB0BDE800
:10B83000F08F98F8013008F101083C2BE8D108F1AD
:10B8400001090DF1300B954A96495B46484600F0D8
:10B85000F1F90028EADD0C98C21E072AE6D819F88B
:10B8600000203E2AE2D108F1020818F8002008EB77
:10B8700000092D2A00F0E9802B2A4FF0010808BFAB
:10B8800009F101090AAB00228749484602930DF1EC
:10B890002603ADF8262000935B46ADF8282009AAC0
:10B8A000CDF80CB0CDF804B000F0C4F90028BDDD2F
:10B8B000BDF826204FF4616CBDF82400C2EB0211E4
:10B8C000BDF8282002EB81020C990CFB002208FB3A
:10B8D00002F319F8012089443C2A059300F0E8801E
:10B8E0006E4B48466E490C331A4606935B4600F091
:10B8F000A1F9002840F3FA800C9AD11E072995D8A7
:10B9000019F8021009EB02082D2900F0A3802B2959
:10B910004FF0010908BF08F101080AAB0022624993
:10B920004046ADF82420ADF82620ADF828200C9232
:10B9300009AACDF80CB0CDE901B30DF126030093AF
:10B940005B4600F077F9002840F3E480BDF826203C
:10B950004FF46160C2EB0211BDF8282002EB8102B6
:10B96000BDF8241000FB012209FB02F20C99002310
:10B97000A24607928844049398F80090B9F12C0FDE
:10B9800003D198F8019008F10108B9F14D0F00F0CA
:10B99000C580B9F14A0F4FF00A020DA90CBF08F19A
:10B9A00001084FF044094046FFF7D6FA0D9BADF869
:10B9B0002E00434500F0A18080B28AF80890CAF8B2
:10B9C000140098464FF000094FF00203ADF826909E
:10B9D000ADF82430ADF82890CDF8309098F80030CC
:10B9E0002F2B00F0C8804FF4E153CAF818300AF149
:10B9F000280A049B9BBB01230493BDE72B4A4A21E1
:10BA0000234B2448204DC0F80080C4F828802868C3
:10BA100084F83010C4F85080C3E9002200220023CB
:10BA20002172C4E90823C4E912231B4BC4E903882B
:10BA3000C4E90588C4E90D88C4E90F88C3F800800B
:10BA4000D6F71AFCC5F80080F0E609F101094FF0BD
:10BA5000FF3817E708F101084FF0FF395DE7059B54
:10BA6000079AA3620D4B22652B60069B60686B6092
:10BA7000FFF768FCA26A236D32609B1A18BF01238E
:10BA80003B60D3E640D30210FC73032070C0021069
:10BA900048130020607203206472032000740320A6
:10BAA00058D3021044D3021068D302103CD30210C2
:10BAB000514B09F1010A51490C3350461A4606937D
:10BAC0005B4600F0B7F800280CDD0C9AD11E072960
:10BAD0003FF6ACAE1AF802103E297FF4A7AE09F18A
:10BAE00002090DE799F801203E2AEED1424BC5E943
:10BAF0000033059BA362336098E6049A002A5BD06A
:10BB00004D220B2184F830200122C4E90D120022BD
:10BB1000E26356E7059BA3F5616227E70DF12E036B
:10BB20000DF12A023649404602930BABCDF80CB01A
:10BB300000935B46CDF804B000F07CF803287FF456
:10BB400075AEBDF82A305A1E0B2A3FF66FAEBDF80F
:10BB50002C20511E04293FF669AEBDF82E1006298F
:10BB60003FF664AE8AF80890CAF81410CAE90332A6
:10BB70000C9B984426E70AAB09AA22494046CDF817
:10BB80000CB0CDE901B30DF1260300935B4600F044
:10BB900051F8484518DDBDF826304FF46161C3EB1C
:10BBA0000312BDF8283003EB8203BDF8242001FB0B
:10BBB00002330C9A904418E762614D2203202272EE
:10BBC0000222C4E90302FCE64A2100220023C4F851
:10BBD0002890217284F83010C4F85090C4E9039979
:10BBE000C4E90599C4E90823C4E90D99C4E90F998A
:10BBF000C4E912231AE600BF0074032044D30210E4
:10BC00007CD3021090D3021010B50446FAF792FFCD
:10BC10002046FFF7B3FDBDE81040FAF78DBF00BF27
:10BC2000024B13B10248FBF709B97047000000004E
:10BC3000B98402100EB470B59DB000254FF40172A6
:10BC400021AC1B95ADF8142054F8046B02900690BB
:10BC5000FBF73AFA0B4903464FF6FF7032460A915A
:10BC60000949ADF81600039307932346086802A913
:10BC70000E9513950194FBF701FB1DB0BDE87040D4
:10BC800003B0704781550210380C00200CB4F0B599
:10BC90009DB000254FF40173064622AC0846ADF86E
:10BCA000143054F8047B1B9502910691FBF70CFAB3
:10BCB0000B4903460E953A4613954FF6FF750393CD
:10BCC0003046079323460A9102A9ADF81650019415
:10BCD000FBF7D4FA1DB0BDE8F04002B0704700BFDA
:10BCE00081550210F8B500BF5FF800F0790600201A
:10BCF0005FF800F0C90700205FF800F0ED010020B8
:10BD00005FF800F0290700205FF800F0290200200A
:10BD10005FF800F0210300205FF800F081010020AF
:10BD20005FF800F091020020C91800103D180010C3
:10BD3000711800105D190010A9180010C11700102B
:10BD4000F1180010AD170010E10A0010F5180010EE
:10BD5000590E00100D180010DD1800108D1800107D
:10BD6000290700105107001021BC021055020010D5
:10BD7000726F0000727700007069636F63616C63BB
:10BD80005F7472735F73636166666F6C640000005A
:10BD90005049434F43414C435F5452535F524F4DC0
:10BDA00000000000726F6D732F6D6F64656C332E31
:10BDB000726F6D005049434F43414C435F5452539F
:10BDC0005F4449534B300000496E697469616C6986
:10BDD0007A696E67205069636F43616C63205452C7
:10BDE000532073636166666F6C6400005461726710
:10BDF0006574206D616368696E653A205452532DF5
:10BE00003830204D6F64656C2049494900000000BE
:10BE1000524F4D20706174683A2025730000000075
:10BE2000524F4D2066696C65206E6F7420666F7589
:10BE30006E6400005452532D3830204D6F64656C91
:10BE40002049494920524F4D204D697373696E67EF
:10BE5000000000005075742074686520524F4D201A
:10BE600061743A002F726F6D732F6D6F64656C3360
:10BE70002E726F6D00000000416C736F2061636370
:10BE800065707465643A0000726F6D732F7472731D
:10BE900038306D332E726F6D000000005344206403
:10BEA00065746563743A206770696F3D256420701E
:10BEB000726573656E743D256400000050726F6298
:10BEC000653A20257320282564290000506F776586
:10BED00072206379636C6520616674657220636F9C
:10BEE0007079696E672E00004469736B20303A20C8
:10BEF00025732028257329004469736B20303A206C
:10BF00006E6F6E65000000004D6F64656C204949DE
:10BF100049207265736574207061746820636F6D69
:10BF2000706C6574656400005374617274696E6747
:10BF300020656D756C61746F722072756E206C6F08
:10BF40006F7000006469736B732F6469736B302EBC
:10BF5000646D6B006469736B732F6469736B302E4F
:10BF60006A7633006469736B732F6469736B302E68
:10BF70006A7631002F6469736B732F6469736B3059
:10BF80002E646D6B000000002F6469736B732F6467
:10BF900069736B302E6A7633000000002F6469737A
:10BFA0006B732F6469736B302E6A7631000000006A
:10BFB0007364636172642F726F6D732F6D6F64654C
:10BFC0006C332E726F6D00000A2A2A2A2050414ECF
:10BFD0004943202A2A2A0A004861726477617265FF
:10BFE00020616C61726D20256420616C72656164F2
:10BFF0007920636C61696D6564000000486172645A
:10C0000020617373657274004F7574206F66206DC4
:10C01000656D6F727900000052656C656173650033
:10C02000626F6F74325F77323571303830000000E4
:10C03000322E322E300000007069636F3200000033
:10C04000417072202037203230323600666E692B04
:10C0500000000000666E69006E616E00666E692DFC
:10C06000000000002C2066756E6374696F6E3A20C4
:10C0700000000000617373657274696F6E20222581
:10C080007322206661696C65643A2066696C65207C
:10C09000222573222C206C696E652025642573256A
:10C0A000730A00005541525420737464696E000095
:10C0B00055415254207374646F7574005541525445
:10C0C00020737464696E202F207374646F7574001C
:10C0D000756E737570706F72746564204544206965
:10C0E0006E737472756374696F6E3A203078255878
:10C0F000000000007472735F6469736B5F636F6D3F
:10C100006D616E642830782530325829206E6F7446
:10C1100020696D706C656D656E746564202D2025D9
:10C12000730000004A5631206F7220444D4B206945
:10C13000646F66667365742028696E7465726E61DB
:10C140006C206572726F722900000000444D4B2014
:10C150006F66667365742028696E7465726E616CB3
:10C16000206572726F7229006F70656E206469734A
:10C170006B25643A202725732700000072622B008C
:10C18000726200005265616C206469736B20737089
:10C19000656369666965722066696C652066726FA1
:10C1A0006D20444D4B20656D756C61746F72206E0F
:10C1B0006F7420737570706F727465640000000096
:10C1C000257300004661696C656420746F20726598
:10C1D0006164206669727374204A5633204944733F
:10C1E0003A206469736B25643A2027257327000081
:10C1F000626F6775732064726976652073656C651C
:10C2000063740000636865636B20666F7220656D00
:10C21000707479206F6E207265616C20666C6F702F
:10C22000707900007772697465207265616C2066B0
:10C230006C6F707079000000444D4B20666F726D1A
:10C24000617474696E6720746F6F206D616E792000
:10C2500061646472657373206D61726B73206F6EBD
:10C2600020747261636B0000444D4B206164647202
:10C27000657373206D61726B207061737420656EDD
:10C2800064206F6620747261636B000066616C737A
:10C290006520736563746F7220494420286E6F2097
:10C2A00064617461290000007761726E696E673A9B
:10C2B000207265636F7264696E672066616C736576
:10C2C00020736563746F7220494420617320435268
:10C2D00043206572726F72007772697465207472A0
:10C2E00061636B206F6E207265616C20666C6F708D
:10C2F0007079000066616C736520747261636B20F5
:10C300006E756D62657200004A563120646F756209
:10C310006C65207369646564000000004A56312032
:10C32000646F75626C652064656E73697479000072
:10C3300066616C73652068656164206E756D626509
:10C34000720000004A563120736563746F72206E6C
:10C35000756D626572203E3D20313000696E7661F8
:10C360006C696420736563746F722073697A650009
:10C37000736563746F722073697A6520213D203282
:10C380003536000076617279696E67207365637473
:10C390006F722073697A65206F6E2073616D6520FE
:10C3A000747261636B206F6E207265616C20666CC5
:10C3B0006F70707900000000666F726D61742044C8
:10C3C000414D204641206F6E207265616C20666C85
:10C3D0006F70707900000000666F726D61742044A8
:10C3E000414D204639206F6E207265616C20666C6D
:10C3F0006F70707900000000666F726D6174204488
:10C40000414D204638206F6E207265616C20666C4D
:10C410006F707079000000004A56312044414D2071
:10C4200063616E6E6F742062652046390000000003
:10C430004A5631206469726563746F727920747230
:10C4400061636B206D757374206265203137000065
:10C450004A5631206E6F6E2D49424D2073656374CC
:10C460006F720000696E74656E74696F6E616C2026
:10C47000435243206572726F720000006572726FE2
:10C480007220696E20666F726D61742073746174BE
:10C4900065206D616368696E65000000444D4B2046
:10C4A0007265666F726D617474696E672061646431
:10C4B0007320746F6F206D616E7920736563746F84
:10C4C000727320746F20747261636B007365656BA7
:10C4D000207265616C20666C6F70707900000000DE
:10C4E0006E6F6E2D49424D2072656164206F6E2023
:10C4F0007265616C20666C6F707079007265616442
:10C50000207265616C20666C6F70707900000000AD
:10C5100072656164206D756C7469706C65000000F3
:10C520006E6F6E2D49424D207772697465206F6E73
:10C53000207265616C20666C6F707079000000007D
:10C540004A5631206469726563746F7279206D7523
:10C55000737420626520747261636B203137000050
:10C560007772697465206D756C7469706C65000014
:10C57000726561642061646472657373206F6E20FC
:10C580007265616C20666C6F7070790072656164B1
:10C5900020747261636B206F6E207265616C20661F
:10C5A0006C6F707079000000726561642074726154
:10C5B000636B0000444D4B206469736B20637265AC
:10C5C000617465642061732073696E676C652064B3
:10C5D000656E73697479206F6E6C7900444D4B20E1
:10C5E0006469736B20637265617465642061732094
:10C5F00073696E676C65207369646564206F6E6C27
:10C6000079000000666F72636520696E74657272EE
:10C61000757074207769746820636F6E64697469DB
:10C620006F6E0000770000007361766520446973C7
:10C630006B205365743A20272573270025730A0061
:10C640006C6F6164204469736B205365743A2027D2
:10C65000257327000D0A00006C6F61642064697304
:10C660006B25643A2027257327000000756E6B6EDA
:10C670006F776E206D656D5F62616E6B20636F6DAD
:10C680006D616E64202564002573205B64656275AE
:10C69000675D20002573205B4552524F525D20009C
:10C6A0002573205B464154414C5D2000203A2025F3
:10C6B000730A000050726F6C6F67696361204350AA
:10C6C0002D3530300000000050726F6C6F67696369
:10C6D000612043502D353030204D383000000000AF
:10C6E00041737465722043542D38300045414341F5
:10C6F00020454720333230302047656E6965204938
:10C70000494900005443532047656E6965204949F3
:10C71000497300004C4E572052657365617263681F
:10C72000204C4E5738302F494900000054435320C5
:10C7300053706565644D6173746572005B50433D71
:10C74000253034585D2043502D3530303A20706FFD
:10C7500072743D3078463420413D3078253032586F
:10C7600020756E696D706C656D656E7465640A0028
:10C7700077620000736176652053746174653A20B6
:10C7800027257327000000006661696C65642074CA
:10C790006F206765742053746174652042616E6E0A
:10C7A00065722066726F6D202725732700000000D8
:10C7B000756E737570706F727465642076657273D0
:10C7C000696F6E202564206F662053746174652044
:10C7D00066696C6520272573270000006C6F616413
:10C7E0002053746174653A202725732700000000E8
:10C7F0002532306600000000256600006C6F616421
:10C8000020524F4D2066696C653A2027257327001A
:10C81000524F4D2066696C652027257327206E6F67
:10C820007420696E20496E74656C20686578206696
:10C830006F726D61740000004D4F44454C412F49AB
:10C8400049492066696C6520272573272073697A1A
:10C850006520256420657863656564732031342024
:10C860004B420000656E74727920706F696E74209F
:10C870006F6620272573273A2030782558202825F1
:10C8800064290A00756E6B6E6F776E20434D4420ED
:10C89000666F726D61743A202725732700000000CF
:10C8A0006C6F616420434D442066696C653A2027B3
:10C8B000257327007472735F65786974282564296D
:10C8C0000A00000074726F75626C6520636F6D7092
:10C8D0007574696E67206C6F63616C2074696D6537
:10C8E00020696E20656D745F74696D6500000000DD
:10C8F000756E737570706F727465642066756E63A3
:10C9000074696F6E20636F646520256420746F20E6
:10C91000656D745F74696D65000000005A425820AF
:10C9200064656275676765722064697361626C65CE
:10C9300064000000756E737570706F7274656420AA
:10C9400066756E6374696F6E20636F64652025641D
:10C9500020746F20656D745F6D6973630000000063
:10C960002F0000002425272D5F407E602128297B91
:10C970007D5E2326000000007E256400556E6B6EF0
:10C980006F776E206572726F72000000537563637B
:10C99000657373004E6F205344206361726420708E
:10C9A000726573656E740000534420636172642085
:10C9B000696E697469616C697A6174696F6E206609
:10C9C00061696C656400000052656164206F706588
:10C9D000726174696F6E206661696C656400000045
:10C9E0005772697465206F7065726174696F6E202B
:10C9F0006661696C65640000496E76616C696420EB
:10CA00005344206361726420666F726D617400002C
:10CA100046696C652073797374656D206E6F742040
:10CA20006D6F756E7465640046696C65206E6F7419
:10CA300020666F756E640000496E76616C696420D3
:10CA400070617468000000004E6F7420612064699A
:10CA5000726563746F7279004E6F7420612066692D
:10CA60006C6500004469726563746F7279206E6F43
:10CA70007420656D707479004469726563746F72B7
:10CA800079206E6F7420666F756E64004469736BF5
:10CA90002066756C6C00000046696C6520616C72E4
:10CAA000656164792065786973747300496E766195
:10CAB0006C69642066696C6520706F736974696F56
:10CAC0006E000000496E76616C696420706172616D
:10CAD0006D65746572000000496E76616C69642052
:10CAE000736563746F722073697A6500496E76614D
:10CAF0006C696420636C75737465722073697A6500
:10CB000000000000496E76616C6964204641542043
:10CB100073697A6500000000496E76616C69642073
:10CB2000726573657276656420736563746F727382
:10CB3000000000001B5B3F313B6300001B5B306E5D
:10CB4000000000001B5B25643B25645200000000D0
:10CB5000494E4600696E66004E414E003031323318
:10CB600034353637383941424344454600000000E9
:10CB70003031323334353637383961626364656653
:10CB800000000000286E756C6C290000496E666913
:10CB90006E697479000000004E614E0042616C6C59
:10CBA0006F632073756363656564656400000000EE
:10CBB0002E2E2F2E2E2F2E2E2F2E2E2F2E2E2F2E90
:10CBC0002E2F6E65776C69622F6C6962632F7374A8
:10CBD000646C69622F64746F612E630065256C64F8
:10CBE000000000004E6F74206F776E6572000000C9
:10CBF0004E6F20737563682066696C65206F7220C4
:10CC00006469726563746F72790000004E6F2073FF
:10CC10007563682070726F6365737300496E746525
:10CC2000727275707465642073797374656D2063B6
:10CC3000616C6C00492F4F206572726F72000000AA
:10CC40004E6F207375636820646576696365206F35
:10CC50007220616464726573730000004172672022
:10CC60006C69737420746F6F206C6F6E67000000C6
:10CC70004578656320666F726D6174206572726FAE
:10CC800072000000536F636B657420616C726561A4
:10CC9000647920636F6E6E656374656400000000E4
:10CCA0004261642066696C65206E756D6265720014
:10CCB0004E6F206368696C6472656E0044657374BE
:10CCC000696E6174696F6E2061646472657373204C
:10CCD0007265717569726564000000004E6F206DA9
:10CCE0006F72652070726F63657373657300000007
:10CCF0004E6F7420656E6F75676820737061636531
:10CD0000000000005065726D697373696F6E206476
:10CD1000656E69656400000042616420616464724C
:10CD200065737300446576696365206F7220726570
:10CD3000736F7572636520627573790046696C65FF
:10CD4000206578697374730043726F73732D646523
:10CD500076696365206C696E6B0000004E6F20730E
:10CD6000756368206465766963650000486F737455
:10CD700020697320646F776E00000000436F6E6E51
:10CD8000656374696F6E20616C7265616479206996
:10CD90006E2070726F677265737300004973206153
:10CDA000206469726563746F72790000496E766100
:10CDB0006C696420617267756D656E7400000000B7
:10CDC0004E6574776F726B20696E7465726661630D
:10CDD00065206973206E6F7420636F6E6669677576
:10CDE00072656400436F6E6E656374696F6E206177
:10CDF000626F72746564206279206E6574776F72F9
:10CE00006B000000546F6F206D616E79206F70654C
:10CE10006E2066696C657320696E20737973746522
:10CE20006D00000046696C6520646573637269700B
:10CE3000746F722076616C756520746F6F206C6101
:10CE4000726765004E6F7420612063686172616370
:10CE50007465722064657669636500005465787452
:10CE60002066696C652062757379000046696C659F
:10CE700020746F6F206C617267650000486F737477
:10CE800020697320756E726561636861626C65000C
:10CE90004E6F207370616365206C656674206F6EE1
:10CEA00020646576696365004E6F742073757070D9
:10CEB0006F72746564000000496C6C6567616C207A
:10CEC0007365656B00000000526561642D6F6E6CC8
:10CED000792066696C652073797374656D00000054
:10CEE000546F6F206D616E79206C696E6B730000FA
:10CEF00042726F6B656E2070697065004D61746879
:10CF0000656D617469637320617267756D656E74B8
:10CF1000206F7574206F6620646F6D61696E206F7D
:10CF2000662066756E6374696F6E00005265737576
:10CF30006C7420746F6F206C617267650000000074
:10CF40004E6F206D657373616765206F6620646541
:10CF50007369726564207479706500004964656E58
:10CF60007469666965722072656D6F76656400002C
:10CF7000496C6C6567616C206279746520736571BA
:10CF800075656E6365000000446561646C6F636B7A
:10CF9000000000004E6574776F726B206973207516
:10CFA0006E726561636861626C6500004E6F206C33
:10CFB0006F636B004E6F7420612073747265616DD6
:10CFC0000000000053747265616D20696F63746CBA
:10CFD0002074696D656F7574000000004E6F2073DA
:10CFE000747265616D207265736F7572636573002D
:10CFF0005669727475616C20636972637569742017
:10D00000697320676F6E650050726F746F636F6C29
:10D01000206572726F720000556E6B6E6F776E20B6
:10D0200070726F746F636F6C000000004D756C74EC
:10D0300069686F7020617474656D70746564000058
:10D04000426164206D6573736167650046756E6348
:10D0500074696F6E206E6F7420696D706C656D659C
:10D060006E7465640000000046696C65206F722074
:10D0700070617468206E616D6520746F6F206C6FD5
:10D080006E670000546F6F206D616E792073796D4B
:10D09000626F6C6963206C696E6B73004E6F206207
:10D0A000756666657220737061636520617661697B
:10D0B0006C61626C650000004E6F206461746100F9
:10D0C000416464726573732066616D696C79206E6A
:10D0D0006F7420737570706F72746564206279204C
:10D0E00070726F746F636F6C2066616D696C79002C
:10D0F00050726F746F636F6C2077726F6E672074FD
:10D1000079706520666F7220736F636B65740000C1
:10D11000536F636B6574206F7065726174696F6EB5
:10D12000206F6E206E6F6E2D736F636B65740000E1
:10D1300050726F746F636F6C206E6F7420617661D4
:10D14000696C61626C650000436F6E6E6563746943
:10D150006F6E20726566757365640000436F6E6E56
:10D16000656374696F6E20726573657420627920DF
:10D17000706565720000000041646472657373201D
:10D18000616C726561647920696E20757365000059
:10D1900041646472657373206E6F74206176616997
:10D1A0006C61626C65000000536F66747761726534
:10D1B0002063617573656420636F6E6E6563746967
:10D1C0006F6E2061626F727400000000536F636BBA
:10D1D0006574206973206E6F7420636F6E6E656373
:10D1E00074656400536F636B657420697320616CB0
:10D1F000726561647920636F6E6E65637465640047
:10D200004F7065726174696F6E2063616E63656CE7
:10D21000656400005374617465206E6F74207265DC
:10D22000636F76657261626C6500000050726576AE
:10D23000696F7573206F776E65722064696564002D
:10D240004F7065726174696F6E206E6F74207375B4
:10D2500070706F72746564206F6E20736F636B659E
:10D260007400000056616C756520746F6F206C61EE
:10D2700072676520666F7220646566696E656420FA
:10D280006461746120747970650000004D6573738A
:10D2900061676520746F6F206C6F6E67000000001F
:10D2A000436F6E6E656374696F6E2074696D65643B
:10D2B000206F7574000000002E2E2F2E2E2F2E2E84
:10D2C0002F2E2E2F2E2E2F2E2E2F6E65776C69620D
:10D2D0002F6C6962632F7374646C69622F6D707256
:10D2E00065632E63000000002E0000006E660000E3
:10D2F000696E697479000000616E000043000000EF
:10D30000504F5349580000002E2E2F2E2E2F2E2E18
:10D310002F2E2E2F2E2E2F2E2E2F6E65776C6962BC
:10D320002F6C6962632F7374646C69622F67647415
:10D330006F612D6765746865782E6300474D5400F2
:10D34000545A00002531315B2D2B302D39412D5A97
:10D35000612D7A5D256E00002531315B412D5A61CA
:10D360002D7A5D256E000000256875256E3A2568CA
:10D3700075256E3A256875256E0000004D25687587
:10D38000256E2E256875256E2E256875256E000084
:10D390002F256875256E3A256875256E3A256875BE
:10D3A000256E000044BF021054BF021064BF02107B
:10D3B00074BF021088BF02109CBF0210A4BD0210EF
:10D3C00088BE0210B0BF021064BE02100000000050
:10D3D000FFFFFFFFFFFFFF7F06005250D3F07542B3
:10D3E00018C0021006005250E182887F20C002104F
:10D3F00006005250ABB3605330C0021006005250CA
:10D40000BBFF3CB638C0021006005250861C030217
:10D4100078BD0210060052505422A29D40C0021056
:10D4200005005250DE65F468C41C031000000000C3
:10D43000000000000000F03F000000000000244059
:10D4400000000000000059400000000000408F4034
:10D45000000000000088C34000000000006AF8409F
:10D460000000000080842E4100000000D0126341C3
:10D470000000000084D797410000000065CDCD4139
:10D480000D0A00000600525053B4F4A1BCC00210B3
:10D490000800525012000000080052509210000084
:10D4A0000010101000000010008101850480008130
:10D4B0000000100010001010008401800180058120
:10D4C0000100000000000100000001000100000058
:10D4D0000000010001000000010000000000010048
:10D4E0000000010001000000010000000000010038
:10D4F0000100000000000100000001000100000028
:10D500000000010001000000010000000000010017
:10D510000100000000000100000001000100000007
:10D5200001000000000001000000010001000000F7
:10D5300000000100010000000100000000000100E7
:10D5400000000100010000000100000000000100D7
:10D5500001000000000001000000010001000000C7
:10D5600001000000000001000000010001000000B7
:10D5700000000100010000000100000000000100A7
:10D580000100000000000100000001000100000097
:10D590000000010001000000010000000000010087
:10D5A0000000010001000000010000000000010077
:10D5B0000100000000000100000001000100000067
:10D5C0000000010001000000010000000000010057
:10D5D0000100000000000100000001000100000047
:10D5E0000100000000000100000001000100000037
:10D5F0000000010001000000010000000000010027
:10D600000100000000000100000001000100000016
:10D610000000010001000000010000000000010006
:10D6200000000100010000000100000000000100F6
:10D6300001000000000001000000010001000000E6
:10D6400001000000000001000000010001000000D6
:10D6500000000100010000000100000000000100C6
:10D6600000000100010000000100000000000100B6
:10D6700001000000000001000000010001000000A6
:10D680000000010001000000010000000000010096
:10D690000100000000000100000001000100000086
:10D6A0000100000000000100000001000100000076
:10D6B0000000010001000000010000000000010066
:10D6C00000002110422063308440A550C660E770FE
:10D6D000088129914AA16BB18CC1ADD1CEE1EFF1A6
:10D6E0003112100273325222B5529442F772D6624E
:10D6F000399318837BB35AA3BDD39CC3FFF3DEE3F6
:10D700006224433420040114E664C774A44485549D
:10D710006AA54BB528850995EEE5CFF5ACC58DD545
:10D720005336722611163006D776F6669556B446ED
:10D730005BB77AA719973887DFF7FEE79DD7BCC795
:10D74000C448E5588668A77840086118022823383D
:10D75000CCC9EDD98EE9AFF9488969990AA92BB9E5
:10D76000F55AD44AB77A966A711A500A333A122A8D
:10D77000FDDBDCCBBFFB9EEB799B588B3BBB1AAB35
:10D78000A66C877CE44CC55C222C033C600C411CDD
:10D79000AEED8FFDECCDCDDD2AAD0BBD688D499D85
:10D7A000977EB66ED55EF44E133E322E511E700E2D
:10D7B0009FFFBEEFDDDFFCCF1BBF3AAF599F788FD5
:10D7C0008891A981CAB1EBA10CD12DC14EF16FE1B5
:10D7D0008010A100C230E3200450254046706760ED
:10D7E000B9839893FBA3DAB33DC31CD37FE35EF305
:10D7F000B1029012F322D23235421452776256723D
:10D80000EAB5CBA5A89589856EF54FE52CD50DC554
:10D81000E234C324A014810466744764245405448C
:10D82000DBA7FAB79987B8975FE77EF71DC73CD7A4
:10D83000D326F2369106B0165766767615463456DC
:10D840004CD96DC90EF92FE9C899E9898AB9ABA9F4
:10D850004458654806782768C018E1088238A3282C
:10D860007DCB5CDB3FEB1EFBF98BD89BBBAB9ABB44
:10D87000754A545A376A167AF10AD01AB32A923A7C
:10D880002EFD0FED6CDD4DCDAABD8BADE89DC98D94
:10D89000267C076C645C454CA23C832CE01CC10CCC
:10D8A0001FEF3EFF5DCF7CDF9BAFBABFD98FF89FE4
:10D8B000176E367E554E745E932EB23ED10EF01E1C
:10D8C000000501060207030804090000000000002B
:10D8D0000000000000000000000000000200000046
:10D8E000B4C6021030000000010000000400000077
:10D8F000C8C602104000000002000000080000003E
:10D90000E0C60210400000000C0000001000000003
:10D91000ECC60210400000000A00000020000000D9
:10D9200004C70210000100000B00000040000000CE
:10D9300014C70210600000000D000000800000000D
:10D940002CC70210400000000E000000E3C201409E
:10D95000E3C281409C33A240E3C2014153444C5492
:10D960005253205374617465205361766520466973
:10D970006C650000F3C3000100000000000000001F
:10D980000000000000000000000000000000000097
:10D990000000000000000000000000000000000087
:10D9A0000000000000000000000000000000000077
:10D9B0000000000000000000000000000000000067
:10D9C0000000000000000000000000000000000057
:10D9D00000000000000000000000C3000100000083
:10D9E0000000000000000000000000000000000037
:10D9F0000000000000000000000000000000000027
:10DA00000000000000000000000000000000000016
:10DA10000000000000000000000000000000000006
:10DA200000000000000000000000000000000000F6
:10DA300000000000000000000000000000000000E6
:10DA400000000000000000000000000000000000D6
:10DA500000000000000000000000000000000000C6
:10DA600000000000000000000000000000000000B6
:10DA700000000000F321420111C03D3E61121AFE78
:10DA8000612803217201013000EDB03E05ED3C3EFE
:10DA90003085FE35281632F03DFE34280218FE216E
:10DAA000A20111003E012B00EDB018FE21F03D3621
:10DAB0003423365018FE596F7520646F206E6F74D2
:10DAC0002068617665206120524F4D20696D616745
:10DAD0006520696E7374616C6C656420666F72207A
:10DAE0004D6F64656C20594F5520444F204E4F5464
:10DAF0002048415645204120524F4D20494D414735
:10DB00004520494E5354414C4C454420464F5220E9
:10DB10004D4F44454C20284D6F64656C2034206D7A
:10DB20006F64652072657175697265732061204D3F
:10DB30006F64656C203320524F4D20696D616765BD
:10DB400029000000C34232C3DA32C35C33C36D33F1
:10DB5000C38233C37F34C387342AE640C31E1DC348
:10DB60006534C32A33C36E33C35F32C36433C39A8D
:10DB700034C3D230C37930003C3C3C3C3C3C321A8C
:10DB8000402182302204402AB14036192B36972B8F
:10DB900036C32B36F02B22B14021A234CD7935117A
:10DBA0003200CD831E3A1A40ED44280E215C372204
:10DBB0001640C6064FFE05C25531C32B1ACDF81AC2
:10DBC0002AA4402B1896E37DFE5B20037CFE1DE318
:10DBD000C2781DD7F5E6DFFE402802F1C9F1F1D782
:10DBE0002805FE232016D72863CD1C2BF5FE083010
:10DBF0002FCD8734C24A1EF17ECA1E1D111530D5A5
:10DC0000FEAD2845FEA7CA5231FEBB281D22E640C4
:10DC10002AB1402323E9D70E002809CD1C2BFE642E
:10DC2000D24A1E4F22E64079B7C9CDD23021C53441
:10DC3000CD793561CD5F32F5E6B72009CDAF0F2143
:10DC4000CE34CD7935F1C3FE31CDD230281C2BD75F
:10DC5000281BCF2CCD4731D5CF2CCD4731D5111531
:10DC6000302819CF2CCD47312812C39719CDF81A77
:10DC700023ED5BA440ED52D5E511000021D634CD53
:10DC8000793579C1E1CD8233C3FB31C5CD022B2B70
:10DC9000D7C122E640C9CDD23021DF34CD79352A33
:10DCA000A44011640019ED5BA040ED52E52AA240AA
:10DCB000237CB5280B2AA440ED5BF94037ED52E3F5
:10DCC000FDE1210000E5612EFF79B720016FCD3421
:10DCD00037CD493620687AB728F7FA8D3194A520D8
:10DCE000F0CD0B372058C0C062E5DDE1E5E100CDA5
:10DCF0000B37204A627AB5283CE5FDE1E5E1CD0B22
:10DD000037203B5DE1193848D5D5E1CDA536202E29
:10DD1000D1FDE5E17DB420102AA240237CB521117C
:10DD200032280E21793018093A8038B72803211C8F
:10DD300032E3AF180A00FDE3DD2AA44018C0E1CDAC
:10DD40002537213735CA7935CD3C351E2AC3A2196E
:10DD50003E20B718EADD22F9402AA440E5C3E81ABC
:10DD6000213135CD7935DDE5E1AFED52D5CDAF0FC0
:10DD70003E2CCD2A03E1CDAF0F3E2CCD2A03FDE58D
:10DD8000E1CDAF0F18C5C5D5CD3437CD4B373A40AF
:10DD900038E6040F2007ED78E60428F2AFCD2537EA
:10DDA000D1C1C9C5D5CD3337E601206C7CFE023028
:10DDB00018CD423220623E85321A40ED79CD4B3784
:10DDC0002EFFCD863520511809CD4936204A7A8458
:10DDD00020F7061010FE2E80CD9235C2D4321E5A86
:10DDE00026FF54CD1936CA9C320601CD19361DC204
:10DDF000A5320601ED41CD4936201D7ABD20F7211F
:10DE0000FFFF23ED78E604200DCDCD36C2D232F5EA
:10DE1000F1143E0828ECE6FBCD2537D1C1C9DDE57C
:10DE2000D5E5DDE1E5FDE5C5792F4F782F47C5FD47
:10DE3000E1CD3437CD493620257AB73E04201FDDA9
:10DE40007E00CD0B37201762EBFD19EB381BD80095
:10DE5000E5E1CDA5362007D1FD19FD23FDE5CD2552
:10DE600037C1FDE1E1D1DDE1C93E20B718F0DDE5C4
:10DE7000E5DDE1E5D5C5CD333720172E00CD923550
:10DE80002010E1E5DD7E00CD3B36200600E1E5CD4A
:10DE9000C735CD2537E1D1E5CC4D37C1E1DDE1C94D
:10DEA000D5163DCD2A33D1C9F578B1C45C33F1180C
:10DEB000013DC5D5E52FF6806FCD3337CC8635CD06
:10DEC0002537E1D1C1C9DDE5FDE5E5D5C5E5DDE1F4
:10DED000E56FE5D5FDE1C5CD33372024CD493620AA
:10DEE0001F7A8520F7061010FECD92352012ED5ACC
:10DEF000DDE5E1CD3B362008ED5AFDE5E1CD3B36D1
:10DF0000206FED5AED5AE1CD3B362066E5E100CDBC
:10DF1000C735205EE1DDE17D2F6FCD863520557D53
:10DF20002F6F3E01ED79CD493620497ABD20F7C0EB
:10DF3000E5E1CD0B37203DC0007DDDE5E1BD20658D
:10DF40007ABC2061CD0B37202BC0007DFDE5E1BD03
:10DF500020537ABC204FCD0B372019C0C0E5E17D9E
:10DF6000E1E5BD20407ABC203CCDCD362006C0186E
:10DF70000EE1E1E1CD2537C1D1E1FDE1DDE1C9DD12
:10DF80007E00BA2020DD232B7CB5C22534CDCD36D2
:10DF900020E2060610FECDCD3620D93A1A40B72829
:10DFA000023E0A18CF3E4018CBC5D5F5CD3437CD4B
:10DFB00049362005F1F58220F6CD2537D1D1CC4D5B
:10DFC00037C1C9D5163DCD6534D1C9C5F6F04FED81
:10DFD00078E60879C1C0E52AB1402377E1C9E5F5C3
:10DFE000CD3C35F1E1C945584154524F4E20535470
:10DFF00052494E475920464C4F5050592056455291
:10E0000053494F4E20342E318D45524153494E478E
:10E010002EAE2042595445532EAE57524954494EC4
:10E02000472EAE52454144494E472EAE56455249C1
:10E0300046D95041524954D9434845434B5355CD95
:10E040004F5554204F46204D454D4F52D9544150C5
:10E050004520544F4F2053484F52D45752495445AE
:10E060002D50524F54454354454480454FC620459A
:10E0700052524F528D425245414B8D444F4E458D29
:10E08000CB472117352030CB4F213135202FCB57AF
:10E090002109352022CB5F21EE34201BCB6721F4F0
:10E0A000342014CB6F21FC34200DCB7721E83420B1
:10E0B00006212735CB7FC8CD7935212A357E23F53A
:10E0C000E67FCD2A03F11730F4C9CD9235C0C006E2
:10E0D0000410FEC33B363E85321A40ED79CD4B37F6
:10E0E000C0CD1436C0001800CD1936C0C0060410CB
:10E0F000FE3A1A40E67FED79000006051616CDECD3
:10E1000035C055580604C3EA350000DD5600CDEE93
:10E1100035C0DD232B7CB520F0C00601979357CD89
:10E12000EC35C0C0000604CDEC35C0C006050000CB
:10E1300010FE3A1A40ED797A835F060823CD143633
:10E140002BC0C0060210FE3A1A40F680321A40E692
:10E150007FED79AFC9DD7E00ED78E605C0C53A1ADE
:10E1600040CB0A3016EE80ED79EE800000BF060647
:10E1700010FE321A40ED79C110DBC900C3253655B7
:10E18000CDEE35C0000000540604C3EC35CD5E363C
:10E19000C07AD616C249363CCD1937CDCD36321AA3
:10E1A00040C90614CD1C37ED78F26036CD1C37ED32
:10E1B00078FA6836ED78FA5E36ED78F275363E0616
:10E1C0003E06CD1937ED78F25E36ED78FA8636C325
:10E1D0008E363E05CD193710DB04ED78F27536ED3D
:10E1E00058FA9B363E00C3DF36CDCD36C0C0DD7257
:10E1F00000DD232B00E5E17CB5C2A536CDCD36C0D0
:10E200003E02CD1937CDCD36C03A1A40B7C83E10C0
:10E21000C9ED78FAD6363E08B7C9ED58FAD6363A7F
:10E220001A4082321A4006080608003E03CD19370C
:10E230007B2FED58FAFB36ED58F2F336C30337ED7A
:10E2400058FAFB36C30337AB07CB1AAF10DCC9CD86
:10E25000CD36C06A003E02CD1937C3CD363D20FD14
:10E260003A4038E604C80FD1C9F5AFED793A12400B
:10E27000FEFB2801FBF1C9F6AFE52AB140234EE1D0
:10E280002805ED78E601C03CED79F3160718021673
:10E290001FAFB72004ED78E60410F71520F4B7C9D6
:10E2A00021364001013816000A5FAE73A32007141F
:10E2B0002CCB01F818F25FC50607CD6000C10AA398
:10E2C000C8C3FB03F33E01D39CC36900C3004000F5
:10E2D00000000000C303400000000000C30640002F
:10E2E00000000000C309400000000000C30C400013
:10E2F00000000000C30F400000000000C31240C92E
:10E300000000C90000C90000C90000C90000C90020
:10E3100000C90000C33A014D4FAFD39CC300430076
:10E3200000000000000000000000C31540AFD3E46F
:10E330003E01D3843E50D3EC310042213B0011001A
:10E3400040012000EDB021003C11013C01FF0336EB
:10E3500020EDB0ED56CDA000CDD400CCF900C2B96F
:10E3600000C31A403E05ED3C7DFE05C8F52157016E
:10E3700011C03D013100EDB0C6301218FE218801F8
:10E38000371F3804232318F95E2356EB11C03D7E56
:10E39000A728FE12231318F73E81D3F43ED0CD47B1
:10E3A00001060010FE3E0CCD47010600CB4F2808A9
:10E3B000DBF010F8E60218C5E699C818C011010094
:10E3C000210043CD0801E61CC8C3B90006810EF444
:10E3D000ED410D3E18ED51CD47017BD3F23E81D387
:10E3E000F41116813E80D3F0066410FE3EC0D3E4E3
:10E3F000DBF0A328FBEDA27AD3F4EDA218FAAFD399
:10E40000E43E81D3F4DBF0E3E1ED45D3F0066410A4
:10E41000FEDBF0CB47C8CB7FC018F6546869732089
:10E42000524F4D20636F646520646F6573204E4FBB
:10E430005420776F726B207768656E20656D756C00
:10E440006174696E67204D6F64656C20E201E201C2
:10E450009A01AE01C4019A019A01E2019A01456D47
:10E46000756C61746F72206F7220524F4D2062750F
:10E470006700426F6F7420736563746F722043523C
:10E4800043206572726F7200426F6F742073656310
:10E49000746F72206E6F7420666F756E64206F6E7D
:10E4A000206469736B00596F7520646F206E6F7400
:10E4B00020686176652061206469736B20696D61F5
:10E4C0006765206C6F6164656400000001000000F6
:10E4D000020000000300000004000000050000002E
:10E4E00006000000070000001000000011000000FE
:10E4F00012000000130000001400000015000000CE
:10E50000160000001700000020000000210000009D
:10E51000220000002300000024000000250000006D
:10E52000260000002700000030000000310000003D
:10E530003200000063000000910000006400000051
:10E5400091000000650000009100000066000000DE
:10E5500091000000620000009100000061000000D6
:10E5600091000000600000009100000033000000F6
:10E5700093000000350000009300000067000000D9
:10E5800091000000410000009200000042000000E5
:10E5900092000000430000009200000044000000D0
:10E5A00092000000450000009200000046000000BC
:10E5B00092000000470000009200000050000000A0
:10E5C0009200000051000000920000005200000084
:10E5D0009200000053000000920000005400000070
:10E5E000930000005500000093000000560000005A
:10E5F000930000005700000093000000400000005E
:10E600009300000041000000930000004200000061
:10E61000930000004300000093000000440000004D
:10E620009300000045000000930000004600000039
:10E63000930000004700000093000000500000001D
:10E640009300000051000000930000005200000001
:10E6500093000000530000009300000054000000ED
:10E6600092000000550000009200000056000000DB
:10E6700092000000570000009200000034000000EB
:10E6800093000000360000009300000037000000F7
:10E6900093000000330000009200000034000000EE
:10E6A00092000000350000009200000036000000DB
:10E6B0009200000090000000910000008CC9021040
:10E6C00094C90210A8C90210C8C90210E0C90210FA
:10E6D000F8C9021010CA021028CA021038CA021063
:10E6E00048CA021058CA021064CA021078CA02103E
:10E6F0008CCA021098CA0210ACCA0210C4CA021016
:10E70000D8CA0210ECCA021004CB021018CB0210B7
:10E71000222A2B2C2E2F3A3B3C3D3E3F5B5C5D7CFE
:10E7200000000000050000000000000000000000E4
:10E73000040E1F0E0400000000150A150A150A1524
:10E740000A150A12121E12121F040404001E101CC5
:10E75000101F080E0808000F10100F1E111E1412B3
:10E76000001010101E1E101C101000040A040000DF
:10E77000000000000000041F041F00000000001142
:10E78000191513111010101F0011110A041F040491
:10E79000040400040404041C000000000000000045
:10E7A000001C040404040400000000070404040422
:10E7B0000404040404070000000000040404041F0F
:10E7C00004040404041F0000000000000000000016
:10E7D000001F00000000000000000000001F0000FB
:10E7E0000000000000000000001F0000000000000A
:10E7F00000000000001F00040404040704040404D3
:10E8000004040404041C0404040404040404041F95
:10E810000000000000000000001F040404040404C1
:10E820000404040404040404040004081000100890
:10E83000041E0000100804020408101E000000005E
:10E840001F0A0A0A1200000000011F041F10000026
:10E8500000060A081C080808160000000000000452
:10E8600000000000000000000000000000000004A4
:10E870000404040400040000000A0A0A0000000066
:10E880000000000A0A1F0A1F0A0A000000040E14F2
:10E890000E050E04000000181902040813030000FE
:10E8A000000C12120C13120D0000000604080000E8
:10E8B0000000000000040810101008040000001000
:10E8C00008040404081000000000110A1F0A1100C7
:10E8D0000000000004040E0404000000000000001A
:10E8E000000000060408000000001E0000000000F8
:10E8F0000000000000000C0C0000000001020408F1
:10E900001000000000040A1111110A0400000004A4
:10E910000C040404040E0000000C12020408101E73
:10E920000000001E02040C02120C000000040C1473
:10E93000141E04040000001E10141A02120C000021
:10E9400000040810141A120C0000001E0202040435
:10E9500008080000000C12120C12120C0000000C2F
:10E9600012120E02020C000000000C0C00000C0C35
:10E97000000000000C0C00000C081000000204084D
:10E980001008040200000000001E001E000000002D
:10E9900000100804020408100000000E1202040413
:10E9A00000040000000C12161A16100C0000000CD7
:10E9B00012121E1212120000001C12121C12121C43
:10E9C000000000040A1010100A04000000181412BD
:10E9D000121214180000001E10101C10101E00004F
:10E9E000001E10101C1010100000000C1210101649
:10E9F000120C0000001212121E1212120000000E61
:10EA000004040404040E0000000E040404041408AA
:10EA10000000001214141818141200000010101036
:10EA20001010101E000000121E1E12121212000002
:10EA30000012121A161612120000000C12121212F4
:10EA4000120C0000001C12121C1010100000000C10
:10EA500012121212140A0000001C12121C141412BA
:10EA60000000000C12100C02120C0000001F040425
:10EA7000040404040000001212121212120C00000E
:10EA80000011111111110A040000001111111515C6
:10EA9000150A000000110A0A040A0A1100000011F8
:10EAA0000A0A040404040000001E02020408101EE6
:10EAB0000000001C10101010101C000000001008B6
:10EAC000040201000000001C04040404041C0000F3
:10EAD00000040A1100000000000000000000000017
:10EAE000001E0000000C04020000000000000000F6
:10EAF000000C020E120E00000010101C1212121C4C
:10EB000000000000000C1210100E00000002020EA7
:10EB10001212120E00000000000C121E100E000057
:10EB200000040A081C08080800000000010D121269
:10EB30000E02120C0010101C12121212000000041F
:10EB4000000C0404040E0000000200020202021283
:10EB5000120C00101012141814120000000C0404FF
:10EB60000404040E00000000001A1B15151100001B
:10EB7000000000141A12121200000000000C121201
:10EB8000120C00000000001C1212121C10100000D9
:10EB9000000E1212120E0202000000140A080808E9
:10EBA00000000000000E100C021C00000008081CF1
:10EBB00008080A040000000000121212120D0000E2
:10EBC00000000011110A0A040000000000111115D4
:10EBD000150A0000000000110A040A1100000000DC
:10EBE000001212160A02120C0000001E040C081E6D
:10EBF00000000006080818080806000000040404C5
:10EC000004040404000000180404060404180000AE
:10EC100000091512000000000000000000000000C4
:10EC20000000000000000404041F0E0400000000A7
:10EC300000040E1F0404040400000000080000008B
:10EC40000000000000000010387CFE7C381000003E
:10EC500000CC33CC33CC33CC33CC339090F0909089
:10EC60003E08080800784070404F080E08080078F9
:10EC70008080783C223C282400808080F01E101C7C
:10EC80001010003844443800000000000000107CE0
:10EC9000107C000000000088C8A898882020203E32
:10ECA00000888850203E080808080018181818F82E
:10ECB000000000000000000000F8181818181800E4
:10ECC0000000001F1818181818181818181F00002E
:10ECD00000000018181818FF1818181818FF00005E
:10ECE000000000000000000000FF00000000000025
:10ECF0000000000000FF0000000000000000000015
:10ED000000FF0000000000000000000000FF0018ED
:10ED10001818181F181818181818181818F818188C
:10ED200018181818181818FF00000000000000003C
:10ED300000FF181818181818181818181818181884
:10ED40001800081020402010087C00004020100807
:10ED50001020407C00000000FE2424244400000019
:10ED60000204FE10FE408000001C2220F82078A63D
:10ED70004000000000000010000000000000000043
:10ED80000000000000000010101010100010000023
:10ED900000484848000000000000004848FC48FCCB
:10EDA0004848000000107C907C127C10000000C2DB
:10EDB000C40810204686000000708888708A84721B
:10EDC00000000018102000000000000000081020C3
:10EDD0002020100800000020100808081020000063
:10EDE00000004428FE2844000000000010107C10A1
:10EDF00010000000000000000000001810200000BB
:10EE000000007C0000000000000000000000303026
:10EE100000000002040810204080000000384482F6
:10EE2000828244380000001030501010107C000026
:10EE3000007C82021C6080FE000000FE04081C02B0
:10EE4000827C00000008182848FE0808000000FE28
:10EE500080BCC202827C0000003C4080BCC2827C3C
:10EE6000000000FE0204081020200000007C8282C6
:10EE70007C82827C0000007C82867A02047800001A
:10EE80000000606000006060000000006060000042
:10EE900060408000000810204020100800000000A2
:10EEA00000FE00FE000000000020100804081020F2
:10EEB0000000007C820C101000100000007C829E7C
:10EEC000A69A807C00000010284482FE8282000006
:10EED00000FC42427C4242FC0000003C42808080B8
:10EEE000423C000000F84442424244F8000000FE68
:10EEF0008080F88080FE000000FE8080F8808080A6
:10EF00000000003C4280808E423C000000828282F1
:10EF1000FE8282820000007C10101010107C000025
:10EF2000000E040404048478000000828CB0C0B099
:10EF30008C82000000808080808080FE0000008243
:10EF4000C6AA9282828200000082C2A2928A86822F
:10EF50000000007C82828282827C000000FC82822F
:10EF6000FC8080800000007C8282828A847A00009B
:10EF700000FC8282FC8884820000007C82807C020B
:10EF8000827C000000FE10101010101000000082A3
:10EF900082828282827C000000828244442828107F
:10EFA0000000008282829292AA44000000824428DB
:10EFB0001028448200000082442810101010000025
:10EFC00000FE0408102040FE0000003C202020200D
:10EFD000203C00000080402010080402000000785F
:10EFE0000808080808780000001028448200000083
:10EFF000000000000000000000FE000000301008CB
:10F0000000000000000000000078047C847C000008
:10F01000008080B8C484C4B8000000000038448078
:10F02000403C0000000404748C848C7400000000D8
:10F03000007884FC80780000001C2220F82020202A
:10F04000000000000474888878088870008080B808
:10F05000C48484840000001000301010107C000074
:10F060000008000808080888887000808090A0C008
:10F07000B08C00000030101010101038000000009C
:10F0800000C4AA9292820000000000B8C484848464
:10F09000000000000078848484780000000000B83C
:10F0A000C484C4B88080000000748C848C74040410
:10F0B0000000009864404040000000000078807824
:10F0C00004F80000002020F8202024180000000090
:10F0D000008888888874000000000082824428101C
:10F0E0000000000000828292AA4400000000008418
:10F0F00048304884000000000084848C74048478C4
:10F10000000000FC083040FC0000000C10106010F3
:10F11000100C000000101010101010100000006003
:10F1200010100C10106000000062928C00000000B3
:10F13000000000000000000000000000000018189F
:10F1400018FF7E3C18000000183C7EFF18181818A5
:10F150000000000005120000000000000000000098
:10F16000000000000000000006060504041E040460
:10F17000051E1E0000000000000004040404040436
:10F180000404040404000000000000000202040E55
:10F190000E111F1F100E0E000000000000000A0AD2
:10F1A000001111111111110E0E00000000000000DD
:10F1B00004040604040609090F0909000000000000
:10F1C000000000000000001F01010100000000001D
:10F1D00000000000060600060609090909060600E7
:10F1E0000000000000000707090B0B0D0D0D0916AC
:10F1F0001600000000000000040404111111111198
:10F20000130D0D000000000000000D0D1600000E93
:10F210000D0D0909090000000000000004040201AE
:10F2200001000000000000000000000000000C0CC5
:10F23000000C0C020E0E120D0D000000000000006C
:10F240000F0F1D1212121C1C1412120000000000DD
:10F25000000006060004040609090F090900000061
:10F26000000000000D0D1604040609090F0909002D
:10F270000000000000000D0D1609090D0D0D0B0911
:10F280000900000000000000000006060609090948
:10F29000090606000000000000000505070B0B0D25
:10F2A0000D0D0E1414000000000000000D0D1600DE
:10F2B000000E1111110E0E000000000000000E0ED5
:10F2C0000909090E0909091E1E00000000000000BE
:10F2D0000A0A001111111111130D0D000000000098
:10F2E00000000D0D160000040A0A0A0404000000C4
:10F2F0000000000006060D0505060C0C0D060600B4
:10F300000000000000000C0C000C0C020E0E120D90
:10F310000D000000000000000808040C0C020E0E96
:10F32000120D0D000000000000000404000C0C028F
:10F330000E0E120D0D000000000000000E0E101E3B
:10F340001E110F0F010E0E0000000000000002024F
:10F35000040F0F080F0F080F0F000000000000003F
:10F360000404070A0A0B0E0E0A0B0B000000000033
:10F37000000006060908080809090604040400003C
:10F38000000000000000000D0D160000000000004D
:10F39000000000000000000000000000000000006D
:10F3A000000000000000000000000000040404044D
:10F3B00004000400000000000000000000000A0A31
:10F3C0000A00000000000000000000000000000033
:10F3D0000A0A1F0A1F0A0A000000000000000000BD
:10F3E0000000040E140E050E0400000000000000D2
:10F3F00000000000181902040813030000000000B8
:10F400000000000000000C12120C13120D0000008E
:10F4100000000000000000000604080000000000DA
:10F420000000000000000000000004081010100898
:10F4300004000000000000000000000010080404A8
:10F44000040810000000000000000000000000118F
:10F450000A1F0A1100000000000000000000000068
:10F460000004040E0404000000000000000000007E
:10F47000000000000000000006040800000000007A
:10F48000000000000000001E00000000000000005E
:10F4900000000000000000000000000C0C00000054
:10F4A000000000000000000000010204081000003D
:10F4B00000000000000000000000040A1111110A01
:10F4C000040000000000000000000000040C040420
:10F4D00004040E00000000000000000000000C12F8
:10F4E000020408101E0000000000000000000000E0
:10F4F0001E02040C02120C000000000000000000BC
:10F500000000040C14141E0404000000000000009D
:10F51000000000001E10141A02120C00000000006F
:10F52000000000000000040810141A120C00000073
:10F5300000000000000000001E0202040408080091
:10F54000000000000000000000000C12120C12125B
:10F550000C00000000000000000000000C12120E61
:10F5600002020C0000000000000000000000000C7F
:10F570000C00000C0C000000000000000000000067
:10F58000000C0C00000C081000000000000000003F
:10F59000000002040810080402000000000000003F
:10F5A0000000000000001E001E000000000000001F
:10F5B0000000000000001008040204081000000011
:10F5C00000000000000000000E120204040004000D
:10F5D000000000000000000000000C12161A1610B7
:10F5E0000C00000000000000000000000C12121EC1
:10F5F00012121200000000000000000000001C12A7
:10F60000121C12121C00000000000000000000008C
:10F61000040A1010100A040000000000000000009E
:10F62000000018141212121418000000000000004C
:10F63000000000001E10101C10101E000000000032
:10F640000000000000001E10101C10101000000030
:10F6500000000000000000000C12101016120C0038
:10F66000000000000000000000001212121E121222
:10F670001200000000000000000000000E0404045E
:10F6800004040E00000000000000000000000E0452
:10F690000404041408000000000000000000000042
:10F6A00012141418181412000000000000000000CA
:10F6B00000001010101010101E00000000000000CC
:10F6C00000000000121E1E121212120000000000A4
:10F6D00000000000000012121A161612120000009C
:10F6E00000000000000000000C12121212120C00A8
:10F6F000000000000000000000001C12121C10108E
:10F700001000000000000000000000000C121212A7
:10F7100012140A00000000000000000000001C128B
:10F72000121C141412000000000000000000000071
:10F730000C12100C02120C0000000000000000006F
:10F7400000001F0404040404040000000000000082
:10F75000000000001212121212120C000000000031
:10F7600000000000000011111111110A0400000036
:10F7700000000000000000001111111515150A000D
:10F7800000000000000000000000110A0A040A0A3C
:10F79000110000000000000000000000110A0A042F
:10F7A00004040400000000000000000000001E022D
:10F7B000020408101E00000000000000000000000D
:10F7C0001C10101010101C000000000000000000B1
:10F7D000000000100804020100000000000000000A
:10F7E000000000001C04040404041C0000000000CD
:10F7F000000000000000040A1100000000000000EA
:10F8000000000000000000000000000000001E00DA
:10F81000000000000000000000000C0402000000D6
:10F8200000000000000000000000000000000C02CA
:10F830000E120E000000000000000000000010107A
:10F840001C1212121C00000000000000000000004A
:10F8500000000C1210100E0000000000000000005C
:10F86000000002020E1212120E0000000000000042
:10F870000000000000000C121E100E00000000002E
:10F88000000000000000040A081C0808080000002E
:10F89000000000000000000000010D12120E021214
:10F8A0000C00000000000000000010101C121212DA
:10F8B00012000000000000000000000004000C0422
:10F8C00004040E0000000000000000000000020020
:10F8D0000202020212120C000000000000000000F0
:10F8E0001010121418141200000000000000000094
:10F8F00000000C04040404040E00000000000000DA
:10F900000000000000001A1B151511000000000087
:10F910000000000000000000141A12121200000083
:10F92000000000000000000000000C1212120C0089
:10F930000000000000000000000000001C12121275
:10F940001C101000000000000000000000000E125B
:10F9500012120E0202000000000000000000000071
:10F96000140A080808000000000000000000000061
:10F9700000000E100C021C0000000000000000003F
:10F98000000008081C08080A04000000000000002D
:10F99000000000000000121212120D000000000012
:10F9A000000000000000000011110A0A040000001D
:10F9B00000000000000000000000111115150A00F1
:10F9C000000000000000000000000000110A040A0E
:10F9D00011000000000000000000000000001212F2
:10F9E000160A02120C0000000000000000000000D7
:10F9F0001E040C081E0000000000000000000000B3
:10FA000006080818080806000000000000000000B2
:10FA100000000404040404040400000000000000CA
:10FA20000000000018040406040418000000000090
:10FA30000000000000000915120000000000000096
:10FA4000000000000404040F0F040404000F0F0062
:10FA500000000000000000000000000000000000A6
:10FA600000000000000000001C1C1C1C1C1C0000EE
:10FA7000000000000000000000000707070707075C
:10FA80000000000000000000000000001F1F1F1FFA
:10FA90001F1F000000000000000000000000000028
:10FAA000000000001C1C1C1C1C1C000000000000AE
:10FAB0001C1C1C1C1C1C1C1C1C1C1C1C00000000F6
:10FAC00000000707070707071C1C1C1C1C1C000064
:10FAD000000000001F1F1F1F1F1F1C1C1C1C1C1CC4
:10FAE00000000000000000000000000007070707FA
:10FAF00007070000000000001C1C1C1C1C1C070742
:10FB000007070707000000000000070707070707AF
:10FB10000707070707070000000000001F1F1F1F3F
:10FB20001F1F07070707070700000000000000006D
:10FB3000000000001F1F1F1F1F1F0000000000000B
:10FB40001C1C1C1C1C1C1F1F1F1F1F1F0000000053
:10FB500000000707070707071F1F1F1F1F1F0000C1
:10FB6000000000001F1F1F1F1F1F1F1F1F1F1F1F21
:10FB70000000000000000000000000000000000085
:10FB800000001C1C1C1C1C1C1C1C1C1C1C1C000025
:10FB9000000000001C1C1C1C1C1C07070707070793
:10FBA0000000000000001C1C1C1C1C1C1F1F1F1F31
:10FBB0001F1F0000000000001C1C1C1C1C1C00005F
:10FBC000000000001C1C1C1C1C1C1C1C1C1C1C1CE5
:10FBD0001C1C1C1C1C1C1C1C1C1C1C1C1C1C1C1C65
:10FBE0001C1C0707070707071C1C1C1C1C1C1C1CD3
:10FBF0001C1C1C1C1F1F1F1F1F1F1C1C1C1C1C1C33
:10FC00001C1C1C1C1C1C0000000000000707070730
:10FC100007071C1C1C1C1C1C1C1C1C1C1C1C070778
:10FC2000070707071C1C1C1C1C1C070707070707E6
:10FC30000707070707071C1C1C1C1C1C1F1F1F1F76
:10FC40001F1F0707070707071C1C1C1C1C1C0000A4
:10FC5000000000001F1F1F1F1F1F1C1C1C1C1C1C42
:10FC60001C1C1C1C1C1C1F1F1F1F1F1F1C1C1C1CC2
:10FC70001C1C0707070707071F1F1F1F1F1F1C1C30
:10FC80001C1C1C1C1F1F1F1F1F1F1F1F1F1F1F1F90
:10FC90001C1C1C1C1C1C00000000000000000000BC
:10FCA00000000707070707071C1C1C1C1C1C000082
:10FCB00000000000070707070707070707070707F0
:10FCC0000000000000000707070707071F1F1F1F8E
:10FCD0001F1F0000000000000707070707070000BC
:10FCE000000000001C1C1C1C1C1C07070707070742
:10FCF0001C1C1C1C1C1C1C1C1C1C1C1C0707070798
:10FD000007070707070707071C1C1C1C1C1C070705
:10FD1000070707071F1F1F1F1F1F1C1C1C1C1C1C65
:10FD2000070707070707000000000000070707078D
:10FD300007070707070707071C1C1C1C1C1C0707D5
:10FD40000707070707070707070707070707070743
:10FD50000707070707070707070707071F1F1F1FD3
:10FD60001F1F070707070707070707070707000001
:10FD7000000000001F1F1F1F1F1F0707070707079F
:10FD80001C1C1C1C1C1C1F1F1F1F1F1F07070707F5
:10FD900007070707070707071F1F1F1F1F1F070763
:10FDA000070707071F1F1F1F1F1F1F1F1F1F1F1FC3
:10FDB0000707070707070000000000000000000019
:10FDC00000001F1F1F1F1F1F1C1C1C1C1C1C0000D1
:10FDD000000000001F1F1F1F1F1F0707070707073F
:10FDE0000000000000001F1F1F1F1F1F1F1F1F1FDD
:10FDF0001F1F0000000000001F1F1F1F1F1F00000B
:10FE0000000000001C1C1C1C1C1C1F1F1F1F1F1F90
:10FE10001C1C1C1C1C1C1C1C1C1C1C1C1F1F1F1F16
:10FE20001F1F0707070707071C1C1C1C1C1C1F1F84
:10FE30001F1F1F1F1F1F1F1F1F1F1C1C1C1C1C1CE4
:10FE40001F1F1F1F1F1F00000000000007070707DC
:10FE500007071F1F1F1F1F1F1C1C1C1C1C1C070724
:10FE6000070707071F1F1F1F1F1F07070707070792
:10FE70000707070707071F1F1F1F1F1F1F1F1F1F22
:10FE80001F1F0707070707071F1F1F1F1F1F000050
:10FE9000000000001F1F1F1F1F1F1F1F1F1F1F1FEE
:10FEA0001C1C1C1C1C1C1F1F1F1F1F1F1F1F1F1F74
:10FEB0001F1F0707070707071F1F1F1F1F1F1F1FE2
:10FEC0001F1F1F1F1F1F1F1F1F1F1F1F1F1F1F1F42
:10FED0001F1F1F1F1F1F0404060F0F1F1F1F0F04CC
:10FEE000040400000000000000000F1F1F1F0F0F80
:10FEF000060404000000000000000404060F0F1FA9
:10FF00000F0F0604040000000000000006060604AF
:10FF1000041D1F1F1D0404060000000000000E0E3B
:10FF2000111B1B111B1B1511110E000000000000FE
:10FF30000E0E111B1B1115151B11110E00000000D8
:10FF4000000002020404040804040402020E00007B
:10FF50000000000008080404040204040408080E59
:10FF60000000000000000000000D0D1313130D0031
:10FF700000000000000000000E0E090E0E09090925
:10FF80000E080810000000000000191905060604FC
:10FF900004040C0C0C000000000000000606050420
:10FFA0000406050505060600000000000000030326
:10FFB0000404040F04040403030000000000000014
:10FFC00007070304040406060106060000000000FB
:10FFD00000000E0E150505050101010101000000DC
:10FFE0000000000004040609090F090906040400C2
:10FFF00000000000000000000808080809090906C0
:020000041003E7
:10000000060000000000000010101414141814144E
:100010001512120000000000000008080404040487
:1000200004040A1111000000000000000A0A0A0A74
:100030000A0A0D0D0808080000000000000000007A
:10004000000D0D0506060404040000000000000079
:100050000404060808040808060101060000000060
:1000600000000000040A0A1111110A040400000033
:10007000000000000000000F0F160606060606002E
:100080000000000000000000040A0A0A0C0C080826
:1000900008000000000000000000000F0F141414FE
:1000A0000C0000000000000000000000000F0F1412
:1000B0000404040404040000000000000000011A0D
:1000C0001A0A0A0A0A0404000000000000000404DE
:1000D000060D0D0D0D0D06040400000000000000CB
:1000E00000000019190604040609090000000000B8
:1000F000000015150D0D0D06040404040400000095
:10010000000000000000000909111515150F0F006F
:100110000000000000000606091111111919091943
:100120001900000000000000070704040404141470
:100130000C04040000000000000000000400000F98
:100140000000040000000000000000001F1F080461
:1001500004060404081F1F00000000000000000047
:100160000D1616000D0D1600000000000000000026
:1001700000000004040609091F0000000000000040
:10018000000002020404040404040404040800003F
:10019000000000000101011F1F041F1F08101000B4
:1001A00000000000000004040402020F0404040222
:1001B00002000000000000000F0F150A0A040505E8
:1001C0000B111100000000000000060609111111BA
:1001D0001F1F090909190000000000000000000F9E
:1001E0000F1515150F0000000000000000000000B2
:1001F0000102021414141810100000000000000086
:100200000707080606090606010E0E00000000009A
:1002100000000909170D0D060D0D17090900000052
:10022000000000000E0E1117171919191711110EE1
:1002300000000000000011110A04040A04040A115D
:1002400011000000000000000F0F1515150D050529
:10025000050505050000000000000404060D0D0C56
:100260000D0D060404000000000000000E0E1D1B12
:100270001B1B1D1D1D1B1B0E00000000000017177F
:10028000181919191A1A1D18181700000000000073
:100290001F1F0201011E01011E02021C00000000BE
:1002A00000001E1E011E1E000000000000000000D5
:1002B000000000001C1C1212121C1515121515004E
:1002C00000000000000019191112121C07070D157B
:1002D000151300000000000007070305051C141497
:1002E000141818000000000000000606090909099A
:1002F00006060406060400000000000007070404C8
:1003000004070000000000000000000000001F1FA4
:100310001917171D1F1F1F1F1F1F000000000000BF
:100320000404060404060D0D04060609000000007E
:1003300000000404060404060D0D060F0F0600005D
:100340000000000004040609090909090D0F0F093E
:1003500000000000000000006003031007FF010020
:10036000809027A046A0A500061842A083000000A8
:10037000000000800004008410001080100418C6E3
:10038000108400F8E007E0FF1F001FF8FF07FFFFE1
:100390000000100015001F0014001F0000041004CE
:1003A00015041F0414041F040005100515051F057E
:1003B00014051F05E007F007F507FF07F407FF071F
:1003C0000006100615061F0614061F06E007F007B4
:1003D000F507FF07F407FF070080108015801F80D6
:1003E00014801F800084108415841F8414841F844B
:1003F0000085108515851F8514851F85E087F0878A
:10040000F587FF87F487FF870086108615861F868D
:1004100014861F86E087F087F587FF87F487FF87BC
:1004200000A010A015A01FA014A01FA000A410A43D
:1004300015A41FA414A41FA400A510A515A51FA5ED
:1004400014A51FA5E0A7F0A7F5A7FFA7F4A7FFA78E
:1004500000A610A615A61FA614A61FA6E0A7F0A723
:10046000F5A7FFA7F4A7FFA700F810F815F81FF8E5
:1004700014F81FF800FC10FC15FC1FFC14FC1FFCFA
:1004800000FD10FD15FD1FFD14FD1FFDE0FFF0FF39
:10049000F5FFFFFFF4FFFFFF00FE10FE15FE1FFE3D
:1004A00014FE1FFEE0FFF0FFF5FFFFFFF4FFFFFF6C
:1004B00000C010C015C01FC014C01FC000C410C4AD
:1004C00015C41FC414C41FC400C510C515C51FC55D
:1004D00014C51FC5E0C7F0C7F5C7FFC7F4C7FFC7FE
:1004E00000C610C615C61FC614C61FC6E0C7F0C793
:1004F000F5C7FFC7F4C7FFC700E010E015E01FE035
:1005000014E01FE000E410E415E41FE414E41FE429
:1005100000E510E515E51FE514E51FE5E0E7F0E768
:10052000F5E7FFE7F4E7FFE700E610E615E61FE66C
:1005300014E61FE6E0E7F0E7F5E7FFE7F4E7FFE79B
:10054000000082100421863108428A520C638E73A7
:100550001084929414A596B518C69AD61CE79EF7F7
:100560004108C3184529C739494ACB5A4D6BCF7B3F
:10057000EF7B00F8E007E0FFFF5A1FF8FF07FFFFDF
:10058000000000C8600660CE1D0019C879063CE76F
:10059000202020202020202020202020202020205B
:1005A000303030303030303030303030303030304B
:1005B0000A00010002000300040005000600070015
:1005C000080009000A000B000C000D000E000F00CF
:1005D000100000001F0000001C0000001F000000B1
:1005E0001E0000001F0000001E0000001F00000091
:1005F0001F0000001E0000001F0000001E00000081
:100600001F000000000000001F0000003B00000071
:100610005A0000007800000097000000B5000000BC
:10062000D4000000F30000001101000030010000C0
:100630004E010000002020202020202020202828FB
:100640002828282020202020202020202020202092
:1006500020202020208810101010101010101010D2
:100660001010101010040404040404040404041002
:100670001010101010104141414141410101010190
:10068000010101010101010101010101010101015A
:100690001010101010104242424242420202020266
:1006A000020202020202020202020202020202022A
:1006B00010101010200000000000000000000000DA
:1006C000000000000000000000000000000000002A
:1006D000000000000000000000000000000000001A
:1006E000000000000000000000000000000000000A
:1006F00000000000000000000000000000000000FA
:1007000000000000000000000000000000000000E9
:1007100000000000000000000000000000000000D9
:1007200000000000000000000000000000000000C9
:1007300000000000000000000A00010002000300A9
:100740000400050006000700080009000A000B006D
:100750000C000D000E000F00100000000000000053
:1007600005000000190000007D00000000000000EE
:10077000000000000000F03F0000000000002440E6
:1007800000000000000059400000000000408F40C1
:10079000000000000088C34000000000006AF8402C
:1007A0000000000080842E4100000000D012634150
:1007B0000000000084D797410000000065CDCD41C6
:1007C000000000205FA00242000000E876483742A7
:1007D000000000A2941A6D42000040E59C30A24245
:1007E0000000901EC4BCD64200003426F56B0C43BA
:1007F0000080E03779C3414300A0D8855734764361
:1008000000C84E676DC1AB43003D9160E458E143C1
:10081000408CB5781DAF154450EFE2D6E41A4B4436
:1008200092D54D06CFF08044F64AE1C7022DB5447B
:10083000B49DD9794378EA44BC89D897B2D29C3C1C
:1008400033A7A8D523F649393DA7F444FD0FA532B7
:100850009D978CCF08BA5B25436FAC642806C80A05
:100860000080E03779C34143176E05B5B5B89346AC
:10087000F5F93FE9034F384D321D30F94877825A78
:100880003CBF737FDD4F157535000000CEFBFFFFC9
:10089000CB03000001000000000000003400000055
:1008A000CEFBFFFFCB0300000100000000000000B2
:1008B000BC89D897B2D29C3C33A7A8D523F6493936
:1008C0003DA7F444FD0FA5329D978CCF08BA5B2558
:1008D000436FAC64280668110000000000000000AF
:1008E0000000000000000000000000000000000008
:1008F00000000000000000000000000000000000F8
:10090000000000000000000010111213141516174B
:100910001819000000000000001A1B1C1D1E1F00FB
:1009200000000000000000000000000000000000C7
:100930000000000000000000001A1B1C1D1E1F000C
:1009400000000000000000000000000000000000A7
:100950000000000000000000000000000000000097
:100960000000000000000000000000000000000087
:100970000000000000000000000000000000000077
:100980000000000000000000000000000000000067
:100990000000000000000000000000000000000057
:1009A0000000000000000000000000000000000047
:1009B0000000000000000000000000000000000037
:1009C0000000000000000000000000000000000027
:1009D00000000000000000001F0000001C000000DC
:1009E0001F0000001E0000001F0000001E0000008D
:1009F0001F0000001F0000001E0000001F0000007C
:100A00001E0000001F0000001F0000001D0000006D
:100A10001F0000001E0000001F0000001E0000005C
:100A20001F0000001F0000001E0000001F0000004B
:080A30001E0000001F00000081
:080A38007849FF7F0100000076
:100A4000D8D30210E4D30210F0D30210FCD302106A
:100A500008D4021014D4021020D4021098D402102A
:080A600090D4021084D40210AE
:100A68004FF050412DE9F0410027044616461D4637
:100A7800D1F8008009E02368C3E88F7F8CF31088E1
:100A88003046294600F0E4FCF0B92168EFF3108CF9
:100A980072B6D1E8CF2F0123002AFAD1C1E8423F2C
:100AA800002AF6D1BFF35F8F94F904E0BEF1000F7E
:100AB800E1DA0023226884F80480C2E88F3F8CF3CF
:100AC80010880120BDE8F0810020BDE8F08100BF5A
:100AD80030B501460468EFF3108C72B6D4E8CFEF56
:100AE8000125BEF1000FF9D1C4E84E5FBEF1000F39
:100AF800F4D1BFF35F8F90F90440002C11DB002183
:100B08000568C5E88F1F8CF310884FF0504C9CF98E
:100B180000C0A44501D1084630BDBDE83040FFF70C
:100B28009FBF4FF05040006800230A680871C2E870
:100B38008F3F8CF31088012030BD00BF0368EFF3AE
:100B4800108272B6D3E8CFCF0121BCF1000FF9D1E2
:100B5800C3E84C1FBCF1000FF4D1BFF35F8F4FF017
:100B6800FF0C0023016880F804C0C1E88F3F82F3BE
:100B7800108840BF704700BFF0B51D4684461C462C
:100B880085B96CB1DCF80C209707FBD514F1080F78
:100B9800F8D011F8012B013CCCF80820002CF1D139
:100BA8001846F0BD964664B9DCF80C607007FAD5B3
:100BB800DCF80860013D01328EF80060002DE0D0BD
:100BC800F0E7DCF80C6004F10807B607ECD5AF4293
:100BD800EAD911F8010B013CCCF80800E4E700BFA2
:100BE800844610466AB3013900B501EB020EDCF801
:100BF8000C309B07FBD511F8013F8E45CCF8083027
:100C0800F5D1DCF80C30590705D5DCF80830DCF8EC
:100C18000C305907F9D4DCF80C30DA0606D5DCF8C4
:100C28000C30DA06F7D401E0DCF80830DCF80C30D8
:100C38005B07F9D40123CCF820305DF804FBDCF81D
:100C48000830DCF80C305907F9D4DCF80C30DA0637
:100C580006D5DCF80C30DA06F7D401E0DCF8083009
:100C6800DCF80C305B07F9D40123CCF8203070474E
:100C7800844610466AB3023900B501EB420EDCF82F
:100C88000C309B07FBD531F8023F8E45CCF8083075
:100C9800F5D1DCF80C30590705D5DCF80830DCF85C
:100CA8000C305907F9D4DCF80C30DA0606D5DCF834
:100CB8000C30DA06F7D401E0DCF80830DCF80C3048
:100CC8005B07F9D40123CCF820305DF804FBDCF88D
:100CD8000830DCF80C305907F9D4DCF80C30DA06A7
:100CE80006D5DCF80C30DA06F7D401E0DCF8083079
:100CF800DCF80C305B07F9D40123CCF820307047BE
:100D080081F0004102E000BF83F0004330B54FEAB4
:100D180041044FEA430594EA050F08BF90EA020F21
:100D28001FBF54EA000C55EA020C7FEA645C7FEAB4
:100D3800655C00F0E2804FEA5454D4EB5555B8BFD7
:100D48006D420CDD2C4480EA020281EA030382EA48
:100D5800000083EA010180EA020281EA0303362DDA
:100D680088BF30BD11F0004F4FEA01314FF4801CAD
:100D78004CEA113102D0404261EB410113F0004FBF
:100D88004FEA03334CEA133302D0524263EB430376
:100D980094EA050F00F0A780A4F10104D5F1200E14
:100DA8000DDB02FA0EFC22FA05F2801841F100016F
:100DB80003FA0EF2801843FA05F359410EE0A5F143
:100DC80020050EF1200E012A03FA0EFC28BF4CF074
:100DD800020C43FA05F3C01851EBE37101F000452A
:100DE80007D54FF0000EDCF1000C7EEB00006EEB37
:100DF8000101B1F5801F1BD3B1F5001F0CD34908C1
:100E08005FEA30004FEA3C0C04F101044FEA445217
:100E180012F5800F80F09A80BCF1004F08BF5FEA9E
:100E2800500C50F1000041EB045141EA050130BD7E
:100E38005FEA4C0C404141EB0101013C28BFB1F590
:100E4800801FE9D291F0000F04BF01460020B1FADB
:100E580081F308BF2033A3F10B03B3F120020CDAAE
:100E68000C3208DD02F1140CC2F10C0201FA0CF08C
:100E780021FA02F10CE002F11402D8BFC2F1200CF1
:100E880001FA02F120FA0CFCDCBF41EA0C019040A7
:100E9800E41AA2BF01EB0451294330BD6FEA0404F0
:100EA8001F3C1CDA0C340EDC04F11404C4F12002DB
:100EB80020FA04F001FA02F340EA030021FA04F3ED
:100EC80045EA030130BDC4F10C04C4F1200220FA44
:100ED80002F001FA04F340EA0300294630BD21FA82
:100EE80004F0294630BD94F0000F83F4801306BF48
:100EF80081F480110134013D4EE77FEA645C18BF3C
:100F08007FEA655C29D094EA050F08BF90EA020FD2
:100F180005D054EA000C04BF1946104630BD91EACA
:100F2800030F1EBF0021002030BD5FEA545C05D1CD
:100F38004000494128BF41F0004130BD14F580040C
:100F48003CBF01F5801130BD01F0004545F0FE4180
:100F580041F470014FF0000030BD7FEA645C1ABFB5
:100F6800194610467FEA655C1CBF0B46024650EAEC
:100F7800013406BF52EA033591EA030F41F4002118
:100F880030BD00BF90F0000F04BF0021704730B59E
:100F98004FF4806404F132044FF000054FF0000173
:100FA80050E700BF90F0000F04BF0021704730B534
:100FB8004FF4806404F1320410F0004548BF404209
:100FC8004FF000013EE700BF42004FEAE2014FEA5E
:100FD80031014FEA02701FBF12F07F4393F07F4F39
:100FE80081F06051704732F07F4208BF704793F03C
:100FF8007F4F04BF41F40021704730B54FF460744F
:1010080001F0004521F000411CE700BF50EA010251
:1010180008BF704730B54FF000050AE050EA0102FA
:1010280008BF704730B511F0004502D5404261EB6A
:1010380041014FF4806404F132045FEA915C3FF4AB
:10104800D8AE4FF003025FEADC0C18BF03325FEA48
:10105800DC0C18BF033202EBDC02C2F1200300FAF9
:1010680003FC20FA02F001FA03FE40EA0E0021FA1E
:1010780002F11444BDE600BF7BB972B90029BEBFB6
:1010880000204FF0004106E008BF00281CBF6FF0A9
:1010980000414FF0FF3000F0D7B9ADF1080C6DE911
:1010A80004CE002909DB002B1ADB00F04DF8DDF82F
:1010B80004E0DDE9022304B07047404261EB4101DE
:1010C800002B1BDB00F040F8DDF804E0DDE902232B
:1010D80004B0404261EB4101524263EB4303704765
:1010E800524263EB430300F02FF8DDF804E0DDE93A
:1010F800022304B0404261EB41017047524263EB66
:10110800430300F021F8DDF804E0DDE9022304B030
:10111800524263EB4303704753B94AB9002908BFE9
:1011280000281CBF4FF0FF314FF0FF3000F08CB9A2
:10113800ADF1080C6DE904CE00F006F8DDF804E026
:10114800DDE9022304B070472DE9F04F099D0E46F2
:1011580004460F46002B47D18A429446B2FA82F3DE
:101168005AD943B102FA03FCC3F120029F409C40C4
:1011780020FA02F217434FEA1C461FFA8CFE220C93
:10118800B7FBF6F106FB117701FB0EF042EA0742C6
:10119800904208D91CEB020201F1FF3702D29042BB
:1011A80000F23C813946121AA4B2B2FBF6F006FBF3
:1011B800102200FB0EFE44EA0244A64508D91CEBA7
:1011C800040400F1FF3202D2A64500F22A8110463B
:1011D80040EA0140A4EB0E0400211DB1DC400023CD
:1011E800C5E90043BDE8F08F8B4205D90DB1C5E9CB
:1011F800000100210846F5E7B3FA83F100294FD131
:10120800B342C0F00281824240F2FF800846002DBE
:10121800E8D0C5E90047E5E7002B40F0AF808A1A1F
:101228004FEA1C4E1FFA8CF70121B2FBFEF60EFBAB
:101238001620220C42EA004207FB06F090420FD922
:101248001CEB020206F1FF382CBF4FF001094FF0EA
:101258000009904203D9B9F1000F00F0DC8046463E
:10126800121AA4B2B2FBFEF00EFB102200FB07F725
:1012780044EA0244A7420FD91CEB040400F1FF32F0
:101288002CBF4FF0010E4FF0000EA74203D9BEF15C
:10129800000F00F0C9801046E41B40EA06409CE7B6
:1012A800C1F120048B4006FA01FC00FA01FE22FA83
:1012B80004F7E6408A401F4320FA04F34FEA174830
:1012C80043EA0C031FFA87FC4FEA1349B6FBF8F010
:1012D80008FB106649EA064600FB0CF9B1450ED931
:1012E800BE1900F1FF3A2CBF4FF0010B4FF0000B75
:1012F800B14503D9BBF1000F00F0A2805046A6EB20
:1013080009061FFA83F9B6FBF8F308FB136603FB1B
:101318000CFC49EA0646B4450ED9BE1903F1FF385C
:101328002CBF4FF001094FF00009B44503D9B9F1BA
:10133800000F00F08280434643EA0040A6EB0C060B
:10134800A0FB028C66454346E14602D307D1C64559
:1013580005D2B8EB02036CEB070C0138E1465DB12E
:10136800BEEB030266EB090606FA04F422FA01F35F
:10137800CE401C43C5E90046002133E702FA03FCCE
:10138800C3F1200299409C40D6404FEA1C4E20FAF7
:1013980002F21FFA8CF7B6FBFEF00A430EFB10664A
:1013A800110C41EA064100FB07F68E420ED91CEBF0
:1013B800010100F1FF382CBF4FF001094FF000097F
:1013C8008E4202D9B9F1000F34D04046891B92B23F
:1013D800B1FBFEF60EFB161142EA014206FB07F1CD
:1013E80091420ED91CEB020206F1FF382CBF4FF0D8
:1013F80001094FF00009914202D9B9F1000F16D046
:101408004646521A46EA00410FE7841A66EB030281
:1014180001201746FBE6023E624421E70239624496
:10142800C1E664440238D3E66444023834E7023E35
:101438006244E6E702386144C8E7023B3E447BE782
:1014480002383E445BE700BF704700BF0000000061
:101458005FF800F09111001010000000000000007B
:101468000000010000000000000000000000020071
:101478000000000000000000000003000000000061
:10148800000000000000FF000000000001B54868EF
:1014980001318E460047704609380149884701BD29
:1014A800190A001000000000000000000000000001
:1014B8000000000000000000401A0120253D001037
:1014C8002D3E0010753D00103D3E0010000000004C
:1014D80000010000008009400000000000000940F1
:1014E80000000000030000000100000000C4FFFF2E
:1014F80000000100010000000100000001200000C0
:101508000100000028000000010000000E15E33F64
:10151800E3C20140E3C2814005000000080000006A
:10152800020000000C000000FFFFFFFF1000000099
:1015380040000000A00F0000910000009000000093
:101548009100000078BD021010000000400000006B
:10155800010000003CEC0210FFFFE00199DD0110E2
:1015680049DD011079DD01104DDD0110000000009A
:1015780000000000FFFFFFFFFFFFFFFF00002050FB
:101588000101000000000000400C002000000000E5
:10159800000000002071032088710320F0710320EF
:1015A8000000000000000000000000000000000033
:1015B8000000000000000000000000000000000023
:1015C8000000000000000000000000000000000013
:1015D8000000000000000000000000000000000003
:1015E80000000000000000000000000000000000F3
:1015F80000000000000000000000000000000000E3
:1016080000000000000000000000000000000000D2
:1016180000000000000000000000000000000000C2
:1016280000000000000000000100000000000000B1
:101638000E33CDAB34126DE6ECDE05000B00000076
:101648000000000000000000000000000000000092
:101658000000000000000000000000000000000082
:101668000000000000000000000000000000000072
:101678000000000000000000000000000000000062
:101688000000000000000000000000000000000052
:101698000000000000000000000000000000000042
:1016A8000000000000000000000000000000000032
:1016B8000000000000000000600D0020600D002008
:1016C800680D0020680D0020700D0020700D0020AE
:1016D800780D0020780D0020800D0020800D00205E
:1016E800880D0020880D0020900D0020900D00200E
:1016F800980D0020980D0020A00D0020A00D0020BE
:10170800A80D0020A80D0020B00D0020B00D00206D
:10171800B80D0020B80D0020C00D0020C00D00201D
:10172800C80D0020C80D0020D00D0020D00D0020CD
:10173800D80D0020D80D0020E00D0020E00D00207D
:10174800E80D0020E80D0020F00D0020F00D00202D
:10175800F80D0020F80D0020000E0020000E0020DB
:10176800080E0020080E0020100E0020100E002089
:10177800180E0020180E0020200E0020200E002039
:10178800280E0020280E0020300E0020300E0020E9
:10179800380E0020380E0020400E0020400E002099
:1017A800480E0020480E0020500E0020500E002049
:1017B800580E0020580E0020600E0020600E0020F9
:1017C800680E0020680E0020700E0020700E0020A9
:1017D800780E0020780E0020800E0020800E002059
:1017E800880E0020880E0020900E0020900E002009
:1017F800980E0020980E0020A00E0020A00E0020B9
:10180800A80E0020A80E0020B00E0020B00E002068
:10181800B80E0020B80E0020C00E0020C00E002018
:10182800C80E0020C80E0020D00E0020D00E0020C8
:10183800D80E0020D80E0020E00E0020E00E002078
:10184800E80E0020E80E0020F00E0020F00E002028
:10185800F80E0020F80E0020000F0020000F0020D6
:10186800080F0020080F0020100F0020100F002084
:10187800180F0020180F0020200F0020200F002034
:10188800280F0020280F0020300F0020300F0020E4
:10189800380F0020380F0020400F0020400F002094
:1018A800480F0020480F0020500F0020500F002044
:1018B800580F0020580F0020600F0020600F0020F4
:1018C800680F0020680F0020700F0020700F0020A4
:1018D800780F0020780F0020800F0020800F002054
:1018E800880F0020880F0020900F0020900F002004
:1018F800980F0020980F0020A00F0020A00F0020B4
:10190800A80F0020A80F0020B00F0020B00F002063
:10191800B80F0020B80F0020C00F0020C00F002013
:10192800C80F0020C80F0020D00F0020D00F0020C3
:10193800D80F0020D80F0020E00F0020E00F002073
:10194800E80F0020E80F0020F00F0020F00F002023
:10195800F80F0020F80F00200010002000100020D1
:10196800081000200810002010100020101000207F
:10197800181000201810002020100020201000202F
:1019880028100020281000203010002030100020DF
:10199800381000203810002040100020401000208F
:1019A800481000204810002050100020501000203F
:1019B80058100020581000206010002060100020EF
:1019C800681000206810002070100020701000209F
:1019D800781000207810002080100020801000204F
:1019E80088100020881000209010002090100020FF
:1019F8009810002098100020A0100020A0100020AF
:101A0800A8100020A8100020B0100020B01000205E
:101A1800B8100020B8100020C0100020C01000200E
:101A2800C8100020C8100020D0100020D0100020BE
:101A3800D8100020D8100020E0100020E01000206E
:101A4800E8100020E8100020F0100020F01000201E
:101A5800F8100020F81000200011002000110020CC
:101A6800081100200811002010110020101100207A
:101A7800181100201811002020110020201100202A
:101A880028110020281100203011002030110020DA
:101A9800381100203811002040110020401100208A
:101AA800481100204811002050110020501100203A
:101AB8005811002058110020FFFFFFFF000002000E
:101AC8000000000003000000207103204300000014
:101AD80000000000000000000000000000000000FE
:101AE80000000000000000000000000043000000AB
:101AF80000000000000000000000000000000000DE
:101B0800000000000000000000000000430000008A
:101B180000000000000000000000000000000000BD
:101B2800000000000000000000000000430000006A
:101B3800000000000000000000000000000000009D
:101B4800000000000000000000000000430000004A
:101B5800000000000000000000000000000000007D
:101B6800000000000000000000000000430000002A
:101B7800000000000000000000000000000000005D
:101B8800000000000000000000000000430000000A
:101B9800000000000000000000000000000000003D
:101BA800000000000000000000000000FDB202106C
:101BB80085AF02100000000034060310E8D20210BE
:101BC80070C0021070C0021070C0021070C0021005
:101BD80070C0021070C0021070C0021070C00210F5
:101BE80070C00210FFFFFFFFFFFFFFFFFFFFFFFFB7
:101BF800FFFF000001004153434949000000000075
:101C080000000000000000000000000000000000CC
:101C18000000000000004153434949000000000053
:101C280000000000000000000000000000000000AC
:101C380000000000000000005C72032000000000AB
:101C480001000000000000004A0000000000000041
:101C5800000000000000000000000000000000007C
:101C6800000000000000000000000000000000006C
:101C78004A00000000000000000000000000000012
:101C8800000000000000000000000000000000004C
:101C980000000000000000003CD302103CD30210FA
:081CA800000000000000000034
:101CB000D3DEFFFFFE010000FF01000088E4FCFF0F
:041CC000793512ABB5
:040000051000014D99
:00000001FF
