:020000041000EA
:10000000002008205D0100101B0100101D010010E0
:100010001101001011010010110100101101001058
:100020001901001019010010190100101F01001022
:10003000110100101901001021010010230100100E
:100040001101001011010010110100101101001028
:100050001101001011010010110100101101001018
:100060001101001011010010110100101101001008
:1000700011010010110100101101001011010010F8
:1000800011010010110100101101001011010010E8
:1000900011010010110100101101001011010010D8
:1000A00011010010110100101101001011010010C8
:1000B00011010010110100101101001011010010B8
:1000C00011010010110100101101001011010010A8
:1000D0001101001011010010110100101101001098
:1000E0001101001011010010110100101101001088
:1000F0001101001011010010110100101101001078
:100100001101001011010010110100101101001067
:10011000EFF30580103800BE00BE00BE00BE00BE7A
:1001200000BE00BEF2EB8871FC0102101802021042
:10013000A001001090A31AE7D3DEFFFF42012110B7
:10014000FF010000180F0200793512AB4FF00000DC
:100150001E49086006C881F3088810474FF05040D8
:10016000006810B14FF00000F2E70DA40ECC00299A
:1001700002D000F012F8F9E71549164A002000E015
:1001800001C19142FCD11449884714498847144958
:10019000884700BEFDE701C901C29A42FBD3704700
:1001A0001802021010010020480F00205010021009
:1001B0000000082000000820501002100010082045
:1001C00000100820000000007047000008ED00E06B
:1001D000480F0020208E0220412D001075020010D3
:1001E000052D0010F8B500BF0348044B834202D030
:1001F000034B03B118477047480F0020480F0020F9
:1002000000000000064B0749C91A891048BF013198
:10021000491003D0044B0BB101481847704700BF89
:10022000480F0020480F00200000000010B5064CC9
:10023000237843B9FFF7D8FF044B13B10448AFF359
:1002400000800123237010BDD811002000000000A1
:1002500018DD011008B5044B1BB104490448AFF385
:100260000080BDE80840CDE700000000DC11002060
:1002700018DD0110F8B5032200242B4B2B4D01286B
:100280001D602B4B2B4D2C701A6034DC2A4815F066
:100290005FF810B10378002B3FD1284C04F1100710
:1002A00054F8046B304612F0D1FE78BBA742F7D168
:1002B00040F2FF3222491F4815F010F80023214870
:1002C00085F8FF3302F0D0FE1F4802F0CDFE194939
:1002D0001E4802F04BFF174812F0B8FE90B111F023
:1002E0005BFF012003F036FF11F054FF184802F0C5
:1002F000BBFE0020F8BD40F2FF322846496814F0EA
:10030000EDFFDBE7134802F0AFFEE8E740F2FF3213
:100310003146084814F0E2FFD0E7014640F2FF32D0
:10032000284614F0DBFFC9E70408002018DD01109F
:10033000C80700207474022030DD011054E9011058
:1003400044DD011054DD01107CDD0110A0DD011041
:1003500000DE0110B0DD011010B44FF480740C4BBE
:1003600053F8202003EB8003C00082F0400200F12C
:10037000804003F5805C02F0C00200F5203003F5F8
:100380004053CCF8002041601C605DF8044B70477E
:100390000480034010B4084CC90041EA820154F8BB
:1003A000202004EB8003514003F5805301F00C0141
:1003B0005DF8044B196070470480034030B44FF07F
:1003C000000343EC440043EC400005254FF48074E7
:1003D0000B4BC20053F8201003EB800081F040016A
:1003E00002F1804303F5203301F0C00200F5805193
:1003F00000F540500A605D60046030BC704700BF8B
:10040000048003400FB400B583B0049C074802F099
:100410002BFE3CB105A92046019102F0F3FB0448F4
:1004200002F022FE012002F005FC00BF60DE011098
:100430001CE1011070B58646EFF3108572B6124CC0
:10044000D4E8CF6F0120002EFAD1C4E8460F002E69
:10045000F6D1BFF35F8F4FF0010CC80801F007031E
:100460000CFA03F31EF800C01CEA030608D14CEA9C
:10047000030C0EF800C0C4E88F6F85F3108870BDC0
:100480001046FFF7BFFF00BFD7690220044A10786B
:10049000431CDBB2182B28BF10231370704700BF1A
:1004A000900700204FF0E022936843F000539360E0
:1004B000704700BF0021044B03F12002C3E88F1FE7
:1004C00001339342FAD17047CC6902204FF0E02308
:1004D0004FF08032C3F80024C3F80424C3F8082482
:1004E000C3F80C24C3F81024C3F81424C3F8182448
:1004F000C3F81C24C3F82024C3F82424C3F82824F8
:10050000C3F82C24C3F8302462B67047012300F0EE
:100510001F029340400941B1800000F1604000F5A6
:100520006140C0F8803103607047024A203042F8D1
:100530002030704700E100E0F8B50D46EFF310877A
:1005400072B6124ED6E8CF2F0123002AFAD1C6E8A0
:10055000423F002AF6D1BFF35F8F0D4B00F110042C
:100560009B680C4A53F82430934203D0994201D03F
:1005700000F0AAFD064B9B6843F82450BFF35F8F41
:100580000023C6E88F3F87F31088F8BDD5690220A5
:1005900000ED00E011010010014B0B4403607047B7
:1005A000CC69022070B5104C104DAC420ED2FF2623
:1005B000236863B1FFF76AFF01462046FFF7ECFFAF
:1005C000A680BFF35F8F0834AC42F1D370BDFFF754
:1005D0005DFF01462046FFF7DFFF2671BFF35F8F07
:1005E0000834AC42E4D370BD400F0020480F002017
:1005F0000D4B1A68EFF3108172B6D2E8CFCF01200D
:10060000BCF1000FF9D1C2E84C0FBCF1000FF4D1DE
:10061000BFF35F8F00221B68C3E88F2F81F3108820
:1006200040BF002000217047947E0220000000009F
:100630002DE9F04F2DED028B85B0EFF30583DBB292
:10064000103B9A0818BF01224FF0010103F003008C
:1006500018BFAF4DAF4B08BFAF4D00EB820253F850
:10066000226001FA00FB05F541539FEDA78B019035
:10067000C3F804B02EE0B388180440F19280B37937
:10068000002B40F0DC80B6F908100029C0F21D8173
:10069000736901EB410103EBC103D3E90247B7F1F1
:1006A000FF3F08BFB4F1FF3F0DD0019B05EB830175
:1006B000AB6A0A69D21AE31A934203D32B6A13EA8C
:1006C0000B0F00D10C61284600F0BCFBA042B941E1
:1006D000C0F2FB80B6F90830C5F83CB0002B00939F
:1006E000C9DBD6F8149003EB430A284609EBCA0786
:1006F000D7E9024800F0A6FBA04271EB0801BADB83
:10070000B8F1000FC0F2C380D7E90431834A9342A5
:1007100000F0ED807A88B6F9080092B242EA004013
:10072000984702460B4652EA030100F0B080002BC6
:1007300080F2D180B4EB020E68EB030839F93A304D
:10074000C7E902E8002B96DB716903EB430201EB7A
:10075000C202D2E90270BE4578EB000C4FEA4302B8
:1007600089DBB4462CF8083F0BE031F93230A4465F
:10077000002B0DDB03EB430001EBC0005A00D0E976
:100780000270BE451A4478EB000001EBC204ECDABB
:1007900029F83A30009BACF80030B38818043FF5D4
:1007A0006EAF3369EFF3108272B6D3E8CF0F012139
:1007B0000028FAD1C3E8401F0028F6D1BFF35F8FAD
:1007C0004FF6FF74B0880023316900B2B480C1E8ED
:1007D0008F3F82F310889842FFF651AF0746A94633
:1007E000746906F1080807EB470E04EBCE03D3E962
:1007F0000250B6F90830C446002B13DBB24600970E
:1008000004E034F936309446002B09DB03EB430651
:1008100004EBC602D2E90271BD4270EB0101F0DACD
:100820005646009FACF8007034F93E7024F83E3014
:10083000002FD8DAB3794D46002B3FF424AF0023C4
:10084000B371B6F9083006F10808591C3DD01946B5
:10085000776903E080465A1C3FF417AF03EB43026D
:1008600007EBC200B0F802C01C461CF4004F9E46C5
:1008700037F93230EED08C4280ED028B05D0A8F8EB
:100880000030318927F8321034817146E3E739F8B6
:100890003A3033813369EFF3108272B6D3E8CF0F69
:1008A00001210028FAD1C3E8401F0028F6D1BFF388
:1008B0005F8F7388316929F83A30009B7380002379
:1008C000C1E88F3F82F31088D5E640BF05B0BDEC8C
:1008D000028BBDE8F08F2846CDE9022300F0B2FA82
:1008E000029A039B10EB020E43EB010826E7084631
:1008F0000B69029198470028C9D00299D1E90023D9
:1009000011E700BFAFF30080FFFFFFFFFFFFFFFF16
:1009100000800B405470022000000B403106001094
:100920002DE9F84F364C25692DB1BDE8F84F0A2165
:100930003448FFF731BEDFF8E4800321404600F081
:100940006FFA0326C4F80C80FFF7A0FD4FF0504C5F
:100950002D4B267003442361DCF800300F216370B7
:10096000636961801D834FF00405A3F878504FF050
:100970000505A3F890504FF00605A3F8A8504FF0D6
:1009800007050E214FF6FF7208274FF00A0EA3F855
:10099000C0504FF001094FF00C0C4FF0020B4FF01C
:1009A000090A0D204FF00B05A3F868111749A28022
:1009B000A3F808E1A160A3F848B0A3F8F0A0A3F859
:1009C0002051A3F838C1A3F85001A3F83090A3F840
:1009D0006060A3F8D8701A800D4B3046C8F82070BC
:1009E0000C49DC60FFF7A8FD49463046FFF78EFD55
:1009F000094B0A211F640348BDE8F84FFFF7CCBD3F
:100A000094070020947E0220CC690220FFFF100092
:100A1000547002203106001000200B4000000B40F3
:100A200000487047940700200146F0B50069EFF3D5
:100A3000108772B6D0E8CF5F0124002DFAD1C0E84C
:100A4000454F002DF6D1BFF35F8FB1F902E04C693D
:100A50000EEB4E0CBEF1000F4FEACC0504EBCC0CB4
:100A60003DDB605B002648800869C0E88F6F87F334
:100A70001088BCF80200CCE902230130C0F30E005C
:100A8000012838BF0120059BACF80200CCF81030DB
:100A9000069B40EA0E40CCF814300B69EFF310824D
:100AA00072B6D3E8CFCF0127BCF1000FF9D1C3E86C
:100AB0004C7FBCF1000FF4D1BFF35F8F8B88635381
:100AC000A1F804E00B69C3E88F6F82F3108801225C
:100AD000CB68097803F501538A405A60F0BD0023C2
:100AE0000A69C2E88F3F87F310884FF0FF30F0BDEE
:100AF00003464089B0EB214F37DD58690A1402EBF9
:100B0000420210B500EBC2001C69EFF3108C72B604
:100B1000D4E8CFEF0122BEF1000FF9D1C4E84E2F87
:100B2000BEF1000FF4D1BFF35F8F428889B292B259
:100B30008A4207D000221B69C3E88F2F8CF31088EC
:100B4000002010BD42F400424280012100221869B9
:100B50009971C0E88F2F8CF310881C78DA680846EA
:100B600002F50153A140596010BD0020704700BF3D
:100B70002DE9F04306460D4683B0EFF30584E4B259
:100B80003CB1274B586AA8421CD2002003B0BDE8F4
:100B9000F083244FD7F80C9097F80080484600F077
:100BA00051F908F1040859F828301B1A301A65EB7E
:100BB0000101984271F1000111DB20BF184B586A06
:100BC000A842E2D39B6AB34203D3012003B0BDE83D
:100BD000F083401B18BF012003B0BDE8F08300F094
:100BE00039F9864265EB01010029CADB0E4B384614
:100BF000CDE9003432462B46FFF716FF011EC0DD5B
:100C0000074B5A6AAA4208D39B6AB34203D30548EA
:100C1000FFF76EFFB5E7AA42F9D120BFF7E700BFA3
:100C200000000B4094070020F10500102DE9F04171
:100C30000446DDE9071552EA030070D0002B164682
:100C40001F4671DB0698C5E900232861AC60696125
:100C500000F000F94FF0FF326FF00043801947EBCE
:100C60000107824273EB07013CBF1F461046236910
:100C7000EFF3108872B6D3E8CF1F01220029FAD112
:100C8000C3E8412F0029F6D1BFF35F8FB4F90260AA
:100C9000616906EB4603002E4FEAC30C01EBC30368
:100CA00046DB31F80C204FF0000E62802269C2E86A
:100CB0008FEF88F310885A88C3E902070132C2F324
:100CC0000E02012A38BF01221F485A805D61186157
:100CD00042EA06422369EFF3108072B6D3E8CF8F61
:100CE0000127B8F1000FF9D1C3E8487FB8F1000F30
:100CF000F4D1BFF35F8FA38821F80C30A68023695D
:100D0000C3E88FEF80F3108801202178E36800FAB0
:100D100001F103F501535960EA60BDE8F081012655
:100D2000002732463B468DE7564263EB430789E78F
:100D300000202369C3E88F0F88F310884FF0FF323B
:100D4000EA60BDE8F08100BF310600100246C068CD
:100D500000B9704791680314B1F80AC0BCEB204F8A
:100D60003DDD30B54C6903EB430304EBC30C0B6969
:100D7000EFF3108E72B6D3E8CF5F0124002DFAD1C5
:100D8000C3E8454F002DF6D1BFF35F8F83B2BCF8A7
:100D9000020080B2834209D000230969C1E88F3F75
:100DA0008EF3108800230020D36030BD43F400434D
:100DB000ACF802304FF0010C0023086981F806C03E
:100DC000C0E88F3F8EF31088CB68097803F5015394
:100DD0000CFA01F1596000236046D36030BD002356
:100DE0000020D360704700BF084AD0E90003516A71
:100DF0008B4204D8926A824203D3012070470020BC
:100E00007047581A18BF0120704700BF00000B4000
:100E100001460248C1E90023704700BFE90D0010F8
:100E200010B4054B054C064AA04214BF1846581C86
:100E30005DF8044BFFF7FEBAEC6A022000800B401D
:100E400070DE01100346416A0A46986A596A8A426E
:100E5000FAD17047034B596A0A46986A596A914217
:100E6000FAD1704700000B4010B4174A536A9C46F1
:100E7000946A536A6345FAD1001959414FF0000250
:100E800028BF01220346CAB10F4B596A4B1C08BF49
:100E90000B4608D04FF0FF310B460B48426A8A429E
:100EA000FCD38A4207D1084A02E0506A884202D144
:100EB000906A9842F9D35DF8044B7047024A526A2F
:100EC0009142EAD8EDE700BF00000B4000EB400C78
:100ED0004FEA8C0C0CF1804C0CF5803CF0B51646BA
:100EE000DCF80420051FB2F5803F38BF4FF4803294
:100EF000EDB238BFCCF80420012D2AD94FF4006799
:100F0000254C0CF54052176054F82020B2B9DCF89B
:100F10000020012D82EA461202F0E0020CF5805614
:100F200032602AD94FF4006144F820304FF4803306
:100F30000CF500521160CCF80430F0BD6769B7FBC6
:100F4000F2FE0EF1010E0EEB4E0EBEF1030EFCD2C0
:100F5000DDE70129D2D103240CF540521460DCF8FE
:100F60000820D207FBD5DCF800200B4C82EA4612A1
:100F700002F0E0020CF5805632600122DCF80050ED
:100F80004D4005F00305356002FA01F1DCF8082058
:100F90000A42FBD0C6E700BFF46A0220014B53F8B7
:100FA00020007047F46A022070B4039D04682D038A
:100FB00045EA03451B4B002CB3FBF1F3B2FBF3F600
:100FC0001FDB194A194B904214BF4FF480424FF473
:100FD0000042174C1A6003F580531A60A36832EA86
:100FE0000303FBD1212200F54053043301608660E6
:100FF0001A600268002AFCDA0822C5601A6070BC18
:101000007047036803F03F038B42DAD18368C3F370
:101010000B03B342D5D1C36803F4EE23AB42D0D166
:10102000EDE700BF001BB700008005400020024034
:1010300000000240012300EB4000800000F18040EE
:1010400000F5841041600360704700BF0023DB8A15
:10105000002242E800F2520201D410211847042174
:10106000184700BF034AD2F82838002BFBD0BFF343
:101070005F8F704700000E400021044B044ABFF30D
:101080005F8F43F8041B9342F9D170470C080E4060
:101090002C080E4010B44FF48D704FF42A64064AA9
:1010A000064B07491460D06019605368002BFCDAC6
:1010B0005DF8044B704700BF0080044000A004406E
:1010C00000B0FA00704700BF08B50148FFF79AF971
:1010D00094DE011038B5054C054DAC4204D254F8ED
:1010E000043B9847AC42FAD338BD00BFD0DC0110B6
:1010F00010DD011010B40748074C084B084A094995
:1011000004601A608B6832EA0303FBD15DF8044B7C
:10111000704700BF002002407F3BEFEF00300240ED
:10112000F6FFF30300000240044BDB6CB3F5004F05
:1011300003D14FF48022024BDA6470470000115053
:10114000002011504FF0E022044BD2F8881D0B43D1
:10115000C2F8883D10EE3004704700BF0303300032
:101160006FF06041044B054A19609368DB4333F02C
:101170006043FAD1704700BF0030024000000240D7
:1011800010B545F25320FFF761FFBDE8104003465C
:101190000420184710B545F25320FFF757FFBDE86C
:1011A0001040034601201847FFF784B970B5144971
:1011B000144C154D641AA610442E324628BF442202
:1011C0002846920017F0B6FCB4F5867F13D80F4A74
:1011D000C6F1440112D02B19480803EBC000C3E943
:1011E000002208338342FAD1CB0704D521F0010352
:1011F000334445F82320064B9D6070BD4323F8E738
:10120000000000101001001000000020110100106B
:1012100000ED00E0002370B52B4C82B0C4F88430A0
:10122000FFF738FF0122294BDA63636C012BFCD1F5
:101230000321264A244B11639C6B012CFCD102260E
:10124000052521460523224A22480096FFF7ACFED9
:1012500021462B46204A21480095FFF7A5FE002293
:10126000042031461E4BFFF731FE2146284600225E
:101270001C4BFFF72BFE0022082011461A4BFFF7EC
:1012800025FE002209201146174BFFF71FFE002202
:1012900006201146134BFFF719FE0022114B0720C1
:1012A0001146FFF713FE0420FFF778FE00240F4BD2
:1012B000A3FB0035AD0CE0B229460134FFF7BAFEBE
:1012C000062CF8D102B070BD000001400030014092
:1012D000002F685900000540008C864700800540BB
:1012E000001BB70080D1F008006CDC0283DE1B43DA
:1012F00086B003B451FC0804CDE9020151FC090495
:10130000CDE9040151EC0A04CDE9060103BCF04724
:10131000BDE800504EEC00C4BDE800504EEC01C4E6
:10132000BDE800504EEC02C400BD000000B5FFF760
:10133000DFFF02E010FE30F4F8D441EC100443EC7F
:10134000112400EE010410EE010480EE200451ECA3
:101350001004704700B5FFF7CBFF02E010FE30F439
:10136000F8D441EC100443EC112400EE010410EE1B
:10137000210480EE200451EC3004704700B5FFF7E3
:10138000B7FF02E010FE30F4F8D410B541EC1004C1
:1013900043EC112451EC040453EC0524A0FB024C53
:1013A0005FF0000EE0FB03CEE1FB02CE4CEC2044EC
:1013B0000024E1FB03E444EC30E480EE200451EC33
:1013C0005004BDE81040704700B5FFF791FF02E000
:1013D00010FE30F4F8D441EC100443EC112451EC2D
:1013E0002104A0FB01126FEA820252FB100052FBA3
:1013F00012F252FB1000A0EBD07C53EC04245CFBF7
:1014000013F153EC1524A1FB022001FB030053EC64
:101410004424A2EB000050FB1CF24FEA111312EB24
:10142000017043EBE27140EA515020EA915020F004
:10143000070053EC7524A0FB023C53EC752400FB21
:1014400003CC01FB02CC53EC0424ACEB824C40EA0D
:101450005C70A0F1010041EC400480EE200451ECEE
:101460007004704700B5FFF743FF02E010FE30F450
:10147000F8D441EC100480EE220410EEB204704760
:1014800000B5FFF735FF02E010FE30F4F8D440EC71
:10149000700400EE010410EE210480EE200451ECF3
:1014A0003004704700B5FFF723FF02E010FE30F470
:1014B000F8D440EC600400EE010410EE210480EE4C
:1014C000200451EC3004704700B5FFF711FF02E033
:1014D00010FE30F4F8D441EC800400EE010410EE6C
:1014E000010480EE400410EE1304704700B5FFF7CE
:1014F000FFFE02E010FE30F4F8D441EC800400EE70
:10150000010410EE010480EE400410EE3304704735
:1015100000B5FFF7EDFE02E010FE30F4F8D441EC28
:10152000100443EC112400EE010410EE3004C0F36B
:101530000070704700B5FFF7DBFE02E010FE30F4EC
:10154000F8D441EC100443EC112400EE010410EE39
:101550003004C0F38070704700B5FFF7C9FE02E0A9
:1015600010FE30F4F8D443EC102441EC110400EEEA
:10157000010410EE30F48CBF01200020704700BF42
:1015800000B5FFF7B5FE02E010FE30F4F8D443ECEE
:10159000102441EC110400EE010410EE30F42CBFD5
:1015A00001200020704700BF00B5FFF7A1FE02E058
:1015B00010FE30F4F8D441EC100443EC112400EE9A
:1015C000010410EE30F42CBF01200020704700BF52
:1015D00000B5FFF78DFE02E010FE30F4F8D441ECC8
:1015E000100443EC112400EE010410EE30F48CBF23
:1015F00001200020704700BF17F094BA704700BF69
:101600002DE9F04F83B09946DDE90DAB0F9B88467D
:1016100011469A07074616D1DA453AD20C460D46CE
:10162000ABEB0A060E4422464B46414620200134CD
:10163000B847B442F7D12946BAF1000F08D1204685
:1016400003B0BDE8F08F0C46BAF1000F10D00E4683
:1016500055460C9B2E449A440191721B4B46013D0A
:1016600041461AF8010D3446B847002DF5D10199CD
:101670000F9B9B07E3D5651AAB45E0D922464B4645
:10168000414620200135B8475D4504F10104F5D3FA
:10169000D5E7BAF1000FDAD10C46D0E72DE9F04FCB
:1016A0000F9FDDF824E017F0020F0A9C9DF82C90A4
:1016B0000E9DDDE90C8629D1002D6FD1B44225D2D3
:1016C000202C07F0010B00F0128104F1FF3C4FF0D9
:1016D000300AF44401E0202C7AD00134A6420CF800
:1016E00001AFF8D8BBF1000F10D0AC420ED2202CC5
:1016F00074D004F1FF3C4FF0300AF44401E0202C98
:1017000029D00134AC420CF801AFF8D117F0100F1A
:101710003AD017F4806F28D11CBBB8F1100F00F03D
:10172000CA80B8F1020F00F0D48030248EF8004057
:101730000124B9F1000F67D17E0740F1AA802B2662
:101740000EF804600134CDE90B57CDE909E4BDE89A
:10175000F04FFFF755BFFC0640F189807C0535D47A
:101760002024A6426AD0AC4268D0B8F1100F00F035
:101770008780B8F1020F5AD0202CE4D026460134DD
:101780004FF0300C0EF806C0202CD2D1CDE90B570B
:10179000CDE909E4BDE8F04FFFF732BF17F0010BC8
:1017A0003ED0B9F1000F47D117F00C0F44D1B4422D
:1017B0009BD2202C89D1202D10D8FC0657D57C0532
:1017C00055D4202E00F0B980202D10D02024CCE755
:1017D000BBF1000F00F0A580202DBCD9FC0646D53A
:1017E0007C0544D4202E00F0A880202D3FD12C462B
:1017F0001F26B8F1100F7FD0B8F1020FC0D14FF003
:10180000620C0EF806C0B7E72D260EF8046001340E
:10181000CDE90B57CDE909E4BDE8F04FFFF7F0BE85
:10182000B442BFF473AF202C7FF44FAFD6E7202C27
:1018300089D026460134E2E7013DB8E7661ED8D1DB
:10184000B8F1100F64D0B8F1020F7FF46EAF6226CA
:101850008EF80060302644468EF80160B9F1000F22
:101860003FF46AAFD0E7B8F1100F7FF46CAF2024DB
:10187000CDE90B57CDE909E4BDE8F04FFFF7C0BE55
:10188000BE060ED4202CF2D078260EF80460013467
:1018900072E73E077FF557AF20260EF8046001344B
:1018A00051E7202CE3D04FF0580C0EEB040686F8DD
:1018B00000C0013460E7BE0617D558248EF80040FA
:1018C00030248EF801400224B9F1000F3FF434AF08
:1018D0009AE762248EF8004030248EF801400224FA
:1018E000B9F1000F3FF428AF8EE77824F2E7BBF19F
:1018F000000F7FF462AF71E717F0200F0CBF4FF0BD
:10190000780C4FF0580CA61E0EF806C0013C35E7C7
:10191000BC06EAD558248EF8004030248EF80140E9
:10192000DDE717F0100F3FF40EAF17F4806F9AD178
:10193000202E7FF418AF1F265BE734461F2658E79A
:1019400000B9704701F04EBB10B1D1E90031184722
:10195000704700BF000000002DE9F04F9FB09DEDE3
:10196000287BDDE92AA558EC177B83461E460D919E
:10197000109243463A46384641468DED087B2C9CF2
:10198000FFF7CAFD002840F0D880384641464FF0A6
:10199000FF32754BFFF720FE002840F0CE8038461E
:1019A00041464FF0FF326FF48013FFF7D9FD002856
:1019B00040F0C380DDE90878002238464146002324
:1019C000FFF7CEFD002840F0C081CDE90A78DDE9BF
:1019D0000A2390461F4614F4806308BF4FF0060A9E
:1019E000139304F4006258EA0703119240F0C08098
:1019F000002A00F0A2819FED5A7B00278DED0E7B1F
:101A00004FF00009BA45CCBFAAEB070A4FF0000A15
:101A10004F46C8BF0AF1FF3A44F480644D4594BF75
:101A20004FF00008A5EB090814F00203119304D04D
:101A3000B9F1000F18BF4FF000083FB1DDE90A010E
:101A4000DDE90E23FFF7C4FCCDE90A01DDE9080159
:101A500000220023FFF784FD30B1DDE90A010246D0
:101A600001F10043CDE90A239DED0A7BCDE902A8EF
:101A7000DDF834A024F4006304938DED007B33463D
:101A800051465846109A00F097F98046B9F1000F78
:101A90004FD014F0200F024600F1010433460CBF72
:101AA000652045205146D84709F1FF3087EAE77C99
:101AB0000DF1580900224B46DFF8B080ACEBE77C13
:101AC0004FEAD77E01E0202A10D0E246A8FB0C7135
:101AD000C90801EB8107ACEB47073037BAF1090FB2
:101AE0008C4602F1010203F8017BECD80523059036
:101AF000069300200A230D9FCDE90330CDE9012E86
:101B00003346224639465846CDF80090FFF7C6FDC9
:101B1000119B80466BB1109BC41AA54209D942465D
:101B20003346394620200134D847A54208F1010840
:101B3000F5D840461FB0BDE8F08F9DED087B3346D9
:101B40005846109A0D998DED287BCDE92B54CDF890
:101B5000A8A01FB0BDE8F04F00F02EB9AFF3008091
:101B60000000000000000000FFFFEF7FCDCCCCCCD8
:101B7000C7F30A50A0F2FF30FFF786FC8AA3D3E92F
:101B80000023FFF7FFFB8AA3D3E90023FFF7D2FB73
:101B9000C7F31307CDE90E0147F07F5140460022FD
:101BA0007B4B41F44011FFF7D9FB6BA3D3E9002332
:101BB000FFF7E8FB02460B46DDE90E01FFF7BAFB33
:101BC000FFF786FC0746FFF75FFC65A3D3E9002318
:101BD00080468946FFF7D6FB00226E4BFFF7AAFB33
:101BE000FFF776FC03464946404612935EA3D3E9CD
:101BF0000023FFF7C7FB804612988946FFF744FC95
:101C00005BA3D3E90023FFF7BDFB02460B4640462A
:101C10004946FFF7A3FB02460B4680468946FFF77D
:101C2000B1FB42464B46CDE90E0140464946FFF71F
:101C300081FB0022CDE91401DDE90E01564BFFF7CF
:101C4000C7FB0022554BFFF775FB02460B46DDE94B
:101C50000E01FFF7BDFB0022514BFFF76BFB024665
:101C60000B46DDE90E01FFF7B3FB42464B468046CB
:101C7000894600204FF08041FFF770FB02460B467B
:101C800040464946FFF756FB02460B46DDE9140184
:101C9000FFF79EFB0022434BFFF74CFB129B0022F9
:101CA00003F2FF3C4FEA0C53FFF76CFB804689467A
:101CB000DDE90A0142464B46CDE90E89FFF750FCAB
:101CC00068BB4346494607F16302C62A119A8CBF96
:101CD0004FF005094FF00409002A3FF49FAE0B4373
:101CE0003FF48EAEDDE90A0123A3D3E90023FFF719
:101CF0005FFC48B1DDE90A0121A3D3E90023FFF726
:101D00002FFC00287FF47CAEBAF1000F3FF486AEC2
:101D1000139B002B3FF482AE0AF1FF3A7EE60022CD
:101D20001E4B40464946FFF753FB0A460146034611
:101D3000CDE90E12013F1146C5E79FED137B174613
:101D40004FF004098DED0E7B68E608F100430A9719
:101D50000B933CE6AFF3008061436F63A787D23FEC
:101D600071A379094F930A401655B5BBB16B024078
:101D7000EF39FAFE422EE63F2D431CEBE2361A3FC6
:101D80000000000080842E410000000000000000E0
:101D90000000F83F0000E03F00002C40000024401D
:101DA000000018400000F03FFB799F501344D33FE0
:101DB000B3C8608B288AC63F2DE9F04F97B0DDE9A4
:101DC0002089CDE90401DDE9224BCDE90623404617
:101DD00042464B464946DDF890A0FFF79DFB0028A0
:101DE00040F0C581404649464FF0FF326FF4801302
:101DF000FFF7B6FB002840F01D81404649464FF0F2
:101E0000FF32C14BFFF7E8FB002840F0E380B8A3A6
:101E1000D3E9002340464946FFF7DEFB002840F0A7
:101E2000CB80B5A3D3E9002340464946FFF798FB92
:101E3000002840F0C1804046494600220023FFF7B9
:101E40008FFB002840F0E0801AF480650D9000F0D0
:101E5000E980092C40F296810EAB1A460C93302192
:101E60000023A4F109050133202B02F8011BA4EB88
:101E7000030600F03A81AB42F5D19FED9D7B8DEDDD
:101E8000087B49464046FFF723FB0446FFF7FCFA70
:101E900002460B4640464946FFF760FADDE9082353
:101EA000FFF770FA02460B46CDE90A23FFF722FB43
:101EB0000746FFF7FBFA02460B46DDE90A01FFF78A
:101EC0004DFA02460B46CDE90A2300228F4BFFF75D
:101ED00083FB002800F0DB8001373846FFF7E6FA85
:101EE000DDE90823FFF764FB08B100270134002E69
:101EF00040F0B1802046FFF7C7FA02460B46404645
:101F00004946FFF72BFA0022804B06460F46FFF7A3
:101F100027FB40B93046394600227C4BFFF75CFB7B
:101F2000002800F015810C9B691E7948194410E0C7
:101F300080FB0462C3EBA20303EB8302A4EB420425
:101F400004F1300201351C4601F8012F002B00F08E
:101F5000AB80202D4FEAE473EAD10AF00303012B92
:101F60001CD1BBF1000F19D00D9B002B40F0F98064
:101F70001AF00C0F40F0F580AB4540F2D380202DD5
:101F80000BD030220C996B1E0B4401355D4503F8D4
:101F9000012F00F08D80202DF7D12025DDE90623CB
:101FA000DDE904010C9CCDE902BA01950094FFF72C
:101FB00027FB17B0BDE8F08FCDE92089DDE90623C6
:101FC000DDE90401CDE923BA229417B0BDE8F04F52
:101FD000FFF7C2BC4F4DCDF88CA00AF0040ABAF14D
:101FE000000F4D4C18BF2C46DDE90623DDE9040146
:101FF00020940CBF03240424CDF888B0219417B09A
:10200000BDE8F04FFFF7FCBA4B46424600200021E6
:10201000FFF7A4F901231AF48065804689460D93E1
:102020007FF417AF9FED367B0EAB06268DED087B58
:102030000C9326E70424DDE90623DDE90401374D8E
:10204000CDF88CA0CDF888B02095219417B0BDE8CC
:10205000F04FFFF7D5BA0C9B681EDFF8C4C01844D8
:102060000DE0ACFB0721C90801EB8102A7EB42029E
:102070003032092F00F8012F27D90F461D46202D99
:1020800005F1010306F1FF36EBD120254BE70022D5
:10209000DDE90A011D4BFFF763FA00287FF427AF43
:1020A000002F5AD1013722E70AF00303012B75D024
:1020B000202D3FF473AF0D9BBBB32D2205F15803C8
:1020C0006B4403F8202C013568E7202BDDD0AEB33C
:1020D0000C9A1E441544302201E0B3422ED0013345
:1020E000202B05F8012FF8D1CFE71D46C5E600BF2C
:1020F0000000000065CDCD410000000065CDCDC1E0
:102100000000000080842E41FFFFEF7F0000E03FD1
:1021100067666666D4DE0110DCDE0110E4DE0110C5
:10212000CDCCCCCC202D3FF439AF1AF0040F0DD11B
:102130001AF0080F3FF432AF2022BFE72E2103F13F
:1021400058026A4402F8201C5D1CECE62B22B5E71D
:10215000E3077FF5E8AE0134E5E6FA077FF5C7AEA1
:10216000A0E70BF1FF3BAB453FF609AFA0E7032427
:10217000DDE90623DDE904010A4DCDF88CA0CDF898
:1021800088B061E7084B264603EBC40393ED007B60
:102190000EAB8DED087B00250C9372E6BBF1000FB2
:1021A00086D0E1E6E0DE0110C8E901102DE9F04F2C
:1021B0009A469BB0249C964D0B94964C0B1E18BFD0
:1021C000834625609AF80000934C0A9308BFA34603
:1021D0000992002800F0BC824FF000090AE04A464C
:1021E000099B0A9909F10109D8479AF800000028CB
:1021F00000F0CE8025280AF1010AF0D100235246D2
:1022000012F8010BA0F1200110290AD8DFE801F033
:102210004009093C0909090909090938093409096A
:102220003000A0F13001092940F28C802A2800F00A
:10223000F58000210C912E2800F099800027A0F154
:10224000680112292DD8DFE811F057012C00510147
:102250002C0045012C002C002C002C002C002C0004
:102260002C0027002C002C002C002C002C00270018
:10227000924643F00103C2E7924643F00203BEE7F1
:10228000924643F00403BAE7924643F01003B6E7E0
:10229000924643F00803B2E79AF8010043F48073D2
:1022A00001326728924600F28280242840F2C680DC
:1022B000A0F12502422A00F2C180DFE812F05F019E
:1022C000BF00BF00BF00BF00BF00BF00BF00BF0016
:1022D000BF00BF00BF00BF00BF00BF00BF00BF0006
:1022E000BF00BF00BF00BF00BF00BF00BF00BF00F6
:1022F000BF00BF00BF00BF00BF00BF00BF0026017E
:1023000045012601BF00BF00BF00BF00BF00BF00E6
:10231000BF00BF00BF00BF00BF00BF00BF00BF00C5
:10232000BF00BF00D301BF00BF00BF00BF00BF00A0
:10233000BF00BF00BF00BF00D3016701D30126016A
:1023400045012601002100E0013201EB810100EB93
:10235000410110789246A0F13004092CA1F130011E
:10236000F2D92E280C9102F101027FF467AF9AF89E
:1023700001001146A0F13006092E43F4806340F2BB
:1023800031812A2800F03E8192460027013256E72B
:102390004C46099B994501D303F1FF394A46002079
:1023A000099B0A99D84720461BB0BDE8F08FA0F1E1
:1023B0006902D2B20F2A41D8012649F24101964062
:1023C0000E4040F001810A2A3FD0072A36D10B9CEB
:1023D00054F8042B002A00F0288143F021010DF16C
:1023E000480E704603E0202E00F029811A4602F0C4
:1023F0000F052B46092D94BF303337330F2A00F8D1
:10240000013B06F101064FEA1213ECD817E100BFB9
:10241000AD210010CC6D0220FD1500100B9C9AF828
:10242000010054F8045B9246002DBDBF694243F0A1
:1024300002030C910C950B940132FCE64A46099B71
:102440000A9909F10109D847CFE60B9951F8048B95
:1024500098F800201046002F40F0E18072B16FF034
:10246000010C0CF1010C4646C44401E0664503D062
:1024700016F8014F002CF9D1A6EB080613F4806C76
:1024800002D0BE4228BF3E4613F0020400F087810E
:10249000002A00F02B81BCF1000F00F041810B9469
:1024A0000D964A46DDE909540E464F4408E02B4696
:1024B0002146D84718F8010F09F1010910B14A4621
:1024C0004F45F4D131460B9C0D9E002C40F00E81FF
:1024D0000B918AE69AF801006C287FF4DFAE9AF837
:1024E000020043F440730AF10302DAE69AF80100AD
:1024F00043F400730132D4E69AF80100682800F032
:10250000208143F080030132CBE6672800F0E780AA
:10251000472800F00081452800F0FF800B9C0493C1
:102520000C9B0734CDE9027324F007031C46DDE958
:102530000931F4E802674A465846CDE900670B9432
:10254000FFF70AFA814650E646280B9C08BF43F085
:10255000200304930C9B0734CDE9027324F0070396
:102560001C46DDE90931F4E802674A465846CDE9E0
:1025700000670B94FFF720FC814636E64A4625208B
:10258000099B0A9909F10109D8472EE60B9A9C0785
:1025900002F1040709F1010640F1E6801078099B79
:1025A0004A460A99D8470C9B012B40F22C81DDE961
:1025B0000954994432462B46214620200136D847FB
:1025C0004E45F7D10B9710E66F2800F08B8040F254
:1025D0006581782800F008814FF00A0823F0100385
:1025E000C44647E0002707EB870700EB4700A0F150
:1025F000300711F8010FA0F13002092AF3D98A46F9
:102600004A1C1CE60B9C9AF8020054F8047B0AF161
:10261000020A0AF101020B9427EAE7770FE6002A83
:102620003FF42CAF07F1FF3C1BE723F0100113F43C
:10263000806241F021013FF4D2AE0DF1480E082333
:102640001020059300234A46CDE9023006915846F2
:10265000DDE90931CDE900E60497FFF71FF80B9497
:102660008146C2E5582879D0622840F051824FF067
:102670000208C44613F480606DD123F00C0313F4F8
:10268000007240F0C2800B9904310D9113F48071F7
:1026900040F02E825E060B9A40F1AA801278002A42
:1026A00040F0DA8023F01003002800F0D5801146B6
:1026B0000DF1480E06930C9BCDF80CC0CDE90473C8
:1026C000019100234A4602935846DDE90931CDF8CD
:1026D00000E0FEF7E3FF0D9B81460B9385E543F495
:1026E00000631BE74FF00808C446C3E70C9B4C4649
:1026F000B3427FF6EDAE0F464B44A3EB0609DDE98E
:10270000096522463346294620200134D8474C45E6
:10271000F7D13946DCE643F4006343F02003FDE6DD
:102720000F460B94DDE909544A462B462146D8470B
:1027300018F8010F09F101090028F5D139460B9C61
:10274000C3E69AF8020043F0C0030AF10302A8E5C9
:10275000044681461DE623F00D0390E74FF0100874
:1027600043F02003C44685E70C9B012B45D9DDE9E6
:1027700009544E4609F1FF38984432462B4621460B
:1027800020200136D8474645F7D10C9B3246994464
:102790000B9B1878DDE90931D8470B9725E50C9B91
:1027A000B34240F2EE81CDE90D48DDE90954884697
:1027B0004B449E1BCDF82CC04A462B462146202078
:1027C00009F10109D847B145F6D14146DDF8388015
:1027D0000C9BDDF82CC00D9C98F800205E1C104668
:1027E000002A7FF458AE73E64FF01008C44641E764
:1027F0001D064CBF1288126851E713464A461878E6
:10280000DDE90931D847B146DCE60B9C073424F0FA
:1028100007042246656852F8084B0B9254EA0502F9
:1028200040F02C8123F01003002800F027810026BF
:102830000DF1480E06930C9B4A46CDE90473002324
:10284000CDE900E6CDF80CC002935846DDE9093128
:10285000FEF724FF8146C8E413F0200F14BF412087
:1028600061200DF1480E7646A0F10A0803E0202908
:102870003FF420AF2246B2FBFCF40CFB1425E8B277
:10288000092D00F130058ABF4044E8B2C0B262456C
:1028900006F8010B01F10101E9D20BE723F0100268
:1028A00069280D9240F06F8113F4806204D04FF4D8
:1028B000806223F011030D930D9B13F4007640D139
:1028C0000B9B03F104080D9B13F4807040F098807B
:1028D000590640F1C6800B9B19780C46CB0F002996
:1028E00000F0B98022460DF1480E74461646DFF816
:1028F000A0C201E020280FD03546ACFB0621C90854
:1029000001EB8102A6EB42023032092D0E4600F1A6
:10291000010004F8012BEDD80D9ACDE901030692D0
:102920000C9ACDE904720A234A4603935846DDE91E
:102930000931CDF800E0FEF7B1FECDF82C808146DC
:1029400053E40B9C073424F00704214608466368CF
:1029500050F8081BDC0F0B9051EA030000F0C38015
:102960000A46191E48DB13460DF1480EF4460026B0
:10297000CDE90E94DFF8188201E0202E2DD05A18F0
:1029800042F10002A8FB025929F0030505EB990565
:10299000521B1C469B1A61F1000508464FF0CC31D2
:1029A00001FB03F108FB0511A3FB085319440523A0
:1029B00005F00109A9FB03399B180A2C03F1300328
:1029C0004FEA550570F100000CF8013B06F10106D5
:1029D00045EAC1734FEA5101CFD2DDE90E940D9B58
:1029E0004A4606930C9BCDE90164CDE904730A23A2
:1029F000CDF800E0039328E7524261EB4101B2E7D2
:102A00000B9B1968CB0F002900F0AB8081EAE172C3
:102A1000A2EBE1720DF1480E7046DFF874C101E0DF
:102A2000202E10D01546ACFB0241C90801EB8104F1
:102A3000A2EB440404F13002092D00F8012B06F149
:102A400001060A46ECD80D9ACDE9016306920C9A6C
:102A5000CDE9047267E7002A3FF445AF0DF1480E57
:102A60005AE713F0800F0B9B00F08180B3F9001040
:102A700081EAE174A4EBE174A4B22FE713F0200F14
:102A800014BF412261220DF1480E0A3ACDE90D979B
:102A9000CDF844B000267746F3469146CDE90F3C89
:102AA00003E0202E17D004460D4629464246002357
:102AB00020461BF0F1F8D2B2092A02F1300388BF98
:102AC00002EB09034445DBB275F1000507F8013B51
:102AD00006F10106E5D2DE46DDE90D97DDE90F3CA2
:102AE000DDF844B0A6E6002A47D1134611463BE77D
:102AF0000B990968A1B923F0100388B10DF1480EB4
:102B000006930C9BCDF80CC0CDE904730192D8E577
:102B100013F480627FF4CBAE23F010030D93CBE669
:102B200013F0200F14BF412061200DF1480E7646AE
:102B3000A0F10A0802E0202AE2D02146B1FBFCF411
:102B40000CFB1415E8B2092D00F130058ABF404492
:102B5000E8B2C0B2614506F8010B02F10102EAD207
:102B6000CEE7002A3FF456AF0DF1480E6BE7196827
:102B700081EAE174A4EBE174B0E600260DF1480EA1
:102B80002DE701362BE64FF00A081346C44671E5DF
:102B9000CDCCCCCC70B594461E4605460C4684B0D0
:102BA0004FF0FF32634602A900960348CDE9025474
:102BB000FFF7FCFA04B070BD491900100FB410B54E
:102BC0000E4B84B006A91C6851F8043B03915CB11C
:102BD00000914FF0FF3202A90948A047012004B03C
:102BE000BDE8104004B07047184600F03DFA20469A
:102BF00004B0BDE8104004B0704700BFCC6D0220A7
:102C00004119001010B5094B84B01C684CB1034643
:102C100000914FF0FF3203A90548A047012004B0FE
:102C200010BD00F021FA204604B010BDCC6D02208A
:102C30004119001000BEFDE7074A0346106838B18D
:102C4000064903448B428CBF4FF0FF30136070473E
:102C5000034908461160F3E7306D022000000820A8
:102C6000208E022090B110B50446FEF7F3F8084A12
:102C7000D2E90032C01A61EB02010023054A1BF0C1
:102C800013F8C4E90001A260002010BD00207047C5
:102C90007011002040420F0003460846114623B938
:102CA000034BD3E9002300F05FB94FF0FF307047CA
:102CB00068E90110431E012B09D810B514460846D7
:102CC00001230022214600F0D7F8204610BD4FF026
:102CD000FF3070470EB44FF0FF3003B0704700BFB5
:102CE0004FF0FF30704700BF4FF0FF30704700BF1C
:102CF0004FF0FF30704700BF02288CBF002001203A
:102D0000704700BF08B5FFF795FF00BF9C4614460B
:102D100000B50B460246614683B044B1054D0648F6
:102D200001940095FFF74AFF0120FFF783FF034D51
:102D30002C46F4E7ECDE0110FCDE0110F8DE011099
:102D400038B5064C064DFEF7C5F9AC4204D254F82E
:102D5000043B9847AC42FAD338BD00BF10DD0110E8
:102D600018DD01100368084611461847437D2DE918
:102D7000F04781460F461646002B43D0002A3BDD24
:102D8000037D00204D1E014615F8012FDFF88480D9
:102D90000A2A01F101040ED0A6421CD02B7821464C
:102DA000A3F10D03B3FA83F315F8012F5B090A2A87
:102DB00001F10104F0D1002BEED18142A1EB000121
:102DC00038441BDC02214046D9F800309847A6421F
:102DD00008D02046E2E7864204DD311AD9F80030F7
:102DE00038449847374417F8013CA3F10D03B3FA70
:102DF00083F35B0989F81430BDE8F087D9F8003017
:102E00009847DFE73846D9F800301146BDE8F0476B
:102E1000184700BF18EA01100B682DE9F041802B1C
:102E20000D46064605D05A1C2B442A601E71BDE88B
:102E3000F0810F4B1C68A4B10E4F01F1040801E0B2
:102E4000246974B12368002BFAD03B680BB1A3420C
:102E5000F6D1204641462A68FFF788FF2469002CF6
:102E6000F0D1002301222B442A601E71BDE8F081BD
:102E7000206B0220246B02202DE9F04782B00D4622
:102E8000924699460746FDF7E5FF4FF0FF366FF093
:102E900000442F4A821841F10003964274EB03016B
:102EA0003CBF324623462B481AF00AFF6B1C804673
:102EB00003D1384617F086F90546274B274E1C6884
:102EC000274BB9F1000F18BF1E46B4B1BAF1000F7D
:102ED0001AD1DFF8909001E0246974B12368002BC7
:102EE000FAD0D9F800300BB19C42F5D120462A46E1
:102EF0003946B0472469002CF0D1B8F1000F1FD13A
:102F0000284602B0BDE8F0874FF00A0ADFF8549077
:102F100002E02469002CF0D02368002BF9D0D9F806
:102F200000300BB1A342F4D12A4639462046B047BF
:102F3000012220460DF107018DF807A0B047E8E710
:102F400004481AF0ADFE284602B0BDE8F08700BF85
:102F500040420F00400F0020206B0220652D001022
:102F60006D2D0010246B02202DE9F04F9846074686
:102F70000E4683B0DFF860B0DFF86090DFF860A045
:102F80000192DBF8004014B911E024697CB1D9F852
:102F900000500DB1A542F8D1A268002AF5D0314603
:102FA000384690470028F0DD03B0BDE8F08FDAF82E
:102FB000242090450BD8DAF82810019B994204D3BD
:102FC0006FF0010003B0BDE8F08F9045F8D101200B
:102FD0000021FDF749FFD4E7206B0220246B02207B
:102FE00000000B40F0B583B006468DF80700FDF7F2
:102FF00031FF4FF0FF356FF00044174A821841F15E
:103000000003954274EB03013CBF23462A46134854
:103010001AF056FE124B07461C689CB1114D01E098
:1030200024697CB12368002BFAD02B680BB19C4239
:10303000F6D1204601220DF10701FFF797FE246922
:10304000002CEFD117B9304603B0F0BD03481AF099
:1030500027FE304603B0F0BD40420F00400F002075
:10306000206B0220246B022038B5044617F0AAF822
:10307000012305461A4620462946FFF7FDFE084B68
:103080001C682CB163682BB198472469002CF9D1D6
:10309000284638BD2469002CF4D1284638BD00BF2D
:1030A000206B02202DE9F041A2B004460D46FDF749
:1030B000D1FE4FF0FF376FF00046274A821841F1EA
:1030C0000003974276EB03013CBF3A463346234860
:1030D0001AF0F6FD00262B4607462246204801A995
:1030E0000196FFF757FD019B06467BB91D4B1C68F7
:1030F0002CB1636843B198472469002CF9D10FBB08
:10310000304622B0BDE8F0812469F1E7DFF8548051
:10311000D8F80050EDB1144C01E02D6975B12B6861
:10312000002BFAD023680BB1AB42F6D12846019AA6
:1031300002A9FFF71BFE2D69002DF0D1D8F8004041
:103140000195D5E705481AF0ABFD304622B0BDE841
:10315000F0810195D3E700BF40420F00400F0020EF
:10316000192E0010206B0220246B02200FB400B532
:1031700083B004A951F8040B0191FFF793FF03B04A
:103180005DF804EB04B070472DE9F04F4FF00009F3
:103190004FF0010E85B0174602689DF83840C2F81E
:1031A0006C905160191E03940546DDE90F46C2F884
:1031B0006CE0029150DD039B01F1FF3A83EA0E03BC
:1031C0005B020193002C00F09680C846CB4601219B
:1031D0003046A047B9F1000F54D12A684FF00009DA
:1031E00029798902019817F8013BCA4518BF0020C8
:1031F0000B4303431361002C47D04FF0000B03E057
:103200002A68536BD80615D400213046A0474BEAF4
:10321000000B5FFA8BFB0028F2D0834600284BD1CD
:10322000029B09F101094B4516D00021002CCED19B
:103230002A68D7E7D2F88080B8F1000F50D1BBF1EF
:10324000000F13D1CA454FD04FF00008029B09F17F
:1032500001094B45C346E8D14846039B2B7105B095
:10326000BDE8F08F2A68536B9B051FD400213046C0
:10327000A0474BEA000B5FFA8BFB0028F2D06FF0FF
:103280000109E9E700212A68ACE7BBF1000FC7D1CB
:10329000536BDB06FCD5D2F88080B8F1000FD1D09B
:1032A0004FF0010B536D536B9905FCD55846136EC7
:1032B0004FF0000B0028B3D0BBF1000FDFD1B8F105
:1032C000000F1ED018F0010F1BD118F0080F08BF17
:1032D0004FF0FF394846039B2B7105B0BDE8F08FD6
:1032E0004FF0010B536DC1E7039B002BACD12CB900
:1032F000A346A046D7E7A346A0466FE798469B465D
:10330000B4E74FF0FF39A7E72DE9F84F4FF0010C74
:10331000DDE90B46002791460268B3F10008D76645
:10332000054651609DF828B0C2F86CC021DD08F157
:10333000FF3A14B101213046A0472B685A6F102A7A
:10334000FCD0002F33D00022BA4504BF8BF001011E
:1033500042EA412242F480721A618CB1D3F8802093
:10336000596B11F0400113D0002130465B6DA0472E
:10337000C743384685F804B0BDE8F88F9A6F7AB92C
:10338000D3F880205A6B5206F8D500205B6DEFE72A
:103390003046A0470028EBD12B689A6F002ADDD079
:1033A0001B690137B84509F8013BC2D1E1E72A7929
:1033B0009202C9E7F8B5064605200C46FDF7EEFD7A
:1033C00000EB540CBCFBF4FC214B0CEB4C02A3FBBC
:1033D000025320499F088C42ACEB930530D801F191
:1033E000D64101F5A10101F62C0100EB4003A1FB40
:1033F00003139B0D013300244F2A98BF012231682B
:10340000B0FBFCF0CC660C6801F5805684F0040437
:1034100004F00604346088BF0D4CCD6184BFA4FB6A
:10342000024292090F62C1F8A0200A46012452F814
:103430007C5F6B409BB202F580521360CC66F8BD96
:10344000054900EB4003A1FB0313DB0D0133D2E779
:10345000CDCCCCCC3F420F00893BE6550E4A30B470
:10346000904214BF202210220C4D0D4B0D4C2A60AF
:103470001A60A36832EA0303FBD140F26515032406
:1034800002680371D3661560D3639363C2F8884002
:1034900030BCFFF78FBF00BFB40700200020024000
:1034A00000300240000002402DE9F04389B00DF1E8
:1034B0001008044616461F46DDE9122340460D4615
:1034C0009DF84090FDF7A4FC3B46CDE9010832464B
:1034D00029462046CDF80090FFF756FE09B0BDE81A
:1034E000F08300BF2DE9F04389B00DF110080446C8
:1034F00016461F46DDE9122340460D469DF84090D2
:10350000FDF786FC3B46CDE90108324629462046B8
:10351000CDF80090FFF7F8FE09B0BDE8F08300BFDA
:103520002DE9F84F374B0746984214BF4FF400235C
:103530004FF480230E46344D344C354A2B602360C3
:10354000946833EA0404FBD10620FDF727FD3946D1
:10355000022351F8042F4FEA462E4FEAD65B7045FE
:1035600002EA030801F5405974EB0B02C9F8003078
:1035700011D34FEA965CB20201E05246AC460233E8
:10358000B3F5807F07D01EEB020A4BEB0C0590428F
:1035900074EB0C0CF1D24FF48072C3EB032494460D
:1035A000013A2DD0B0FBF4F5AE42A4EB0304F6D201
:1035B0000CFB03FC120202243B613B4603253E68E0
:1035C00001F500517240B0FBFCF002F47F4207F5B8
:1035D000805CCCF80020C1F800807E68C9F800400B
:1035E00053F8242B264082F0070202F0CF0203F5A5
:1035F0000053CCF800200E601D600C60BDE8F88F11
:103600009C46D8E7000008400020024000300240FD
:10361000000002402DE9F047054606200C46FDF764
:10362000BDFC294602234FF0000951F8046F4FEA10
:10363000442E01F540524FEAD45A7045136079EB9D
:103640000A0206EA030611D34FEA945CA20201E0E3
:103650004246BC460233B3F5807F07D01EEB02081A
:103660004AEB0C07904279EB0C0CF1D24FF48072CC
:10367000C3EB032C1746013A17D0B0FBFCFEA6455E
:10368000ACEB030CF6D903FB07F712022B612B6896
:1036900001F50051534003F47F4305F580552B603D
:1036A000B0FBF7F00E60BDE8F0871F46EEE700BF05
:1036B00082B2B2F5406F08D2044AC9B212F800C013
:1036C0008C4502D011540EF0E1BC7047F41100207B
:1036D0001C4B1B68184483B2B3F5406F1BD21A4BC6
:1036E000C9B21A5C8A4216D0184A195413683BB3FF
:1036F000B0F5C06F10DBA0F5C063C0F301129B11E1
:1037000003EBC20300F00F0003EB8303403000EB38
:1037100003100EF0BBBC704703460028B8BF00F191
:103720003F0342424FEAA31302F03F0200F03F0082
:1037300003EB830358BF504200EB03100EF0A6BC0E
:103740000EF0A4BCBC070020F4110020DC7E022097
:10375000B0F5705F08B516DA244AD2F8043C83420B
:103760000EDC43F2E07320F0030199421AD0A0F579
:103770005F532C3B032B18D8DFE803F0110E0B0826
:103780001B4B185C08BD1B4BC05C08BD0FF01CFB3D
:1037900008BD0FF01FFB08BD0FF01AFB08BD0FF0AE
:1037A00015FB08BD03F09EFE08BDB0F5645F06DBA7
:1037B000D2F8083C73B9BDE808400FF015B8B0F571
:1037C000605FF8DA43F2E87399420DD1BDE8084032
:1037D0000EF040BD084B5B68984205DA074BD2F803
:1037E0000C2C0344985C08BDFF2008BDF411002098
:1037F000481E0020F4D5FF1FBC0700204C660020A7
:10380000B0F5705F1EDB294B9B686BB1A0F5705063
:1038100083B2B3F5406F14D2254BC9B21A5C8A4209
:103820000FD019540EF032BCA0F5705011F0A00F5B
:1038300083B214BF01F0BF0141F04001B3F5406F06
:10384000EAD37047A0F55F532C3B032B0FD8DFE87A
:1038500003F00B080502C8B20FF0BEBAC8B20FF0F1
:10386000C1BAC8B20FF0BCBAC8B20FF0B7BA43F2CF
:10387000E07220F0030393420DD0B0F5645F0DDBDE
:103880000B4AD2F8083C002BDBD00A4BD2F80C2CA8
:10389000034499547047C8B20FF0A6BA43F2E872D5
:1038A0009342CED108460EF0D3BC00BFBC07002027
:1038B000F41100204C660020024BA0F570501860F7
:1038C000704700BFBC070020054B1B68184483B23B
:1038D000B3F5406F3ABF034B185CFF20704700BF41
:1038E000BC070020F4110020074B1B6803449AB268
:1038F000B2F5406F06D2054AD05C884202D0012062
:10390000D154704700207047BC070020F4110020FC
:10391000054B1B68184483B2B3F5406F3ABF034BA5
:10392000C0180020704700BFBC070020F411002021
:1039300010B50446072805D8DFE800F00C0415226E
:1039400004042D380146204802F0AEFC1F4B83F8DA
:103950001C4C10BD00221D4B83F81C4CC3F80C2CD2
:10396000C3F8102C10BD0021184BD3F8182C83F885
:103970001C4CA2F50042C3F8102CC3F80C1C10BD5F
:103980000022124BD3F8181C83F81C4CC3F8101CEF
:10399000C3F80C2C10BD00220C4BD3F8181C83F874
:1039A0001C4CC3F80C1CC3F8102C10BD0021074B95
:1039B000D3F8182C83F81C4C02F50042C3F80C2CE9
:1039C000C3F8101C10BD00BF2CDF0110F411002043
:1039D00028B3012814D0174A401002EB8000C0F829
:1039E000081CD2F8143CD2F8100CD2F80C1C1B04A2
:1039F00043EA00230B4303F58033C2F8183C7047B9
:103A00000C4A0D48D2F8183C83420ED80B4810B42B
:103A10005C1CC154C2F8184C5DF8044B7047054B50
:103A2000D3F8183CB3F5003F00D37047034AD15494
:103A3000704700BFF4110020FEFF01004C6600201B
:103A400080B1012806D00F4B401003EB800393F8A0
:103A5000080C70470B4A0C49D2F8183C8B420AD923
:103A6000FF207047074BD3F8183CB3F5003FF7D25F
:103A7000064AD05C70470548591CC05CC2F8181C47
:103A8000704700BFF4110020FEFF01004C660020CB
:103A90000B4B1A68824211D070B50A4D18606C1E2B
:103AA00005F2FF76C5F1010594F85110281904F8C4
:103AB000011F0EF0EBFAB442F6D170BD704700BFA3
:103AC000BC070020F4110020024608B5064B102068
:103AD000C3F8202C02F06CFC03F098FDBDE8084010
:103AE00000200EF093BA00BFF4110020030413F479
:103AF000E02303D0000300F400400343024AC2F86D
:103B0000183CC2F80C3C7047F4110020072811D073
:103B100001210C4B00F0070CD3F8202C01FA0CF11A
:103B200000074CBF0A438A431821C3F8202CC3F86E
:103B3000241C704710210022024BC3F8241CC3F838
:103B4000202C7047F411002038B5194DD5F8283CC9
:103B5000834212D043400446980615D4D9060DD4AA
:103B6000A20703D4D5F8283C9B0716D4A30203F47C
:103B70004033C5F8284CC5F8183C38BD600100F446
:103B800000700FF00DF9EBE7200100F400700FF06A
:103B9000FDF8D5F8283C6340E0E70EF0CFFAA30229
:103BA00003F44033C5F8284CC5F8183CE5E700BFDE
:103BB000F411002038B51A4DD5F8283C98420ED0A3
:103BC00043400446980621D4D90619D4A20710D53B
:103BD000A30203F44033C5F8284CC5F8183C114B38
:103BE000114A20201A6002F0E3FBBDE8384003F0E0
:103BF0000DBDD5F8283C9B07EAD50EF09FFAE7E704
:103C0000600100F400700FF0CBF8DFE7200100F452
:103C100000700FF0BBF8D5F8283C6340D4E700BF34
:103C2000F4110020BC07002000C4FFFF094A92F8ED
:103C30001C3C83420CD0830403F4402310F0800F1B
:103C4000C2F80C3C08BF002382F81C0CC2F8103CE0
:103C5000704700BFF411002038B5134DD5F8203C53
:103C6000834209D043409907044606D45A070DD42D
:103C70001B0614D4C5F8204C38BD00F002000FF02C
:103C80007BF8D5F8203C63405A07F1D504F00400D6
:103C900003F08EFED5F8203C63401B06EAD504F005
:103CA00080000FF047F8E5E7F411002038B5224C0A
:103CB000000494F81C5C00F4F810C4F8180C072DEC
:103CC00005D8DFE805F00B04141E0404262E29464F
:103CD0001A4802F0E9FA84F81C5C38BD0023184A3F
:103CE00084F81C5CC4F8103C42F8043C38BD002346
:103CF000A0F5004084F81C5CC4F8100CC4F80C3C1F
:103D000038BD002384F81C5CC4F8100CC4F80C3CCB
:103D100038BD002384F81C5CC4F80C0CC4F8103CBB
:103D200038BD002300F5004084F81C5CC4F80C0C7E
:103D3000C4F8103C38BD00BFF41100202CDF011086
:103D4000041E0020024BB3F81A0C00F01F0070474D
:103D5000F411002038B5224C00F01E00023094F817
:103D60001C5CC003C4F8180C072D05D8DFE805F06B
:103D70000B04141E0404262E29461A4802F094FA55
:103D800084F81C5C38BD0023174A84F81C5CC4F816
:103D9000103C42F8043C38BD0023A0F5004084F8F4
:103DA0001C5CC4F8100CC4F80C3C38BD002384F82B
:103DB0001C5CC4F8100CC4F80C3C38BD002384F81B
:103DC0001C5CC4F80C0CC4F8103C38BD002300F592
:103DD000004084F81C5CC4F80C0CC4F8103C38BDDE
:103DE000F41100202CDF0110041E002038B5194DFD
:103DF000D5F8282C82422CD0D5F8201C430204464A
:103E000003F400438807C5F8103C10D4E3011249BD
:103E100003F48063A3F570530B60210707D50F4BA4
:103E20001B6823B901200EF06BF9D5F8282C6240ED
:103E300053070CD54FF0000284F00403C3F3800352
:103E4000074963F3070263F30F22A1F81B20C5F8AB
:103E5000284C38BDF4110020BC070020DC7E022075
:103E6000780F002000280CBF10211921054BC20239
:103E700002F40042C3F8102CC3F8200CC3F8241C31
:103E8000704700BFF411002000B971B121F0C003E8
:103E900003EB8013084A01F0C001043309029B03BD
:103EA000C2F82C3CC2F8301C70470B46024AC2F8DC
:103EB0002C3CC2F8301C7047F411002038B5134D6B
:103EC0000446D5F8203C434059070AD543070ED491
:103ED0004FF470520E4B082004F040011A600EF0AF
:103EE00003F91723C5F8204CC5F8243C38BD094B0D
:103EF0001B68042B07D010F0020F0CBF4FF4704268
:103F00004FF43042E6E74FF46452E3E7F411002047
:103F1000BC070020D807002000F007031033162B41
:103F2000A8BF1023134A00F00101C2F8243C10F08E
:103F3000080382F81C0C0ED0C00200F4F020A1B1DE
:103F400000F580300346C2F8180C0021C2F80C3C82
:103F5000C2F8101C7047C2F8183C0029F5D10023A4
:103F6000C2F8101CC2F80C3C704700F50041C2F8C2
:103F7000181CF4E7F411002010F0200F0CBF0123EF
:103F80000023054AC00300F47820DB03C2F8340C98
:103F9000C2F8383C704700BFF4110020054AD2F83F
:103FA000383CD2F8340CB3FA83F3C0135B0940EA0F
:103FB00043107047F411002070B5354DD5F8203C02
:103FC00083421BD0D5F8242C0446103A0E2A13D86D
:103FD000DFE802F0081212120812121A121212125C
:103FE0000F23360010F0100F0CBF10221422C5F85A
:103FF000242C6340DB0702D4C5F8204C70BD04F0CC
:10400000010003F0D5FCF7E7441004F0080403F0C6
:1040100007031C43C5F8204C70BD43401E061DD449
:1040200098072CD4D907E7D514F0010612D0194B04
:104030001B68002BE0D1314608200EF055F8DBE775
:1040400043409A0713D45B07D6D504F0040003F06D
:10405000AFFCD1E730460EF053F8E8E7022004F059
:1040600080010EF041F8D5F8203C6340D8E700F01D
:1040700002000EF05DFED5F8203C6340E3E704F05B
:1040800002000EF055FED5F8203C6340CAE700BFA1
:10409000F4110020DC7E0220014BC3F8200C704795
:1040A000F4110020014BD3F8200C7047F4110020CC
:1040B000014BD3F8280C7047F411002000F03003B6
:1040C00000F00C0203EB430302EB42029B030549A1
:1040D00003EB821303F58033C1F8183C81F81C0C04
:1040E000704700BFF411002038B50A4DD5F8203CC8
:1040F000834208D043401B06044605D43423C5F848
:10410000204CC5F8243C38BD022004F080010DF09D
:10411000EBFFF3E7F4110020084B890303EB800267
:104120004328C2F8081B05D1D3F8142CC3F80C2C73
:10413000C3F8102C1622C3F8242C7047F411002069
:10414000034B03EB8003D3F8080B8013704700BFC9
:10415000F411002070B54FF4803300254FF4004275
:104160000646724C7249C4F8183C0D60C4F8382CED
:10417000C4F8105CC4F8145CC4F8305CC4F82C5C5F
:1041800084F81C5CC4F8345CC4F8285CC4F8205C77
:10419000C4F80C5C0EF0C0FD30460EF0BFFD30469A
:1041A0000EF0BEFD0EF0BEFD0EF00EFB03F034FD72
:1041B000284603F0DFF8002E40F083805D4DEB6869
:1041C000022B25DD4FF440622021584811F0CEF833
:1041D00003F096FF002002F0EBF80DF03DFF012008
:1041E0000DF014FF03F012FA534B1B68002B40F044
:1041F00083800DF0B1FD00200DF082FFEB68052BF0
:104200001AD0032B1BDC022B27DC012B3DD070BD09
:104210004A4B1E6816F02806D4D1012003F008F896
:104220004FF4FA623146464803F0B0FC00200DF02E
:1042300067FFEB68052BE4D10123C4F8203C002183
:10424000842003F065FFD4F83C3C002B5FD00022B3
:10425000EB68C4F8182C022BD7DD0024394B20461C
:1042600083F85B400EF060FD204603F067F92046BE
:1042700003F07AF9EB68032BC7D10EF057FD204607
:1042800002F096F8EB68012BC1D100200EF050FD32
:1042900003F022F900210A200DF026FF2A4B1B68AB
:1042A000062B36D0072B39D0052BB0D150200EF07D
:1042B00041FD082002F07CF8BDE8704000200DF0C0
:1042C000A5BE4FF0FF11214B03F5003243F8041B4C
:1042D0009342FBD1174DFF214FF490421C4811F03F
:1042E00045F8EB681B4A1B012A60C4F8243C0EF019
:1042F0001BFC02F005FB65E74FF0FF3108460DF0AF
:1043000073FF4FF0FF3108460DF070FF71E7EB6867
:1043100079E74020BDE8704002F04AB8802002F002
:1043200047F8BDE8704000200DF070BEF411002089
:10433000E87E0220BC070020F88D0220546602208F
:10434000317200104CA60020D80700204C660020D7
:10435000481E002000C4FFFF014B93F81C0C70475F
:10436000F4110020014BD3F8240C7047F411002005
:10437000034A044BD26800EB0210C3F8240C7047C8
:10438000BC070020F4110020B0F5904FBCBF014BDA
:1043900019547047481E002008B5164B5A688242CF
:1043A00013DDB0F5804F12DAB0F5705F15DAB0F5B5
:1043B000605F17DA43F2E87220F00101914215D0F4
:1043C0000D4AD2F8042C824204DCFF2008BD0B4ABF
:1043D000105C08BD0A4A105C08BDA0F570500EF0D4
:1043E000E5FC08BDBDE808400EF0FEB9BDE8084098
:1043F0000DF030BFBC070020F41100204C660020F7
:10440000481E0020B0F5003FBABF024B185CFF20E9
:10441000704700BF4C660020B0F5003FBCBF014BA9
:10442000195470474C660020994B0246D3F8301C53
:1044300080B231B1814204DC01F57F513F318142CC
:104440006CDAD3F8401C10B549B1D3F8341C31B143
:10445000D3F8384C80EA040C1CF4004F66D0D3F833
:10446000241CA1F1100CBCF1430F55D8DFE81CF05F
:10447000EF01D900B90082008600860056020D02C5
:1044800033022202BC018D017D0155013701540028
:10449000540054005400540054005400540054007C
:1044A000540054005400540054005400540054006C
:1044B00018019D009D009D00E4005400540054002C
:1044C000540054005400540054005400540054004C
:1044D000F4014400AD00790054005400540054002D
:1044E000540054005400540054005400540054002C
:1044F000A200A200AD007900A0F56052B2F5006FF5
:104500002FD2B0F5705FC0F29E81624A12680244F9
:1045100091B2B1F5406F2BD3FF2010BD5E49D3F8A7
:104520002C3CC2F30D021144C85C70475A4BC2F3D5
:104530000E020B44985C10BDB0F5404F11DB8907AB
:1045400040F1BB82B0F57C4F80F2A482B0F5794F88
:1045500080F2C282B0F5784F80F27581B0F5774F66
:1045600064DAC1134C4A03EB8103D3F80C3C0244D8
:10457000D05C10BD4FF2DF71884257DC4549496875
:104580008842C9DAD3F8081C61B193F81C1C4FEAC1
:10459000E03C03EB8C0C01F00703062BDCF80C1C51
:1045A00038D008443C4B185C10BD3B4B3B4A02F0F2
:1045B000ABFD10BDD3F8202C002A9DD0D3F8042CDD
:1045C000824299DD354B185C10BDB0F5744FC8DBE5
:1045D000B0F5784FC0F237810344A3F578431878DB
:1045E00010BDA0F55F512039B1F5026F20D32949E4
:1045F0004968884290DAD3F8081C0029D2D093F891
:104600001C1CC41303EB840401F00703062BD4F82D
:104610000C1CC6D1B0F5404FA8BFC2F30D00084432
:10462000C0E7A0F57741E0391F29E0D8C2F30D00BB
:10463000BDE81040FFF78CB8D3F8201C4C0603D51A
:10464000B0F5404FC0F2CA814C0702D4B0F5784FA4
:10465000C2DA12F4404FA5D1CC0606D4CC0740F103
:104660000182B0F5605FC0F24D820C0703D5B0F552
:10467000705F80F2B6818C0704D4A0F56053FF2BE5
:1046800040F2E180CB078DD412F4704F8AD199E7C4
:10469000F4110020BC0700204C660020481E0020BA
:1046A000AC4949688842BFF637AF12F4404F7FF4F7
:1046B00079AFB0F5705F80F2BC81B0F5605F80F2D9
:1046C000C2804FF6FE7143F2E8741140A14200F03F
:1046D000D881D3F8043C9842BFF61EAF72E7D3F8F6
:1046E000201C0C0640F12C81B0F5404F80F228814F
:1046F000CC0700F1C08112F4404F40F0D6810B0787
:1047000000F16881B0F5505F92DA4B073FF54AAF90
:10471000B0F5405FBFF646AF54E7D3F8201C090759
:1047200003D512F4404F00F05581D3F8281CCC0774
:104730003FF502AF01F0100C02F440425CEA020CBB
:104740007FF40FAFB0F5705FBFF6DFAEA0F55F523C
:10475000203AB2F5907FFFF46BAF8C073FF501AFC5
:10476000B0F5405FBFF6FDAE2CE7D3F8201C8C06F9
:104770003FF518AFB0F5405F80F216818C0700F16D
:104780006A814B073FF50EAF1CE712F4404FD3F898
:10479000201C40F0E380CC0700F1F480CC0640F10F
:1047A0003F81B0F5605F80F29A814FF6FC7443F26E
:1047B000E07C1440644500F0A881A0F55F52283ADF
:1047C000072A7FF635AF4A0740F1DE80D3F8282C60
:1047D000D40740F1D180604AD3F80C4CD3F8181CB0
:1047E00013182344585C10BDB0F5884FBFF6B9AE1E
:1047F000D3F8201C0F293FF4B4AECC0704D4D3F86F
:10480000044C84423FF7DEAE8C0705D4A0F570540B
:10481000B4F5806FC0F0E5804C0703D412F4404F2C
:1048200040F0DF800A073FF59CAEB0F5705FBFF641
:1048300098AEA0F55F52203A0F2A7FF6F9AEB0F598
:10484000605FFFF68EAEBDE810400DF0CDBF12F4F4
:10485000404F7FF4CCAEEBE612F4404F7FF481AED4
:10486000B0F5705FBFF651AEB0F5605FEBDA4FF6B2
:10487000FE7143F2E8741140A14200F00281D3F8C6
:10488000043C83427FF748AE9CE6D3F8201CCC075B
:1048900008D5304C2468844204DC04F6FF7C84454F
:1048A00080F2D48001F0080102F4404211437FF409
:1048B00079AEBDE612F4404F7FF453AED3F8203CFE
:1048C000590678D543F2DF7290427FF76BAE9A06B5
:1048D0003FF568AEACE612F4404F7FF463AED3F818
:1048E000203CDA0759D5B0F5405FFFF65BAE5C07B8
:1048F0006AD5B0F5585FFFF655AEDA0676D5B0F555
:10490000605FFFF64FAE990640F19880B0F5705F9A
:10491000FFF648AE5B063FF545AE89E612F4404F20
:104920003FF486AE12047FF53DAEA0F5004292132F
:1049300003EB82030849D3F80C3C0144C85C10BD6A
:1049400012F4404F7FF42EAE0C0743D4CA073FF554
:1049500029AED7E6BC0700204C6600200C0702D524
:10496000110400F19280D3F8282CD2077FF533AFE1
:10497000B0F5604FFFF62FAF694AD3F8103C024400
:10498000D05C10BD490703D4B0F5405FFFF61AAE06
:10499000D3F8282CD207EBD4EEE7590714D5B0F59D
:1049A000405FFFF645AEA4E70C0725D412F4404F54
:1049B0007FF4F8AD3CE69B067FF53AAE43F2DF7339
:1049C00098427FF735AEEDE5DC060FD5B0F5585FC0
:1049D00095DA2DE6BDE810400EF0EEB9514BC05C03
:1049E00010BD0344A3F57053187810BD9A0625D561
:1049F000B0F5605F8ADA1BE6B0F5784F76DAB0F58D
:104A0000744FBFF620AFA0F56F43E03B0F2B40F291
:104A10008180B0F56C4FFFF6C5AD434BC05C10BD57
:104A2000B0F5705F69DAA0F56054FF2C7FF60BAF2C
:104A3000BBE6A0F570500EF0B9F910BD5C067FF52D
:104A4000F7ADB0F5705FBFF6ADADF1E5021BC2F397
:104A50000A02985C10BD3549C2F30A0343F440537F
:104A6000C85C10BD0C072ED5B0F5705FB9DA8C07A5
:104A70007FF503AE08E62A4AD3F8183C0244D05C1E
:104A800010BDBDE810400DF0E5BBA0F500400EF0F4
:104A900077F910BD2649C2F30D0209680A4491B2A4
:104AA000B1F5406FBFF438AD62E542F6FF731F49C0
:104AB000134043F48053C85C10BDA0F54040BDE8EE
:104AC0001040FEF745BE8B073FF5DEADA0F5605305
:104AD000FF2B3FF6D9ADB6E6164BC05C10BD144AAD
:104AE00012680244C2F30A02985C10BD104A1268B0
:104AF000821AC2F30A02985C10BD0D4A184413686A
:104B0000C05C10BD0C4BC05C10BD02F0EBFC0EF0A5
:104B100039F910BDA0F53840BDE81040FEF718BEC9
:104B20004C6600204C6601204862FF1F481E002092
:104B3000BC0700204CE60020482E0020B0F5804F36
:104B400038B50D4602DB0C4B195438BDB0F5705F1B
:104B5000FBDBA0F5705420460EF02AF90028F4D1B2
:104B6000064BE9B21A5D8A42EFD019552046BDE8DE
:104B700038400DF08BBA00BF4C660020F4110020C5
:104B800030B5994C83B0D4F8303C1FFA80FC33B177
:104B9000634504DC03F57F533F33634565DAD4F89E
:104BA000403C43B1D4F8343C2BB1D4F8382C8CEAD7
:104BB0000202150461D5D4F8242CA2F11003432B72
:104BC00051D8DFE813F0F40135019B01440049009E
:104BD0004900F90186016001FE00DA00B200A3007D
:104BE000B501D70150005000500050005000500057
:104BF0005000500050005000500050005000500035
:104C000050005000500017016E006E006E00410110
:104C10005000500050005000500050005000500014
:104C2000500050005000600076008B006300500080
:104C300050005000500050005000500050005000F4
:104C4000500050005000600076008B0063004FF26F
:104C5000DF739C4500F3F180D4F8083C002B46D16B
:104C6000624B03F80C1003B030BD604BD4F82C2C11
:104C7000C0F30D0003449954F5E75C4AC0F30E00FD
:104C80001A441154EFE710F4404F17D04FEAEC32BA
:104C900004EB8202554BD2F80C2C6344995403B0B8
:104CA00030BD6046514BC9B203B0BDE8304002F0A0
:104CB00057BAACF56053B3F5006FE7D2BCF5705F3F
:104CC000D1DB4B4B1868604483B2B3F5406FCAD256
:104CD000235CC9B28B42C6D02154A4E0BCF5744F0A
:104CE000D4DBBCF5784FBEDBACF57840F0E794F848
:104CF0001C2C4FEAEC3304EB8303D3F80C4C02F08A
:104D00000703062B00F06B81A444A9E7D4F8203CEC
:104D10009806A5D41A0700F1DB81ACF55F53203B60
:104D2000B3F5026F9CD2604689E010F4404FD4F88E
:104D3000203C40F0A181DD070BD4D80640F1118260
:104D4000BCF5605F80F27082ACF55F52203A0F2AAA
:104D5000E9D99A0602D5BCF5405F84DBD4F8283C3B
:104D6000DB0704D5C9B2BCF5604FC0F292811F4B7E
:104D7000D4F8102C6344995475E7BCF5904F85DA4C
:104D8000D4F8203C0F2B81D0980704D4ACF5705098
:104D9000B0F5806F9CD35A0709D4ACF58042B2F5C8
:104DA000806FC0F03882BCF5884F80F243821B07C9
:104DB0003FF56CAFACF55F53203B0F2B3FF666AF72
:104DC000B1E710F4404F7FF461AFD4F8203C1A06ED
:104DD00040F1B18143F2DF7294457FF741AF9D0608
:104DE0003FF53EAF9FE700BFF41100204C66002066
:104DF000BC07002010F4404F7FF432AFBCF5705F69
:104E0000FFF631AFACF57055284601910DF0D0FF9B
:104E100000287FF428AF0199635DC9B28B423FF44B
:104E200022AF2846615503B0BDE830400DF02EB9E1
:104E3000ACF57743E03B1F2B67D8C0F30D0003B000
:104E4000BDE83040FEF7DCBCD4F8203C5A0640F107
:104E5000E680BCF5404FC0F278811D0703D510F401
:104E6000404F00F0E7805807C9B23FF5F9AEBCF5F6
:104E7000784FFFF6F5AEACF57840235C8B423FF4FB
:104E8000F2AE2154CFE710F4404F7FF4E9AED4F8EE
:104E9000203C980740F15D81BCF5405FFFF6E0AE35
:104EA0001A0740F16A81BCF5585FFFF6D9AEDC06FF
:104EB00040F18281BCF5605FFFF6D2AE9A0640F108
:104EC0009B81BCF5705FFFF6CBAE5C063FF5C8AECC
:104ED00029E7D4F8203CDD0708D5B44A12686245BA
:104EE00004DC02F6FF7EE64580F27B8103F00803D6
:104EF00000F4404003437FF4B3AE14E7ACF55F53D6
:104F0000203BB3F5026FFFF40EAFD4F8083C002B42
:104F10003FF4A6AE94F81C2C4FEAEC3304EB830369
:104F200002F00704062CD3F80C3C63D09C4497E6AF
:104F3000D4F8203C1B0740F1848010F4404F00F06F
:104F4000F480D4F8283CDA077FF5A0AEBCF5774FA3
:104F5000FFF69CAE9D077FF570AFBCF57C4F80F2ED
:104F60005781BCF5794F80F24F81BCF5784FBFF681
:104F70008DAE62E7D4F8203C1A0645D5BCF5404F0B
:104F800042DADD0700F1018110F4404F7FF468AE92
:104F90001A0700F1CA80BCF5505FBFF6C4AE980690
:104FA0007FF55EAEBCF5405FBFF65AAE5BE610F42F
:104FB000404FAAD1604642E710F4404F3FF4B3AEF1
:104FC0000304C9B27FF54CAEACF500439B13784A9D
:104FD00004EB8303D3F80C3C6244D15443E6BCF5A4
:104FE000404FFFF691AE12077FF53DAEC0F30D0CBA
:104FF000A44435E6BCF5404F98DB14077FF533AE8B
:10500000C0F30D0C9C442BE610F4404F7FF428AE07
:105010001D0700F18A80DC073FF522AEBBE71A07C7
:105020007FF521AF10F4404F7FF41DAFBCF5705FEA
:10503000FFF619AE9D06ACF5705040F199802154F1
:1050400011E6D4F8283CDD0780D410F4404F7FF4FB
:105050001DAE1A0603D5BCF5405FFFF604AEDB06B5
:105060003FF514AEBCF5705FFFF6A4AE604603B02A
:10507000BDE83040FEF72CBB1D0713D5000400F13E
:105080008A80D4F8283C03F00103C9B2002B7FF4D6
:105090006AAE474BD4F80C0CD4F8182C6344034484
:1050A0009954E0E5D4F8283C9A077BD5050479D5D6
:1050B0000A463E4BACF5004C1B684FEAEC212344FA
:1050C00003F57053187803B0BDE830400DF052BEC0
:1050D000BCF5784F78DAACF56F43E03B0F2B3FF629
:1050E000BFADACF56F42EC3AACF53843032A00F2A1
:1050F000AD80DFE802F0140E0802C8B203B0BDE8CC
:1051000030400DF069BEC8B203B0BDE830400DF0CC
:1051100069BEC8B203B0BDE830400DF061BEC8B290
:1051200003B0BDE830400DF059BE604603B0BDE8A5
:1051300030400DF03FBE9C067FF5F5AD43F2DF73C6
:105140009C453FF78DAD604679E61A4B0CF803108D
:1051500089E51D0711D5BCF5405FBFF6A4AE6046DA
:105160006DE6BCF5705FFFF6EFAD104B186860445C
:1051700003B0BDE83040FEF79BBAD8061CD5BCF59D
:10518000585FBFF697AE604659E6094BD4F8182C25
:105190006344995467E5ACF5004003B0BDE8304086
:1051A0000DF0ECBD03F001036FE700BFBC0700206A
:1051B0004C6600204C6601209D061DD5BCF5605F45
:1051C000BFF67FAE60463AE62C4BC9B21B68ACEB2B
:1051D0000303C3F30A00235C8B423FF444AD215424
:1051E00021E6ACEB0202C2F30A00235CC9B28B4297
:1051F0003FF439AD215416E658067FF594ADBCF561
:10520000705FBFF62DAD8EE51D4B0CF803102AE53F
:10521000C0F30D002BE7ACF57050235CC9B28B4294
:105220003FF421AD2154FEE5144B1B686344C3F3E6
:105230000A009DE70A46ACF5884000110CF00F010A
:10524000C03003B0BDE830400DF076BD43F2E072EF
:1052500023F0030393420AD043F2E87293427FF4AF
:1052600002AD084603B0BDE830400CF0F1BFC8B253
:1052700003B0BDE830400DF0B7BD00BFBC07002053
:105280004CE6002038B50546FFF7CEF80446681C0A
:10529000FFF7CAF844EA002038BD00BF38B50C4615
:1052A0000546C9B2FFF76CFC2112681CBDE8384006
:1052B000FFF766BC0D4B5B6883420EDDB0F5804F97
:1052C0000DDAB0F5705F0DDA094BD3F8043C984263
:1052D00003DA11B9074B1844704700207047064B9A
:1052E00018447047054B1844704700BFBC070020A6
:1052F000F4110020481E00204C660020F4D5FF1F4A
:1053000070B5A34A0D46D2F8304C82B083B234B1A6
:105310009C4204DC04F57F543F349C4259DAD2F8B5
:10532000401C39B1D2F8341C21B1D2F8384C5C4061
:10533000260456D5D2F8241CA1F11004432C45D8DC
:10534000DFE814F09802D7006B02B2005500550058
:10535000F6002E01D2013002F701AE019B0144029A
:1053600079014400440044004400440044004400E7
:10537000440044004400440044004400440044000D
:10538000440044006101800080008000000144006E
:1053900044004400440044004400440044004400ED
:1053A000440044001D026D008700A000440044003A
:1053B00044004400440044004400440044004400CD
:1053C00044004400930093008700A000002002B036
:1053D00070BDD2F82C2C6F4BC0F30D001044184454
:1053E000F5E76C4BC0F30E0008441844EFE76A4938
:1053F00049688B4280F26082D2F8081C61B192F851
:105400001C1CDC1302EB840401F00702062AD4F80A
:105410000C1C00F053820B445E481844D7E7A3F5F8
:105420006051B1F5006F36D2B3F5705FC0F26082A3
:10543000594909680B4499B2B1F5406F80F0FD827B
:10544000D018C4E71846554A524B009501F0B6FEF5
:10545000BDE7B3F5744FC0F2BD82B3F5784FC0F22B
:10546000EE82A3F57843D018B1E7D2F8201C0029CA
:10547000D5D0D2F8041C9942D1DD002DCFD14748B8
:105480001844A4E7D91302EB8102D2F80C2C41484E
:105490001A4410449BE7D91302EB8102D2F80C2C7A
:1054A0003C481A44104492E74FF2DF718B429EDD74
:1054B000C0F30D00B0F5705F80F2C483D2F8043CF5
:1054C000984202DA002D00F0D984B0F5645FC0F292
:1054D0008184D2F8083C002B00F075842E4B5B6869
:1054E000984280F22585D2F80C2C2A4B104418449F
:1054F0006DE7A3F57741E0391F291C4640F2A182F0
:10550000254949688B4280F29583D2F8081C61B125
:1055100092F81C1CDC1302EB840401F00702062A3B
:10552000D4F80C4C00F0D0811C441A4820444EE7BB
:1055300010F4404F00F05782050400F173821548C3
:10554000184444E7D2F8201C4E0603D5B3F5404F6B
:10555000C0F220834C0703D4B3F5784F80F23C832C
:1055600010F4404F10D111F0100440F0F082CE073B
:1055700040F1AD83B3F5605FC0F29084090703D5B5
:10558000B3F5705F80F2AA83024818441FE700BF9A
:10559000F41100204C660020BC070020481E0020AB
:1055A000D2F8201CCC0708D5AF4C24689C4204DC00
:1055B00004F6FF7C9C4580F2968301F0080100F41C
:1055C0004040014340F09181B3F5705F80F2608309
:1055D000D2F8041C8B4202DA002D00F05B84B3F594
:1055E000645FC0F22484D2F8080C00283FF4EFAEC8
:1055F0009D4949688B4280F2B284D2F80C2C9B48BA
:105600001A441044E3E6984949688B4280F29D822F
:1056100010F4404040F01782B3F5705F80F2918241
:10562000D2F8042C9342BFF6D2AE002D7FF4CFAE59
:105630008F481844CBE6D2F8201C0C0640F14A8172
:10564000B3F5404F80F2468111F0010440F05C83D5
:1056500010F4404C40F0C1830E0700F14F84B3F5C5
:10566000505F80F2908311F0040103D1B3F5405FE5
:10567000C0F234847D481844A9E6D2F8201C11F009
:1056800020040AD1B3F5405F80F21E828E0700F13C
:10569000308311F0040100F0B1837448184496E699
:1056A00010F4404F40F06C81D2F8201CCC0700F180
:1056B000FA81C80640F1A382B3F5605F80F2C88327
:1056C0004E0703D4B3F5405FC0F24D83D2F8281CD7
:1056D000CD0740F1F381D2F80C1CD2F8180C194414
:1056E000624A0144881872E610F4404F40F0288165
:1056F000D2F8201C11F0010000F0BB81B3F5405F2F
:1057000014DB4E0740F11082B3F5585F0EDBCE0676
:1057100040F16782B3F5605F08DB880640F197824D
:10572000B3F5705F02DB4D0640F128834F48184403
:105730004DE6B3F5884F19DAD2F8201C0F2915D0A1
:1057400011F0010404D1D2F8046C9E4200F350839E
:105750008E0705D4A3F57054B4F5806FC0F06A834A
:105760004D0703D410F4404F40F08C83D91302EB63
:105770008102D2F80C2C3D481A44104427E610F45C
:10578000404040F01E81B3F5705F80F2C381D2F8D3
:10579000042C9A427FF71BAE002D7FF418AE3448DC
:1057A000184414E610F4404F40F0C180D2F8201C99
:1057B00011F0400000F04A8143F2DF70834202DDC5
:1057C000880640F1EA812948184400E6D2F8201CF6
:1057D0000E0703D510F4404100F07382D2F8281C64
:1057E000CC0700F1DC8000F4404001F010040443D9
:1057F0000AD1B3F5705F80F2378311F0020103D153
:10580000B3F5405FC0F28C83D91302EB8102D2F86A
:105810000C2C16481A441044D9E5A3F55F512039E1
:10582000B1F5026F1C4680F08E80B3F5705F80F298
:10583000A181D2F8041C8B4202DA002D00F0C6824E
:10584000B3F5645FC0F26A82D2F8080C00283FF416
:10585000BEAD054949688B4280F24D83D2F80C2CCD
:1058600002481A441044B2E5BC0700204C660020F0
:10587000481E002010F4404F3CD1B3F5705F80F219
:105880008581D2F8041C8B4202DA002D00F0BC8224
:10589000B3F5645FC0F23F82D2F8080C00283FF4F1
:1058A00096ADB64949688B4280F22B83D2F80C2C16
:1058B000B3481A4410448AE5002088E5B3F5404F08
:1058C000A8BFC0F30D03A6E5B3F5404FA8BFC0F3D2
:1058D0000D0329E610F440407FF4CCAE0C073FF5F1
:1058E00076ADC8073FF5C6AEB9E6A54818446EE5E3
:1058F00000206CE5A14949688B4280F2DF81D2F833
:10590000081C59B192F81C1CDC1302EB840401F052
:105910000702062AD4F80C1C03D00B4498481844FC
:1059200055E5B3F5404FA8BFC0F30D03F5E7D91314
:1059300002EB8102D2F80C2C91481A44104446E53F
:105940008F48184443E58D4949688B4280F2BC81F9
:10595000D2F8081C59B192F81C1CDC1302EB840429
:1059600001F00702062AD4F80C4C03D01C448448EA
:1059700020442CE5B3F5404FA8BFC0F30D03F5E775
:10598000D2F8281CC9077FF5A6AEB3F5604FFFF625
:10599000A2AED2F8102C7A481A44104417E5B3F599
:1059A000404FFFF631AF8E0740F1BB81B3F57C4F1E
:1059B00080F23182B3F5794FFFF626AF7148184473
:1059C00005E5D91302EB8102D2F80C2C6C481A447D
:1059D0001044FCE4D91302EB8102D2F80C2C684885
:1059E0001A441044F3E4B3F5705F80F22681D2F8D4
:1059F000041C8B4202DA002D00F03282B3F5645FA2
:105A0000C0F20682D2F8080C00283FF4E0AC5B49F3
:105A100049688B4280F29782D2F80C2C58481A447D
:105A20001044D4E4A3F50041891302EB8102D2F8BB
:105A30000C2C53481A441044C9E40020C7E4002049
:105A4000C5E40020C3E44E481844C0E4890640F190
:105A5000A48043F2DF718B423FF7B5AED2F8042C3D
:105A60009342BFF6B4AC002D7FF4B1AC4648184465
:105A7000ADE44C0758D5B3F5405FBFF645AE11F025
:105A8000300440F00F8111F0400140F07682D2F8EE
:105A9000042C9342A8BF0846BFF699AC002D00F035
:105AA0000981084693E44C0703D4B3F5405FC0F284
:105AB0005A81D2F8281CC8073FF567AFD2F8102CDE
:105AC0002F481A44104482E4090700F1A28010F420
:105AD000404F7FF4E2ADB3F5705F80F22C82D2F8D4
:105AE000041C8B4202DA002D00F05182B3F5645F92
:105AF000C0F25482D2F8080C00283FF468AC1F4969
:105B000049688B4280F24D82D2F80C2C1C481A4412
:105B100010445CE4194909680B4499B2B1F5406F2F
:105B2000BFF455ACD01852E4CC065AD5B3F5585F43
:105B3000BFF6F0ADD2F8042C9342C0F2E881002009
:105B400045E4A3F57053D01841E400203FE40E076C
:105B500003D5B3F5705F80F2C180CC073FF514AD7B
:105B600010F470407FF410AD002D7FF430AC064887
:105B700018442CE4A3F57053D01828E4BC07002087
:105B80004C6600204CE60020481E0020A3F5705310
:105B9000D0181CE4CB48184419E4B3F5705F7CDAE4
:105BA000D2F8041C8B4202DA002D3FF45FAFB3F54C
:105BB000645FC0F20282D2F8080C00283FF407AC00
:105BC000C14949688B4280F2C781D2F80C2CBF488A
:105BD0001A441044FFF7FBBBA3F57843D018FFF736
:105BE000F6BB8E0633D5B3F5605FBFF699ADD2F83C
:105BF000042C9342C0F28B810020FFF7E8BBB3F581
:105C0000705FFFF65DADB049096819445018FFF7A1
:105C1000DEBBB3F5784F80F21081A3F56C42B2F58C
:105C2000006FBFF43AAD002D40F08A81A8481844B7
:105C3000FFF7CDBB0020FFF7CABBA3F57053D01808
:105C4000FFF7C5BBA0F570501044FFF7C0BB4C0672
:105C500040F19080B3F5705FBFF668ADD2F8041CD8
:105C60008B42C0F2B381B3F5645FC0F2AC81D2F86D
:105C7000080C00283FF4ABAB934949688B4280F293
:105C80009F81D2F80C2C91481A441044FFF79FBB17
:105C9000A3F57053D018FFF79ABBA3F57053D01833
:105CA000FFF795BBD2F8042C9342BFF690AB002DC2
:105CB0007FF48DAB87481844FFF789BB0020FFF7BE
:105CC00086BB0846FFF783BB0020FFF780BB0907B0
:105CD0007FF546AFB3F5705FFFF642AFA3F57053A3
:105CE000D018FFF774BB1B1BC3F30A03D018FFF7D0
:105CF0006EBB002D40F0A980764BC0F30A0040F443
:105D000040501844FFF763BBD2F8182C6F481A4470
:105D10001044FFF75CBB0020FFF759BB0020FFF7E2
:105D200056BBC0F30D00B0F5705F80F2BD80D2F8B5
:105D3000043C984202DA002D00F01781B0F5645F50
:105D4000C0F21081D2F8083C002B00F0EE805E4BD0
:105D50005B68984280F22881D2F80C2C5B4B10448F
:105D60001844FFF734BB002D40F091805948184487
:105D7000FFF72DBBB3F5705FFFF670AFA3F570535F
:105D8000D018FFF724BBB3F5705F80F2AC80D2F877
:105D9000041C8B4202DA002D00F0EB80B3F5645F47
:105DA000C0F2D480D2F8080C00283FF410AB46496A
:105DB00049688B4280F2FB80D2F80C2C43481A448D
:105DC0001044FFF704BB1846FFF701BB41481844D5
:105DD000FFF7FDBA0020FFF7FABA002D6CD142F6AA
:105DE000FF733C4A184040F480501044FFF7EFBA6C
:105DF000002D5ED137481844FFF7E9BA002D5ED177
:105E000034481844FFF7E3BA32481844FFF7DFBAC2
:105E10000020FFF7DCBA2C4BC0F30D001B681844C0
:105E200083B2B3F5406F63D21044FFF7D0BA0020BD
:105E3000FFF7CDBA1019FFF7CABA234909685B1AF0
:105E4000C3F30A03D018FFF7C2BA2046FFF7BFBA60
:105E50001D4909680B44C3F30A03D018FFF7B7BA0A
:105E60001C481844FFF7B3BA174909680B4499B2A4
:105E7000B1F5406F48D2D018FFF7A9BA154B1844B6
:105E8000FFF7A5BAA3F57053D018FFF7A0BA00200A
:105E9000FFF79DBA0F481844FFF799BA002D3CD17F
:105EA0000D481844FFF793BAA0F570501044FFF75F
:105EB0008EBA2046FFF78BBA2046FFF788BA08460D
:105EC000FFF785BA4C660120BC0700204C66002015
:105ED0004862FF1F481E0020482E0020CDBB3D48D1
:105EE0001844FFF774BAA3F57053D018FFF76FBAD0
:105EF0000020FFF76CBA0020FFF769BA6046FFF791
:105F000066BA0020FFF763BA2046FFF760BA002D9B
:105F10003FF4D0AE0020FFF75ABA2046FFF757BA39
:105F2000CDBB2C481844FFF752BA1846FFF74FBABA
:105F30000020FFF74CBAA3F57053D018FFF747BA0B
:105F40002046FFF744BA0020FFF741BA0020FFF7D0
:105F50003EBA0846FFF73BBA0020FFF738BA0020E8
:105F6000FFF735BA0020FFF732BA1A4B1844FFF793
:105F70002EBA18481844FFF72ABAD2F8042C9342D4
:105F800018DA002D3FF496AE2046FFF720BA1148EC
:105F90001844FFF71CBA0846FFF719BA0020FFF7AC
:105FA00016BA0020FFF713BA0020FFF710BA00203E
:105FB000FFF70DBA2046FFF70ABA0020FFF707BA2D
:105FC0000020FFF704BA0020FFF701BA002D7FF48C
:105FD0004AAE6FE6481E002070B504464A4D4B4A53
:105FE0004B490CF05BFF4B4E204644F601024A49F8
:105FF0000CF054FF2946204640F601420CF04EFFBB
:10600000204606F10C0101220CF046FF2046311D0E
:1060100001220CF041FF204605F6044101220CF05C
:106020003BFF204606F1080101220CF035FF204617
:1060300005F6244101220CF02FFF204605F60C4105
:1060400003220CF029FF3146204601220CF024FFE8
:10605000204605F6184101220CF024FF204605F6E3
:106060001C4101220CF01AFF204605F63C4101229A
:106070000CF012FF204605F6444101220CF00CFF03
:10608000204605F5446101220CF006FF204605F686
:10609000344101220CF000FF204605F63841012270
:1060A0000CF000FF204605F6084101220CF0F4FE3A
:1060B000204605F6484101220CF0EEFE204605F68A
:1060C0004C4101220CF0E8FE204605F54361012217
:1060D0000CF0E2FE204605F62C4101220CF0E2FE17
:1060E000204605F5426101220CF0D6FE204605F659
:1060F000284101220CF0D0FE204605F54561012221
:10610000BDE870400CF0C8BEF41100200100020090
:106110004C660020BC070020481E002070B50446D5
:106120004A4D4B4A4B490CF0C5FE4B4E204644F6B7
:1061300001024A490CF0BEFE2946204640F60142C3
:106140000CF0B8FE204606F10C0101220CF0B0FE66
:106150002046311D01220CF0ABFE204605F604411D
:1061600001220CF0A5FE204606F1080101220CF0E8
:106170009FFE204605F6244101220CF099FE2046A0
:1061800005F60C4103220CF093FE31462046012215
:106190000CF08EFE204605F6184101220CF08EFE12
:1061A000204605F61C4101220CF084FE204605F62F
:1061B0003C4101220CF07CFE204605F644410122C0
:1061C0000CF076FE204605F5446101220CF070FECD
:1061D000204605F6344101220CF06AFE204605F601
:1061E000384101220CF06AFE204605F608410122E2
:1061F0000CF05EFE204605F6484101220CF058FEE8
:10620000204605F64C4101220CF052FE204605F5D1
:10621000436101220CF04CFE204605F62C41012280
:106220000CF04CFE204605F5426101220CF040FEC8
:10623000204605F6284101220CF03AFE204605F5DD
:1062400045610122BDE870400CF032BEF41100201F
:10625000010002004C660020BC070020481E002000
:106260000FB470B50D4D0E4A2B6882B006AC1268A3
:106270000C49D86854F8046B12F08CFD2B68224648
:106280003146D868019410F065FB2B68D86810F08F
:1062900079FC02B0BDE8704004B0704728080020C7
:1062A0000408002048DF01100FB470B5104C114AEB
:1062B000236882B006AD12680F49D86855F8046BA0
:1062C00012F068FD23682A463146D868019510F01F
:1062D00041FB23680A20D96810F056FD2368D8686E
:1062E00010F050FC02B0BDE8704004B0704700BF31
:1062F000280800200408002054DF01100FB400B566
:106300000F4C104A236883B004AD12680E49D86858
:1063100055F8046B12F03EFD23682A463146D868D2
:10632000019510F017FB23680A20D96810F02CFDA6
:106330002368D86810F026FC0120FCF7E3FC00BFBE
:10634000280800200408002060DF01100FB470B599
:10635000134C144A236882B006AD12681249D868FB
:1063600055F8046B12F016FD23682A463146D868AA
:10637000019510F0EFFA2368DD6810F027FC006843
:1063800013F0B4FC09490246284612F003FD2368C5
:10639000D86810F0F7FB02B0BDE8704004B0704759
:1063A000280800200408002054DF01106CDF0110D1
:1063B00038B5114C236883421AD00028206018DDBC
:1063C00010F0010302D014E0C20703D4401003F11F
:1063D0000103F9D1094A0A4D02EB03130FCB85E8FB
:1063E0000F000BF0D7FE2069BDE83840FDF7C0BFB5
:1063F00038BD0023EEE700BF506602201CEA011002
:1064000054660220012201490CF046BD506602206C
:1064100030B5134C83B0012201A90CF049FD22686C
:10642000019B934218D0002B236017DD13F001026B
:1064300002D013E0D90703D45B1002F10102F9D1B5
:10644000084B094D03EB02130FCB85E80F000BF04F
:10645000A1FE2069FDF78CFF03B030BD0022EFE7FD
:10646000506602201CEA0110546602202DE9F84310
:1064700005468846174612B14FF0FF331360284691
:106480000EF0E2FF421C064635D028460EF0DCFF37
:10649000431C044600F09E80002808BF4FF480741F
:1064A0001F2E1CD8DFE806F0105643251B101B10CA
:1064B0001B1B1B1B1B1B1B1B2B1B1B1B1B1B1B1B1C
:1064C0001B1B1B1B1B1B1B10002CD8DD28460EF0B2
:1064D000BBFF013004F1FF34F6D14FF0FF363046F8
:1064E000BDE8F88328460EF0AFFF013004F1FF3419
:1064F000F3D0002CF6DC00263046BDE8F8832846B1
:106500000EF0A2FF0130E8D028460EF09DFF0130CA
:10651000E3D0A31E002B55DD1C46002CAFDD284622
:106520000EF092FF013004F1FF34F6D1D5E7022CD2
:10653000D5D128460EF088FF421C0446CDD028460F
:106540000EF082FF431CC8D0002FD4D004EB0024EF
:106550003C60D0E728460EF077FF0646701CBCD0A2
:1065600028460EF071FF411CB7D006EB0026022C26
:10657000B6B22ADDE31E1E441C46B6B2B8F1000FC7
:1065800005D115E0611C08F809003FF478AF331B12
:1065900028461FFA83F90EF057FF431C04F1FF341D
:1065A000F0D19AE74846FEF7EBFA013CFFF467AFFB
:1065B000301B1FFA80F928460EF046FF421C0146A8
:1065C000F0D18AE704F1FE03A6E704F1FD03FD34F0
:1065D000D1DA54E7033E18BF4FF0FF367FE700BF24
:1065E0002DE9F04F0378ADF5803D87B0002B00F02A
:1065F0001581A149804613F0C7FE0646002800F029
:1066000036810EF021FF3A2801464AD09B4B1B6889
:10661000022B1BDC00209A4C4A1C206001D10AE0AE
:106620002068431C2360FDF7AFFE30460EF00CFFE0
:10663000431C0146F4D1304612F004F94FF0000932
:1066400048460DF5803D07B0BDE8F08F20F004030B
:10665000012BDFD14FF4803706AD00213A462846A2
:106660000EF084FE304610F0CBF900222946304669
:10667000FFF7FCFE8146002840F0EB80804C3A4654
:10668000276007460DF580331833002A00F0C980D3
:1066900013F8011D0127501E002940F0C380024657
:1066A000F3E7304610F0ACF9002306AD009305F196
:1066B0000903059332464FF48071284610F0E2FA40
:1066C000002800F09D802B783A2BF3D16B7895F859
:1066D00002A0392B8CBF37223022BAF1390F8CBF80
:1066E00037213021EC789B1A2A79392C68790AEB0A
:1066F000031A8CBF4FF037094FF03009AB79392AB4
:106700008CBF3727302739288CBF4FF0370E4FF01A
:10671000300E392B8CBF4FF0370C4FF0300CBAEBEA
:10672000010AC7D0A4EB0904A946A0EB0E0002EBB6
:10673000041403EB0013A3EB0C03E41B43EA04244F
:10674000DFB207EB242704EB0A0B5744CDE90345DE
:1067500020463D465C46CB460AF1FF32CDE9016258
:106760009BF809909BF80AC0B9F1390F8CBF37210B
:106770003021A9EB01090CEB0919BCF1390FA9F182
:10678000300700F10106A9F1370909D83946FDF7AC
:10679000FBFDB4423D440BF1020B0AD03046DFE76B
:1067A000461C4946FDF7F0FDA6424D440BF1020B95
:1067B000F4D1DDE90162039C009B01342244934241
:1067C000B8BF13460093059B2F4613F81A2003EB1E
:1067D0004A0A392A8CBF372130219AF80130521ADF
:1067E000392B03EB02138CBF372230227F42FFB2DA
:1067F0009B1ABB42049D3FF45DAF4FF0FF33009303
:10680000009B1F4C3046236012F01CF823680133B4
:106810007FF414AF41461B48FFF746FD4FF0FF39A8
:106820000EE707B12260304612F00CF82768B7F582
:10683000605F16DC002FD8BF002708DD0026304639
:1068400015F8011B0136FDF79FFDB742F7D1276010
:10685000F6E6304610F0D4F830460EF0F5FD01466D
:10686000D8E63A4641460848FFF71EFDD6E74146BE
:106870000648FFF76BFDD1E7FCDF0110C8070020D9
:10688000F81D002014E001103CE0011000E00110B0
:1068900070B5164982B0064613F076FD00B30021AC
:1068A00001AA0546FFF7E2FD044628467CB911F02F
:1068B000C9FF019D31462B462A460D48FFF7D0FC03
:1068C000002D01DB0B4BDD81204602B070BD11F0C5
:1068D000B9FF31460848FFF7E7FC4FF0FF34F3E714
:1068E00031460648FFF732FDF7E700BFFCDF011035
:1068F00068E00110780F002088E00110A4E001108A
:10690000F8B52E4B1B68042B36DC022B1EDC012B4A
:1069100038D12B48FFF764FE002863D1294B1B6850
:10692000002B40F08C8343F2E072274D2B6893429A
:1069300040F3878325490968002900F07A83244BB6
:106940002A601B68002B40F08380F8BD2148FFF7C8
:1069500047FEB8B1204D6C1E05F5E676C5F1010580
:10696000281914F8011FFDF70FFDB442F8D140F2C9
:10697000CD12154B1A60F8BD052B03D11748FFF750
:106980002FFE40B9104D2B68B3F5605FC4BF4FF4C4
:1069900060532B60F8BD124D6C1E05F20526C5F143
:1069A0000105281914F8011FFDF7EEFCB442F8D1D7
:1069B00040F20622044B1A60F8BD00BFC807002051
:1069C00074700220987E0220F81D0020E47E0220D0
:1069D00064660220747402209CEA0110747802201C
:1069E000ECF30110154D6C1E05F5E676C5F10105B9
:1069F000281914F8011FFDF7C7FCA642F8D140F290
:106A0000CD120F4B0F4D1B682A60002B00F019832D
:106A10000D4EC6F54057741E013706F27F763819C1
:106A200014F8011FFDF7B0FCB442F8D14FF45E52E8
:106A3000064B2A601B68002B87D009E09CEA0110F6
:106A4000987E0220F81D00206CEC01106466022084
:106A5000AF216620FDF798FC3D216720FDF794FCEF
:106A600018216820FDF790FC98216920FDF78CFC27
:106A7000D3216A20FDF788FCCF216B20FDF784FC31
:106A8000DB216C20FDF780FCCF216D20FDF77CFC25
:106A9000E6216E20FDF778FCC0216F20FDF774FC25
:106AA000EE217020FDF770FC40217120FDF76CFC99
:106AB00020217220FDF768FCF8217320FDF764FCAB
:106AC000C9217420FDF760FC11217520FDF75CFCE5
:106AD00080217620FDF758FC40217720FDF754FCFB
:106AE0002121B520FDF750FCFB21B620FDF74CFC21
:106AF0002F21B720FDF748FC2121FC20FDF744FCA5
:106B00007321FD20FDF740FC0421FE20FDF73CFC35
:106B1000CD2140F20510FDF737FC6C214FF4837056
:106B2000FDF732FC002140F20710FDF72DFC01219A
:106B30004FF48470FDF728FCCE2140F20910FDF7D8
:106B400023FC06214FF48570FDF71EFCED2140F279
:106B50000B10FDF719FC79214FF48670FDF714FC3A
:106B60000D2140F20D10FDF70FFC10214FF487703E
:106B7000FDF70AFCFB2140F20F10FDF705FC3E215A
:106B80004FF48870FDF700FC202140F21110FDF752
:106B9000FBFBCD214FF48970FDF7F6FB6A2140F233
:106BA0001310FDF7F1FB00214FF48A70FDF7ECFBA9
:106BB000212140F21510FDF7E7FB00214FF48B7007
:106BC000FDF7E2FB422140F21710FDF7DDFBE52166
:106BD0004FF48C70FDF7D8FBED2140F21910FDF752
:106BE000D3FBB2214FF48D70FDF7CEFBC92140F2EB
:106BF0001B10FDF7C9FB182140F27140FDF7C4FBE3
:106C00000A2140F27240FDF7BFFB522140F273406F
:106C1000FDF7BAFB2F2140F27440FDF7B5FB53217D
:106C200040F27540FDF7B0FB202140F27640FDF7C1
:106C3000ABFB4C2140F27740FDF7A6FB32214FF42D
:106C40008F60FDF7A1FB2E2140F27940FDF79CFB00
:106C50002E2140F27A40FDF797FB0D2140F27B4058
:106C6000FDF792FB002140F27C40FDF78DFBCD212A
:106C700040F27D40FDF788FB412140F27E40FDF768
:106C800083FB052140F27F40FDF77EFB4D2142F65C
:106C9000FB70FDF779FB652142F6FC70FDF774FB94
:106CA0006D2142F6FD70FDF76FFB2E2142F6FE705E
:106CB000FDF76AFB002142F6FF70FDF765FB082136
:106CC00040F27460FDF760FBAF2140F27560FDF7A4
:106CD0005BFBD32140F27660FDF756FBFF2140F2CB
:106CE0007760FDF751FB21214FF4CF60FDF74CFB9E
:106CF000D22140F27960FDF747FB062140F27A602D
:106D0000FDF742FB112140F27B60FDF73DFB0021C6
:106D100040F27C60FDF738FB402140F27D60FDF7DA
:106D200033FB012140F27E60FDF72EFB362140F25D
:106D30007F60FDF729FB00214FF4D060FDF724FBB5
:106D4000ED2140F28160FDF71FFBB02140F282602F
:106D5000FDF71AFB3D2140F28360FDF715FB202172
:106D600040F28460FDF710FBF22140F28560FDF7F0
:106D70000BFB062140F28660FDF706FB272140F25F
:106D80008760FDF701FB12214FF4D160FDF7FCFA9B
:106D9000132140F28960FDF7F7FA102140F28A6072
:106DA000FDF7F2FAFC2140F28B60FDF7EDFA31219C
:106DB00040F28C60FDF7E8FA7D2140F28D60FDF72E
:106DC000E3FA402140F28E60FDF7DEFA3A2140F20C
:106DD0008F60FDF7D9FA40214FF4D260FDF7D4FA65
:106DE000382140F29160FDF7CFFACB2140F292605A
:106DF000FDF7CAFA572140F29360FDF7C5FA20214A
:106E000040F29460FDF7C0FA322140F29560FDF740
:106E1000BBFA172140F29660FDF7B6FA382140F22E
:106E20009760FDF7B1FA06214FF4D360FDF7ACFA95
:106E3000DB2140F29960FDF7A7FACF2140F29A607A
:106E4000FDF7A2FA3C2140F29B60FDF79DFAC221BA
:106E500040F29C60FDF798FA052140F29D60FDF735
:106E600093FA012140F29E60FDF78EFA212140F253
:106E70009F60FDF789FAEC214FF4D460FDF784FAA6
:106E8000372140F2A160FDF77FFA7E2140F2A26037
:106E9000FDF77AFA3C2140F2A360FDF775FA28214C
:106EA00040F2A460FDF770FA222140F2A560FDF7E0
:106EB0006BFA3E2140F2A660FDF766FA012140F22E
:106EC000A760FDF761FA32214FF4D560FDF75CFA57
:106ED000E12140F2A960FDF757FA372140F2AA609C
:106EE000FDF752FA112140F2AB60FDF74DFAEE21A9
:106EF00040F2AC60FDF748FA372140F2AD60FDF793
:106F000043FA362140F2AE60FDF73EFA032140F22B
:106F1000AF60FDF739FACD214FF4D660FDF734FAB2
:106F2000602140F2B160FDF72FFA002140F2B2601B
:106F3000FDF72AFACB2140F2B360FDF725FA46218E
:106F400040F2B460FDF720FA202140F2B560FDF771
:106F50001BFAFC2140F2B660FDF716FA122140F24E
:106F6000B760FDF711FA13214FF4D760FDF70CFA63
:106F7000062140F2B960FDF707FA422140F2BA60FB
:106F8000FDF702FAC52140F2BB60FDF7FDF936219D
:106F900040F2BC60FDF7F8F98C2140F2BD60FDF7CE
:106FA000F3F9CB2140F2BE60FDF7EEF94E2140F23D
:106FB000BF60FDF7E9F928214FF4D860FDF7E4F947
:106FC000FC2140F2C160FDF7DFF91A2140F2C260F6
:106FD000FDF7DAF9022140F2C360FDF7D5F90C2183
:106FE00040F2C460FDF7D0F9202140F2C560FDF702
:106FF000CBF9F72140F2C660FDF7C6F9C92140F28E
:10700000C760FDF7C1F908214FF4D960FDF7BCF95D
:10701000CA2140F2C960FDF7B7F9752140F2CA6094
:10702000FDF7B2F9002140F2CB60FDF7ADF92B6816
:10703000AAE4074A1268002A3FF4A6AC08E5054D09
:10704000E6E4034B1B68002B7FF402ADF8BD00BFE4
:1070500064660220F81D0020202810B5044616DCC6
:10706000002818DB202816D8DFE800F04015151599
:10707000152E1515151515151515151515151515A7
:1070800015151515151515151E1E1515260045285F
:107090001AD0852818D0194B1948D9895A7802393D
:1070A000FFF702F9002010BD0220FDF761F904206E
:1070B000FFF77EF9002010BD0120FDF759F90220ED
:1070C000FFF776F9002010BD0E4BE21003201A6086
:1070D000FDF74EF9A0118002FCF7EEFB0420FFF74C
:1070E00067F901200BF00CF8002010BD0020FDF71F
:1070F0003FF90220FFF75CF9002010BD780F002057
:10710000B8E0011068660220322919D0332908B589
:107110000BD0312912D1A0F54053B3F5006F13D233
:1071200040F4006C12F80C0008BDB0F5804F09DA8D
:10713000B0F5705F10DAB0F5605F09DAFF2008BDC6
:10714000185C7047185C08BDFDF726F9C0B208BD91
:107150000BF04AFBC0B208BDBDE80840FCF7B4BB69
:10716000322A38B504460D460ED0332A05D0312ACE
:1071700009D1BDE83840FDF7E1BCB0F5804F03DA36
:10718000B0F5705F02DA38BD1D5538BDFCF7ACFBB9
:107190000028F8D0084BA4F570541B6804F07F0059
:1071A00003EBE41303EB8303294600EB0310BDE874
:1071B00038400AF06BBF00BF6866022010B4322965
:1071C0008446019C18D033290CD0312919D1A0F55F
:1071D0004053B3F5006F18D29CB940F4006C02EB39
:1071E0000C000BE0B0F5804F06DAB0F5705F08DBFD
:1071F0005DF8044BFCF78CBB03EB0C005DF8044B13
:10720000704700205DF8044B704721465DF8044B41
:10721000FEF750B8012201490BF03EBE686602201D
:10722000012201490BF044BE686602200000000004
:107230000B4B1B68012B0AD00A4A137860B903F084
:10724000DF03517813700B4214BF01200020064B5E
:10725000586200B99862704743F02003F1E700BF1D
:10726000C8070020CC070020780F002010B40A4A7D
:107270000A4C1178537801F0010023F00103034315
:10728000194214BF012100215370216200205DF8D2
:10729000044B0BF057BD00BF480F0020780F0020B3
:1072A00010B40A4A0A4C1178537801F0020023F016
:1072B00002030343194214BF0121002153702162CC
:1072C00000205DF8044B0BF03DBD00BF480F0020CF
:1072D000780F002038B5164C164922684B78012AE1
:1072E00023D00A7843F00403134214BF0122002282
:1072F000114D4B702A620BF03BFD2368012B0DD022
:107300000E4A137870B903F0BF03517813700B4025
:10731000002B12BF01220022AB626A62BDE8384036
:107320000BF058BA43F04003EFE743F08003DFE788
:10733000C8070020480F0020780F0020CC0700204D
:10734000064A07495378107803F0FC03034214BF40
:107350000120002053700862704700BF480F0020D2
:10736000780F0020024B187800F00300704700BF30
:10737000480F00200F4B104A1968537801290ED08E
:1073800050B903F0FB0310780C49034214BF0120ED
:10739000002053700862704743F00403F3E728B1FC
:1073A000064863F07F0353700162704703F07F0368
:1073B00053707047C8070020480F0020780F002046
:1073C000134B1B68012B16D010B412490B7878B9F7
:1073D00003F07F034A7810481A40002A14BF0124A2
:1073E00000240B70446208BF82625DF8044B704752
:1073F00043F08003EEE709494A7828B1064842F095
:1074000040024A700362704722F040024A7070479F
:10741000C8070020CC070020780F0020480F00206C
:107420000D4B1B68012B16D010B40C490B7878B9A2
:1074300003F0BF034A780A481A40002A14BF012407
:1074400000240B70446208BF82625DF8044B7047F1
:1074500043F04003EEE77047C8070020CC07002048
:10746000780F0020704700BF0A4B1B68012B0CDD12
:10747000094A537850B903F0DF03107807490342F3
:1074800014BF0120002053700862704743F02003AE
:10749000F3E700BFC8070020480F0020780F002046
:1074A0000A4B1B68012B0CDD094A537850B903F0D5
:1074B000EF0310780749034214BF012000205370E6
:1074C0000862704743F01003F3E700BFC8070020CD
:1074D000480F0020780F00200022014B5A7070479F
:1074E000480F0020114B124A1B685078012B18D00E
:1074F000032B02D0C043C0B270470E4B1B685B0722
:10750000F8D510B4117800F0FB030B4214BF01242E
:107510000024C043084953700C62C0B25DF8044BAC
:1075200070470023044953700B627047C80700205E
:10753000480F002054660220780F0020044B054AB3
:1075400059781870084214BF012100211162704758
:10755000480F0020780F0020024B1878C043C0B2BB
:10756000704700BFCC07002010B4094A00F0C000EB
:10757000137840F020000340002B14BF01240024A6
:10758000044950704C6208BF8B625DF8044B704731
:10759000CC070020780F002038B50AF033FD174BD8
:1075A000174C1B6BABB16568E3682B44834215D85D
:1075B0000AF028FD134B1968E368EA1803EB45034A
:1075C000834238BF0246E26079B90F4B5B684BB922
:1075D00038BDA568E3682B448342E9D9181A0AF03C
:1075E00013FDE5E7BDE8384074E6002108460AF0DF
:1075F000FBFD002108460AF0F9FDE6E7780F0020C0
:10760000480F0020F88D0220CC0700202DE9F04122
:107610009A4E8CB03368012B6CD0032B41D11E22C3
:10762000974DDFF878826B69AA60964F964C3B6461
:107630002369002B3CDC00230022C4E906236B688D
:10764000002B54D1236A002B11DB4FF47A71AA6806
:1076500091FBF2F3636004D0EB6903FB02F291FB50
:10766000F2F3A360894B1B68002B40F004810AF001
:1076700091FDDFED877AD7ED106A95ED027A66EE1F
:10768000A76AB8EEC77AC6EE877AFCEEE77AD8F832
:107690000000C4ED097A10F0300041D00CB0BDE814
:1076A000F0813C22764DDFF8F481AB69AA60BCE73B
:1076B000002012F071FE2422CDE90001002102A871
:1076C0000DF054FE02A9684612F05AFC236902A884
:1076D000A3F26C73079311F05BFF009BC01A019B30
:1076E000A06161EB03016B68E161002BAAD0FFF799
:1076F000F1FDA7E72822DFF8A481614DD8F800301A
:10770000AA60102B00F03A81202B00F0B280EB68C9
:10771000062B00F04381072B00F033812B6984E7AF
:1077200012F03AFEA369E2691B1842EB010202A8BB
:10773000CDE902320FF050F933680446012B01699C
:1077400000F0AE806427013144F22F4081F05001F7
:10775000FCF762FE44F25740E168FCF75DFE6169A8
:1077600044F213405039FCF757FEA52144F2CB20D8
:10777000FCF752FE216944F2D1200131FCF74CFEA6
:1077800044F2D020E168FCF747FE424D616944F2C3
:10779000CF2085FB0132CB17C3EB621307FB13111C
:1077A000FCF73AFE44F2CE20A168FCF735FE44F225
:1077B000CD206168FCF730FE44F2CC202168FCF754
:1077C0002BFE3368032B7FF769AF2169A9200131B4
:1077D000FCF722FEE168A820FCF71EFE6169A720E5
:1077E00085FB0132CB17C3EB621307FB1311FCF7C8
:1077F00013FEA168A620FCF70FFE6168A520FCF728
:107800000BFE2168A420FCF707FE21693520013119
:10781000FCF702FEE1683420FCF7FEFD61693320CD
:10782000FCF7FAFD216944F256100131FCF7F4FD32
:10783000E16844F25510FCF7EFFD616944F2541021
:1078400085FB0135CB17C3EB651307FB1311FCF761
:10785000E3FDA16844F25310FCF7DEFD616844F2D9
:107860005210FCF7D9FD44F251102168FCF7D4FD09
:1078700014E7094BD9E60AF0BBFCF8E6C80700207C
:10788000CC070020780F0020480F0020F88D022040
:10789000002474491F85EB516666E6405466022059
:1078A000013144F2063081F05001FCF7B5FD44F29D
:1078B0000730E168FCF7B0FD616944F26640503979
:1078C000FCF7AAFD216944F246000131FCF7A4FD52
:1078D00044F24500E168FCF79FFD64216269304D88
:1078E00044F2440085FB0235D317C3EB651301FB5B
:1078F0001321FCF791FD44F24300A168FCF78CFDD5
:1079000044F242006168FCF787FD44F241002168BF
:10791000FCF782FDA52144F2AB30FCF77DFD214B45
:1079200021691B680A2B2ED044F2B1300131FCF7DB
:1079300073FD44F2B030E168FCF76EFD64216269CA
:107940001748D31780FB0250C3EB601301FB1321D0
:1079500044F2AF30FCF760FDA16844F2AE30FCF7B2
:107960005BFD616844F2AD30FCF756FD44F2AC308B
:107970002168FCF751FD0CB0BDE8F0814FF0814368
:1079800053E6094B51E644F2B0300131FCF744FDB7
:1079900044F2B130E168FCF73FFDCFE7034B44E62A
:1079A0001F85EB51E07E02203333AB40E3C28140C0
:1079B00038B54D4C4D4BE2681B68032A16D0012B9D
:1079C00005D0032B3DD0002833D0A26914E0484BEA
:1079D0001B68402B48D040DC102B56D0202B4DD1BB
:1079E000002843D0434B444D2B640EE0434AC0F380
:1079F000811102EB810212683F4D032B2A6404DDE2
:107A000010F0C00F1AD03C23A3600AF0C3FBDFEDD7
:107A10003C7AD5ED106A94ED027A66EEA76AB8EE6C
:107A2000C77AC6EE877AFCEEE77A364BC3ED097A61
:107A300038BD6269304D032B2A64E6DD1E23A36046
:107A4000E3E7022A04D020B12F4B2B4D2B64DCE757
:107A500080B96369284D2B64D7E7802B0ED128B1FC
:107A60002A4B254D2B64D0E70028EDD1284B224D21
:107A70002B64CAE7274B204D2B64C6E7022A1DD092
:107A80000ADC012A0BD01C4DBFE70028EED04FF0D6
:107A90008143194D2B64B8E7043A012AF3D800F06A
:107AA0000100013007EE900A94ED047AF8EEE77ACF
:107AB00067EE877A104DC5ED107AA6E7043000F026
:107AC00007000230F9F7E0FC02460B4604A1D1E9B9
:107AD0000001F9F77DFCF9F7C9FC074D286494E72C
:107AE000448B6CE7FB492540CC070020C8070020E9
:107AF000546602206666E640780F0020F4F5011017
:107B000000247449480F0020E3C281403333AB4066
:107B10000E15E33F9C33A240002838B526DB4FF416
:107B20007A71154D154CAA68206291FBF2F36360DF
:107B300004D0EB6903FB02F291FBF2F3104AA3605D
:107B40001368B3B90AF026FB0E4BDFED0F7AD3EDC5
:107B5000106A95ED027A66EEA76AB8EEC77AC6EEAD
:107B6000877AFCEEE77AC4ED097A38BD034C024D02
:107B7000E8E70AF03DFBE5E7CC070020480F0020CE
:107B8000F88D0220780F0020002474492DE9F84F69
:107B9000144C8146A36A8846174603B300264FF06B
:107BA000000A4FF0000B104DC5E912ABE06AA66267
:107BB0009847A36A002BF7D1AB6BEA6BFB1842EB3B
:107BC000E77253EA020104BF4FF0FF331A46C5E9DA
:107BD0001232C4F82890C4F82C80BDE8F88F024D0A
:107BE000EAE700BF480F0020780F0020084B9A6A90
:107BF00042B100219FED047B0648996280ED127B23
:107C0000D86A1047704700BF000000000000000065
:107C1000480F0020780F00209FED057B00220649C9
:107C2000064B81ED127B9A62704700BFAFF3008074
:107C30000000000000000000780F0020480F002026
:107C4000014B986A704700BF480F0020012230B5F1
:107C5000002304463C4D83B0A91801930BF01EF994
:107C60000122294620460BF019F901222046374906
:107C70000BF014F90122204635490BF00DF90122D1
:107C8000204605F124010BF00DF90122204631496F
:107C90000BF002F9304AAB6A934234D02F4A934238
:107CA00023D02F4A934234D02E4A934234D02E4AC6
:107CB00093422BD02D4A934231D02D4A934234D057
:107CC0002C4A934234D02C4A93422BD02B4A9342D5
:107CD00031D02B4A934231D02A4A934231D02A4A9A
:107CE000934204BF0D23019301E002230193204638
:107CF00001A901220BF0D0F80122204623490BF004
:107D0000CBF803B030BD01230193F0E705230193C5
:107D1000EDE703230193EAE704230193E7E7062352
:107D20000193E4E709230193E1E707230193DEE7E9
:107D300008230193DBE70A230193D8E70B23019380
:107D4000D5E70C230193D2E7480F0020CC07002091
:107D5000D4070020D0070020512D0110552D01100F
:107D6000592D0110492D0110A17200106D720010E3
:107D7000452D01105D2D0110612D0110652D0110A3
:107D800031720010692D01106D2D0110740F00204B
:107D900030B5044683B0012229490BF08BF801224B
:107DA000204628490BF086F80122204626490BF090
:107DB00081F80122204625490BF07AF8012220465D
:107DC00023490BF07BF80122204622490BF070F882
:107DD0000122204601A90BF06BF8019B013B0C2B03
:107DE0002BD8DFE803F012071416181A22242628CD
:107DF0001E201C00184D134B0122204603F12C01BC
:107E00009D620BF055F803B030BD144DF3E7144DEF
:107E1000F1E7144DEFE7144DEDE7144DEBE7144D8A
:107E2000E9E7144DE7E7144DE5E7144DE3E7144D9A
:107E3000E1E7144DDFE7144DDDE70025DBE700BF88
:107E4000490F0020480F0020CC070020D407002055
:107E50006C0F0020D0070020552D0110512D01106E
:107E6000592D0110492D0110A17200106D720010E2
:107E70006D2D011031720010692D0110452D01107A
:107E80005D2D0110612D0110652D011030B5584C8C
:107E900083B02368013B0E2B10D8DFE803F0210FDD
:107EA0000F0F0F310F634C533B087588110094F886
:107EB0002030000200F47C501843206203B030BD33
:107EC0002569E268C0B205F47F45054395426369C0
:107ED00025617DD0002B71D1D4E90112E56023E04A
:107EE00020F01003402B06D100231A4619460190BA
:107EF0000AF026FF019803B0BDE830400AF01ABF2F
:107F0000A36903B140002028D8DC002301461A46AB
:107F1000184634E0E36900F01F029A42A8BF1A46EF
:107F2000256961686369A260206A281A03B0BDE808
:107F300030400AF003BF0F2852DDD4E90112256951
:107F40006369F1E7E26900F0600300F01F01203B84
:107F500018BF01239142A8BF11462569A268636139
:107F60006160E1E7002200F0030003280EBF01205A
:107F700010460223A06108BF01231146104603B03A
:107F8000BDE830400AF0DCBE1A4A236A126803F4E6
:107F90007F43C0B21843082A20621CD0202A8DD10A
:107FA000C0F5806003B0BDE83040FBF785BC237CA2
:107FB000000200F47C50184320617FE70023206A10
:107FC0001946101A1A460AF0B9FED4E9045383E799
:107FD000D4E90112A8E703B0BDE83040FBF758BD73
:107FE0000023421CE061194618460AF0A9FEA4E7E6
:107FF0006C6602205466022010B5044682B0002050
:1080000012F0CAF93C4AD2E900321B1842EB0101D6
:108010006846CDE900310EF0DFFC04F00F030C2BB5
:1080200068D8DFE803F019262E30383A444648581D
:108030005C6507004169314ACB1782FB0101C3EB44
:10804000A10382FB0312D817C0EBA20000EB800053
:10805000A3EB400002B010BD0368284AD81782FB8A
:108060000312C0EBA20000EB8000A3EB400002B0C3
:1080700010BD0368214AD81782FB0323C0EBA3007D
:10808000E8E74368E9E743681C4AD81782FB032303
:10809000C0EBA300DEE78368DFE78368174AD817E1
:1080A00082FB0323C0EBA30040F00800D2E7806905
:1080B000D0E7C368D1E74269C36812F0030F0CBF71
:1080C000012100210D4AD81782FB0323C0EBA30036
:1080D00040EA8100BEE70369084A0133B1E700695D
:1080E000064B013083FB0023C017C0EBA300B1E7B0
:1080F0004369B2E7FF20ADE7600F00206766666660
:108100002022002101480DF031B900BF7066022025
:1081100070B5364C0D462368012B32D0032B21D08D
:10812000A0F184021B2A75D8DFE812F003030303D1
:108130000303030374007400740074009A039F0324
:10814000A40374002B01310131013101900374004B
:108150007400740074007400740074001803180331
:10816000180318035F2800F0238345DC3D2800F046
:108170001C853F2800F021833C284BD11C4B1D60FF
:1081800070BD1C4B1B68202B00F0748114DD402B4C
:1081900000F0C282802B40F0BB81FE2800F00784F3
:1081A00000F3BF845B2800F019857E28E8D1BDE884
:1081B00070400846FBF782BF082B00F0EE80102BC2
:1081C00040F0A681FD28DBDCDF2800F3FB8283285A
:1081D000D6DC7F2840F374878138022800F25F855F
:1081E000DFE810F06D047204820400BFC8070020AD
:1081F0006C66022054660220E62800F0EF8400F34B
:10820000C582A0F18003032B00F21286974B1B68F6
:10821000002BB5D1A0F15003AF2B00F2A882DFE80C
:1082200013F0680468046804A602A602A602A60267
:10823000A602A602A602A602A602A602A602A602FE
:10824000A602680468046804A602A602A602A602A2
:10825000A602A602A602A602A602A602A602A602DE
:10826000A602A602A602A602A602A6024905A60228
:10827000A602A6024305A602A602A602A602A6021E
:10828000A6023E054E0453046304A602A602A602FB
:10829000A602A602A602A602A602A602A602A6029E
:1082A000A602A602A602A602A602A602A602A6028E
:1082B000A602A602A602A602A602A602A602A6027E
:1082C000A602A602A602A602A602A602A602A6026E
:1082D000A602A602A602A602A602A602A602A6025E
:1082E000A602A602A602A602A602A602A602A6024E
:1082F000A602A602A602A602A602A602A602A6023E
:10830000A602A602A602A602A602A602A602A6022D
:10831000A602A602A602A602A602A602A602A6021D
:10832000A602A602A602A602A602A602A602A6020D
:10833000A602A602A602A602A602A602A602A602FD
:10834000A602BA04BA04BA04BA04BF04BF04BF0444
:10835000BF04A602A602A602A602900490049004FE
:108360009004E604E104F004EB04440444044404EF
:1083700044042F042F042F042F04C102C102C102A0
:10838000C1023B4B1B6813B12846FBF7E3FC05F029
:108390000100BDE8704009F065BFA0F1D0032F2BAC
:1083A00000F2E58101A252F823F000BFA18900107C
:1083B000A1890010A1890010A1890010A1890010D5
:1083C000A1890010A1890010A18900106F870010F9
:1083D0006F8700106F8700106F8700106F87001085
:1083E0006F8700106F8700106F8700106F87001075
:1083F0006F8700106F8700106F8700106F87001065
:108400006F8700106F8700106F8700106F87001054
:108410006F8700106F8700106F8700106F87001044
:108420006F8700106F8700106F8700106F87001034
:108430006F8700106F8700106F8700106F87001024
:108440006F8700106F8700106F8700106F87001014
:108450006F8700106F8700106F8700107D810010FC
:10846000AB8B0010AF890010B58B00102C6D022073
:10847000381E0020FF283FF783AEDF2840F3058336
:10848000E0381F283FF67CAE01A353F820F000BF70
:10849000AB8A0010AB8A0010AB8A0010AB8A0010C8
:1084A0008181001081810010818100108181001084
:1084B000818A0010818A0010818A0010818A001050
:1084C000EF8B0010E58B0010038C0010F98B00106F
:1084D000818100102B8C001081810010818100109F
:1084E00081810010818100107D810010AB8B001014
:1084F00081810010218C0010178C00100D8C001051
:1085000081810010818A0010298B0010298B0010B6
:10851000432840F3B481A0F185037A2B3FF630AEB7
:108520007A2B00F2248101A252F823F08D8D0010E5
:108530006F8700106F8700106F8700106F87001023
:108540006F8700106F8700106F8700106F87001013
:108550006F8700106F8700106F8700106F87001003
:108560006F8700106F8700106F8700106F870010F3
:108570006F8700106F8700106F8700106F870010E3
:108580006F8700106F8700106F8700106F870010D3
:108590006F8700106F8700106F8700106F870010C3
:1085A0006F8700106F8700106F8700106F870010B3
:1085B0006F8700106F8700106F8700106F870010A3
:1085C0006F8700106F8700106F8700106F87001093
:1085D0006F8700106F8700106F8700106F87001083
:1085E0006F8700106F8700106F870010B58C001028
:1085F0006F8700106F8700106F870010A98C001024
:108600006F8700106F8700106F8700106F87001052
:108610006F8700106F870010798D00106F87001032
:108620006F8700106F8700106F8700106F87001032
:108630006F8700106F8700106F8700106F87001022
:108640006F8700106F8700106F8700106F87001012
:108650006F8700106F8700107D810010AB8B0010BA
:10866000938D00106F8700106F8700106F870010C8
:108670006F8700106F8700106F8700106F870010E2
:108680006F8700106F8700106F8700106F870010D2
:108690006F8700105B8D00106F8700106F870010D0
:1086A0006F8700106F8700106F8700106F870010B2
:1086B0006F8700106F8700106F8700106F870010A2
:1086C0006F8700106F870010458D00102F8D0010F0
:1086D000B58A00101B8D00100B8B00100B8B001047
:1086E0000B8B00100B8B00100B8B00100B8B0010F2
:1086F0000B8B00100B8B00106F870010C18C0010CB
:10870000FB8C00106F870010818A00106F870010AB
:10871000E18C0010B58B0010FE2800F04881FF2886
:1087200000F048821F2822D1BDE870400846FBF7C0
:108730005DBBE84E746A6C40200600F15C8314F067
:10874000700F40F05383210700F14A83620700F164
:108750004283A30740F03A83756270BD052B7FF416
:108760000FAD05F00100BDE87040FBF795BC432854
:1087700040F02281D84A05F01F0312689342BFF6E9
:10878000FFAC2846BDE87040FBF7F6BBA0F1FC0348
:10879000032B00F24D838C0604D5D04B1B68002BB5
:1087A00040F09A8405F00300BDE8704009F056BD22
:1087B0000846BDE87040FFF7FBB80846BDE87040CA
:1087C000FBF792BCE0381D283FF6DAAC01A353F862
:1087D00020F000BFDD8B001081810010818100102E
:1087E0008181001081810010818100108181001041
:1087F0008181001081810010818100108181001031
:108800008181001081810010818100108181001020
:108810008181001081810010818100108181001010
:1088200081810010818100103D8C00107D8100103D
:10883000AB8B00108181001081810010318C001001
:108840008181001081810010818A0010A44B1B6877
:10885000002B3FF495AC2846BDE87040FBF726BAE4
:108860002846BDE870400AF099BA2846BDE8704035
:108870000AF096BA2846BDE870400AF093BA00287C
:10888000FFF67EAC432800F2978001A353F820F056
:10889000978C0010978C00109D8D0010BB8D0010E0
:1088A000B9890010AD8D0010B9890010B989001088
:1088B000B9890010B9890010B9890010B989001070
:1088C000B9890010B9890010B9890010B989001060
:1088D0007D810010AB8B0010B9890010B9890010A0
:1088E000B9890010B9890010B9890010B989001040
:1088F000B9890010B9890010B9890010B989001030
:10890000B9890010B9890010B9890010838C001052
:10891000B9890010B9890010B9890010B98900100F
:10892000B9890010B9890010B9890010B9890010FF
:10893000B9890010B9890010B9890010B9890010EF
:10894000B9890010B9890010B9890010B9890010DF
:10895000B9890010B9890010B9890010B9890010CF
:10896000B9890010B9890010B9890010B9890010BF
:10897000B9890010B9890010B9890010B9890010AF
:10898000B9890010B9890010B9890010838C0010D2
:10899000B98900104B8C00104B8C00104B8C0010D0
:1089A000C9B200F00700BDE87040FBF711B82846D7
:1089B000BDE87040FBF700BBA0F1C0032B2B3FF6D6
:1089C000DFAB2B2B3FF6DCAB01A252F823F000BF4C
:1089D000A18A0010A18A00108181001081810010FD
:1089E000818100108181001081810010818100103F
:1089F000A18A0010A18A0010A18A0010A18A00108B
:108A0000A18A0010A18A0010A18A0010A18A00107A
:108A1000818100108181001081810010818100100E
:108A200081810010818100108181001081810010FE
:108A300081810010818100108181001081810010EE
:108A400081810010818100108181001081810010DE
:108A500081810010818100108181001081810010CE
:108A600081810010818100108181001081810010BE
:108A70007B8C0010718C0010678C00105D8C0010D6
:108A80002846BDE8704009F0E3BB572800F3A380F7
:108A90004F287FF775ABBDE8704078300AF0E2B937
:108AA0002946BDE870400AF0DDB9E8B2BDE8704083
:108AB0000AF09AB90B4B1B68002B3FF461AB2846B8
:108AC000BDE870400AF062B92846BDE870400AF07F
:108AD0005FB900BF6C660220341E00202C6D02209E
:108AE000301E0020D06D02202846BDE870400AF0FC
:108AF0001BB9C44B1B68002B3FF442ABE9B200F03A
:108B00000F00BDE87040FBF7BFB9BF4B1B68002BDF
:108B10003FF436AB2946BDE8704000F007000AF08C
:108B2000A5B9FF287FF42CABB84BC5F3C0010120D9
:108B3000596209F0D9FA05F00300BDE8704009F068
:108B40008DBBB34B1A68AA423FF41AABC5F3400081
:108B50001D6009F081FBC5F38001012009F0C4FA12
:108B600015F0080F0CBF01210021042009F0BCFA08
:108B70002368032B09D1A74B1B68022B3FF400ABE2
:108B8000A54B1B68042B3FF4FBAA05F0C000BDE811
:108B90007040FEF70DBFE8B2BDE87040FEF7CEBCF6
:108BA000E8B2BDE87040FEF7DFBC2846BDE8704083
:108BB000FFF76CB9954BC5F3C0010120596209F06C
:108BC00093FAC5F3800009F047FB05F00300BDE808
:108BD000704009F043BB5B287FF4D2AA8B4B2D1168
:108BE0009D6270BDE8B2BDE870400AF0F9B8E8B225
:108BF000BDE870400AF0F2B8E8B2BDE870400AF093
:108C0000EBB8E8B2BDE870400AF0ECB80846BDE841
:108C10007040FBF70BB80846BDE87040FBF71CB886
:108C20000846BDE87040FAF78FBF794B196070BDF8
:108C300001F00F00BDE87040FBF72EBA0220BDE83E
:108C4000704001F0010109F04FBA744B1B68002B12
:108C500040F0508243283FF48DAD70BD2846BDE8FA
:108C600070400AF00DB92846BDE870400AF006B918
:108C70002846BDE870400AF0FFB8BDE870400AF031
:108C8000F9B8674B1B68002B3FF47AAA2846BDE869
:108C90007040FBF741B9BDE870400AF049B828467A
:108CA000BDE870400AF070B82946BDE87040012068
:108CB0000AF04CB82946BDE8704002200AF046B8D8
:108CC000544B1B68032B3FF75BAA564B1B68B3F54D
:108CD000005F3FF755AA2846BDE87040FAF76ABF23
:108CE0004C4B1B68002B3FF44BAA032B28467FF705
:108CF00060ADBDE87040FBF75FB9464B1B68032BC6
:108D00003FF73EAA474B1B68B3F5005F3FF738AA11
:108D10002846BDE87040FAF7D7BE434B1B68002BCE
:108D20003FF42EAA2846BDE870400AF04BB83E4BEF
:108D30001B68002B3FF424AA05F03F00BDE87040FB
:108D40000AF022B8384B1B68002B40F0CF81314B22
:108D50001B68032B3FF419AF70BD2E4B1B68032B10
:108D60003FF70EAA314B1B68002B7FF409AA284657
:108D7000BDE87040FAF7CABE2C4B1B68002B3FF4CD
:108D8000FFA92846BDE87040FBF76CB81F4B9D62F9
:108D900070BD2846BDE87040FBF790B81B4AE9B2A9
:108DA000D36A03F47F430B43D36270BD174B29464C
:108DB000BDE87040D86A09F0FDBF144A2B0292F852
:108DC0002C1003F47C530B43D36270BD05F00300F9
:108DD000FBF7CEFAC0E4C5F3800009F091F9B8E4DE
:108DE0000220C5F3C00109F07FF9AFE4C5F302101A
:108DF000FAF79EFDA7E4E80000F48060FAF75CFD56
:108E00009DE400BF401E0020987E02206C66022078
:108E1000EC070020D807002054660220441E0020E2
:108E2000FC1D0020F81D0020D06D02203C1E0020FB
:108E3000A0F160039F2B3FF6BFAD01A252F823F0D3
:108E4000F38A0010F38A0010F38A0010B989001029
:108E5000B9890010B9890010B9890010B9890010CA
:108E6000B9890010B9890010B9890010B9890010BA
:108E7000B9890010B9890010B9890010B9890010AA
:108E8000B9890010B9890010B9890010B98900109A
:108E9000B9890010B58C0010B9890010B98900108B
:108EA000B9890010A98C0010B9890010B989001087
:108EB000B9890010B9890010B9890010B98900106A
:108EC0009F8C0010BF8A0010C98A0010E98A001028
:108ED000B9890010B9890010B9890010B98900104A
:108EE000B9890010B9890010B9890010B98900103A
:108EF000B9890010B9890010B9890010B98900102A
:108F0000B9890010B9890010B9890010B989001019
:108F1000B9890010B9890010B9890010B989001009
:108F2000B9890010B9890010B9890010B9890010F9
:108F3000B9890010B9890010B9890010B9890010E9
:108F4000B9890010B9890010B9890010B9890010D9
:108F5000B9890010B9890010B9890010B9890010C9
:108F6000B9890010B9890010B9890010B9890010B9
:108F7000B9890010B9890010B9890010B9890010A9
:108F8000B9890010B9890010B9890010B989001099
:108F9000B9890010B9890010B9890010B989001089
:108FA000B9890010B9890010B9890010B989001079
:108FB000B9890010B9890010B9890010B989001069
:108FC000B9890010B9890010B9890010B989001059
:108FD000B9890010B9890010B9890010B989001049
:108FE000B9890010B9890010B9890010B989001039
:108FF000B9890010B9890010B9890010B989001029
:10900000B9890010B9890010B9890010B989001018
:10901000B9890010B9890010B9890010B989001008
:10902000B9890010B9890010B9890010B9890010F8
:10903000B9890010B9890010B9890010B9890010E8
:10904000978B0010978B0010978B0010978B001058
:10905000A18B0010A18B0010A18B0010A18B001020
:10906000B9890010B9890010B9890010B9890010B8
:10907000438B0010438B0010438B0010438B001078
:10908000EF8B0010E58B0010038C0010F98B0010A3
:10909000AB8A0010AB8A0010AB8A0010AB8A0010BC
:1090A000818A0010818A0010818A0010818A001054
:1090B000A5870010A5870010A5870010A5870010C0
:1090C00028280ED0A0F14803072B3FF659A8BDE889
:1090D0007040803009F0C6BE0846BDE8704009F017
:1090E00063BE0846BDE87040FAF700BD284609F0A7
:1090F00067FE2CE605F01F01BDE87040FBF70CB8D9
:1091000010B58A4B04461B6882B0012B00F08B809F
:10911000FF2800F3C280812840F3B680A0F18202CC
:109120007D2A00F25581DFE812F02B025301530132
:10913000530153015301530153015301530153018F
:109140005301530153015301530153015301400291
:10915000530153015301530153015301530153016F
:10916000530153015301530153015301530153015F
:10917000530153015301530153015301530153014F
:10918000530153015301530153015301530153013F
:10919000530153015301530153015301530153012F
:1091A000530153015301530153015301530153011F
:1091B000530153015301530153015301530153010F
:1091C00053015301530153015301530153015301FF
:1091D00053015301530153015301530153015301EF
:1091E000530153015301C701C701C701C70156020B
:1091F0005301530121025301530153015301C30190
:10920000C301C301C3013C023802340230024D02E3
:10921000530153015301BB01BB01BB01BB01E6017B
:10922000E6015301E601424B1B68202B00F08480CD
:1092300012DD402B62D0802B33D1FE2800F07381E9
:1092400000F32F825A2800F094817E2825D102B0A5
:10925000BDE81040FBF780B8082B5ED0102B20D162
:10926000E02800F0868100F36F81822800F0888179
:1092700000F32182A0F14803072B0ED8803002B002
:10928000BDE8104009F0F0BD3D2800F0C9813F283D
:1092900040F03981032B00F04681FF24204602B0C4
:1092A00010BDFF2CF9DCDE2C40F31281A4F1DF03AA
:1092B000202B00F28D80DFE813F0E6018B008B009D
:1092C0008B008B008B008B008B008B008B008B0046
:1092D0008B008B00E1018B008B008B003B013B017D
:1092E0003B013B013B013B013B013B018B008B0000
:1092F0008B008B008B004C018B002600FE2800F0B9
:109300001281FF2864D10B4B5B6A002B0CBF7F24BA
:109310003F2408F0A5FF0443C0E7D72840F3D080DE
:10932000FF28F0D0EB2859DDB7E700BFC8070020C1
:10933000546602206C660220FF28AEDCDF2840F372
:109340000D81A0F1E0041F2CA7D801A353F824F04D
:10935000DF950010DF950010DF950010DF950010FD
:109360009B9200109B9200109B9200109B92001009
:10937000539500105395001053950010539500100D
:10938000A39500109B950010939500108B950010ED
:109390009B9200106D9600109B9200109B92001003
:1093A0009B9200109B9200109B9200102796001039
:1093B0009B92001073960010279500104F9200109A
:1093C0009B920010539500101396001013960010F6
:1093D000EB2C3FF762AFBF2C40F39580A4F1C003A4
:1093E0002B2B3FF65AAF01A252F823F09D940010A8
:1093F0009D9400109B9200109B9200109B92001075
:109400009B9200109B9200109B9200109D94001064
:109410009D9400109D9400109D9400109D94001048
:109420009D9400109D9400109D9400109B9200103C
:109430009B9200109B9200109B9200109B92001038
:109440009B9200109B9200109B9200109B92001028
:109450009B9200109B9200109B9200109B92001018
:109460009B9200109B9200109B9200109B92001008
:109470009B9200109B9200109B9200109B920010F8
:109480009B9200109B9200109B920010EB95001095
:10949000FF950010F5950010099600102046EEE6A5
:1094A00008F0D8FEB54B5C6A04F00F040443F5E6FF
:1094B0000020FDF75FFFF0E6FEF714F80446EDE646
:1094C000CF2888DD00F00700FAF7BAFA0446E5E68F
:1094D000432C00F3F880402C00F30181012C00F0B4
:1094E0003E81042C40F0E180A44BD86A02B0BDE874
:1094F000104009F061BCA24B1C6808F0B1FE04F0FA
:109500007E040443CAE6002C00F0D080432C40F0D7
:10951000E0809C4B1B68002B3FF4BFAE02B0BDE85F
:109520001040FAF73BBD02B0BDE81040FAF7BABDF3
:10953000954B1B68002B3FF4B0AE04F0070002B05F
:10954000BDE8104009F094BCF7286CD0FD287FF4EA
:10955000A4AE02B0BDE8104008F07CBE572800F36E
:1095600002814F287FF799AE783088E6032B7FF48D
:1095700094AE824B986A02B0BDE81040FEF73CBD45
:1095800002B0BDE8104009F005BC09F01DFC04461E
:1095900084E609F01FFC044680E609F019FC044645
:1095A0007CE609F013FC044678E6032B7FF775AEE2
:1095B000764B1B68002B3FF470AE02B0BDE8104044
:1095C000FAF7C0BB032B7FF468AE714B5878FDF7F8
:1095D00043FD044662E6FDF7BFFF04465EE6FDF785
:1095E00081FF09F0CFFB044658E602B0BDE8104009
:1095F00009F048BC02B0BDE8104009F047BC02B019
:10960000BDE8104009F040BC02B0BDE8104009F0D0
:109610003FBC5A4B5B6A002B3FF43FAEBF243DE694
:10962000032B7FF43AAE554B1A680A3A052A3FF6E7
:1096300034AE01A151F822F05D9600105996001049
:109640009B9200109B9200105596001051960010AE
:109650001C7C23E65C7C21E69C681FE65A695C68FA
:10966000B2FA82F35B0944EA431417E6444B1C68E0
:1096700014E602B0BDE81040FAF71ABD02B0BDE82A
:10968000104009F09BBB434B1B68032B3FF705AE13
:10969000414B1C68002C7FF400AE0720FAF736FA25
:1096A000FCE5FF283FF42FAEF7E594B902B0BDE822
:1096B000104009F02FBB83287FF4EFAD02B0BDE866
:1096C000104009F069BB842C3FF453AFBF2C3FF727
:1096D00085AEA4F170030C2B66D820464BE72F4BC8
:1096E0001B68002B43D1432C3FF413AFA4F1680354
:1096F000052B3FF6D2AD002010F04EFE284A693C03
:10970000D2E900321B1842EB01026846CDE9003273
:109710000DF062F9042C4DD8DFE804F01F1D14127F
:109720000300036901331F49DA1781FB0301C2EB10
:10973000A10202EB8201A3EB410303EB0214ADE5AE
:10974000C368F0E76422436903F26C7393FBF2F1A0
:1097500002FB1133E7E78368E5E74368E3E7204668
:1097600009F0E6FA99E55A283FF403AF95E520465B
:1097700002B0BDE81040FAF7E3BC00BF6C660220FF
:10978000EC070020341E0020987E0220301E0020AE
:10979000780F0020D80700203C1E0020441E002027
:1097A000600F002067666666A4F1B0030C2B9DD89D
:1097B0002046E0E60368B6E770B50446264D012270
:1097C00005F12C0109F068FB204605F12401012276
:1097D00009F062FB20460122204909F05DFB2E1DA5
:1097E00029462046012209F057FB31462046012236
:1097F00009F052FB204605F10801012209F04CFB5B
:10980000204605F10C01012209F046FB204605F136
:109810001001012209F040FB204605F1140101224C
:1098200009F03AFB204605F11801012209F034FB4A
:10983000204605F11C01012209F02EFB204605F10E
:109840002001012209F028FB204605F12801012210
:10985000BDE8704009F020BB6C660220EC070020D8
:1098600070B50446264D012205F12C0109F020FBBC
:10987000204605F12401012209F01AFB20460122AD
:10988000204909F015FB2E1D29462046012209F02A
:109890000FFB31462046012209F00AFB204605F164
:1098A0000801012209F004FB204605F10C01012208
:1098B00009F0FEFA204605F11001012209F0F8FA3C
:1098C000204605F11401012209F0F2FA204605F1C3
:1098D0001801012209F0ECFA204605F11C010122D1
:1098E00009F0E6FA204605F12001012209F0E0FA2C
:1098F000204605F128010122BDE8704009F0D8BAE0
:109900006C660220EC07002070B5194CE088A68830
:10991000FAF78AFD054630462946FBF731F9638898
:10992000A188E288013B0139013A9BB294F800C05A
:10993000A180E2806380C3B90CF0FB0C6378D4E9AA
:109940000E21581940B2030103F0200300F0080073
:1099500010322CF03A0C43EA000343EA0C0341F1C5
:109960000001C4E90E21237070BD4CF0040CE5E742
:10997000780F002070B5194CE088A688FAF754FDDE
:10998000054630462946FBF7FBF86388A188E28844
:10999000013B013101329BB294F800C0A180E2800A
:1099A0006380C3B90CF0FB0C6378D4E90E2158191D
:1099B00040B2030103F0200300F0080010322CF045
:1099C0003A0C43EA000343EA0C0341F10001C4E905
:1099D0000E21237070BD4CF0040CE5E7780F0020D9
:1099E000F8B52A4C2A4EE08867782578FAF71CFDEE
:1099F000E1883A1A01397B10801000F0220003F050
:109A00004403E180D110034301F011010B4306EB45
:109A1000131103F00700097A335CB4F802C00B435A
:109A20000CF1FF3C02F0280143F002031FFA8CFC0A
:109A30000B43D1B205F00105A4F802C009B943F007
:109A40004003BCF1000C18BF4FF0010CC3F3001130
:109A500023F025031D43531A1B0103F0200345EA9D
:109A60008C0502F00F021D436DB2082A257004D147
:109A7000EB0644BF25F008052570D4E90E321033FB
:109A800042F10002C4E90E32F8BD00BF780F002099
:109A900004F60110F8B52A4C2A4EE088677825783C
:109AA000FAF7C2FCE1883A1A01317B10801000F00D
:109AB000220003F04403E180D110034301F01101BF
:109AC0000B4306EB131103F00700097A335CB4F87B
:109AD00002C00B430CF1FF3C02F0280143F00203EB
:109AE0001FFA8CFC0B43D1B205F00105A4F802C0AB
:109AF00009B943F04003BCF1000C18BF4FF0010C52
:109B0000C3F3001123F025031D43531A1B0103F077
:109B1000200345EA8C0502F00F021D436DB2082AAE
:109B2000257004D1EB0644BF25F008052570D4E963
:109B30000E32103342F10002C4E90E32F8BD00BF0C
:109B4000780F002004F6011038B57E4CE089431CE4
:109B5000E381FAF769FCC0B2A0F12803CE2B00F232
:109B6000D180DFE813F07D017A0122041F04CF00C9
:109B7000CF00170410040D040A04070404040104B0
:109B8000FE03FB03F803F503F203AE02AB02B801D8
:109B9000B501B201AF018C0180012A042504F30054
:109BA000DC0017017503C302C00250033E03F3003B
:109BB000DC00CF0031030E030C03E6026801F30062
:109BC000DC00230148012501DB03D8037F03F300F8
:109BD000DC002101B4039103EC04C904C404F300C4
:109BE000DC001701940471046F0443043104F30092
:109BF000DC00CF001605F304F104EE045005F30079
:109C0000DC002301CF002A054E05DC01E003F30050
:109C1000DC002101CF00CF00CF00CF00CF00CF006C
:109C2000CF00CF00CF00CF00CF00CF00CF00CF00BC
:109C3000CF00CF00CF00CF00CF00CF00CF00CF00AC
:109C4000CF00CF00CF00CF00CF00CF00CF00CF009C
:109C5000CF00CF00CF00DD03A8029302B702CF00F0
:109C6000CF00CF00CF00B102B4028A026C02CF0055
:109C7000CF00CF00CF006502590250022D02CF0065
:109C8000CF00CF00CF00260212020902BF01CF0091
:109C9000CF00CF00CF00CF00CF00CF00CF00CF004C
:109CA000CF00CF00CF00CF00CF00CF00CF00CF003C
:109CB000CF00CF00CF00CF00CF00CF00CF00CF002C
:109CC000CF00CF00CF00CF00CF00CF00CF00CF001C
:109CD000CF00CF00CF00CF00CF00CF00CF00CF000C
:109CE000CF00CF00CF00CF00CF00CF00CF00CF00FC
:109CF000CF00CF00CF00CF00CF00CF00CF00CF00EC
:109D0000CF00BB01D4E90E320433014642F1000218
:109D10000D48C4E90E32FCF7C7FA002038BDA0890F
:109D2000FBF7B0FAA36BA189E26B0E3394F81CC069
:109D3000A36342F100028B1C84F81BC0E081A38165
:109D4000E263EAE7780F0020ECE001106378B7489F
:109D50005942C9B29B10CA1002F0110203F022034B
:109D6000134303F0070200EB1313825C1B7A01F02C
:109D70002800134361700343002900F0498443F035
:109D80000203D4E90E21083241F10001C4E90E2199
:109D90002370C2E70021D4E90E32083342F10002F9
:109DA000C4E90E326177B8E70221F4E70121F2E756
:109DB000A078FFF7A5F9010658BFB0FA80F39B4AD7
:109DC000C1B202EB4102B2F9202056BF5B098023E9
:109DD0009B010AB143F00403A26B21780B32A2630A
:109DE000E26B01F0290143EA010342F10002237012
:109DF0002071E26391E7227E110658BFB2FA82F326
:109E0000217F54BF5B098023627058BF9B0109B159
:109E100043F004032178A06B01F0010102F0280255
:109E20000A43E16B093043EA020341F10001A063F8
:109E30002370E16371E7E089FBF724FAA188FBF75F
:109E40002DFAA36BE189E26B143301F1020142F1B7
:109E50000002C4E90E32E1815FE708F0C9FF5CE768
:109E600008F0C4FF59E7E178A078FEF751F9D4E98A
:109E70000E320C3342F10002C4E90E324DE7A078F5
:109E8000FFF73EF9020658BFB0FA80F3674AC1B245
:109E900002EB4102B2F9202056BF5B0980239B01EF
:109EA0000AB143F00403A26B21780B32A263E26B88
:109EB00001F0290143EA010342F100022370E0703E
:109EC000E2632AE708F0CCFF27E708F0C5FF24E7A4
:109ED00008F0BEFF21E708F0B9FF1EE7002008F0F8
:109EE000A5F91AE7E088A578FAF79EFA0146284610
:109EF000FEF70EF9E378E288013B013ADBB2E2803B
:109F0000E370002B6DD1A36B2178E26B0F3341F02E
:109F1000420142F10002C4E90E322170FDE6E388FD
:109F2000A1892278C81802F00102024492B25B12A1
:109F3000891201F02201D01203F044030B4300F018
:109F400011010B43394903F00700084401EB1311D9
:109F5000037C087E1112034301F02801E2800B43C9
:109F60000AB943F04003D4E90E210F3241F1000158
:109F7000C4E90E212370D0E6A078E588FFF7C0F889
:109F800001462846FAF7FCFDB4E7FFF729FD2378E0
:109F900003F04403042B7FF4C0AEA36BE189E26BB2
:109FA0000533A1F1020142F10002C4E90E32E18160
:109FB000B3E6FFF7A9FC23785B077FF5AEAEECE7CD
:109FC000E088A578FAF730FA01462846FEF7A0F8AF
:109FD000E378E288013B0132DBB2E280E370002BE0
:109FE00091D0D4E90E312278E089143322F0400276
:109FF00042F00202A0F1020041F10001C4E90E3179
:10A000002270E08189E6A078E588FFF779F80146BB
:10A010002846FAF7B5FDDBE7FFF73CFD237803F0B0
:10A020004403042B7FF479AEB7E700BF04F60110B8
:10A03000FFF7A0FC23785D077FF56FAEADE7E08802
:10A04000A578FAF7F1F901462846FEF761F8E378BA
:10A05000E288013B013ADBB2E280E3703BBB23784C
:10A0600043F04003D4E90E210F3243F0020341F1E3
:10A070000001C4E90E2123704FE6A078E588FFF7C0
:10A080003FF801462846FAF77BFDE0E7A078E5882F
:10A09000FFF736F801462846FAF772FDE378E288C2
:10A0A000013B0132DBB2E280E370002BD7D0237892
:10A0B00003F0BF03D6E7FFF7EDFC2EE608F0C2FE83
:10A0C0002BE608F0BBFE28E6FFF71EFC25E6FFF7AF
:10A0D00087FC22E6E088A578FAF7A6F9014628462B
:10A0E000FEF716F8DAE7A1780846BEE6A078FFF793
:10A0F00007F8030658BFB0FA80F3B14AC1B202EBC9
:10A100004102B2F9202056BF5B0980239B010AB1AE
:10A1100043F00403A26B21780B32A263E26B01F0DF
:10A12000290143EA010342F100022370A070E263B7
:10A13000F3E5E388A2882078991A00F00100091A53
:10A1400089B25B12921202F02202C81203F0440399
:10A15000134300F011021343994A03F0070002EB86
:10A1600013131B7A125C0812134343F0020300F02E
:10A170002802E180134300297FF4F5AEF1E661790E
:10A1800072E6A078FEF7BCFF050658BFB0FA80F370
:10A190008B4AC1B202EB4102B2F9202056BF5B09E3
:10A1A00080239B010AB143F00403A26B21780B3298
:10A1B000A263E26B01F0290143EA010342F10002CC
:10A1C00023706071E263A8E5A36B6178E26B0933E9
:10A1D00021F07F0042F10002C4E90E326176A076E0
:10A1E0009BE5E089FBF74EF8FBF74CF8A36BE189A0
:10A1F000E26B143301F1020142F10002C4E90E32B4
:10A200006080E18189E5E38862882178D01801F0D7
:10A210000101014489B25B12921202F02202C812BB
:10A2200003F04403134300F011021343644A03F0A4
:10A230000700104402EB1312037C107E0A12034342
:10A2400002F02802E180134300297FF48CAE88E6F7
:10A25000D4E90E326178093342F10002C4E90E32CA
:10A2600021765AE5E089FBF70DF8FBF70BF8A36BB5
:10A27000E189E26B143301F1020142F10002C4E909
:10A280000E32A080E18148E5A078FEF739FF020692
:10A2900058BFB0FA80F34A4AC1B202EB4102B2F9A8
:10A2A000202056BF5B0980239B010AB143F00403C1
:10A2B000A26B21780B32A263E26B01F0290143EA21
:10A2C000010342F100022370E071E26325E5637E41
:10A2D000A27E03F07F0313431A0658BFB3FA83F23A
:10A2E000217F54BF52098022637058BF920109B187
:10A2F00042F004022178A06B01F0010103F0280371
:10A300000B43E16B093042EA030241F10001A06313
:10A310002270E16301E5E388A28876E72179A3E56D
:10A32000FFF728FBF9E4E089FAF7ACFFFAF7AAFF98
:10A33000A36BE189E26B143301F1020142F10002E7
:10A34000C4E90E32A081E181E7E408F073FDE4E4A2
:10A3500008F06EFDE1E408F067FDDEE408F062FD60
:10A36000DBE408F05DFDD8E408F056FDD5E408F024
:10A370004FFDD2E408F048FDCFE408F043FDCCE403
:10A3800008F03CFDC9E4236D002B01DD00232365AB
:10A39000012038BD60780B4BC0F380001860FDF7DA
:10A3A000BBFBBAE408F028FDB7E408F023FDB4E4F1
:10A3B000E089FAF767FF618841E5E3886288BAE6D9
:10A3C00004F60110680F0020E089FAF75BFFFAF746
:10A3D00059FFA36BE189E26B143301F1020142F1F1
:10A3E0000002C4E90E32E080E18196E42378E1883E
:10A3F00003F0010303EB41039BB24A12891201F0FF
:10A40000220102F04402D8120A4300F01100024374
:10A41000814902F00700084401EB1211027C087E1A
:10A420001912024301F02801E3800A430BB942F0FC
:10A430004002D4E90E310F3341F10001C4E90E317D
:10A4400022706AE4A1790FE5A078FEF759FE0306B1
:10A4500058BFB0FA80F3704AC1B202EB4102B2F9C0
:10A46000202056BF5B0980239B010AB143F00403FF
:10A47000A26B21780B32A263E26B01F0290143EA5F
:10A48000010342F100022370A071E26345E4E08819
:10A49000F9F7CAFF63781901C9B223F00F0341EA43
:10A4A000201100F00F0003431A06637000F183804F
:10A4B000B3FA83F252099201574800EB4300B0F916
:10A4C000200008B142F00402207803F0280300F0D5
:10A4D000010003431A43E0882270FAF751FBD4E9E4
:10A4E0000E32123342F10002C4E90E3215E4E08963
:10A4F000FAF7C8FEE188A2E4E2882178531241F31A
:10A500000001921289B202F0220203F044031343C5
:10A51000CA12414802F01102134303F0070200EB94
:10A520001313825C1B7A0812134343F0020300F0FA
:10A530002802E180134300297FF415AD11E5E1798C
:10A5400092E4E388A289F6E500218DE4A078FEF785
:10A55000D7FD050658BFB0FA80F32F4AC0B202EB10
:10A560004002B2F9202056BF5B0980239B010AB14B
:10A5700043F004032078D4E90E2100F029000B32C7
:10A5800043EA000341F10001C4E90E212370FFF703
:10A59000C4BBE088F9F748FF627822F00F0343EA72
:10A5A0002013DBB202F00F0141EA001118066370BC
:10A5B000C9B27FF57DAF80227EE7A078FEF7A0FDCF
:10A5C000010658BFB0FA80F3134AC1B202EB410250
:10A5D000B2F9202056BF5B0980239B010AB143F0EA
:10A5E0000403A26B21780B32A263E26B01F0290114
:10A5F00043EA010342F1000223706070E263FFF757
:10A600008CBB617830E4E089FAF73CFEA18916E45E
:10A6100043F04203FFF7B5BB04F601102DE9F0410A
:10A620007F4C0546E089431CE381F9F7FDFEC3B288
:10A63000093BF02B00F20181DFE813F00E05FF006B
:10A64000FF00FF00FF00FF00FF00FF00FF00FF0012
:10A65000FF00FF00FF00FF00FF00FF004B06FF00B0
:10A66000FF00FF00FF00FF00FF00FF00420637066B
:10A670002A06580622061B06FF00FF001706500692
:10A680000A06FC05DB05CC05FF00FF00FF00FF000C
:10A69000FF00AE057C056105FF00FF005E05FF00C1
:10A6A000FF00FF00FF00FF00FF00FF00FF00FF00B2
:10A6B000FF005A054F053B05FF00FF00FF00FF00AC
:10A6C000FF00E702DD02CA02FF00FF00FF00FF00FB
:10A6D000FF00C602BA02A702FF00FF00FF00FF0052
:10A6E000FF00A30299028602FF0083028002790321
:10A6F0007603F6007303850382037F037C0328013E
:10A700002501F400F60012010F01A803A00398032D
:10A71000780270026802FF005502FF00FF00FF0090
:10A72000FF00510247023402FF00FF00FF00FF005C
:10A73000FF0032021202E701FF00FF00FF00FF00EE
:10A74000FF00E301BE018901FF00FF00FF00FF00E1
:10A75000FF0087015D012B01FF00FF00FF00FF00EC
:10A76000FF00650340031203FF00FF00FF00FF002E
:10A77000FF001003EB022F04FF00FF00FF00FF00AB
:10A78000FF002D0428041A04FF00FF00FF00FF0053
:10A79000FF001504F603CD03FF00FF00FF00FF00DC
:10A7A000FF00B003E004B704FF00FF00FF00FF005C
:10A7B000FF00FF00FF00FF00FF00FF00FF00FF00A1
:10A7C0006604FF00FF00FF00FF00FF00FF00FF0026
:10A7D000FF00FF00FF00FF00FF00FF00FF00FF0081
:10A7E000FF00FF00FF00FF00FF00FF005604FF0016
:10A7F000F104FF00E204FF00FF00FF000305FF007B
:10A80000FF00FF00FF00FF00FF00FF00FF00FF0050
:10A81000FF00FF00FF00FF00FF00FF00690300BF13
:10A82000780F00206B782B70D4E90E32083342F198
:10A830000002C4E90E32BDE8F081A36B607EE189BD
:10A84000E26B043300F1FF3001F1FF3142F100020D
:10A85000C4E90E326076E181EDE763782B70E3E7BF
:10A86000E0892D88431CE381F9F7DEFD45FA80F08D
:10A87000F9F7DAFDD4E90E32133342F10002C4E9EC
:10A880000E32A071D7E723792B70CDE763792B7057
:10A89000CAE7E0892D88431CE381F9F7C5FD45FA35
:10A8A00080F0F9F7C1FD6278C64D5310121AD1B28B
:10A8B000821002F0220203F044031343CA1002F094
:10A8C0001102134303F0070205EB1313AA5C1B7A72
:10A8D00001F02800134361700343002900F0EB816D
:10A8E00043F00203D4E90E21133241F10001C4E91F
:10A8F0000E2123709FE72A786378B248991A5B107B
:10A900009210C9B202F0220203F044031343CA10AA
:10A9100002F01102134303F0070200EB1313825CF1
:10A920001B7A01F02800134361700343002900F0F3
:10A93000E78143F00203D4E90E21083241F100011E
:10A94000C4E90E212370BDE8F0816A78D4E7E0897C
:10A950002D88431CE381F9F767FD45FA80F0F9F78C
:10A9600063FD2278637802F0010299185A100B18DF
:10A970008110DBB201F0220102F044020A43D91037
:10A9800001F011010A438F4D02F00701294405EB44
:10A990001215287E0A7C03F02801024363700A43E3
:10A9A0000BB942F04002D4E90E31133341F10001FA
:10A9B000C4E90E3122703EE722786378297802F0EC
:10A9C00001021A440A44D2B25B10891001F022013C
:10A9D00003F04403D0100B4300F011000343794906
:10A9E00003F00700084401EB1311037C087E02F01A
:10A9F0002801034362700B43002A9CD143F04003BB
:10AA000099E7227863786978D9E7E0892D88431C33
:10AA1000E381F9F709FD45FA80F0F9F705FD617862
:10AA200082104B100144C9B202F0220203F0440329
:10AA30001343CA1002F011021343624D03F00700E2
:10AA400005EB13122844037C107E01F02802034317
:10AA50006170134300297FF445AF43F0400341E7A1
:10AA60002A786378D118C9B25B10921002F02202E2
:10AA700003F04403C810134300F011000343514A8C
:10AA800003F00700104402EB1312037C107E01F068
:10AA9000280203436170134300297FF44CAFADE7F4
:10AAA0006A78DEE7E0892D88431CE381F9F7BCFC76
:10AAB00045FA80F0F9F7B8FCD4E90E32133342F1CD
:10AAC0000002C4E90E326070B5E62978D4E90E328E
:10AAD000083342F10002C4E90E326170ABE66978D6
:10AAE000D4E90E32F4E7E0892D88431CE381F9F7BD
:10AAF0009BFC617845FA80F0FAF742F8D4E90E320F
:10AB0000133342F10002C4E90E3294E6E0892D8845
:10AB1000431CE381F9F788FCA179EBE7E0892D88F4
:10AB2000431CE381F9F780FCE179E3E7E0892D88B4
:10AB3000431CE381F9F778FC2179DBE7A3786B709C
:10AB400072E6E3786B706FE6E0892D88431CE38141
:10AB5000F9F76AFC45FA80F0F9F766FCD4E90E32A1
:10AB6000133342F10002C4E90E32207163E6297802
:10AB7000D4E90E32083342F10002C4E90E322171E9
:10AB800059E66978D4E90E32F4E7E0892D88431C50
:10AB9000E381F9F749FC45FA80F0F9F745FCD4E97F
:10ABA0000E32133342F10002C4E90E32607142E604
:10ABB0002978D4E90E32083342F10002C4E90E329A
:10ABC000617138E604F601106978D4E90E32F2E7D3
:10ABD000E0892D88431CE381F9F726FC45FA80F0D3
:10ABE000F9F722FCD4E90E32133342F10002C4E932
:10ABF0000E32A0701FE62978D4E90E32083342F1F4
:10AC00000002C4E90E32A17015E66978D4E90E326B
:10AC1000F4E72B786178B34A0B4002EB4302B2F9B8
:10AC200020206370002A15BF9420902054215021C9
:10AC300014BF1422102223B113F0800F14BF014659
:10AC40001146D4E90E20083203F0280341EA03013B
:10AC500040F10000C4E90E202170ECE56B78D9E7E3
:10AC6000E0892D88431CE381F9F7DEFB45FA80F08B
:10AC7000F9F7DAFB2278637802F001029A1A121AC5
:10AC800081105B10D2B201F0220103F044030B43A8
:10AC9000D110944D01F011010B4303F0070105EBB6
:10ACA0001313695C1B7A02F028000B4362700343A4
:10ACB000002A7FF415AE43F0420313E6227863784E
:10ACC000297802F001029A1A521A5B108910D2B246
:10ACD00001F0220103F044030B43D110814801F03D
:10ACE00011010B4303F0070100EB1313415C1B7AC6
:10ACF00002F028000B4362700343002A7FF419AE70
:10AD000043F0420317E6227863786978D9E7D4E9FB
:10AD10000E3229880A3342F10002C4E90E32A181C1
:10AD200089E52B786B707FE523796B707CE563791F
:10AD30006B7079E5A3782B7076E5E3782B7073E57B
:10AD400063786B7070E5E0892D88431CE381F9F727
:10AD50006BFB45FA80F0F9F767FBD4E90E32133349
:10AD600042F10002C4E90E32E07164E5E0892D8809
:10AD7000431CE381F9F758FB6179BBE6E0892D8834
:10AD8000431CE381F9F750FBA178B3E6E0892D88F5
:10AD9000431CE381F9F748FBE178ABE66A78637816
:10ADA0009110981A5B1001F0220103F044030B4349
:10ADB000C1104C4D01F011010B4302F0280103F0CA
:10ADC000070205EB1313AA5C1B7AC0B213430B43B3
:10ADD000002895D0ADE5E0892D88431CE381F9F783
:10ADE00023FB45FA80F0F9F71FFB63783D4A0343E4
:10ADF000DBB202EB4302B2F920206370003A18BFC5
:10AE000001229200002B40F0078442F04002D4E976
:10AE10000E1003F02803133142EA030240F1000050
:10AE2000C4E90E10227006E52A7861782D4B0A439A
:10AE300003EB4203B3F920306270003B18BF0123DB
:10AE40009B00002A40F0E38343F04003D4E90E1056
:10AE500002F02802083143EA020340F10000C4E98D
:10AE60000E102370E7E46A7861781E4B0A43DFE72F
:10AE7000E0892D88431CE381F9F7D6FA45FA80F082
:10AE8000F9F7D2FA6378174A4340B1E72A78617834
:10AE9000144B4A40CCE76A78F9E7E0892D88431CD7
:10AEA000E381F9F7C1FA45FA80F0F9F7BDFA637862
:10AEB0000C4A034002EB4302B2F920206370002ADF
:10AEC00015BF942090205421502114BF1422102229
:10AED00023B113F0800F14BF01461146D4E90E20B0
:10AEE0001332B1E604F60110A089FAF7CBF9A36B8F
:10AEF0002880A189E26B0E3301F1020142F10002C8
:10AF0000C4E90E32A18196E4E089431CE381F9F79C
:10AF10008BFAE38947B25A1C1846E281F9F784FAA2
:10AF200000F0F803382B8046C6B200F3E781382BD7
:10AF300000F22382DFE813F07F02210221022102C6
:10AF400021022102210221025502210221022102B5
:10AF500021022102210221022A03210221022102CF
:10AF600021022102210221020803210221022102E1
:10AF70002102210221022102E802210221022102F2
:10AF80002102210221022102C60221022102210204
:10AF900021022102210221024A032102210221026F
:10AFA0002102210221022102A202E0892D88431CF4
:10AFB000E381F9F739FA45FA80F0F9F735FA627862
:10AFC0008110531001F02201121A03F044030B43C5
:10AFD000D110C14D01F011010B43D1B203F00702B2
:10AFE00005EB1313AA5C1B7A00F02800134343F00F
:10AFF0000203034300297FF475AC2EE52A78CEE6E0
:10B00000A089023880B2A0812988FAF747F9D4E9EB
:10B010000E320F3342F10002C4E90E320BE4A08974
:10B02000FAF730F906462988A089FAF737F9D4E902
:10B030000E32173342F100022E80C4E90E32FFF7C0
:10B04000FABBD4E90E322988083342F10002C4E980
:10B050000E32E181FFF7EFBB2B886288D1185B12BB
:10B06000921202F0220203F044031343CA1202F0C8
:10B0700011021343984A03F007002980104402EBA1
:10B080001312037C2078127E20F03B0002F00102B4
:10B0900003430912134301F02801D4E90E200F32B3
:10B0A00043EA010340F10000C4E90E202370FFF7DA
:10B0B000C2BBE0892D88431CE381F9F7B5F945FA55
:10B0C00080F0F9F7B1F9D4E90E32133342F10002FE
:10B0D000C4E90E32E070FFF7AEBB2978D4E90E3236
:10B0E000083342F10002C4E90E32E170FFF7A3BB5E
:10B0F0006978D4E90E32F3E72B88A289AEE7E089BC
:10B100002D88F9F791F9E38945FA80F5581CF9F78C
:10B110008BF901462846F9F733FDA36BE189E26B11
:10B12000133301F1020142F10002C4E90E32E18160
:10B13000FFF781BBE0892E88431CE381F9F774F99E
:10B1400046FA80F6B6B23046F9F76EF90546013D8B
:10B15000EDB230462946F9F713FD7F2D00F07282DB
:10B1600005F00F030F2B00F076824221002D40F0F6
:10B17000DC82A26B2378173203F0010305F0280567
:10B18000A263E26B43EA050341EA030142F10002D4
:10B190002170E263FFF74FBBE0892E88431CE381F7
:10B1A000F9F742F946FA80F6B6B23046F9F73CF9BB
:10B1B00005460135EDB230462946F9F7E1FC802D10
:10B1C00000F03E822E0740F03F82002D40F07B824F
:10B1D0005021CEE7E089431CE381F9F725F9287077
:10B1E000D4E90E320B3342F10002C4E90E32FFF70C
:10B1F00022BB2B78013BDBB27F2B2B7046D003F0B8
:10B200000F020F2A00F015824220002B40F05E82D0
:10B210002278A16B02F0010203F028031343E26BD2
:10B22000083140EA030042F10002A1632070E263AA
:10B23000FFF701BB2B780133DBB2802B2B705BD087
:10B24000180740F0EF81002B40F00C825020DFE720
:10B25000A36B2988E26B0A3301F1FF3142F100024E
:10B260002980C4E90E32FFF7E6BA2A88510053124A
:10B27000F6E6E089431CE381F9F7D6F86870AFE79A
:10B280006B78013BDBB27F2B6B70B8D11620BFE728
:10B29000A36B2988E26B0A3301F1010142F100023C
:10B2A0002980C4E90E32FFF7C6BAE089F9F7EAFF50
:10B2B0002988F9F7F3FFA36BE189E26B143330E7D8
:10B2C000E089F9F7DFFFA36B2880E189E26B0E3399
:10B2D00027E72B88A288C1E604F60110E089F9F778
:10B2E000D1FFF9F7CFFFA36B2880E5E76B78013337
:10B2F000DBB2802B6B70A3D1942089E7B82B00F3CD
:10B30000B4819F2B00F3D081782B00F3C2815F2B97
:10B3100008DC403B182B30D84FF0013222FA03F3FF
:10B32000DA072AD528883844F9F77EF80122014641
:10B33000C6F3C2039A4023780A4003F00103002AAF
:10B3400043F0100322F07F0243EA02030CBF4422C1
:10B35000002208F0070006285BB243EA0203024617
:10B360000CBF002201F028021343A26B2370E36B91
:10B37000143243F10003A263E3630025403E3F2EF5
:10B380007FF659AA08F00708B8F1070F3FF653AA4D
:10B3900001A353F828F000BFDDB30010D7B30010AD
:10B3A000D1B30010CBB30010C5B30010BFB3001071
:10B3B00037A80010B9B300106570FFF73CBAA5714B
:10B3C000FFF739BAE571FFF736BA2571FFF733BADF
:10B3D0006571FFF730BAA570FFF72DBAE570FFF77A
:10B3E0002ABA28883844F9F71FF810F001014FEA0B
:10B3F000600300F07881012243F0800342F0800274
:10B40000C049D8B201EB4001B1F92010002940F049
:10B41000718103F028010A43227028885DB2384404
:10B420002946F9F7ADFBA36B1733A363E36B43F135
:10B430000003E363A2E728883844F8F7F5FF4300E8
:10B4400010F08001DAB200F0448113F0800F42F076
:10B4500001024FF0010301D043F08003A94901EB41
:10B460004201B1F92010002940F03A8102F0280190
:10B470000B432370288855B23844D1E728883844D4
:10B48000F8F7D2FFC2054FEA600158BFB1FA81F266
:10B4900003469C485FFA81FC00EB4C00B0F92000A9
:10B4A00056BF52098022920108B142F0040201F015
:10B4B000280003F0010303431A43227028884DB289
:10B4C0003844ADE728883844F8F7AEFF0206034653
:10B4D00040F125814110802041F08001894A5FFAC6
:10B4E00081FC02EB4C02B2F920200AB140F00400CA
:10B4F00003F0010301F028021A4340EA020323701B
:10B5000028884DB238448BE728883844F8F78CFFF8
:10B510004100024611F0FF0000F0EF80794B03EB91
:10B520004003B3F9200001F08003002840F0E680DA
:10B53000100648BF43F0010301F0280213432370B3
:10B5400028884DB238446BE728883844F8F76CFFF8
:10B5500023780146DB01DBB243EA60031A0658BFD9
:10B56000B3FA83F267485FFA83FC00EB4C00B0F952
:10B57000200056BF52098022920108B142F0040215
:10B5800001F0010103F02800014344E72888384412
:10B59000F8F74AFF22784300DBB202F001021A43B7
:10B5A0001B0658BFB2FA82F3564958BF5B0901EB3C
:10B5B0004201B1F920104CBF80239B0109B143F037
:10B5C0000403010648BF43F001034FE728883844CD
:10B5D000F8F72AFF43005FFA83FC4A494CF0010C5C
:10B5E00001EB4C01B1F92010024603F0800309B1D0
:10B5F00043F00403110648BF43F001030CF0280296
:10B600001343237028884FFA8CF5384408E7110655
:10B6100048BF43F0800319E41D0648BF42F0800292
:10B62000FFF7F5BB8022002013F0800F18BF1046F3
:10B63000EEE59220122213F0800F08BF1046E7E5D6
:10B64000942196E5162194E58023002115F0800FC2
:10B6500018BF19468DE59221122315F0800F08BFFF
:10B66000194686E590221020DEE7D82B4CDCBF2B54
:10B670007FF783AE28883844F8F7D6FE01230246C8
:10B68000C6F3C201288803FA01F5154338446DB2A8
:10B69000C6E6803B182B3FF670AE4FF0013222FA1F
:10B6A00003F3D9077FF569AE28883844F8F7BCFE64
:10B6B00001220346C6F3C20128888A4023EA020316
:10B6C00038445DB2ACE690231021BFE7822002220D
:10B6D000B1E713F080032BD1002A7FF4BFAE4023E3
:10B6E00043F00403C2E613F0800223D1002B7FF461
:10B6F00087AE402242F004028BE6402343F004036D
:10B7000016E700BF04F60110E03B182B3FF635AEFC
:10B710004FF0013222FA03F3D807ABD42DE64110E3
:10B720000CBF012000208001D8E68221022394E78B
:10B730000B4691E60A4661E670B5054CE089431C6C
:10B74000E381F8F771FEC3B2013B054602E000BF9A
:10B75000780F0020FE2B02F24386DFE813F00B1374
:10B76000E612C1129C1277124E1229120C12EF111E
:10B77000D211B61199117A1158113B1112115214AC
:10B7800029140014D713AE13801357133313E9147D
:10B79000C5149F147B1438150C15EE10CE10AE1086
:10B7A0008E106E104E102E100910E90FC80FA90F41
:10B7B0008A0F6B0F4C0F2D0F080FE90ECA0EAB0E40
:10B7C0008C0E6D0E4B0E2C0E080EE90DCC0DAF0D30
:10B7D000920D750D580D3B0D120DF50CDC0CC30CC4
:10B7E000AA0C910C780C5F0C440C2B0C120CF90B6E
:10B7F000E00BC70BAE0B950B7A0B610B480B2F0BB5
:10B80000160BFD0AE40ACB0AB00A970A7E0A650AFB
:10B810004C0A330A1A0A010AE609CD09B4099B0940
:10B8200082096909500937091C090309EA08D10886
:10B83000B8089F0886086D085208390820080708CC
:10B84000EE07D507BC07A30788076F075107330723
:10B850001607F806DA06BD069F06820677066C060E
:10B86000610656064B0640062F06240619060E06EC
:10B870000306F805ED05E205D105C605BB05B005D3
:10B88000A5059A058F058405730568055D055205B4
:10B8900047053C053105260515050A05FF04F50495
:10B8A000EB04E104D704CD04BD04B304A9049F0450
:10B8B00095048B048104770467045D0453044904F0
:10B8C0003F0435042B04210411040704FD03F30392
:10B8D000E903DF03D503CB03BB03B103A7039D0338
:10B8E000930389037F03750365035B0351034703D8
:10B8F0003D03330329031F030F030503FB02F1027A
:10B90000E702DD02D302C902B902AF02A5029B021F
:10B91000910287027D027302630259024F024502BF
:10B920003B02310227021D020D020302F901EF0161
:10B93000E501DB01D101C701B701AD01A301990107
:10B940008F0185017B017101610157014D014301A7
:10B9500039012F0125011B010B01FF006178D4E99A
:10B960000E3261F07F010833617042F10002C4E9D8
:10B970000E3270BDE5882846F8F756FD0146284688
:10B9800041F08001F9F7FCF8D4E90E320F3342F1AF
:10B990000002ECE7A179D4E90E3261F07F010833AF
:10B9A000A17142F10002E2E7E179D4E90E3261F0DF
:10B9B0007F010833E17142F10002D8E72179D4E92F
:10B9C0000E3261F07F010833217142F10002CEE7AF
:10B9D0006179D4E90E3261F07F010833617142F17F
:10B9E0000002C4E7A178D4E90E3261F07F01083388
:10B9F000A17042F10002BAE7E178D4E90E3261F0B9
:10BA00007F010833E17042F10002B0E76178D4E9C8
:10BA10000E3241F040010833617042F10002A6E7A6
:10BA2000E5882846F8F700FD0146284641F0400128
:10BA3000F9F7A6F8D4E90E320F3342F1000296E787
:10BA4000A179D4E90E3241F040010833A17142F1ED
:10BA500000028CE7E179D4E90E3241F0400108336D
:10BA6000E17142F1000282E72179D4E90E3241F01E
:10BA700040010833217142F1000278E76179D4E98D
:10BA80000E3241F040010833617142F100026EE76D
:10BA9000A178D4E90E3241F040010833A17042F19F
:10BAA000000264E7E178D4E90E3241F04001083346
:10BAB000E17042F100025AE76178D4E90E3241F0B8
:10BAC00020010833617042F1000250E7E588284602
:10BAD000F8F7AAFC0146284641F02001F9F750F892
:10BAE000D4E90E320F3342F1000240E7A179D4E9E4
:10BAF0000E3241F020010833A17142F1000236E715
:10BB0000E179D4E90E3241F020010833E17142F1CC
:10BB100000022CE72179D4E90E3241F020010833EC
:10BB2000217142F1000222E76179D4E90E3241F03D
:10BB300020010833617142F1000218E7A178D4E9CD
:10BB40000E3241F020010833A17042F100020EE7ED
:10BB5000E178D4E90E3241F020010833E17042F17E
:10BB6000000204E76178D4E90E3241F01001083395
:10BB7000617042F10002FAE6E5882846F8F754FCC5
:10BB80000146284641F01001F8F7FAFFD4E90E32D9
:10BB90000F3342F10002EAE6A179D4E90E3241F016
:10BBA00010010833A17142F10002E0E6E179D4E925
:10BBB0000E3241F010010833E17142F10002D6E685
:10BBC0002179D4E90E3241F010010833217142F19C
:10BBD0000002CCE66179D4E90E3241F0100108335D
:10BBE000617142F10002C2E6A178D4E90E3241F05F
:10BBF00010010833A17042F10002B8E6E178D4E9FF
:10BC00000E3241F010010833E17042F10002AEE65D
:10BC10006178D4E90E3241F008010833617042F1D5
:10BC20000002A4E6E5882846F8F7FEFB0146284610
:10BC300041F00801F8F7A4FFD4E90E320F3342F1C6
:10BC4000000294E6A179D4E90E3241F008010833EC
:10BC5000A17142F100028AE6E179D4E90E3241F0A5
:10BC600008010833E17142F1000280E62179D4E94C
:10BC70000E3241F008010833217142F1000276E6EC
:10BC80006179D4E90E3241F008010833617142F163
:10BC900000026CE6A178D4E90E3241F008010833C5
:10BCA000A17042F1000262E6E178D4E90E3241F07F
:10BCB00008010833E17042F1000258E66178D4E9E6
:10BCC0000E3241F004010833617042F100024EE689
:10BCD000E5882846F8F7A8FB0146284641F004010C
:10BCE000F8F74EFFD4E90E320F3342F100023EE680
:10BCF000A179D4E90E3241F004010833A17142F177
:10BD0000000234E6E179D4E90E3241F0040108334F
:10BD1000E17142F100022AE62179D4E90E3241F0C4
:10BD200004010833217142F1000220E66179D4E96F
:10BD30000E3241F004010833617142F1000216E64F
:10BD4000A178D4E90E3241F004010833A17042F128
:10BD500000020CE6E178D4E90E3241F00401083328
:10BD6000E17042F1000202E66178D4E90E3241F05E
:10BD700002010833617042F10002F8E5E5882846C7
:10BD8000F8F752FB0146284641F00201F8F7F8FEA9
:10BD9000D4E90E320F3342F10002E8E5A179D4E98B
:10BDA0000E3241F002010833A17142F10002DEE5DA
:10BDB000E179D4E90E3241F002010833E17142F138
:10BDC0000002D4E52179D4E90E3241F002010833B2
:10BDD000217142F10002CAE56179D4E90E3241F0E5
:10BDE00002010833617142F10002C0E5A178D4E993
:10BDF0000E3241F002010833A17042F10002B6E5B3
:10BE0000E178D4E90E3241F002010833E17042F1E9
:10BE10000002ACE56178D4E90E3241F0010108334B
:10BE2000617042F10002A2E5E5882846F8F7FCFAC5
:10BE30000146284641F00101F8F7A2FED4E90E328E
:10BE40000F3342F1000292E5A179D4E90E3241F0BC
:10BE500001010833A17142F1000288E5E179D4E9DA
:10BE60000E3241F001010833E17142F100027EE53A
:10BE70002179D4E90E3241F001010833217142F1F8
:10BE8000000274E56179D4E90E3241F00101083312
:10BE9000617142F100026AE5A178D4E90E3241F005
:10BEA00001010833A17042F1000260E5E178D4E9B4
:10BEB0000E3241F001010833E17042F1000256E513
:10BEC0006178D4E90E3201F07F010833617042F1EC
:10BED00000024CE5E5882846F8F7A6FA0146284610
:10BEE00021F08001F8F74CFED4E90E320F3342F115
:10BEF00000023CE5A179D4E90E3201F07F0108335C
:10BF0000A17142F1000232E5E179D4E90E3201F08B
:10BF10007F010833E17142F1000228E52179D4E97B
:10BF20000E3201F07F010833217142F100021EE55B
:10BF30006179D4E90E3201F07F010833617142F179
:10BF4000000214E5A178D4E90E3201F07F01083334
:10BF5000A17042F100020AE5E178D4E90E3201F065
:10BF60007F010833E17042F1000200E56178D4E915
:10BF70000E3221F040010833617042F10002F6E414
:10BF8000E5882846F8F750FA0146284621F0400196
:10BF9000F8F7F6FDD4E90E320F3342F10002E6E481
:10BFA000A179D4E90E3221F040010833A17142F1A8
:10BFB0000002DCE4E179D4E90E3221F040010833DB
:10BFC000E17142F10002D2E42179D4E90E3221F08C
:10BFD00040010833217142F10002C8E46179D4E9DB
:10BFE0000E3221F040010833617142F10002BEE4DB
:10BFF000A178D4E90E3221F040010833A17042F15A
:10C000000002B4E4E178D4E90E3221F040010833B3
:10C01000E17042F10002AAE46178D4E90E3221F025
:10C0200020010833617042F10002A0E4E58828464F
:10C03000F8F7FAF90146284621F02001F8F7A0FDAB
:10C04000D4E90E320F3342F1000290E4A179D4E931
:10C050000E3221F020010833A17142F1000286E482
:10C06000E179D4E90E3221F020010833E17142F187
:10C0700000027CE42179D4E90E3221F0200108335A
:10C08000217142F1000272E46179D4E90E3221F0AB
:10C0900020010833617142F1000268E4A178D4E91B
:10C0A0000E3221F020010833A17042F100025EE45B
:10C0B000E178D4E90E3221F020010833E17042F139
:10C0C000000254E46178D4E90E3221F01001083303
:10C0D000617042F100024AE4E5882846F8F7A4F9C5
:10C0E0000146284621F01001F8F74AFDD4E90E3246
:10C0F0000F3342F100023AE4A179D4E90E3221F083
:10C1000010010833A17142F1000230E4E179D4E971
:10C110000E3221F010010833E17142F1000226E4F1
:10C120002179D4E90E3221F010010833217142F156
:10C1300000021CE46179D4E90E3221F010010833C9
:10C14000617142F1000212E4A178D4E90E3221F0CB
:10C1500010010833A17042F1000208E4E178D4E94B
:10C160000E3221F010010833E17042F10002FFF7B6
:10C17000FEBB6178D4E90E3221F00801083361700A
:10C1800042F10002FFF7F3BBE5882846F8F74CF9C7
:10C190000146284621F00801F8F7F2FCD4E90E32F6
:10C1A0000F3342F10002FFF7E2BBA179D4E90E326E
:10C1B00021F008010833A17142F10002FFF7D7BB5B
:10C1C000E179D4E90E3221F008010833E17142F13E
:10C1D0000002FFF7CCBB2179D4E90E3221F008012F
:10C1E0000833217142F10002FFF7C1BB6179D4E944
:10C1F0000E3221F008010833617142F10002FFF7AD
:10C20000B6BBA178D4E90E3221F008010833A17041
:10C2100042F10002FFF7ABBBE178D4E90E3221F026
:10C2200008010833E17042F10002FFF7A0BB61781A
:10C23000D4E90E3221F004010833617042F10002AA
:10C24000FFF795BBE5882846F8F7EEF80146284643
:10C2500021F00401F8F794FCD4E90E320F3342F1D7
:10C260000002FFF784BBA179D4E90E3221F004016A
:10C270000833A17142F10002FFF779BBE179D4E9FB
:10C280000E3221F004010833E17142F10002FFF7A0
:10C290006EBB2179D4E90E3221F0040108332171FB
:10C2A00042F10002FFF763BB6179D4E90E3221F05D
:10C2B00004010833617142F10002FFF758BBA17815
:10C2C000D4E90E3221F004010833A17042F10002DA
:10C2D000FFF74DBBE178D4E90E3221F004010833B9
:10C2E000E17042F10002FFF742BB6178D4E90E32FF
:10C2F00021F002010833617042F10002FFF737BB01
:10C30000E5882846F8F790F80146284621F0020112
:10C31000F8F736FCD4E90E320F3342F10002FFF792
:10C3200026BBA179D4E90E3221F002010833A171B4
:10C3300042F10002FFF71BBBE179D4E90E3221F094
:10C3400002010833E17142F10002FFF710BB2179CD
:10C35000D4E90E3221F002010833217142F10002CA
:10C36000FFF705BB6179D4E90E3221F002010833F1
:10C37000617142F10002FFF7FABAA178D4E90E32F6
:10C3800021F002010833A17042F10002FFF7EFBA79
:10C39000E178D4E90E3221F002010833E17042F174
:10C3A0000002FFF7E4BA6178D4E90E3221F001010E
:10C3B0000833617042F10002FFF7D9BAE5882846D8
:10C3C000F8F732F80146284621F00101F8F7D8FBCA
:10C3D000D4E90E320F3342F10002FFF7C8BAA17957
:10C3E000D4E90E3221F001010833A17142F10002BB
:10C3F000FFF7BDBAE179D4E90E3221F0010108332B
:10C40000E17142F10002FFF7B2BA2179D4E90E32AC
:10C4100021F001010833217142F10002FFF7A7BAB0
:10C420006179D4E90E3221F001010833617142F1E2
:10C430000002FFF79CBAA178D4E90E3221F0010185
:10C440000833A17042F10002FFF791BAE178D4E914
:10C450000E3221F001010833E17042F10002FFF7D2
:10C4600086BA6278237822F07F0103F001030B4340
:10C4700000F0070511064CBF43F0100343F05403CE
:10C48000062D59B21CBF02F028021143D4E90E3226
:10C490000833217042F10002FFF769BAE088F7F72C
:10C4A000C3FF237803F0010141F0100100F0800385
:10C4B000194349B20BB941F0440105F00705062DB7
:10C4C0001CBF00F028000143D4E90E320C33217068
:10C4D00042F10002FFF74BBAA279237822F07F01E4
:10C4E00003F001030B4300F0070511064CBF43F0B6
:10C4F000100343F05403062D59B21CBF02F028026A
:10C500001143D4E90E320833217042F10002FFF7E3
:10C510002EBAE279237822F07F0103F0010310069E
:10C5200043EA010305F007054CBF43F0100343F055
:10C530005403062D59B21CBF02F028021143D4E95E
:10C540000E320833217042F10002FFF710BA22794F
:10C55000237822F07F0103F00103160643EA01036A
:10C5600000F007054CBF43F0100343F05403062DC1
:10C5700059B21CBF02F028021143D4E90E3208332D
:10C58000217042F10002FFF7F2B96279237822F0BC
:10C590007F0103F001030B4300F0070511064CBFB8
:10C5A00043F0100343F05403062D59B21CBF02F0B0
:10C5B00028021143D4E90E320833217042F10002FF
:10C5C000FFF7D5B9A278237822F07F0103F00103A9
:10C5D000100643EA010305F007054CBF43F01003C2
:10C5E00043F05403062D59B21CBF02F02802114338
:10C5F000D4E90E320833217042F10002FFF7B7B9D7
:10C60000E278237822F07F0103F00103160643EA63
:10C61000010300F007054CBF43F0100343F054033F
:10C62000062D59B21CBF02F028021143D4E90E3284
:10C630000833217042F10002FFF799B9637821783D
:10C64000580601F0010105F007054CBF41F010014B
:10C6500041F05401062D1CBF03F028031943D4E90F
:10C660000E320833217042F10002FFF780B9E088F2
:10C67000F7F7DAFED4E90E322178460601F001011F
:10C6800005F007054CBF41F0100141F05401062DA3
:10C690001CBF00F0280001430C33217042F100025E
:10C6A000FFF765B9A3792178580601F0010105F07B
:10C6B00007054CBF41F0100141F05401062D1CBF8D
:10C6C00003F028031943D4E90E320833217042F1F4
:10C6D0000002FFF74CB9E37921785E0601F0010111
:10C6E00000F007054CBF41F0100141F05401062D48
:10C6F0001CBF03F028031943D4E90E32083321701C
:10C7000042F10002FFF733B9237921785A0601F08C
:10C71000010100F007054CBF41F0100141F0540148
:10C72000062D1CBF03F028031943D4E90E32083349
:10C73000217042F10002FFF71AB963792178580697
:10C7400001F0010105F007054CBF41F0100141F077
:10C750005401062D1CBF03F028031943D4E90E32FF
:10C760000833217042F10002FFF701B9A378217864
:10C770005E0601F0010100F007054CBF41F0100119
:10C7800041F05401062D1CBF03F028031943D4E9DE
:10C790000E320833217042F10002FFF7E8B8E37867
:10C7A00021785A0601F0010100F007054CBF41F065
:10C7B000100141F05401062D1CBF03F0280319435A
:10C7C000D4E90E320833217042F10002FFF7CFB8EE
:10C7D000637821789E0601F0010100F007054CBF47
:10C7E00041F0100141F05401062D1CBF03F0280355
:10C7F0001943D4E90E320833217042F10002FFF7E9
:10C80000B6B8E088F7F710FE2178830601F0010141
:10C8100005F007054CBF41F0100141F05401062D11
:10C820001CBF00F028000143D4E90E320C33217004
:10C8300042F10002FFF79BB8A37921789E0601F030
:10C84000010100F007054CBF41F0100141F0540117
:10C85000062D1CBF03F028031943D4E90E32083318
:10C86000217042F10002FFF782B8E37921789A063D
:10C8700001F0010100F007054CBF41F0100141F04B
:10C880005401062D1CBF03F028031943D4E90E32CE
:10C890000833217042F10002FFF769B8237921784B
:10C8A000980601F0010105F007054CBF41F01001A9
:10C8B00041F05401062D1CBF03F028031943D4E9AD
:10C8C0000E320833217042F10002FFF750B863794D
:10C8D00021789E0601F0010100F007054CBF41F0F0
:10C8E000100141F05401062D1CBF03F02803194329
:10C8F000D4E90E320833217042F10002FFF737B855
:10C90000A37821789A0601F0010100F007054CBFD9
:10C9100041F0100141F05401062D1CBF03F0280323
:10C920001943D4E90E320833217042F10002FFF7B7
:10C930001EB8E3782178980601F0010105F007059B
:10C940004CBF41F0100141F05401062D1CBF03F013
:10C9500028031943D4E90E320833217042F1000252
:10C96000FFF705B863782178DA0601F0010100F0DD
:10C9700007054CBF41F0100141F05401062D1CBFCA
:10C9800003F028031943D4E90E320833217042F131
:10C990000002FEF7ECBFE088F7F746FD2178C206FB
:10C9A00001F0010105F007054CBF41F0100141F015
:10C9B0005401062D1CBF00F028000143D4E90E32BB
:10C9C0000C33217042F10002FEF7D1BFA379217828
:10C9D000DA0601F0010100F007054CBF41F010013B
:10C9E00041F05401062D1CBF03F028031943D4E97C
:10C9F0000E320833217042F10002FEF7B8BFE3792E
:10CA00002178D80601F0010105F007054CBF41F07F
:10CA1000100141F05401062D1CBF03F028031943F7
:10CA2000D4E90E320833217042F10002FEF79FBFB5
:10CA300023792178DE0601F0010100F007054CBFE3
:10CA400041F0100141F05401062D1CBF03F02803F2
:10CA50001943D4E90E320833217042F10002FEF787
:10CA600086BF63792178DA0601F0010100F007053D
:10CA70004CBF41F0100141F05401062D1CBF03F0E2
:10CA800028031943D4E90E320833217042F1000221
:10CA9000FEF76DBFA3782178D80601F0010105F0FB
:10CAA00007054CBF41F0100141F05401062D1CBF99
:10CAB00003F028031943D4E90E320833217042F100
:10CAC0000002FEF754BFE3782178DE0601F0010191
:10CAD00000F007054CBF41F0100141F05401062D54
:10CAE0001CBF03F028031943D4E90E320833217028
:10CAF00042F10002FEF73BBF63782178180701F08E
:10CB0000010105F007054CBF41F0100141F054014F
:10CB1000062D1CBF03F028031943D4E90E32083355
:10CB2000217042F10002FEF722BFE088F7F77CFC9B
:10CB3000D4E90E322178060701F0010105F007055E
:10CB40004CBF41F0100141F05401062D1CBF00F014
:10CB5000280001430C33217042F10002FEF707BFA9
:10CB6000A3792178180701F0010105F007054CBFF2
:10CB700041F0100141F05401062D1CBF03F02803C1
:10CB80001943D4E90E320833217042F10002FEF756
:10CB9000EEBEE37921781E0701F0010100F00705E0
:10CBA0004CBF41F0100141F05401062D1CBF03F0B1
:10CBB00028031943D4E90E320833217042F10002F0
:10CBC000FEF7D5BE237921781A0701F0010100F0A4
:10CBD00007054CBF41F0100141F05401062D1CBF68
:10CBE00003F028031943D4E90E320833217042F1CF
:10CBF0000002FEF7BCBE63792178180701F001013D
:10CC000005F007054CBF41F0100141F05401062D1D
:10CC10001CBF03F028031943D4E90E3208332170F6
:10CC200042F10002FEF7A3BEA37821781E0701F0AF
:10CC3000010100F007054CBF41F0100141F0540123
:10CC4000062D1CBF03F028031943D4E90E32083324
:10CC5000217042F10002FEF78ABEE37821781A07BC
:10CC600001F0010100F007054CBF41F0100141F057
:10CC70005401062D1CBF03F028031943D4E90E32DA
:10CC80000833217042F10002FEF771BE637821780B
:10CC90005E0701F0010100F007054CBF41F01001F3
:10CCA00041F05401062D1CBF03F028031943D4E9B9
:10CCB0000E320833217042F10002FEF758BEE088C0
:10CCC000F7F7B2FB2178430701F0010105F00705F2
:10CCD0004CBF41F0100141F05401062D1CBF00F083
:10CCE00028000143D4E90E320C33217042F10002D6
:10CCF000FEF73DBEA37921785E0701F0010100F047
:10CD000007054CBF41F0100141F05401062D1CBF36
:10CD100003F028031943D4E90E320833217042F19D
:10CD20000002FEF724BEE37921785A0701F00101E1
:10CD300000F007054CBF41F0100141F05401062DF1
:10CD40001CBF03F028031943D4E90E3208332170C5
:10CD500042F10002FEF70BBE23792178580701F05B
:10CD6000010105F007054CBF41F0100141F05401ED
:10CD7000062D1CBF03F028031943D4E90E320833F3
:10CD8000217042F10002FEF7F2BD637921785E075F
:10CD900001F0010100F007054CBF41F0100141F026
:10CDA0005401062D1CBF03F028031943D4E90E32A9
:10CDB0000833217042F10002FEF7D9BDA378217833
:10CDC0005A0701F0010100F007054CBF41F01001C6
:10CDD00041F05401062D1CBF03F028031943D4E988
:10CDE0000E320833217042F10002FEF7C0BDE37835
:10CDF0002178580701F0010105F007054CBF41F00B
:10CE0000100141F05401062D1CBF03F02803194303
:10CE1000D4E90E320833217042F10002FEF7A7BDBB
:10CE2000637821789A0701F0010100F007054CBFF3
:10CE300041F0100141F05401062D1CBF03F02803FE
:10CE40001943D4E90E320833217042F10002FEF793
:10CE50008EBDE088F7F7E8FA2178820701F001013A
:10CE600005F007054CBF41F0100141F05401062DBB
:10CE70001CBF00F028000143D4E90E320C332170AE
:10CE800042F10002FEF773BDA37921789A0701F001
:10CE9000010100F007054CBF41F0100141F05401C1
:10CEA000062D1CBF03F028031943D4E90E320833C2
:10CEB000217042F10002FEF75ABDE379217898070C
:10CEC00001F0010105F007054CBF41F0100141F0F0
:10CED0005401062D1CBF03F028031943D4E90E3278
:10CEE0000833217042F10002FEF741BD2379217819
:10CEF0009E0701F0010100F007054CBF41F0100151
:10CF000041F05401062D1CBF03F028031943D4E956
:10CF10000E320833217042F10002FEF728BD63791A
:10CF200021789A0701F0010100F007054CBF41F09C
:10CF3000100141F05401062D1CBF03F028031943D2
:10CF4000D4E90E320833217042F10002FEF70FBD22
:10CF5000A3782178980701F0010105F007054CBF7F
:10CF600041F0100141F05401062D1CBF03F02803CD
:10CF70001943D4E90E320833217042F10002FEF762
:10CF8000F6BCE37821789E0701F0010100F0070567
:10CF90004CBF41F0100141F05401062D1CBF03F0BD
:10CFA00028031943D4E90E320833217042F10002FC
:10CFB000FEF7DDBC63782178D80701F0010105F0A8
:10CFC00007054CBF41F0100141F05401062D1CBF74
:10CFD00003F028031943D4E90E320833217042F1DB
:10CFE0000002FEF7C4BCE088F7F71EFAD4E90E325F
:10CFF0002178C60701F0010105F007054CBF41F09B
:10D00000100141F05401062D1CBF00F0280001431F
:10D010000C33217042F10002FEF7A9BCA3792178FC
:10D02000D80701F0010105F007054CBF41F01001E0
:10D0300041F05401062D1CBF03F028031943D4E925
:10D040000E320833217042F10002FEF790BCE37902
:10D050002178DE0701F0010100F007054CBF41F027
:10D06000100141F05401062D1CBF03F028031943A1
:10D07000D4E90E320833217042F10002FEF777BC8A
:10D0800023792178DA0701F0010100F007054CBF90
:10D0900041F0100141F05401062D1CBF03F028039C
:10D0A0001943D4E90E320833217042F10002FEF731
:10D0B0005EBC63792178D80701F0010105F007050E
:10D0C0004CBF41F0100141F05401062D1CBF03F08C
:10D0D00028031943D4E90E320833217042F10002CB
:10D0E000FEF745BCA3782178DE0701F0010100F0CE
:10D0F00007054CBF41F0100141F05401062D1CBF43
:10D1000003F028031943D4E90E320833217042F1A9
:10D110000002FEF72CBCE3782178DA0701F0010168
:10D1200000F007054CBF41F0100141F05401062DFD
:10D130001CBF03F028031943D4E90E3208332170D1
:10D1400042F10002FEF713BC6378BA4A58100CBFD4
:10D150000121002102EB4002B2F9202089010AB12D
:10D1600041F0040103F0010300F028021A43A36B0D
:10D170001143E26B08332170607042F10002FEF748
:10D18000F6BBE5882846F7F74FF9C3054FEA60017B
:10D1900058BFB1FA81F2A74B5FFA81FC03EB4C0355
:10D1A000B3F9203056BF5209802292010BB142F0F0
:10D1B000040200F00103284601F028052B431A431E
:10D1C0002270F7F7DDFCD4E90E320F3342F1000292
:10D1D000FEF7CDBBA379974A58100CBF012100215F
:10D1E00002EB4002B2F9202089010AB141F00401AA
:10D1F00003F0010300F028021A43A36B1143E26B12
:10D2000008332170A07142F10002FEF7B0BBE37950
:10D21000884A58100CBF0121002102EB4002B2F9EC
:10D22000202089010AB141F0040103F0010300F05C
:10D2300028021A43A36B1143E26B08332170E0719B
:10D2400042F10002FEF793BB23797A4A58100CBFD3
:10D250000121002102EB4002B2F9202089010AB12C
:10D2600041F0040103F0010300F028021A43A36B0C
:10D270001143E26B08332170207142F10002FEF786
:10D2800076BB63796B4A58100CBF0121002102EB79
:10D290004002B2F9202089010AB141F0040103F0F3
:10D2A000010300F028021A43A36B1143E26B083319
:10D2B0002170607142F10002FEF759BBA3785D4A0C
:10D2C00058100CBF0121002102EB4002B2F92020CE
:10D2D00089010AB141F0040103F0010300F02802C2
:10D2E0001A43A36B1143E26B08332170A07042F123
:10D2F0000002FEF73CBBE3784E4A58100CBF0121F8
:10D30000002102EB4002B2F9202089010AB141F06C
:10D31000040103F0010300F028021A43A36B114338
:10D32000E26B08332170E07042F10002FEF71FBB90
:10D330006278404B5100C8B240F0010003EB40035B
:10D34000B3F9203001F080010BB141F00401130664
:10D3500048BF41F0010100F02805D4E90E3229430D
:10D3600008332170607042F10002FEF700BBE588CF
:10D370002846F7F759F84300D9B22E4A41F0010187
:10D3800002EB4102B2F9202003F080030AB143F01E
:10D390000403020648BF43F0010301F028021343CF
:10D3A00028462370F7F7ECFBD4E90E320F3342F135
:10D3B0000002FEF7DCBAA2791E4B5100C8B240F061
:10D3C000010003EB4003B3F9203001F080010BB101
:10D3D00041F00401150648BF41F0010100F02805A5
:10D3E000D4E90E32294308332170A07142F10002C2
:10D3F000FEF7BDBAE2790F4B5100C8B240F0010010
:10D4000003EB4003B3F9203001F080010BB141F090
:10D410000401160648BF41F0010100F02805D4E9D7
:10D420000E32294308332170E07142F10002FEF709
:10D430009EBA00BF04F601102279BC4B5100C8B25D
:10D4400040F0010003EB4003B3F9203001F080010C
:10D450000BB141F00401130648BF41F0010100F097
:10D460002805D4E90E32294308332170207142F196
:10D470000002FEF77CBA6279AC4B5100C8B240F0B2
:10D48000010003EB4003B3F9203001F080010BB140
:10D4900041F00401120648BF41F0010100F02805E7
:10D4A000D4E90E32294308332170607142F1000241
:10D4B000FEF75DBAA2789D4B5100C8B240F0010062
:10D4C00003EB4003B3F9203001F080010BB141F0D0
:10D4D0000401150648BF41F0010100F02805D4E918
:10D4E0000E32294308332170A07042F10002FEF78A
:10D4F0003EBAE2788D4B5100C8B240F0010003EB18
:10D500004003B3F9203001F080010BB141F0040178
:10D51000160648BF41F0010100F02805D4E90E329B
:10D52000294308332170E07042F10002FEF71FBA70
:10D5300063781E064FEA630040F1F18680221043B3
:10D540007A4901EB4001B1F9201009B142F004021F
:10D5500003F0010300F0280119430A43A36B227072
:10D56000E26B0833607042F10002FEF700BAE58812
:10D570002846F6F759FF020640F1CA86802241107C
:10D5800011436A4B5FFA81FC03EB4C03B3F9203083
:10D590000BB142F0040200F00103284601F0280517
:10D5A0002B431A432270F7F7EBFAD4E90E320F330C
:10D5B00042F10002FEF7DBB9A37919064FEA6300D6
:10D5C00040F1A08680221043584901EB4001B1F997
:10D5D000201009B142F0040203F0010300F0280119
:10D5E00019430A43A36B2270E26B0833A07142F126
:10D5F0000002FEF7BCB9E3791D064FEA630040F173
:10D600009A8680221043494901EB4001B1F920106C
:10D6100009B142F0040203F0010300F028011943AC
:10D620000A43A36B2270E26B0833E07142F10002FF
:10D63000FEF79DB923791E064FEA630040F1758617
:10D6400080221043394901EB4001B1F9201009B1A2
:10D6500042F0040203F0010300F0280119430A43D9
:10D66000A36B2270E26B0833207142F10002FEF7D7
:10D670007EB963791A064FEA630040F16286802220
:10D6800010432A4901EB4001B1F9201009B142F0E1
:10D69000040203F0010300F0280119430A43A36BBD
:10D6A0002270E26B0833607142F10002FEF75FB94D
:10D6B000A37819064FEA630040F1E3858022104306
:10D6C0001A4901EB4001B1F9201009B142F00402FE
:10D6D00003F0010300F0280119430A43A36B2270F1
:10D6E000E26B0833A07042F10002FEF740B9E37824
:10D6F0001D064FEA630040F1D885802210430B4994
:10D7000001EB4001B1F9201009B142F0040203F02D
:10D71000010300F0280119430A43A36B2270E26B56
:10D720000833E07042F10002FEF721B904F601105F
:10D730006378580010F0FF0500F0B185D34A00F07F
:10D74000800102EB4502B2F92020002A40F03A861F
:10D750001B0648BF41F0010100F02805D4E90E3254
:10D76000294308332170607042F10002FEF7FFB8D0
:10D77000E5882846F6F758FE430013F0FF0100F055
:10D78000EC85C24A02EB4102B2F9206003F080024C
:10D79000002E40F01386000648BF42F0010203F05D
:10D7A00028031A4328462270F7F7EAF9D4E90E3223
:10D7B0000F3342F10002FEF7DAB8A379580010F0F7
:10D7C000FF0500F0C485B14A00F0800102EB45027C
:10D7D000B2F92020002A40F0F9851D0648BF41F02B
:10D7E000010100F02805D4E90E32294308332170E5
:10D7F000A07142F10002FEF7BAB8E379580010F0C8
:10D80000FF0500F05B85A14A00F0800102EB4502B4
:10D81000B2F92020002A40F0CD851E0648BF41F015
:10D82000010100F02805D4E90E32294308332170A4
:10D83000E07142F10002FEF79AB82379580010F027
:10D84000FF0500F08785914A00F0800102EB450258
:10D85000B2F92020002A40F0BD851B0648BF41F0E8
:10D86000010100F02805D4E90E3229430833217064
:10D87000207142F10002FEF77AB86379580010F087
:10D88000FF0500F01E85814A00F0800102EB450291
:10D89000B2F92020002A40F081851A0648BF41F0E5
:10D8A000010100F02805D4E90E3229430833217024
:10D8B000607142F10002FEF75AB8A378580010F0E8
:10D8C000FF0500F0A884714A00F0800102EB4502D8
:10D8D000B2F92020002A40F065851D0648BF41F0BE
:10D8E000010100F02805D4E90E32294308332170E4
:10D8F000A07042F10002FEF73AB8E378580010F049
:10D90000FF0500F0D884614A00F0800102EB450277
:10D91000B2F92020002A40F049851E0648BF41F098
:10D92000010100F02805D4E90E32294308332170A3
:10D93000E07042F10002FEF71AB822786378D20153
:10D94000D2B242EA5300002A40F0AC84B0FA80F22E
:10D95000520992014D4901EB4001B1F9201009B182
:10D9600042F0040203F0010300F0280119430A43C6
:10D97000A36B2270E26B0833607042F10002FDF786
:10D98000F6BFE27820785300DBB200F001001E06FB
:10D9900040EA030058BFB0FA80F13C4B58BF490938
:10D9A00003EB4003B3F920304CBF802189010BB158
:10D9B00041F00401150648BF41F0010100F02805BF
:10D9C000D4E90E32294308332170E07042F100029D
:10D9D000FDF7CDBF6378DE074FEA630040F1458471
:10D9E000812140F08000294B03EB4003B3F9203044
:10D9F0000BB141F0040100F02805D4E90E322943AF
:10DA000008332170607042F10002FDF7B0BFE58875
:10DA10002846F6F709FDC10740F11C848123401018
:10DA200040F08001194AC8B202EB4002B2F920204E
:10DA30000AB143F0040301F028021343284623707F
:10DA4000F7F79EF8D4E90E320F3342F10002FDF7EA
:10DA50008EBFA379DD074FEA630040F1F683812191
:10DA600040F08000094B03EB4003B3F920300BB1C9
:10DA700041F0040100F02805D4E90E3229430833AF
:10DA80002170A07142F10002FDF771BF04F6011090
:10DA9000E379DE074FEA630040F1D283812140F051
:10DAA0008000C74B03EB4003B3F920300BB141F0CA
:10DAB000040100F02805D4E90E322943083321700F
:10DAC000E07142F10002FDF752BF23795810DB07E5
:10DAD00040F1B183812140F08000B94B03EB40035A
:10DAE000B3F920300BB141F0040100F02805D4E96E
:10DAF0000E32294308332170207142F10002FDF7F4
:10DB000036BF6379DA074FEA630040F18F838121E2
:10DB100040F08000AA4B03EB4003B3F920300BB177
:10DB200041F0040100F02805D4E90E3229430833FE
:10DB30002170607142F10002FDF719BFA378D90787
:10DB40004FEA630040F1D983812140F080009C4B73
:10DB500003EB4003B3F920300BB141F0040100F0B6
:10DB60002805D4E90E32294308332170A07042F110
:10DB70000002FDF7FCBEE378DD074FEA630040F1E9
:10DB8000AF83812140F080008D4B03EB4003B3F95C
:10DB900020300BB141F0040100F02805D4E90E3229
:10DBA000294308332170E07042F10002FDF7DFBE27
:10DBB00063781D064FEA430040F18E83C3B243F001
:10DBC000010310F0800F4FF00101184601D041F021
:10DBD00080017B4B03EB4003B3F920300BB141F0E4
:10DBE000040100F02805D4E90E32294308332170DE
:10DBF000607042F10002FDF7BABEE5882846F6F7EC
:10DC000013FC10F080034FEA4000C1B200F05C83C7
:10DC100000064FF0010341F0010101D543F08003FC
:10DC2000674A02EB4102B2F920200AB143F0040333
:10DC300001F02802134328462370F6F7A1FFD4E928
:10DC40000E320F3342F10002FDF791BEA3791E069A
:10DC50004FEA430040F14D83C3B243F0010310F09B
:10DC6000800F4FF00101184601D041F08001544B64
:10DC700003EB4003B3F920300BB141F0040100F095
:10DC80002805D4E90E32294308332170A07142F1EE
:10DC90000002FDF76CBEE3791A064FEA430040F13B
:10DCA0002483C3B243F0010310F0800F4FF0010151
:10DCB000184601D041F08001414B03EB4003B3F91A
:10DCC00020300BB141F0040100F02805D4E90E32F8
:10DCD000294308332170E07142F10002FDF747BE8D
:10DCE00023791D064FEA430040F1D582C3B243F0C9
:10DCF000010310F0800F4FF00101184601D041F0F0
:10DD000080012F4B03EB4003B3F920300BB141F0FE
:10DD1000040100F02805D4E90E32294308332170AC
:10DD2000207142F10002FDF722BE63791A064FEA24
:10DD3000430040F1AC82C3B243F0010310F0800F06
:10DD40004FF00101184601D041F080011C4B03EB5C
:10DD50004003B3F920300BB141F0040100F0280575
:10DD6000D4E90E32294308332170607142F1000278
:10DD7000FDF7FDBDA3781D064FEA430040F17D820B
:10DD8000C3B243F0010310F0800F4FF001011846B9
:10DD900001D041F080010A4B03EB4003B3F920307E
:10DDA0000BB141F0040100F02805D4E90E322943FB
:10DDB00008332170A07042F10002FDF7D8BD00BF0A
:10DDC00004F601102378E178DB01DBB243EA51006D
:10DDD000002B40F05082B0FA80F252099201C14B00
:10DDE00003EB4003B3F920300BB142F0040200F022
:10DDF000280301F0010119430A43A36B2270E26B6F
:10DE00000833E07042F10002FDF7B1BD627820787E
:10DE10005300DBB200F00100190640EA030058BFCE
:10DE2000B0FA80F1AF4B58BF490903EB4003B3F997
:10DE300020304CBF802189010BB141F00401130651
:10DE400048BF41F0010100F02805D4E90E32294312
:10DE500008332170607042F10002FDF788BDE5884B
:10DE60002846F6F7E1FA2378420003F00103D2B224
:10DE700042EA0301130658BFB1FA81F3994A58BF29
:10DE80005B0902EB4102B2F920204CBF80239B01C9
:10DE90000AB143F00403060648BF43F0010301F052
:10DEA0002802134328462370F6F76AFED4E90E329F
:10DEB0000F3342F10002FDF75ABDA27920785300DA
:10DEC000DBB200F00100190640EA030058BFB0FAC7
:10DED00080F1844B58BF490903EB4003B3F920306C
:10DEE0004CBF802189010BB141F00401120648BFEB
:10DEF00041F0010100F02805D4E90E32294308332E
:10DF00002170A07142F10002FDF731BDE279207865
:10DF10005300DBB200F001001E0640EA030058BFC8
:10DF2000B0FA80F16F4B58BF490903EB4003B3F9D6
:10DF300020304CBF802189010BB141F0040115064E
:10DF400048BF41F0010100F02805D4E90E32294311
:10DF500008332170E07142F10002FDF708BD22791B
:10DF600020785300DBB200F00100190640EA0300FC
:10DF700058BFB0FA80F15B4B58BF490903EB40032F
:10DF8000B3F920304CBF802189010BB141F004016D
:10DF9000130648BF41F0010100F02805D4E90E3214
:10DFA000294308332170207142F10002FDF7DFBCE4
:10DFB000627920785300DBB200F001001E0640EACF
:10DFC000030058BFB0FA80F1464B58BF490903EB34
:10DFD0004003B3F920304CBF802189010BB141F0DF
:10DFE0000401150648BF41F0010100F02805D4E9FD
:10DFF0000E32294308332170607142F10002FDF7AF
:10E00000B6BCA27820785300DBB200F001001906FC
:10E0100040EA030058BFB0FA80F1324B58BF4909BB
:10E0200003EB4003B3F920304CBF802189010BB1D1
:10E0300041F00401130648BF41F0010100F028053A
:10E04000D4E90E32294308332170A07042F1000256
:10E05000FDF78DBC2378E179DB01DBB243EA5100A7
:10E06000002B40F0E180B0FA80F2520992011D4B82
:10E0700003EB4003B3F920300BB142F0040200F08F
:10E08000280301F0010119430A43A36B2270E26BDC
:10E090000833E07142F10002FDF769BC2278237970
:10E0A000D201D2B242EA5300002A40F0BB80B0FA5B
:10E0B00080F2520992010B4901EB4001B1F92010A5
:10E0C00009B142F0040203F0010300F028011943F2
:10E0D0000A43A36B2270E26B0833207142F1000205
:10E0E000FDF745BC04F6011022786379D201D2B263
:10E0F00042EA5300002A40F09380B0FA80F25209BD
:10E100009201B64901EB4001B1F9201009B142F08A
:10E11000040203F0010300F0280119430A43A36B32
:10E120002270E26B0833607142F10002FDF71FBC00
:10E130002378A178DB01DBB243EA5100002B6DD1DB
:10E14000B0FA80F252099201A44B03EB4003B3F9F9
:10E1500020300BB142F0040200F0280301F001016D
:10E1600019430A43A36B2270E26B0833A07042F19B
:10E170000002FDF7FCBBE5882846F6F755F9237841
:10E18000D901C9B241EA60010B0658BFB1FA81F268
:10E19000924B5FFA81FC03EB4C03B3F9203056BF7E
:10E1A0005209802292010BB142F0040200F00103F7
:10E1B000284601F028052B431A432270F6F7E0FCAD
:10E1C000D4E90E320F3342F10002FDF7D0BB2278C2
:10E1D000A379D201D2B242EA5300D2B9B0FA80F2A6
:10E1E000520992017D4901EB4001B1F9201009B1BA
:10E1F00042F0040203F0010300F0280119430A432E
:10E20000A36B2270E26B0833A07142F10002FDF7AC
:10E21000AEBB8022E6E74421FFF75FBB802293E795
:10E2200080226EE7802246E7802220E7B0FA80F164
:10E23000490989016EE4B0FA80F1490989014CE489
:10E24000B0FA80F1490989012BE4B0FA80F149095B
:10E25000890107E4C2054FEA60015BBFB1FA81F3AF
:10E260005B0980239B01FFF7DDBBB0FA80F1490910
:10E270008901FFF7B8BB8022B1E5590675D50021A9
:10E2800087E5B0FA80F252099201FFF719BA5E06EB
:10E2900070D5002158E5590662D500212FE54421AB
:10E2A000FFF756BA8022FFF755BBB0FA80F2520949
:10E2B0009201FFF724BA4421FFF72FBB4421FFF757
:10E2C000ACBA4421FFF7E9BA02063FF5A7ACB1FAB0
:10E2D00081F35B099B01A3E4590655D5002176E43F
:10E2E000B0FA80F1490989014EE45B0647D5002167
:10E2F000E0E45D064DD50021B7E4B0FA80F14909AC
:10E30000890124E4B0FA80F252099201FFF75CB966
:10E3100041100CBF012200229201FFF732B9B0FA7E
:10E3200080F252099201FFF70BB9B0FA80F252095C
:10E330009201FFF787B9B0FA80F252099201FFF714
:10E3400062B9B0FA80F252099201FFF79AB94421FA
:10E35000FFF743BA4421FFF780BA4422FFF71BBA04
:10E36000B0FA80F149098901CBE4B0FA80F149099A
:10E37000890110E5B0FA80F149098901E6E4B0FAB3
:10E3800080F14909890197E4B0FA80F149098901CE
:10E390001FE4B0FA80F14909890168E441F0040101
:10E3A000FFF77BBA41F00401FFF797BA41F004018F
:10E3B000FFF7B3BA41F00401FFF72FBA42F00402AD
:10E3C000FFF7E9B941F00401FFF7C2B941F00401D8
:10E3D000FFF703BA41F00401FFF73FBA04F601105A
:10E3E000E3781A064FEA43001ED5C3B243F0010397
:10E3F00010F0800F4FF00101184601D041F080016C
:10E400000E4B03EB4003B3F920300BB141F0040194
:10E4100000F02805D4E90E32294308332170E0705A
:10E4200042F10002FDF7A3BA5E0601D50021E5E73F
:10E43000B0FA80F149098901E2E700BF04F6011052
:10E440002DE9F84F0027B8460C4C0D4E0D4DDFF866
:10E4500038902065A16BA26DE06BE36D8A4273EB8F
:10E46000000C80F023818A1A316860EB03038A4232
:10E4700073F1000380F0238108E000BF780F0020D3
:10E480006C0F0020EC7E0220C8070020E089637E2C
:10E49000421C01336376E281F5F7C6FF5FFA80FA2A
:10E4A0000AF1FF33FE2B03F24D84DFE813F09109EC
:10E4B0008409A20965096207530738072B07080971
:10E4C000FB08EE08CF08440935099B058805BC09FF
:10E4D000D006AF09B1069006810668065606C90740
:10E4E000BC07AF079007DC09CD09E904DA046E0820
:10E4F0005B084E082F0890088108ED06DD0603082A
:10E500007505F60756053505260510050105BE08F3
:10E510004306B1081906EB05D705C405B405AE04DA
:10E520009C0483077E045E04500437042F042504F2
:10E530001B0411040704FD03F103E703DD03D50306
:10E54000CB03C103B703AD03A10397038D0383037B
:10E550007B03710367035D03510347033D033303EB
:10E560002903210317030D030103F702ED02E30260
:10E57000D902CF02C702B902AD02A30299028F02EB
:10E5800085027B02710269025D02530247023B026F
:10E590002F02230217020B02F701EB01E101D70161
:10E5A000CD01C301B901AF01A3019B017301A50E08
:10E5B0007A0E510E280EFF0DD30DAB0D7E0D550FAB
:10E5C000280FFB0ECE0EB10F820FDE0F330CD612CA
:10E5D0006412AC12B410001336128E12A20C081280
:10E5E000DA113B100A107E114E11AF11730ACE14CE
:10E5F0005C13A914DD0C8214EE106014070CE80BF8
:10E60000A70BC90B880B690B470B3C0B1D0BDC15CB
:10E61000BD152F162A131515F31434156B0C0D1494
:10E62000E31361157A103A0A0A0AC413FD09C117E7
:10E630005015710D610D510D230D0F0D020D3D1182
:10E640002C1125111511E4175F16D217260CB313E0
:10E65000A21391138113B11781172118950C0C186F
:10E66000FB174D18A4104518FD153318640A6C17D4
:10E670004E165917DE10491737143717D00C120BE6
:10E68000010BF40AE40ADC0AB80AA60A980AE8169A
:10E69000D616F9164B13B4169016C4165D0C171740
:10E6A0000517221769102F178B152101521A31688F
:10E6B00063EB00038A4273F10003FFF4E7AE00202E
:10E6C00003F0A0FD2B6833B9F8F766FFD4E90E23F9
:10E6D000C4E91623DAE6012003F094FD2B68002B31
:10E6E000F2D0012003F08EFD2B68002BF3D1EBE775
:10E6F000A089E189023880B2A081F6F7CFFD3823E6
:10E70000E381A36B0B33A363E36B43F10003E36388
:10E71000D4E9120150EA010307D0D4E90E32C01A3D
:10E7200061EB02010029C2F24D87236D002B2EDB25
:10E73000626A002A02F01987A26A002A42F015874D
:10E74000BAF1760FE18902D1013189B2E181A08964
:10E75000023880B2A081F6F7A1FD01226621A36BE9
:10E76000A262627E0B33A36302F101036376E36B63
:10E77000E18143F10003E363D9F8003084F81B80A2
:10E78000012B02F02387236D002B3FF763AE384641
:10E79000BDE8F88F6278E17853100A448910D2B24C
:10E7A00001F0220103F044030B43D11001F01101E9
:10E7B0000B43A04903F00700084401EB1311097E45
:10E7C000037C62700B4302F028010B430AB943F04B
:10E7D00040032370A36B0433A363E36B43F1000393
:10E7E000E36395E7A36B0433A363E36B43F1000397
:10E7F000E3638DE7E088F5F717FEA36B60700733DE
:10E80000A363E36B43F10003E36381E7A36B04338A
:10E81000A363E36B43F10003E363A379637077E7DA
:10E82000A36B0433A363E36B43F10003E363E37976
:10E8300063706DE7A36B0433A363E36B43F10003E1
:10E84000E3632379637063E7A36B0433A363E36B30
:10E8500043F10003E3636379637059E7A36B043307
:10E86000A363E36B43F10003E363A37863704FE7B3
:10E87000A36B0433A363E36B43F10003E363E37827
:10E88000637045E76178E088F6F77AF9A36B0733A0
:10E89000A363E36B43F10003E36339E7E36A722B9D
:10E8A00003F07280644A1268012A03F06A80E389E7
:10E8B000013BE381A36B0433A363E36B43F10003E8
:10E8C000E36325E7A179E088F6F75AF9A36B0733EC
:10E8D000A363E36B43F10003E36319E7E179E088A5
:10E8E000F6F74EF9A36B0733A363E36B43F1000321
:10E8F000E3630DE72179E088F6F742F9A36B07336C
:10E90000A363E36B43F10003E36301E76179E0880C
:10E91000F6F736F9A36B0733A363E36B43F1000308
:10E92000E363F5E6A178E088F6F72AF9A36B0733ED
:10E93000A363E36B43F10003E363E9E6E178E08876
:10E94000F6F71EF9A36B0733A363E36B43F10003F0
:10E95000E363DDE6A36B0433A363E36B43F10003DE
:10E96000E3636378A371D3E6E088F5F75DFDA36BFD
:10E97000A0710733A363E36B43F10003E363C7E6CE
:10E98000A36B0433A363E36B43F10003E363BFE6CC
:10E99000A36B0433A363E36B43F10003E363E37905
:10E9A000A371B5E6A36B0433A363E36B43F10003E8
:10E9B000E3632379A371ABE6A36B0433A363E36B37
:10E9C00043F10003E3636379A371A1E6A36B04330E
:10E9D000A363E36B43F10003E363A378A37197E6BA
:10E9E000A36B0433A363E36B43F10003E363E378B6
:10E9F000A3718DE6A36B0433A363E36B43F10003C0
:10EA0000E3636378E37183E6E088F5F70DFDA36BBC
:10EA1000E0710733A363E36B43F10003E36377E63D
:10EA2000A36B0433A363E36B43F10003E363A379B4
:10EA3000E3716DE604F60110C8070020A36B0433F0
:10EA4000A363E36B43F10003E36361E6A36B043369
:10EA5000A363E36B43F10003E3632379E37157E6B8
:10EA6000A36B0433A363E36B43F10003E3636379B4
:10EA7000E3714DE6A36B0433A363E36B43F100033F
:10EA8000E363A378E37143E6A36B0433A363E36B0F
:10EA900043F10003E363E378E37139E6A36B0433E6
:10EAA000A363E36B43F10003E363637823712FE611
:10EAB000E088F5F7B9FCA36B20710733A363E36B20
:10EAC00043F10003E36323E6A36B0433A363E36B27
:10EAD00043F10003E363A379237119E6A36B0433C5
:10EAE000A363E36B43F10003E363E37923710FE670
:10EAF000A36B0433A363E36B43F10003E36307E613
:10EB0000A36B0433A363E36B43F10003E363637913
:10EB10002371FDE5A36B0433A363E36B43F10003AF
:10EB2000E363A3782371F3E5A36B0433A363E36B7F
:10EB300043F10003E363E3782371E9E5A36B043356
:10EB4000A363E36B43F10003E36363786371DFE581
:10EB5000E088F5F769FCA36B60710733A363E36B8F
:10EB600043F10003E363D3E5A36B0433A363E36BD7
:10EB700043F10003E363A3796371C9E5A36B043335
:10EB8000A363E36B43F10003E363E3796371BFE5E0
:10EB9000A36B0433A363E36B43F10003E3632379C3
:10EBA0006371B5E5A36B0433A363E36B43F1000327
:10EBB000E363ADE5A36B0433A363E36B43F10003AD
:10EBC000E363A3786371A3E5A36B0433A363E36BEF
:10EBD00043F10003E363E378637199E5A36B0433C6
:10EBE000A363E36B43F10003E3636378A3708FE5F2
:10EBF000E088F5F719FCA36BA0700733A363E36B00
:10EC000043F10003E36383E5A36B0433A363E36B86
:10EC100043F10003E363A379A37079E5A36B0433A5
:10EC2000A363E36B43F10003E363E379A3706FE550
:10EC3000A36B0433A363E36B43F10003E363237922
:10EC4000A37065E5A36B0433A363E36B43F1000397
:10EC5000E3636379A3705BE5A36B0433A363E36BA6
:10EC600043F10003E36353E5A36B0433A363E36B56
:10EC700043F10003E363E378A37049E5A36B043336
:10EC8000A363E36B43F10003E3636378E3703FE561
:10EC9000E088F5F7C9FBA36BE0700733A363E36B70
:10ECA00043F10003E36333E5A36B0433A363E36B36
:10ECB00043F10003E363A379E37029E5A36B043315
:10ECC000A363E36B43F10003E363E379E3701FE5C0
:10ECD000A36B0433A363E36B43F10003E363237982
:10ECE000E37015E5A36B0433A363E36B43F1000307
:10ECF000E3636379E3700BE5A36B0433A363E36B16
:10ED000043F10003E363A378E37001E5A36B0433ED
:10ED1000A363E36B43F10003E363F9E4A36B22789D
:10ED200004336178A36322F03A0301F0280183F0F1
:10ED300001034FEA021243EA010302F0100243EA20
:10ED400002032370E36B43F10003E363E0E4E08933
:10ED5000431CE381F5F768FBA36B60700733A36383
:10ED6000E36B43F10003E363D2E46378013BDBB27E
:10ED70007F2B637002F0AC8603F00F020F2A02F0C3
:10ED800090874221002B42F0CE87227803F028039F
:10ED900002F0010213431943A36B21700433A363F0
:10EDA000E36B43F10003E363B2E463780133DBB266
:10EDB000802B637002F089861A0742F07E86002B52
:10EDC00042F090875021227803F0280302F00102DC
:10EDD00013431943A36B21700433A363E36B43F123
:10EDE0000003E36394E4E089F6F74CFAF5F71CFBC3
:10EDF000A36B60700D33A363E38903F10203E38126
:10EE0000E36B43F10003E36382E4E388A1895A12D0
:10EE10000B4489129BB201F0220102F044020A4322
:10EE2000D91201F01101E3801B120A4303F02801FB
:10EE3000AA4B02F00700184403EB1212037C20785F
:10EE4000127E20F03B0002F00102034313430B4308
:10EE50002370A36B0B33A363E36B43F10003E36302
:10EE600056E42378E0895B0642F1BF85A36B01304D
:10EE70000733A363E36BE08143F10003E36347E4FB
:10EE800021786378CA0142EA5302D2B203F0010347
:10EE900021F03B010B43627002F028021343237000
:10EEA000A36B0433A363E36B43F10003E3632FE439
:10EEB0002378E089DA0742F16586A36B01300733D6
:10EEC000A363E36BE08143F10003E36320E4637831
:10EED000A26BDB4321780432DBB221F03A01A2635A
:10EEE0006370E26B03F0280343EA010342F100027E
:10EEF00043F01203E26323700AE4E089431CE381D8
:10EF0000F5F792FAA36BA0710733A363E36B43F1A8
:10EF10000003E363FFF7FCBBA379013BDBB27F2B6C
:10EF2000A37102F0E38503F00F020F2A02F0A1861D
:10EF30004221002B42F0F186227803F0280302F0F0
:10EF4000010213431943A36B21700433A363E36BE2
:10EF500043F10003E363FFF7DBBBA3790133DBB2CB
:10EF6000802BA37102F0A6851A0742F09B85002B27
:10EF700042F0BE865021227803F0280302F00102FD
:10EF800013431943A36B21700433A363E36B43F171
:10EF90000003E363FFF7BCBBE089F6F773F9F6F70C
:10EFA00071F9A36BE0801033A363E38903F10203DB
:10EFB000E381E36B43F10003E363FFF7A9BBE3786D
:10EFC000E089013BDBB2E370002B42F0EC85A36BE0
:10EFD00001300833A363E36BE08143F10003E36393
:10EFE000FFF796BB637821785A0813F0010318BF26
:10EFF00042F0800221F03B0162700B4302F02802D4
:10F0000013432370A36B0433A363E36B43F1000347
:10F01000E363FFF77DBB2378E089DB0702F16985B5
:10F02000A36B01300733A363E36BE08143F100037B
:10F03000E363FFF76DBB2378627823F03B0302F0B4
:10F040002802134343F001032370A36B0433A3632B
:10F05000E36B43F10003E363FFF75ABBE089B4F8C5
:10F0600006B0431CE381F5F7DFF901465846F5F792
:10F0700087FDA36B0A33A363E36B43F10003E363F0
:10F08000FFF746BBE088F5F7CFF900F1FF3B5FFAE9
:10F090008BFB5946E088F5F773FDBBF17F0F02F05B
:10F0A0004A850BF00F030F2B02F0EB854222BBF1D8
:10F0B000000F42F0418623780BF0280B03F0010388
:10F0C00043EA0B031A43A36B22700B33A363E36B76
:10F0D00043F10003E363FFF71BBB00BF04F601101D
:10F0E000E088F5F7A1F900F1010B5FFA8BFB5946B7
:10F0F000E088F5F745FDBBF1800F02F027851BF096
:10F100000F0F42F01B85BBF1000F42F0E285502249
:10F1100023780BF0280B03F0010343EA0B031A4397
:10F12000A36B22700B33A363E36B43F10003E36330
:10F13000FFF7EEBAE089F6F7A5F86178F5F720FD5C
:10F14000A36B0D33A363E38903F10203E381E36B54
:10F1500043F10003E363FFF7DBBAE089F5F764F9F5
:10F16000A26B43B20C32A263E28903F101031344A0
:10F17000E381E36B43F10003E363FFF7C9BA22784D
:10F18000617802F0010343EA4103DBB2637003F0EC
:10F19000280322F03B0243EAD11313432370A36BED
:10F1A0000433A363E36B43F10003E363FFF7B0BAF7
:10F1B000E089431CE381F5F737F9A36B60710733EE
:10F1C000A363E36B43F10003E363FFF7A1BA637941
:10F1D000013BDBB27F2B637102F0618403F00F020D
:10F1E0000F2A02F056854221002B42F093852278A7
:10F1F00003F0280302F0010213431943A36B2170AB
:10F200000433A363E36B43F10003E363FFF780BAC6
:10F2100063790133DBB2802B637102F03D841A07FE
:10F2200042F03284002B42F060855021227803F0B6
:10F23000280302F0010213431943A36B2170043326
:10F24000A363E36B43F10003E363FFF761BA617803
:10F25000A088F5F795FCA36B0733A363E36B43F139
:10F260000003E363FFF754BA2378E089590602F1FB
:10F270005184A36B01300733A363E36BE08143F157
:10F280000003E363FFF744BA94F800C063780CF01E
:10F29000010E0CF010021CF0020C184603F00F01D6
:10F2A00002F0FD81BEF1000F42F00F82992B02F3B4
:10F2B0000C82002A42F01F85092942F23185063B63
:10F2C00019460638C0B242EA0C0223F05703134332
:10F2D000B64A607002EB4102B2F92000B1FA81F146
:10F2E000003818BF0120A26B49090432A263E26B07
:10F2F00043EA811342F1000243EA8003E263237090
:10F30000FFF706BAA36B22880433A363E36B43F1D0
:10F310000003E363238A22822380FFF7F9B994F97B
:10F3200001206378002AC2F2498200225B00DBB22E
:10F330002178637021F03B0103F028030A43134353
:10F340002370A36B0433A363E36B43F10003E36314
:10F35000FFF7DEB9E089431CE381F5F765F8A36B9D
:10F36000E0700733A363E36B43F10003E363FFF74C
:10F37000CFB9E378013BDBB27F2BE37002F0468329
:10F3800003F00F020F2A02F05C844221002B42F0AE
:10F39000CD84227803F0280302F0010213431943BD
:10F3A000A36B21700433A363E36B43F10003E363B6
:10F3B000FFF7AEB9A36B0633A363A38903F1FF3351
:10F3C000A381E36B43F10003E363FFF7A1B9237962
:10F3D0000133DBB2802B237102F03A82180742F02E
:10F3E0002F82002B42F06F845021227803F02803F3
:10F3F00002F0010213431943A36B21700433A3638A
:10F40000E36B43F10003E363FFF782B9A36B0633B9
:10F41000A363A38803F1FF33A380E36B43F10003ED
:10F42000E363FFF775B9A088F4F7FEFFA36B607084
:10F430000733A363E36B43F10003E363FFF768B9AA
:10F44000E388A1885A120B4489129BB201F0220171
:10F4500002F044020A43D91201F01101E3801B12A9
:10F460000A4303F02801514B02F00700184403EB54
:10F470001212037C2078127E20F03B0002F0010281
:10F48000034313430B432370A36B0B33A363E36B5F
:10F4900043F10003E363FFF73BB9A36B0633A363B8
:10F4A000E38803F1FF33E380E36B43F10003E3639D
:10F4B000FFF72EB9E0883D4942004312801292B214
:10F4C00000F0220003F044030343D01200F01100C7
:10F4D000034303F00700084401EB1311037C207879
:10F4E000097E20F03B00E28001F00101121203438B
:10F4F00002F028020B4313432370A36B0B33A36367
:10F50000E36B43F10003E363FFF702B9E3790133EF
:10F51000DBB2802BE37102F0E682190742F0DB8256
:10F52000002B42F0D3835021227803F0280302F00D
:10F53000010213431943A36B21700433A363E36BEC
:10F5400043F10003E363FFF7E3B8A36B0633A36360
:10F55000E38803F10103E380E36B43F10003E3631A
:10F56000FFF7D6B8E089F5F78DFEE188F5F796FE4E
:10F57000A36B1033A363E38903F10203E381E36B1D
:10F5800043F10003E363FFF7C3B8E089F5F77AFEC0
:10F59000A36BE0800A33A363E38903F10203E381F1
:10F5A000E36B43F10003E363FFF7B2B804F6011025
:10F5B000E089431CE381F4F737FFA36BE071073365
:10F5C000A363E36B43F10003E363FFF7A1B8E379BF
:10F5D000013BDBB27F2BE37102F0BB8203F00F0231
:10F5E0000F2A02F036834221002B42F0A8832278B2
:10F5F00003F0280302F0010213431943A36B2170A7
:10F600000433A363E36B43F10003E363FFF780B8C4
:10F61000A36B0633A363A38903F10103A381E36B07
:10F6200043F10003E363FFF773B8E089F5F72AFEBF
:10F63000A36BA0810A33A363E38903F10203E3818F
:10F64000E36B43F10003E363FFF762B8A378013390
:10F65000DBB2802BA37002F09282190742F08782FE
:10F66000002B42F039835021227803F0280302F066
:10F67000010213431943A36B21700433A363E36BAB
:10F6800043F10003E363FFF743B8A36B0633A363BF
:10F69000638803F1FF336380E36B43F10003E363AB
:10F6A000FFF736B86088F4F7BFFEA36B60700733CE
:10F6B000A363E36B43F10003E363FFF729B8E38837
:10F6C00061885A120B4489129BB201F0220102F0A8
:10F6D00044020A43D91201F01101E3801B120A43CC
:10F6E00003F02801AA4B02F00700184403EB1212A2
:10F6F000037C2078127E20F03B0002F001020343DD
:10F7000013430B432370A36B0B33A363E36B43F1EE
:10F710000003E363FEF7FCBFE089431CE381F4F7D9
:10F7200083FEA36BA0700733A363E36B43F1000375
:10F73000E363FEF7EDBFA378013BDBB27F2BA37041
:10F7400002F09F8103F00F020F2A02F08A82422109
:10F75000002B42F0DC82227803F0280302F0010241
:10F7600013431943A36B21700433A363E36B43F189
:10F770000003E363FEF7CCBFE3780133DBB2802BF9
:10F78000E37002F0F181180742F0E681002B42F0AD
:10F79000A6825021227803F0280302F001021343CD
:10F7A0001943A36B21700433A363E36B43F100039C
:10F7B000E363FEF7ADBF61786088F5F7E1F9A36B0D
:10F7C0000733A363E36B43F10003E363FEF7A0BFDA
:10F7D000E089F5F757FDA36B60800A33A363E389E3
:10F7E00003F10203E381E36B43F10003E363FEF7FC
:10F7F0008FBFA36B0633A363638803F101036380A8
:10F80000E36B43F10003E363FEF782BFA36B0633B0
:10F81000A363A38803F10103A380E36B43F1000317
:10F82000E363FEF775BFE089F5F72CFDA36BA080BD
:10F830000A33A363E38903F10203E381E36B43F13A
:10F840000003E363FEF764BFE089431CE381F4F740
:10F85000EBFDA36B20710733A363E36B43F100035C
:10F86000E363FEF755BF2379013BDBB27F2B2371A6
:10F8700001F0E38703F00F020F2A02F0DA81422140
:10F88000002B42F05682227803F0280302F0010296
:10F8900013431943A36B21700433A363E36B43F158
:10F8A0000003E363FEF734BF23785A0642F18C80ED
:10F8B000A36B0533A363E36B43F10003E363FEF73C
:10F8C00027BFE088F4F7B0FD62784FEAA00C531030
:10F8D0000CF0220C121A03F0440343EA0C034FEA23
:10F8E000E20C2B490CF0110C43EA0C0303F0070C5B
:10F8F00001EB13131B7A11F80C1000F028000B43D6
:10F9000043F00203D2B203430AB943F04003237029
:10F91000A36B0733A363E36B43F10003E363FEF7D9
:10F92000F7BEA179637888105A1A5B1000F02200A4
:10F9300003F044030343D01000F011000343D0B29E
:10F94000134A03F0070C02EB13131B7A12F80C2076
:10F9500001F0280113430B43002801F0DE8643F039
:10F9600002032370A36B0433A363E36B43F100032F
:10F97000E363FEF7CDBE23785A0741F1D187A36B2D
:10F980000533A363E36B43F10003E363FEF7C0BEFB
:10F9900004F601106278E3781340A84A637002EB22
:10F9A0004302B2F92020002A15BF9420902054224F
:10F9B000502214BF1421102123B113F0800F14BF63
:10F9C00002460A4603F028031A43A36B227004334D
:10F9D000A363E36B43F10003E363FEF799BE94F97D
:10F9E0000030002B81F2F186A36B0533A363E36B38
:10F9F00043F10003E363FEF78BBEA089E18902387F
:10FA000080B2A081F5F74AFC2823E381A36B0B3376
:10FA1000A363E36B43F10003E363FEF779BEE08980
:10FA2000431CE381F4F700FD6378844A4340DBB272
:10FA300002EB4302B2F920206370003A18BF0122A2
:10FA40009200002B41F0258642F0400203F028038B
:10FA50001A43A36B22700733A363E36B43F10003E4
:10FA6000E363FEF755BE637E01336376FAF76CF805
:10FA70000746FEF74DBE2378E0895B0701F18987D1
:10FA8000A36B02300A33A363E36BE08143F100030D
:10FA9000E363FEF73DBEA36BA2880433A363E36B6D
:10FAA00043F10003E363E388E280A380FEF730BE06
:10FAB0002378E0895A0701F18287831C9BB2E38196
:10FAC000A36B0A33A363E36B43F10003E363FEF725
:10FAD0001FBEA36B0433A363E36B43F10003E36333
:10FAE000E388E381FEF714BE6378E2781A43534B50
:10FAF000627003EB4203B3F92030003B18BF0123CF
:10FB00009B00002A41F0358643F0400302F02802B2
:10FB100013432370A36B0433A363E36B43F100032C
:10FB2000E363FEF7F5BD44232380A36B0433A36393
:10FB3000E36B43F10003E363FEF7EABDE088F4F70B
:10FB400073FC63783D4A4340DBB202EB4302B2F9F7
:10FB500020206370003A18BF01229200002B41F070
:10FB60000E8642F0400203F028031A43A36B227072
:10FB70000733A363E36B43F10003E363FEF7C8BD00
:10FB80006378A2795A402D4B627003EB4203B3F9BC
:10FB90002030003B18BF01239B00002A41F0C185A3
:10FBA00043F0400302F0280213432370A36B043395
:10FBB000A363E36B43F10003E363FEF7A9BD63783E
:10FBC000E2795A401D4B627003EB4203B3F92030D7
:10FBD000003B18BF01239B00002A41F0AE8543F093
:10FBE000400302F0280213432370A36B0433A36382
:10FBF000E36B43F10003E363FEF78ABD6378627948
:10FC00005A400E4B627003EB4203B3F92030003BC5
:10FC100018BF01239B00002A41F0898543F040036F
:10FC200002F0280213432370A36B0433A363E36B36
:10FC300043F10003E363FEF76BBD00BF04F6011060
:10FC4000637822795A40AA4B627003EB4203B3F9FE
:10FC50002030003B18BF01239B00002A41F0738530
:10FC600043F0400302F0280213432370A36B0433D4
:10FC7000A363E36B43F10003E363FEF749BD6378DD
:10FC8000A2785A409A4B627003EB4203B3F92030DA
:10FC9000003B18BF01239B00002A41F0858543F0FB
:10FCA000400302F0280213432370A36B0433A363C1
:10FCB000E36B43F10003E363FEF72ABD6378E27868
:10FCC0005A408B4B627003EB4203B3F92030003B88
:10FCD00018BF01239B00002A41F0458543F04003F3
:10FCE00002F0280213432370A36B0433A363E36B76
:10FCF00043F10003E363FEF70BBD2378D80741F11E
:10FD0000AF86A36B0533A363E36B43F10003E363A7
:10FD1000FEF7FEBC6278E1785310521A8910D2B215
:10FD200001F0220103F044030B43D11001F0110153
:10FD30000B436F4903F0070001EB13131B7A095CB7
:10FD400062700B4302F028010B43002A01F0288562
:10FD500043F002032370A36B0433A363E36B43F10B
:10FD60000003E363FEF7D4BC94F90030002BC1F22A
:10FD70003287A36B0533A363E36B43F10003E363B3
:10FD8000FEF7C6BCE178637888105A1A5B1000F061
:10FD9000220003F044030343D01000F0110003439A
:10FDA000D0B2534A03F0070C02EB13131B7A12F87C
:10FDB0000C2001F0280113430B43002801F0A98413
:10FDC00043F002032370A36B0433A363E36B43F19B
:10FDD0000003E363FEF79CBC2378D90701F12F866B
:10FDE000A36B0533A363E36B43F10003E363FEF707
:10FDF0008FBC6378E17820785A1A00F00100121A5B
:10FE00005B108910D2B201F0220103F044030B43CE
:10FE1000D11001F011010B43354903F0070001EB4C
:10FE200013131B7A095C62700B4302F028010B4329
:10FE3000002A01F0228443F002032370A36B0433F1
:10FE4000A363E36B43F10003E363FEF761BC237834
:10FE50005B0701F1E184A36B0533A363E36B43F11B
:10FE60000003E363FEF754BC6278E3791340204A51
:10FE7000637002EB4302B2F92020002A15BF9420E0
:10FE800090205422502214BF1421102123B113F0CA
:10FE9000800F14BF02460A4603F028031A43A36BDF
:10FEA00022700433A363E36B43F10003E363FEF7C3
:10FEB0002FBC23785B0601F1F684A36B0533A363A3
:10FEC000E36B43F10003E363FEF722BCA089E18901
:10FED000023880B2A081F5F7E1F90023E381A36B3A
:10FEE0000B33A363E36B43F10003E363FEF710BC42
:10FEF00004F60110E089431CE381F4F795FA627877
:10FF0000BC4953100244D2B203F0440C831003F0F6
:10FF10002203D01000F011004CEA0303034303F066
:10FF20000700084401EB1311097E037C62700B4348
:10FF300002F028010B430AB943F040032370A36B7E
:10FF40000733A363E36B43F10003E363FEF7E0BB16
:10FF5000A0896188023880B2A081F5F79FF9A36B70
:10FF60000B33A363E36B43F10003E363FEF7D0BB02
:10FF70002378E089590641F1A784A36B02300A3344
:10FF8000A363E36BE08143F10003E363FEF7C0BBCF
:10FF9000E089F5F777F9A36BE0810A33A363E36B9C
:10FFA00043F10003E363FEF7B3BB6378E1782278A3
:10FFB000C81802F0010202445B108910D2B201F0AD
:10FFC000220103F044030B43D11001F011010B4354
:10FFD000884903F00700084401EB1311097E037CF4
:10FFE00062700B4302F028010B430AB943F040034F
:10FFF0002370A36B0433A363E36B43F10003E36358
:020000041001E9
:10000000FEF786BB62787B48510053109210C9B24C
:1000100002F0220203F044031343CA1002F011025B
:10002000134303F00702024400EB1310137C027E1B
:100030006170134301F02802134309B943F04003F0
:100040002370A36B0433A363E36B43F10003E36307
:10005000FEF75EBBE088F4F7E7F962786549531074
:100060000244D2B203F0440C831003F02203D010F8
:1000700000F011004CEA0303034303F007000844B7
:1000800001EB1311097E037C62700B4302F028011F
:100090000B430AB943F040032370A36B0733A363F8
:1000A000E36B43F10003E363FEF732BB6278A179AF
:1000B00053100A448910D2B201F0220103F0440324
:1000C0000B43D11001F011010B434A4903F0070023
:1000D000084401EB1311097E037C62700B4302F0AC
:1000E00028010B430AB943F040032370A36B043388
:1000F000A363E36B43F10003E363FEF709BB62789C
:10010000E17953100A448910D2B201F0220103F0C0
:1001100044030B43D11001F011010B43354903F0A7
:100120000700084401EB1311097E037C62700B4346
:1001300002F028010B430AB943F040032370A36B7C
:100140000433A363E36B43F10003E363FEF7E0BA18
:100150006278217953100A448910D2B201F0220149
:1001600003F044030B43D11001F011010B4321496B
:1001700003F00700084401EB1311097E037C627051
:100180000B4302F028010B430AB943F040032370EC
:10019000A36B0433A363E36B43F10003E363FEF754
:1001A000B7BA6278617953100A448910D2B201F06B
:1001B000220103F044030B43D11001F011010B4362
:1001C0000C4903F00700084401EB1311097E037C7E
:1001D00062700B4302F028010B430AB943F040035D
:1001E0002370A36B0433A363E36B43F10003E36366
:1001F000FEF78EBA04F601106278A17853100A4413
:100200008910D2B201F0220103F044030B43D11054
:1002100001F011010B43C24903F00700084401EB50
:100220001311097E037C62700B4302F028010B431B
:100230000AB943F040032370A36B0433A363E36B59
:1002400043F10003E363FEF763BA6378E179227850
:10025000C81802F0010202445B108910D2B201F00A
:10026000220103F044030B43D11001F011010B43B1
:10027000AB4903F00700084401EB1311097E037C2E
:1002800062700B4302F028010B430AB943F04003AC
:100290002370A36B0433A363E36B43F10003E363B5
:1002A000FEF736BA637821792278C81802F0010285
:1002B00002445B108910D2B201F0220103F0440322
:1002C0000B43D11001F011010B43954903F00700D6
:1002D000084401EB1311097E037C62700B4302F0AA
:1002E00028010B430AB943F040032370A36B043386
:1002F000A363E36B43F10003E363FEF709BA63789A
:1003000061792278C81802F0010202445B1089105A
:10031000D2B201F0220103F044030B43D11001F0EB
:1003200011010B437E4903F00700084401EB131150
:10033000097E037C62700B4302F028010B430AB96B
:1003400043F040032370A36B0433A363E36B43F1D7
:100350000003E363FEF7DCB96378A1782278C8185C
:1003600002F0010202445B108910D2B201F02201B6
:1003700003F044030B43D11001F011010B43684912
:1003800003F00700084401EB1311097E037C62703F
:100390000B4302F028010B430AB943F040032370DA
:1003A000A36B0433A363E36B43F10003E363FEF742
:1003B000AFB9E088F4F738F82378627803F00103E6
:1003C0001344034452108010DBB200F0220002F00C
:1003D00044020243D81000F011000243504902F0D9
:1003E0000700084401EB1211097E027C63700A4386
:1003F00003F028010A430BB942F04002A36B2270BC
:100400000733A363E36B43F10003E363FEF780B9B3
:100410006378A1792278C81802F0010202445B10C7
:100420008910D2B201F0220103F044030B43D11032
:1004300001F011010B433A4903F00700084401EBB6
:100440001311097E037C62700B4302F028010B43F9
:100450000AB943F040032370A36B0433A363E36B37
:1004600043F10003E363FEF753B92278617802F0A9
:10047000010202EB41024B108910D2B201F02201BD
:1004800003F044030B43D11001F011010B43244945
:1004900003F00700084401EB1311097E037C62702E
:1004A0000B4302F028010B430AB943F040032370C9
:1004B000A36B0433A363E36B43F10003E363FEF731
:1004C00027B96378E17920785A1A00F00100121AEE
:1004D0005B108910D2B201F0220103F044030B43F8
:1004E000D11001F011010B430D4903F0070001EB9E
:1004F00013131B7A095C62700B4302F028010B4353
:10050000002A01F08D8043F002032370A36B0433B3
:10051000A363E36B43F10003E363FEF7F9B800BFA5
:1005200004F601106378217920785A1A00F001004E
:10053000121A5B108910D2B201F0220103F04403B9
:100540000B43D11001F011010B43AF4903F0070039
:1005500001EB13131B7A095C62700B4302F0280154
:100560000B43002A01F0828043F002032370A36B47
:100570000433A363E36B43F10003E363FEF7C8B8FE
:1005800094F90030E089002BC1F23883A36B02306C
:100590000A33A363E36BE08143F10003E363FEF7F7
:1005A000B7B8E179637888105A1A5B1000F022001E
:1005B00003F044030343D01000F011000343D0B212
:1005C000914A03F0070C02EB13131B7A12F80C206C
:1005D00001F0280113430B43002801F08E8043F003
:1005E00002032370A36B0433A363E36B43F10003A3
:1005F000E363FEF78DB82378E089D90701F109821A
:10060000A36B02300A33A363E36BE08143F1000381
:10061000E363FEF77DB86278E1795310521A8910CE
:10062000D2B201F0220103F044030B43D11001F0D8
:1006300011010B43744903F0070001EB13131B7AFC
:10064000095C62700B4302F028010B43002A01F0A1
:100650001C8043F002032370A36B0433A363E36B9A
:1006600043F10003E363FEF753B82378E0895A07A8
:1006700041F14081A36B02300A33A363E36BE08155
:1006800043F10003E363FEF743B8E088F3F7CCFEE1
:1006900063785D4A034002EB4302B2F920206370A5
:1006A000002A15BF942090205422502214BF1421F8
:1006B000102123B113F0800F14BF02460A4603F045
:1006C00028031A43A36B22700733A363E36B43F140
:1006D0000003E363FEF71CB82378E0895A0601F1B2
:1006E0003081A36B02300A33A363E36BE08143F1F3
:1006F0000003E363FEF70CB8637E01336376FBF718
:100700001BF8FEF705B82378E089590601F12F811F
:10071000831C9BB2E381A36B0A33A363E36B43F1B6
:100720000003E363FDF7F4BFA089F4F7ABFDA36B0F
:10073000E0810A33A363A38903F10203A381E36B7E
:1007400043F10003E363FDF7E3BFE088F3F76CFEDA
:100750002278637802F001029A1A121A5B10801054
:10076000D2B200F0220003F044030343D010264924
:1007700000F01100034303F0070001EB13131B7A91
:10078000095C62700B4302F028010B43002A00F061
:100790002F8743F002032370A36B0733A363E36B3C
:1007A00043F10003E363FDF7B3BF6378A1792078D9
:1007B0005A1A00F00100121A5B108910D2B201F02F
:1007C000220103F044030B43D11001F011010B434C
:1007D0000D4903F0070001EB13131B7A095C6270EB
:1007E0000B4302F028010B43002A00F0B28743F0CC
:1007F00002032370A36B0433A363E36B43F1000391
:10080000E363FDF785BF00BF04F60110617822782D
:100810004B1042F300028910D2B201F0220103F022
:1008200044030B43D11001F011010B43C44903F001
:10083000070001EB13131B7A095C62700B4302F093
:1008400028010B43002A00F0EF8643F002032370D7
:10085000A36B0433A363E36B43F10003E363FDF78E
:1008600057BF6378617920785A1A00F00100121A94
:100870005B108910D2B201F0220103F044030B4354
:10088000D11001F011010B43AD4903F0070001EB5A
:1008900013131B7A095C62700B4302F028010B43AF
:1008A000002A00F0C58643F002032370A36B0433D3
:1008B000A363E36B43F10003E363FDF729BF6378B0
:1008C000A17820785A1A00F00100121A5B108910E2
:1008D000D2B201F0220103F044030B43D11001F026
:1008E00011010B43964903F0070001EB13131B7A28
:1008F000095C62700B4302F028010B43002A00F0F0
:10090000878643F002032370A36B0433A363E36B76
:1009100043F10003E363FDF7FBBEE088F3F784FDDA
:10092000627881105310121AD2B201F0220103F042
:1009300044030B43D110DFF808C201F011010B434F
:1009400003F007010CEB13131CF801101B7A627003
:100950000B4302F028010B43002A00F04D8643F0C0
:1009600002032370A36B0733A363E36B43F100031C
:10097000E363FDF7CDBE627861795310521A891096
:10098000D2B201F0220103F044030B43D11001F075
:1009900011010B436A4903F0070001EB13131B7AA3
:1009A000095C62700B4302F028010B43002A00F03F
:1009B0002B8643F002032370A36B0433A363E36B22
:1009C00043F10003E363FDF7A3BE00236278637085
:1009D0005310921002F0220203F044031343584ACA
:1009E00003F0070102EB13131B7A525C134343F02D
:1009F00042032370A36B0433A363E36B43F100034F
:100A0000E363FDF785BE627821795310521A89108D
:100A1000D2B201F0220103F044030B43D11001F0E4
:100A200011010B43464903F0070001EB13131B7A36
:100A3000095C62700B4302F028010B43002A00F0AE
:100A4000DF8543F002032370A36B0433A363E36BDE
:100A500043F10003E363FDF75BBE6278A1785310B6
:100A6000521A8910D2B201F0220103F044030B4361
:100A7000D11001F011010B43314903F0070001EBE4
:100A800013131B7A095C62700B4302F028010B43BD
:100A9000002A00F0C18543F002032370A36B0433E6
:100AA000A363E36B43F10003E363FDF731BE6278B8
:100AB000A1795310521A8910D2B201F0220103F029
:100AC00044030B43D11001F011010B431C4903F007
:100AD000070001EB13131B7A095C62700B4302F0F1
:100AE00028010B43002A00F0BA8543F0020323706B
:100AF000A36B0433A363E36B43F10003E363FDF7EC
:100B000007BE6378E2791A430D4B627003EB420330
:100B1000B3F92030003B18BF01239B00002A40F0AE
:100B2000348643F0400302F0280213432370A36B82
:100B30000433A363E36B43F10003E363FDF7E8BD14
:100B400004F6011094F90030E089002B80F24E8603
:100B5000A36B02300A33A363E36BE08143F100032C
:100B6000E363FDF7D5BD627863791340A34A6370F0
:100B700002EB4302B2F92020002A15BF94209020F6
:100B80005422502214BF1421102123B113F0800FDE
:100B900014BF02460A4603F028031A43A36B2270CF
:100BA0000433A363E36B43F10003E363FDF7B0BDDC
:100BB0002378E089DB0740F15B86A36B02300A33C0
:100BC000A363E36BE08143F10003E363FDF7A0BDA2
:100BD000E089431CE381F3F727FC6178F7F798FA83
:100BE000A36B0B33A363E36B43F10003E363FDF7F4
:100BF0008FBD2378E089DA0740F15086831C9BB2D1
:100C0000E381A36B0A33A363E36B43F10003E36364
:100C1000FDF77EBDA089F4F735FBA36BA0800A33F6
:100C2000A363A38903F10203A381E36B43F10003F0
:100C3000E363FDF76DBD627870485310911001F0C9
:100C4000220103F044030B4302F0280103F00702E2
:100C500000EB1313825C1B7A13430B4343F04203F4
:100C60002370A36B0433A363E36B43F10003E363DB
:100C7000FDF74EBD6179637888105A1A5B1000F059
:100C8000220003F044030343D01000F0110003439B
:100C9000D0B25A4A03F0070C02EB13131B7A12F876
:100CA0000C2001F0280113430B43002800F0C484FA
:100CB00043F002032370A36B0433A363E36B43F19C
:100CC0000003E363FDF724BDA178637888105A1A06
:100CD0005B1000F0220003F044030343D01000F047
:100CE00011000343D0B2454A03F0070C02EB131383
:100CF0001B7A12F80C2001F0280113430B43002843
:100D000000F0BF8443F002032370A36B0433A3639A
:100D1000E36B43F10003E363FDF7FABCE089431C96
:100D2000E381F3F781FB6378344A034002EB43022B
:100D3000B2F920206370002A15BF9420902054221D
:100D4000502214BF1421102123B113F0800F14BFBF
:100D500002460A4603F028031A43A36B22700733A6
:100D6000A363E36B43F10003E363FDF7D1BC637856
:100D7000224A02EB4302B2F92020002A15BF942038
:100D800090205422502214BF1421102123B113F0BB
:100D9000800F14BF02460A4603F028031A43A36BD0
:100DA00022700433A363E36B43F10003E363FDF7B5
:100DB000AFBC6278A3791340104A637002EB430220
:100DC000B2F92020002A15BF9420902054225022EE
:100DD00014BF1421102123B113F0800F14BF024659
:100DE0000A4603F028031A43A36B22700433A3635B
:100DF000E36B43F10003E363FDF78ABC04F60110E3
:100E0000627823791340A74A637002EB4302B2F978
:100E10002020002A15BF942090205422502214BF75
:100E20001421102123B113F0800F14BF02460A468B
:100E300003F028031A43A36B22700433A363E36B0C
:100E400043F10003E363FDF763BC6278A3781340CA
:100E5000944A637002EB4302B2F92020002A15BFC6
:100E6000942090205422502214BF1421102123B129
:100E700013F0800F14BF02460A4603F028031A43FA
:100E8000A36B22700433A363E36B43F10003E363BA
:100E9000FDF73EBCE088F3F7C7FA6378814A034365
:100EA000DBB202EB4302B2F920206370003A18BFB4
:100EB00001229200002B40F0C88342F0400203F070
:100EC00028031A43A36B22700733A363E36B43F138
:100ED0000003E363FDF71CBC6378A2791A43714BEE
:100EE000627003EB4203B3F92030003B18BF0123CB
:100EF0009B00002A40F0A48343F0400302F0280244
:100F000013432370A36B0433A363E36B43F1000328
:100F1000E363FDF7FDBB6278624B03EB4203B3F979
:100F20002030003B18BF01239B00002A40F01584AD
:100F300043F0400302F0280213432370A36B0433F1
:100F4000A363E36B43F10003E363FDF7E1BB2378A5
:100F5000E0895B0640F11085831C9BB2E381A36BA3
:100F60000A33A363E36B43F10003E363FDF7D0BBF4
:100F70002179637888105A1A5B1000F0220003F080
:100F800044030343D01000F011000343D0B2454A9C
:100F900003F0070C02EB13131B7A12F80C2001F07C
:100FA000280113430B43002800F0648343F002033D
:100FB0002370A36B0433A363E36B43F10003E36388
:100FC000FDF7A6BBE089431CE381F3F72DFA6278B5
:100FD0004FEAA00C53100CF0220C121A03F0440339
:100FE00043EA0C034FEAE20C2E490CF0110C43EAE1
:100FF0000C0303F0070C01EB13131B7A11F80C1010
:1010000000F028000B4343F00203D2B203430AB9B5
:1010100043F040032370A36B0733A363E36B43F1F7
:101020000003E363FDF774BB637862791A431D4BD9
:10103000627003EB4203B3F92030003B18BF012379
:101040009B00002A40F0068343F0400302F0280290
:1010500013432370A36B0433A363E36B43F10003D7
:10106000E363FDF755BB6378A2781A430D4B6270BA
:1010700003EB4203B3F92030003B18BF01239B0070
:10108000002A40F0358343F0400302F02802134366
:101090002370A36B0433A363E36B43F10003E363A7
:1010A000FDF736BB04F60110E089431CE381F3F73A
:1010B000BBF92278637802F001029A1A121A5B10C7
:1010C0008010D2B200F0220003F044030343D0109A
:1010D000B54900F01100034303F0070001EB1313BF
:1010E0001B7A095C62700B4302F028010B43002A53
:1010F00000F0B98243F002032370A36B0733A363AC
:10110000E36B43F10003E363FDF702BB63782279ED
:101110001A43A54B627003EB4203B3F92030003B46
:1011200018BF01239B00002A40F0EB8243F04003EC
:1011300002F0280213432370A36B0433A363E36B11
:1011400043F10003E363FDF7E3BA2378E08959072D
:1011500040F18183831C9BB2E381A36B0A33A363B9
:10116000E36B43F10003E363FDF7D2BAE089431C6C
:10117000E381F3F759F92378627803F0010313440C
:10118000034452108010DBB200F0220002F044024F
:101190000243D81000F011000243834902F0070017
:1011A000084401EB1211097E027C63700A4303F0CC
:1011B00028010A430BB942F04002A36B22700733A7
:1011C000A363E36B43F10003E363FDF7A1BAE08996
:1011D000431CE381F3F728F96378734A0343DBB2D6
:1011E00002EB4302B2F920206370003A18BF0122DB
:1011F0009200002B40F0CF8242F0400203F028031F
:101200001A43A36B22700733A363E36B43F100031C
:10121000E363FDF77DBAA0892188023880B2A081FE
:10122000F4F73CF8A36B0B33A363E36B43F10003C8
:10123000E363FDF76DBAA089E189023880B2A0812D
:10124000F4F72CF83023E381A36B0B33A363E36B38
:1012500043F10003E363FDF75BBA94F90030E089E2
:10126000002B80F2A782831C9BB2E381A36B0A331D
:10127000A363E36B43F10003E363FDF749BAA0897D
:10128000F4F700F8A36B20800A33A363A38903F16A
:101290000203A381E36B43F10003E363FDF738BA74
:1012A0000023A4F81B30A36B0433A363E36B43F167
:1012B0000003E363FDF72CBA94F90030E089002BBA
:1012C000C0F2B284831C9BB2E381A36B0A33A36395
:1012D000E36B43F10003E363FDF71ABAA36B063334
:1012E000A363E36B43F10003E363E388A381FDF7AA
:1012F0000FBA40F20113A4F81B30A36B0433A363AD
:10130000E36B43F10003E363FDF702BA637E274812
:1013100001336376F9F782F9FDF7FAB9A089E1891B
:10132000023880B2A081F3F7B9FF2023E381A36BD9
:101330000B33A363E36B43F10003E363FDF7E8B909
:10134000A089E188023880B2A081F3F7A7FFA36BE0
:101350000B33A363E36B43F10003E363FDF7D8B9F9
:10136000A089F3F78FFF8346E188A089F3F796FF02
:10137000A36BA4F806B01333A363E36B43F100033C
:10138000E363FDF7C5B9A089F3F77CFFA36BE080A9
:101390000A33A363A38903F10203A381E36B43F13F
:1013A0000003E363FDF7B4B904F60110820F0020D7
:1013B000E089431CE381F3F737F86278811053101A
:1013C000121AD2B201F0220103F044030B43D110F0
:1013D000DFF898C401F011010B4303F007010CEB97
:1013E00013131CF801101B7A62700B4302F02801E2
:1013F0000B43002A00F08A8143F002032370A36BA1
:101400000733A363E36B43F10003E363FDF780B9A4
:10141000A089A188023880B2A081F3F73FFFA36BB7
:101420000B33A363E36B43F10003E363FDF770B990
:10143000A089F3F727FFA36B60800A33A363A38916
:1014400003F10203A381E36B43F10003E363FDF7C0
:101450005FB9A089E189023880B2A081F3F71EFF4D
:101460000823E381A36B0B33A363E36B43F1000316
:10147000E363FDF74DB9E089F3F704FF8346A089E4
:10148000E189023880B20231A081F3F707FFA36B34
:10149000A4F80EB01133A363E36B43F10003E363DD
:1014A000FDF736B92378E089DB0700F1D881831C8A
:1014B0009BB2E381A36B0A33A363E36B43F10003A5
:1014C000E363FDF725B9A36BD4F812200433A363BB
:1014D000E36B43F10003E363D4F80230C4F8022065
:1014E000C4F81230E28AE388E280E382FDF710B9A3
:1014F000A089E189023880B2A081F3F7CFFE1023E2
:10150000E381A36B0B33A363E36B43F10003E3635A
:10151000FDF7FEB8A089E189023880B2A081F3F717
:10152000BDFE1823E381A36B0B33A363E36B43F18D
:101530000003E363FDF7ECB8637ECB4801336376C9
:10154000F9F76CF8FDF7E4B8E089431CE381F2F7A2
:101550006BFFF7F7D5FDA36B60700A33A363E36BF2
:1015600043F10003E363FDF7D3B8226A002A3DF498
:101570000BA9E27E012A7DF407A9BAF1FB0F3DF425
:1015800003A9BAF1760FE18902D1013189B2E18173
:10159000A089023880B2A081F3F780FE0023A4F86E
:1015A0001B30637E01336376637F012B14D83823AD
:1015B000E381A36B0D33A363E36B43F10003E363A8
:1015C000FDF7E1B8F6F712FBFDF7AFB80020F5F72D
:1015D0002FFE236DFDF7D8B8022B7DF4D4A8207E12
:1015E0000002FF30F3F74EFEA36BE0811333E2E716
:1015F00043F04203FFF7CFB843F04203FFF7B1B91E
:1016000043F04203FFF71FBA43F04203FFF7D3B999
:1016100043F04203FFF777B943F04203FFF73DBAC7
:1016200043F04203FEF771BF43F04203FFF70FB9E7
:1016300043F04203FFF739B943F04203FFF73ABBE7
:10164000100648BF43F0800358E4190648BF42F033
:10165000800234E4110648BF43F08003F6E443F00F
:101660004203FFF744BA43F0420345E543F0420327
:10167000FEF77CBF43F042039AE443F04203FEF7D7
:10168000DCBB43F04203FFF73FBB43F04203FEF7EE
:10169000E2BF180648BF42F08002FEF7D7B9002A21
:1016A00040F09282092900F20C836246BEF1000FDD
:1016B00040F0A28203F4F87190290EDD6033D9B2B4
:1016C000084642F00102FDF7FEBD002A40F0F1821B
:1016D000092900D9063BA3F5B07313F4807FD9B272
:1016E00008460CBF42EA0E0242F00102FDF7EBBDD4
:1016F000100648BF43F08003C7E443F04203FEF7FF
:1017000070BF100648BF43F0800311E543F0420369
:1017100074E643F04203FEF755BB43F04203FEF785
:1017200020B9100648BF43F08003FEF73BBA11060C
:1017300048BF43F08003FEF773BA110648BF43F079
:101740008003FEF74EBA100648BF43F08003FEF751
:1017500089BA43F04203FFF74CB8100648BF43F084
:101760008003FFF7E7BB110648BF43F08003FEF795
:10177000B7BA110648BF43F08003FEF7C7B9190690
:1017800048BF42F08002FEF7EEB9110648BF43F0B1
:101790008003FFF7C8B9190648BF42F080022DE563
:1017A00043F04203FEF7D6BA100648BF43F0800369
:1017B000FEF777BAF3F766FD83B256E5530043F0C0
:1017C00001030122DBB2FDF7B3BDA089F3F75AFD97
:1017D000A36BE0810B33A363A38903F10203A3810D
:1017E000E36B43F10003E363FCF792BFF3F74AFDB9
:1017F0008346A089E189023880B20231A081F3F7E3
:101800004DFDA36BA4F80EB01133A363E36B43F15A
:101810000003E363FCF77CBFA089F3F733FDA36B00
:10182000E0810B33A363A38903F10203A381E36B7C
:1018300043F10003E363FCF76BBF1621FEF723B807
:101840008022002113F0800F18BF1146FDF7CDBD97
:101850009421FDF7CABDF3F715FD83B27CE4F3F7DD
:1018600011FD83B225E600BF800F002004F60110B1
:10187000F3F708FD8346A089E189023880B202317E
:10188000A081F3F70BFDA36BA4F80EB01133A36393
:10189000E36B43F10003E363FCF73ABFF3F7F2FCB9
:1018A00083B2FFF7ADB9A089F3F7ECFCA36BE0813D
:1018B0000B33A363A38903F10203A381E36B43F119
:1018C0000003E363FCF724BFF3F7DCFC8346A08945
:1018D000E189023880B20231A081F3F7DFFCA36B0B
:1018E000A4F80EB01133A363E36B43F10003E36389
:1018F000FCF70EBFF3F7C6FC8346A089E1890238E6
:1019000080B20231A081F3F7C9FCA36BA4F80EB03A
:101910001133A363E36B43F10003E363FCF7F8BE09
:10192000A089F3F7AFFCA36BE0810B33A363A3891A
:1019300003F10203A381E36B43F10003E363FCF7CC
:10194000E7BEF3F79FFC8346A089E189023880B2A5
:101950000231A081F3F7A2FCA36BA4F80EB01133FF
:10196000A363E36B43F10003E363FCF7D1BEF3F73A
:1019700089FC83B2FEF7CEBEF3F784FC83B2FFF797
:10198000EDBA682B3CF493AF0020F2F7E3FBFCF7D1
:1019900091BFF3F777FC8346A089E189023880B2D2
:1019A0000231A081F3F77AFCA36BA4F80EB01133D7
:1019B000A363E36B43F10003E363FCF7A9BEF3F712
:1019C00061FC83B2FEF77BB8A089F3F75BFCA36BE5
:1019D000E0810B33A363A38903F10203A381E36BCB
:1019E00043F10003E363FCF793BEF2F71DFDA26B26
:1019F00043B20C32A263E28903F101031344E38191
:101A0000E36B43F10003E363FCF782BE1621FDF7AD
:101A1000C0BCF3F737FC8346A089E189023880B265
:101A20000231A081F3F73AFCA36BA4F80EB0113396
:101A3000A363E36B43F10003E363FCF769BEA08992
:101A4000F3F720FCA36BE0810B33A363A38903F1BD
:101A50000203A381E36B43F10003E363FCF758BE89
:101A6000A089F3F70FFCA36BE0810B33A363A38979
:101A700003F10203A381E36B43F10003E363FCF78B
:101A800047BE1621FDF767BE8022002113F0800FAC
:101A900018BF1146FDF7CABB9421FDF7C7BB16213D
:101AA000FDF7A5BB8022002113F0800F18BF11465F
:101AB000FDF761BA9421FDF75EBA8022002113F090
:101AC000800F18BF1146FDF77EB99421FDF77BB951
:101AD0001621FDF75AB98022002113F0800F18BF9C
:101AE0001146FDF721BD9421FDF71EBD1621FDF71E
:101AF00023BAF2F799FCA26B43B20C32A263E289DB
:101B000003F101031344E381E36B43F10003E36357
:101B1000FCF7FEBDF2F788FCA26B43B20C32A26365
:101B2000E28903F101031344E381E36B43F1000312
:101B3000E363FCF7EDBD1622FDF7BDBA802300225A
:101B40001BF0800F18BF1A46FDF7E2BA9422FDF78A
:101B5000DFBA1621FDF74BBD8022002113F0800F64
:101B600018BF1146FDF716BE9421FDF713BE802263
:101B7000002113F0800F18BF1146FDF775BD9421A9
:101B8000FDF772BDF2F750FCA26B43B20C32A263B8
:101B9000E28903F101031344E381E36B43F10003A2
:101BA000E363FCF7B5BDF2F73FFCA26B43B20D3225
:101BB000A263E28903F101031344E381E36B43F180
:101BC0000003E363FCF7A4BD092994BF00210121B0
:101BD0000A0106336AE5A089F3F754FBA36BE081A1
:101BE0000B33A363A38903F10203A381E36B43F1E6
:101BF0000003E363FCF78CBD60336EE5F3F742FB53
:101C00008346A089E189023880B20231A081F3F7CE
:101C100045FBA36BA4F80EB01133A363E36B43F150
:101C20000003E363FCF774BDF3F72CFB83B2FFF70B
:101C30004BBB9221122213F0800F08BF1146FDF713
:101C400022BE9221122213F0800F08BF1146FDF729
:101C5000A0BB9221122213F0800F08BF1146FDF79E
:101C6000C6BC9221122213F0800F08BF1146FDF767
:101C700072BD9221122213F0800F08BF1146FDF7AA
:101C80005BB9922212231BF0800F08BF1A46FDF7A2
:101C900012BA9221122213F0800F08BF1146FDF7ED
:101CA000A6BA9221122213F0800F08BF1146FDF749
:101CB0006CB805298CBF00210121063BDBB20A016B
:101CC00009E5102285E790221021BBE59022102122
:101CD00003E79023102233E79022102149E7902256
:101CE00010213BE790221021E9E690221021CDE659
:101CF00090221021D8E605298CBF00220122063B44
:101D0000DBB206381946C0B21201FDF7DCBA8221F7
:101D10000222A8E782210222BDE782210222AAE74D
:101D20001946FDF7D0BA82210222BCE782210222A5
:101D300089E7822102227EE782220223A3E7822111
:101D4000022288E7A36B0433A363E36B43F1000330
:101D5000E363FCF7DDBC00BF00224FF6FF719FED8F
:101D6000087B4FF48070084B83ED127BC3E9082297
:101D700098831980D9609A61704700BFAFF30080E3
:101D80000000000000000000780F002038B5044675
:101D90004C4D0122294601F083F82046A91C01225E
:101DA00001F07EF82046291D012201F079F8204635
:101DB000A91D012201F074F8204605F10801012255
:101DC00001F06EF8204605F10A01012201F068F8E1
:101DD000204605F10C01012201F062F8204605F1D0
:101DE0000E01012201F05CF8204605F110010122EC
:101DF00001F056F8204605F11201012201F050F8D9
:101E0000204605F11401012201F04AF8204605F1AF
:101E10001601012201F044F8204605F118010122C3
:101E200001F03CF8204605F11901012201F036F8D5
:101E3000204605F11A01012201F030F8204605F193
:101E40001B01012201F02AF8204605F11C010122A4
:101E500001F024F8204605F11D01012201F01EF8D1
:101E6000204605F12001012201F016F8204605F177
:101E70002401012201F010F8204605F12801012279
:101E800001F00AF8204605F13001012201F004F8C2
:101E9000204605F13801012201F006F8204605F13F
:101EA0004001012200F0F6FF204605F14801012221
:101EB00000F0FAFF204605F158010122BDE8384044
:101EC00000F0F2BF780F002038B504464C4D0122D7
:101ED000294600F0F1FF2046A91C012200F0ECFF8A
:101EE0002046291D012200F0E7FF2046A91D0122FE
:101EF00000F0E2FF204605F10801012200F0DCFFBE
:101F0000204605F10A01012200F0D6FF204605F126
:101F10000C01012200F0D0FF204605F10E01012244
:101F200000F0CAFF204605F11001012200F0C4FFB5
:101F3000204605F11201012200F0BEFF204605F106
:101F40001401012200F0B8FF204605F1160101221C
:101F500000F0B2FF204605F11801012200F0AAFFAF
:101F6000204605F11901012200F0A4FF204605F1E9
:101F70001A01012200F09EFF204605F11B010122FB
:101F800000F098FF204605F11C01012200F092FFAD
:101F9000204605F11D01012200F08CFF204605F1CD
:101FA0002001012200F084FF204605F124010122D6
:101FB00000F07EFF204605F12801012200F078FFA5
:101FC000204605F13001012200F072FF204605F1A4
:101FD0003801012200F074FF204605F14001012282
:101FE00000F064FF204605F14801012200F068FF7F
:101FF000204605F158010122BDE8384000F060BFDD
:10200000780F002000207047704700BF0D4B70B55F
:102010001A680D4E002A0BBF4024502410251825A5
:102020000A4B4FF47062002109481D60346003F0D0
:102030009DF92946204600F0DFFF0122054B1A607A
:1020400070BD00BFDC7E0220F4070020F0070020F6
:10205000F07E0220F08D022008B54FF4706200215E
:10206000064803F083F9064A064B1168186800F029
:10207000C3FF0122044B1A6008BD00BFF07E02209E
:10208000F0070020F4070020F08D0220B0F5F06F7B
:1020900014D2104B10B51C680F4BB0FBF4FC0F4A68
:1020A0001B7802F8101002EB400253700C4A1268C1
:1020B000624504DC01220B4B1A6010BD70470A46D2
:1020C00004FB1C00614600F0A1FF0122054B1A60D1
:1020D00010BD00BFF4070020F48D0220F07E022026
:1020E000F0070020F08D0220044A136811B1034369
:1020F0001360704723EA000313607047F48D0220D9
:1021000003460A49002810B508BF40200B6016BFDF
:10211000502010211821064A064C1160206000F062
:102120006BFF0122044B1A6010BD00BFDC7E022051
:10213000F0070020F4070020F08D02202DE9F04187
:10214000104B114F1D68386800FB05F5002D12DD9E
:102150000E4E002406F1FF3800E0386894FBF0F1E1
:1021600016F8143000FB114018F81420013400F068
:102170004DFFA542F1D100F061FF0022044B1A602F
:10218000BDE8F081F0070020F4070020F17E022076
:10219000F08D0220704700BF70B500F093FE0D4B2C
:1021A0000D4E1A680D4B002A0BBF402450241025F9
:1021B00018254FF47062002109481D60346003F057
:1021C000D5F82946204600F017FF0122054B1A607A
:1021D00070BD00BFDC7E0220F4070020F007002065
:1021E000F07E0220F08D022000F02ABF00F02ABF0E
:1021F000034B186B003818BF012000F025BF00BF4B
:10220000780F0020014600B5003983B018BF0121C6
:1022100001A800F067FE10B903B05DF804FB019857
:1022200000F08CFC03B05DF804FB00BF044608B569
:10223000054B22461B680549D86806F0ABFDB4FA89
:1022400084F04009F0F75EFD2808002010E101103D
:10225000704700BF00207047704700BF704700BF45
:1022600000207047704700BFA1F580720346112A15
:1022700046D8DFE802F02C2510171709091E10397F
:1022800010172C25091E3F33DC4A92E8030083E82F
:10229000030018467047DA4A92E8030083E8030017
:1022A00018467047D74A92E8030083E803001846AF
:1022B0007047D54A92E8030083E803001846704748
:1022C000D24A92E8030083E8030018467047D04AD8
:1022D00092E8030083E8030018467047CD4A92E86D
:1022E000030083E80300D4E7CB4A92E8030083E8C5
:1022F0000300CEE7C94A92E8030083E80300C8E779
:102300008AB2083A762A00F2F18001A050F822F051
:1023100097220110ED240110ED240110ED2401108D
:10232000B3220110E9220110ED240110ED24011067
:10233000ED240110ED240110ED240110ED24011015
:10234000ED240110ED240110ED240110ED24011005
:10235000ED240110ED240110ED240110892201105B
:10236000ED240110ED240110ED240110ED240110E5
:1023700065270110592701104D2701104127011031
:1023800035270110292701101D27011011270110E1
:1023900005270110F9260110ED260110E126011094
:1023A000D5260110C9260110BD260110B126011045
:1023B000A5260110992601108D26011081260110F5
:1023C0007526011069260110F1250110E52501107F
:1023D000D9250110CD250110C1250110B525011009
:1023E000A92501109D2501109125011085250110B9
:1023F0007B250110ED240110ED240110ED240110C6
:10240000ED240110ED240110ED240110ED24011044
:10241000ED240110ED240110ED240110ED24011034
:10242000ED240110ED240110ED240110ED24011024
:10243000ED240110ED240110ED240110ED24011014
:10244000ED240110ED240110ED240110ED24011004
:10245000ED240110ED240110ED240110F5220110EE
:102460006F250110DD220110632501105725011091
:102470004D250110ED240110ED240110ED24011073
:10248000ED240110ED240110ED240110ED240110C4
:10249000ED240110ED240110ED240110ED240110B4
:1024A000ED240110ED240110ED240110ED240110A4
:1024B000ED240110ED240110ED240110ED24011094
:1024C000ED240110ED240110ED240110ED24011084
:1024D000ED240110ED240110ED240110412501101F
:1024E000352501102925011009250110A1F141020E
:1024F000192A0FD9A1F16102192A10D9484A92E884
:10250000030083E80300C4E6464A92E8030083E838
:102510000300BEE692224039C3E90012B9E69322D5
:102520006039C3E90012B4E63F4A92E8030083E849
:102530000300AEE63D4A92E8030083E80300A8E604
:102540003B4A92E8030083E80300A2E600219222BE
:10255000C3E900129DE6374A92E8030083E80300CE
:1025600097E6354A92E8030083E8030091E6334A90
:1025700092E8030083E803008BE600219322C3E97D
:10258000001286E62E4A92E8030083E8030080E604
:102590002C4A92E8030083E803007AE62A4A92E88C
:1025A000030083E8030074E6284A92E8030083E806
:1025B00003006EE6264A92E8030083E8030068E61B
:1025C000244A92E8030083E8030062E6224A92E884
:1025D000030083E803005CE6204A92E8030083E8F6
:1025E000030056E61E4A92E8030083E8030050E623
:1025F0001C4A92E8030083E803004AE644F801100D
:1026000034F801103CF801104CF801102CF80110BE
:1026100024F8011064F8011054F801105CF801105E
:10262000A4F901109CF9011094F901108CF9011022
:1026300084F901107CF9011074F901106CF9011092
:1026400064F901105CF9011054F901104CF9011002
:1026500044F901103CF9011034F901102CF9011072
:1026600024F901101CF90110414A92E8030083E8A3
:1026700003000EE63F4A92E8030083E8030008E601
:102680003D4A92E8030083E8030002E63B4A92E8F1
:10269000030083E80300FCE5394A92E8030083E87D
:1026A0000300F6E5374A92E8030083E80300F0E50B
:1026B000354A92E8030083E80300EAE5334A92E8EA
:1026C000030083E80300E4E5314A92E8030083E86D
:1026D0000300DEE52F4A92E8030083E80300D8E513
:1026E0002D4A92E8030083E80300D2E52B4A92E8E2
:1026F000030083E80300CCE5294A92E8030083E85D
:102700000300C6E5274A92E8030083E80300C0E51A
:10271000254A92E8030083E80300BAE5234A92E8D9
:10272000030083E80300B4E5214A92E8030083E84C
:102730000300AEE51F4A92E8030083E80300A8E522
:102740001D4A92E8030083E80300A2E51B4A92E8D1
:10275000030083E803009CE5194A92E8030083E83C
:10276000030096E5174A92E8030083E8030090E52A
:1027700014F901100CF9011004F90110FCF8011012
:10278000F4F80110ECF80110E4F80110DCF8011085
:10279000D4F80110CCF80110C4F80110BCF80110F5
:1027A000B4F80110ACF80110A4F801109CF8011065
:1027B00094F801108CF8011084F801107CF80110D5
:1027C00074F801106CF801100022014B1A60704778
:1027D000386D0220024A136801331360704700BF4E
:1027E000386D022000000000A54B2DE9F04F1B685A
:1027F000A44DDFF8B0B2D5E90E8EB3EB0803A04BC1
:1028000004465B688BB063EB0E09DBF80030022BEB
:1028100033DD9D4B1968002940F37D819B4A0020E0
:10282000CDE901489FED947B9046994BD2F800A0EA
:102830001B68984E039003F1010CDCF1000456F87C
:10284000232004F01F040CF01F0358BF6342002A2A
:1028500001F1FF314DDA8C4E424631608C49019CCA
:10286000DDF808800B6018B1049BC2F800A02B6350
:10287000039B13B1884B059A1A60B9F1000F77DBFF
:10288000002314F00100CBF800301CBF834B186804
:10289000A10702D5814B5B681843620702D57F4BC5
:1028A0009B681843230702D57C4BDB681843E70677
:1028B00002D57A4B1B691843A60602D5774B5B6994
:1028C0001843650602D5754B9B69184321060DD543
:1028D000714A724B1268DB69932A00F0C880912A12
:1028E00003D09A0708BF43F0010318430BB0BDE8BB
:1028F000F08F942A26DC902A62DD05920122039251
:10290000002998D1604E424631606149019CDDF852
:1029100008800B6018B1049BC2F800A02B63039BD6
:10292000002BAAD05C4B059AB9F1000F1A60A7DA08
:102930005B480368524913EB08024EEBE3730A60ED
:102940004B609DE7952A5CD1544A012082ED007BC3
:1029500082ED027B82ED047B82ED067B91240022D6
:10296000059492460492039000297FF464AFC9E76E
:102970004B48454903680A6813EB08064EEBE373BE
:10298000002AD6DD3E48013AC0E9006340480A60AB
:102990000368404A52F823200133594201F01F01D5
:1029A00003F01F0358BF4B42002A0360FFF668AFD5
:1029B000942A4DDC902A40F39580374B1A605FE7EC
:1029C000364F1411069457F8244002F00F0244FACF
:1029D00002FC1CF0010F0797274691D1012090407F
:1029E00038430AF1010ADDE9062444F82200BAF16D
:1029F000000218BF01220120049200297FF41BAFBE
:102A000080E712F480340CBF4FF0010C4FF0000C43
:102A1000224FCDF820C0C2F3031C099457F82C4074
:102A200002F00F020797CDF818C0274644FA02FCBF
:102A3000089C0CF0010C64453FF462AF0120099C36
:102A40009040002CCCD027EA00000AF1FF3ACAE7F8
:102A5000952A29D120220021104802F087FC9121DB
:102A600000230D4A2B631160084A136008E723F026
:102A700003033AE7AFF3008000000000000000000D
:102A800078110020780F0020BC6D0220C86D022054
:102A9000C06D02203C6D022000080020981100202B
:102AA000FC070020386D022012F4803C0CBF01218D
:102AB00000211B4EC2F3031056F8207002F00F02E3
:102AC00047FA02F303F0010399423FF4D9AE012122
:102AD0009140144A1368BCF1000F12D027EA01019B
:102AE000013B10E00E4E101156F8207002F00F025C
:102AF00047FA02F3DB073FF5C3AE01219140094AD3
:102B00001368394301331360003B18BF012346F8B3
:102B100020102B63B4E6B9F1000FBFF6B1AE07E7A2
:102B200098110020C86D022000230249024A0B6060
:102B300013607047C06D0220BC6D02202DE9F04388
:102B4000B0F5803F85B000F092800446014602A8AF
:102B5000FFF78AFBDDE90259902D04F4803733D06A
:102B6000684B6948D3F800E00268DFF8A4C10EEBB7
:102B700002014E4206F01F0601F01F03DCF8008040
:102B800058BF7342002F4AD1B8F1940F00F09D80D6
:102B9000C14500F09A805D4E1F2ACCF8009046F89F
:102BA000239000F3A580013202600EEB02014F4238
:102BB00001F01F0307F01F0158BF4B421F2A46F8C0
:102BC00023504BDC0132026034F4803344F4803112
:102BD00000F091806846FFF747FBDDE90037902B56
:102BE0001AD0484A484814680168484E621855424D
:102BF00005F01F0502F01F0243F4803358BF6A42FC
:102C000046F82230424A1F291368DCBF01310160B7
:102C1000912B01D09F425AD005B0BDE8F0831F2A06
:102C2000D8BF0132394E45F48035D8BF0260B8F1C3
:102C3000910F46F82350C7D0C145C5D19125964480
:102C4000DEF1000101F01F010EF01F0358BF4B42DF
:102C50001F2ACCF8005046F82350B3DD34F48032FC
:102C600044F48031B6D1952246F8232027E09525FB
:102C7000244B254819680268244E8B185C4204F0E6
:102C80001F0403F01F0358BF63421F2A46F8235056
:102C900013DC0132026011444B4203F01F0301F0C8
:102CA0001F0158BF594295231F2A46F8213004DCE2
:102CB0000132DFF85CC0026001E0DFF854C091230C
:102CC000CCF8003005B0BDE8F083104E6FE79125D9
:102CD0000C44634203F01F0304F01F0458BF5C421E
:102CE0001F29156046F8245096DC0131016093E7F6
:102CF00046F82350B2E70448024B02681968034EB5
:102D0000C9E700BFC06D0220BC6D02203C6D0220EF
:102D1000F8070020FF207047704700BF704700BFD2
:102D2000704700BF704700BF704700BF704700BFCB
:102D3000704700BF704700BF704700BF704700BFBB
:102D4000704700BF704700BF704700BF704700BFAB
:102D5000704700BF704700BF704700BF704700BF9B
:102D6000704700BF704700BF704700BF704700BF8B
:102D700000207047704700BF704700BF704700BF1A
:102D800000207047704700BF704700BF704700BF0A
:102D9000704700BF0020704700207047704700BF99
:102DA000704700BF704700BF704700BF00207047EA
:102DB00000207047704700BF002070470020704718
:102DC000704700BF704700BF002070470020704769
:102DD0000020704700207047704700BF704700BF59
:102DE000704700BF704700BF704700BF00207047AA
:102DF0000020704700207047002070474FF0FF30E0
:102E0000704700BF002070474FF0FF30704700BF91
:102E10004FF0FF30704700BF4FF0FF30704700BFEA
:102E200000207047002070474FF0FF30704700BF10
:102E3000002070474FF0FF30704700BF4FF0FF3069
:102E4000704700BF4FF0FF30704700BF0020704751
:102E50004FF0FF30704700BF4FF0FF30704700BFAA
:102E600000207047704700BFFF207047704700BFC9
:102E7000FF207047704700BF704700BF704700BF1A
:102E8000704700BF00207047002070470020704747
:102E900000207047704700BF704700BF704700BFF9
:102EA000704700BF704700BF704700BF704700BF4A
:102EB000704700BF704700BF704700BF704700BF3A
:102EC000704700BF08B502F0E5F900F0DDF800F04A
:102ED000BDFF012000F09EFF00F074FEBDE8084039
:102EE00001F02EBA10B5044619B900F06DFF00B913
:102EF00010BD00F077FF0D2839DDA0F18103562BBE
:102F000031D8562B2FD8DFE803F06B6865622E2E80
:102F10002E2E2E2E2E2E2E2E2E2E2E2E2E2E2E2ED1
:102F20002E2E2E2E2E2E2E2E2E2E2E2E2E2E2E2EC1
:102F30002E2E2E2E2E2E2E2E2E2E5F2E2E2C7471F9
:102F40005C2E2E2E2E2E2E2E2E2E2E2E2E2E2E2E73
:102F50002E2E2E2E2E2E2E2E2E592E562E4A5350DB
:102F60006E004FF4817004B12060012010BD07286D
:102F7000F9DDA0F10803052BF5D801A252F823F0E2
:102F80009F2F0110A52F0110992F0110672F0110FD
:102F9000672F0110992F011040F20910E3E74FF459
:102FA0008470E0E74FF48270DDE74FF48670DAE773
:102FB00040F20B10D7E74FF48570D4E74FF48370DD
:102FC000D1E740F20310CEE740F20510CBE740F224
:102FD0001110C8E74FF48870C5E740F20F10C2E740
:102FE0004FF48770BFE740F20D10BCE740F20110CC
:102FF000B9E74FF48070B6E7024A034B10601960DE
:1030000001F09EB90C0800200808002050EA0103D6
:103010000ED4084B1B6883420ADD074B1B688B42AA
:1030200006DD002A08BF2022C9B2C0B201F0C2BA30
:10303000704700BF0C08002008080020704700BF40
:10304000704700BF704700BF704700BFD0B110B5D8
:103050000378044688B013B9002008B010BD00F012
:1030600051FD18B900F0FAFA0028F5D1214601A85F
:1030700000F04EFD0028EFD101A800F093FD0120E3
:1030800008B010BD0020704708B501F06DFC0122AA
:10309000064BDA70DA72DA74DA7683F8232083F872
:1030A0002B2083F8332083F83B2008BD9C7E022030
:1030B00010B501F0B7FD80B9094B1A786AB101214A
:1030C000084C18702060084B084C18602060084AB3
:1030D000084C094B206018601170012010BD00BF22
:1030E000118E0220FC8D0220F06A0220286B022043
:1030F000178E0220486A02201C6B02202DE9F04F37
:1031000089468046202200214846C9B002F02EF9A7
:1031100098F80130002B40F0A4814FF0FF3BDFF81E
:10312000FCA25C4600938DF8203016E0012288F85E
:1031300001202033B3FBF6F2C8F8103006FB12333F
:10314000002B00F06D8198F80130002B40F0898150
:1031500099F80030002B40F08481AB4FD8F8103044
:103160003E682146B3FBF6F4D8F8082006FB143479
:10317000901EA64A640A557BA54A05FB00441268C6
:1031800014448C420BD0A34B51461868204401F0E4
:1031900051FD002840F06681D8F810303E68C3F336
:1031A00008051AF805705544002FBFD0EA7A0F2A97
:1031B00000F05B81E52FBCD06B7829790193EB7926
:1031C0009DF8202003936B7A02910493AB7A95F8D3
:1031D00002B095F803E06879A97995F808C00593DD
:1031E000002A43D0019BFA0142EA57021A44C2F373
:1031F000460343EAC2135BFA83F3C3F3460242EA8F
:10320000C3125EFA82F2C2F3460343EAC213029A81
:1032100052FA83F3C3F3460242EAC31250FA82F22F
:10322000C2F3460343EAC21351FA83F3C3F34602DF
:1032300042EAC312039B53FA82F2C2F3460343EA03
:10324000C2135CFA83F3C3F3460242EAC312049B3F
:1032500053FA82F2C2F3460343EAC213059A52FAC2
:1032600083F3009ADBB29A4200F0A181202F00F094
:10327000B081694BDB5D03F00303012B04BF2037F2
:10328000FFB289F800706B78202B00F0A781624AAA
:10329000D25C02F00302012A04BF2033DBB289F8BA
:1032A0000130AB78202B00F0A1815B4AD25C02F0A8
:1032B0000302012A04BF2033DBB289F80230EB7825
:1032C000202B00F09B81544AD25C02F00302012AB9
:1032D00004BF2033DBB289F803302B79202B00F0B8
:1032E00095814D4AD25C02F00302012A04BF2033CB
:1032F000DBB289F804306B79202B00F08F81464ACD
:10330000D25C02F00302012A04BF2033DBB289F849
:103310000530AB79202B00F089813F4AD25C02F066
:103320000302012A04BF2033DBB289F80630EB79AF
:10333000202B00F08381384A0921D25C02F003027D
:10334000012A04BF2033DBB289F807300A239E46E6
:1033500095F808C009F10802BCF1200F00F01981AE
:103360002E2717702A7A2C4F17F802C00CF0030C86
:10337000BCF1010F00F0048109F801206A7A202ACB
:1033800000F0F6800EF1010E714617F802C00CF045
:10339000030CBCF1010F01D12032D2B209F8032095
:1033A000AA7A202A00F000810EF10103B85C00F037
:1033B0000300012801D12032D2B209F8012009EB23
:1033C000030200231370EB7A89F80C31AA8A6B8B05
:1033D00043EA0243C9F80831EB69C9F800316A7E53
:1033E0002B7E43EA0223A9F80431EA7DAB7DC9F8BC
:1033F000104143EA0223A9F80631D8F81030C3F38C
:103400000802C9F8142194E6486A0220EC690220F7
:10341000286B0220FC8D022045FF0110947C0220C5
:10342000D8F80830012B28D9884A9B00D089884ACF
:1034300051461268C3F30805104400EB532001F015
:10344000F9FB78B95AF80530824A23F07043934269
:1034500000F2BB80C8F8083098F80130002B3FF428
:1034600077AE002049B0BDE8F08F7A0609D46A7BB8
:1034700000998A427FF45DAE0DE0102049B0BDE8AE
:10348000F08F4FF48072002108A8019301F06EFFC5
:103490006B7B0093019BB5F801B0B5F80310BBF14D
:1034A000800F28BF4FF03F0B802928BF3F2101919B
:1034B000B5F8051007F03F07802934BF08463F20C4
:1034C0000290B5F807107A1E802934BF0F463F27B7
:1034D0000397B5F80910802928BF3F210491E98995
:1034E000802934BF08463F200590298A802934BFAF
:1034F0000F463F270697B5F812E0B5F814C0EF8ADB
:10350000BEF1800F288B28BF4FF03F0EBCF1800F1B
:10351000A98B28BF4FF03F0C802FED8B28BF3F2792
:10352000802828BF3F20802928BF3F21802D28BF29
:103530003F25079502EB420502EB850508AA02F834
:1035400005B01544019A6A70029AAA70039AEA704B
:10355000049A2A71059A6A71069AAA71079A85F8DF
:1035600007E085F808C06F72A872E9722A73E0E577
:10357000AA7A202A3FF423AF19460EF1010315E77A
:103580002032D2B209F801206A7A202A7FF4FAAEFA
:10359000EEE76F7A202F0FD01F460B462E211170B9
:1035A0006A7A39462C4FF0E609EB010209E74846F2
:1035B00008A906F047FE06E7A87A20283FF401AFE5
:1035C0002E201070AA7A244FF0E6012388F80130EB
:1035D00047E702234A4601219E46BDE60323022116
:1035E0009E4695F808C009F10102B5E604230321BF
:1035F0009E4695F808C009F10202ADE605230421B4
:103600009E4695F808C009F10302A5E606230521A8
:103610009E4695F808C009F104029DE6072306219D
:103620009E4695F808C009F1050295E60823072192
:103630009E4695F808C009F106028DE60923082187
:103640009E4695F808C009F1070285E6EC6902205C
:10365000FC8D0220F7FFFF0F45FF0110F8B501F0C8
:10366000E1FA002800F0A480764C237813B10023FF
:103670001846F8BD01F07CFB03460028F8D1724DD6
:10368000294601F0D7FA03460028F1D195F8FE311A
:10369000552B40F0CD8095F8FF31AA2B40F0C88023
:1036A00095F8C27195F8D21195F8E22195F8F2C11A
:1036B00047EA010313435CEA030340F08B802B7855
:1036C00003F0FD03E92B40F0B380B5F80B30B3F500
:1036D000007F09D0B3F5806F06D0B3F5006F03D03B
:1036E000B3F5805F40F0A48000231D46574A136065
:1036F000574B5A221846544905F01CFAB0F80B20D3
:103700000346B2F5007F40F09380427B511E0806CD
:1037100000F18E80114240F08B80187C411E0129FF
:1037200000F28680DE89002E00F08280D98A00298E
:103730007ED15F6A002F7BD0196A002978D007FB01
:1037400000F0091AB1FBF2F130444FF6F476414F24
:1037500052023A60404AB1421060404A116067D953
:10376000D96A188E3E4A28441160374901F062FA3E
:10377000034600287FF47CAF3A4B4FF40072324985
:10378000184605F0D7F9384A0168914250D102F144
:10379000FF52D0F8E41102F500522032914247D195
:1037A000324AD0F8FC31934242D1012323705EE7C4
:1037B0000122264B234C1860284B20701860284BA0
:1037C000254C186013462A492060224C0A7020605C
:1037D0001846F8BD1D4E95F8BE313060580602D12E
:1037E0000B3F012F29D995F8CE315B0602D10B3959
:1037F000012925D995F8DE315F0602D10B3A012A5D
:1038000019D995F8EE315D0612D1ACF10B0CBCF173
:10381000010F0DD8174DA8680B49306001F00AFA66
:10382000034600287FF424AF3568002D7FF460AF95
:1038300005231846F8BD104DEDE705F5DF75EAE7FD
:103840000E4DE8E7118E0220947C0220FC8D0220B0
:10385000EC690220486A0220286B0220F06A0220EC
:103860001C6B02202C6B022052526141000055AAB1
:10387000178E0220827E0220727E0220627E02204B
:103880002DE9F04FADF5117D002900F0A7800C4621
:103890004FF48C720021814601F068FD2278DFF838
:1038A000F8A12F2ADAF800B00FD162786AB9714B0B
:1038B000D3F82CB010220026C9F808B189F80C21E1
:1038C00030460DF5117DBDE8F08F2278002AF1D049
:1038D0002E2A54D16178002951D16649C96A5945C7
:1038E000E8D02F2A03D1634B0134D3F82CB0002643
:1038F000214640F2031209A801F0F0FC5E4909A834
:1039000001AA8DF82761019604F04AFF04460028B9
:103910005AD0DFF87081594F01AA0020564904F0AF
:103920003FFF574A05461023CDE90566CDE90766F6
:10393000CDE903BB0292002860D0D9062FD501F053
:1039400071F930B398F80030002B43D0387830BB91
:103950004AA902A8FFF7D2FB08BB9DF82831F3B1B2
:1039600021464AA803F09AF918B99DF83432DA06CC
:103970003AD49DF8083093B19DF80A30DDE72178FC
:103980002E29AED161782E29ABD1A1780029A4D0FF
:10399000A7E73C4A137823B90122384B1A700C264A
:1039A0008EE700234FF0010C374E384C3848394928
:1039B000324F137087F800C03360236003600B60E0
:1039C000CAF80030002DEAD1072630460DF5117DEA
:1039D000BDE8F08FFFF742FE3870B8E7102630469A
:1039E0000DF5117DBDE8F08FDDF830B2BBF1000FB1
:1039F00002D1204BD3F82CB02C468DE7DFF8848021
:103A00001E4FDB06E0D501F00DF938B398F8003011
:103A100063B338780028D7D14AA902A8FFF76EFB14
:103A200006460028D0D19DF82831002BCCD0214665
:103A30004AA803F033F950B94FF48C7248464AA9AA
:103A400005F078F830460DF5117DBDE8F08F9DF852
:103A50000830002BB8D09DF80A30D2E7094A137815
:103A6000002B9ED10122054B1A70ADE7FFF7F6FD42
:103A70003870CFE7EC69022020E10110178E022098
:103A800001001000118E0220FC8D0220286B022004
:103A9000F06A0220486A02201C6B022010B5002345
:103AA0000446C6B0684623606360A360E360236198
:103AB0006361A361FFF7E4FEA0B99DF80C3113F038
:103AC00008001AD1D906429A0ED440996260C4E91E
:103AD0000221A3700022DDE94413C4E90513012388
:103AE0002261237046B010BD12B100216260EEE782
:103AF000034A0021D26A6260E9E70A2046B010BD9D
:103B0000EC690220014B1878704700BF118E02202B
:103B1000002834D038B50C46002932D00546084676
:103B200006F050FBB0F5827F22D801F07BF8034607
:103B300058B1154B1B78EBB1144B1878B8B9214626
:103B40002846BDE83840FFF7A9BF0F4A117851B1A8
:103B50000F4913700B600F4C0F481049104A236037
:103B600003600B60136001231846084A137038BDC8
:103B7000082038BDFFF772FD044B1870DEE71020F7
:103B80007047102038BD00BF118E0220178E022012
:103B9000FC8D0220286B0220F06A0220486A022075
:103BA0001C6B022008B103780BB90020704700237A
:103BB000036043608360C3600361436183610020ED
:103BC000704700BF70B5114D84B02C78E4B9012660
:103BD00001F0CCFA0E4A0F4B14701E700E4A0F4BB8
:103BE0000F4914601C600F4A0F4B0C6014601C607E
:103BF000ECF716FF0D4B0E4ACDE90143009200236E
:103C00000C4AEDF713F82E7004B070BD108E022030
:103C1000118E0220178E0220286B0220F06A0220EB
:103C2000FC8D0220486A02201C6B0220C01100207B
:103C3000B130011020A1070010B501F0C7FA08B992
:103C4000012010BD01F0CCFAC0F30F23002BF7D0F8
:103C5000012BC0B20CD0032BF2D1A52800F0868036
:103C60005E30C0B20128EBD80022514B1A70E7E752
:103C7000D0286AD8A02840F28980A0F1A1032F2B78
:103C800063D801A252F823F0413C0110753D0110A8
:103C9000753D01104B3D0110853D01104B3D01105C
:103CA0004B3D01104B3D01104B3D01104B3D0110B0
:103CB0004B3D01104B3D01104B3D01104B3D0110A0
:103CC0004B3D01104B3D01104B3D01104B3D011090
:103CD0004B3D01104B3D01104B3D01104B3D011080
:103CE0004B3D01104B3D01104B3D01104B3D011070
:103CF0004B3D01104B3D01104B3D01104B3D011060
:103D00004B3D01104B3D0110413C01104B3D01105A
:103D10004B3D01104B3D01104B3D01104B3D01103F
:103D20004B3D01104B3D01104B3D01104B3D01102F
:103D30004B3D01104B3D01104B3D01104B3D01101F
:103D40004B3D01107D3D01100D201A4A1A4C13887D
:103D50001188013389B26054184903F01F0313809E
:103D60000B68002B3FF46CAF984769E70022144BB7
:103D70001A7065E701220E4B1A7061E70122114BA0
:103D80001A705DE701220E4B1A7059E70A28DBD042
:103D9000A0F16103192BD8D8094B1B780BB100F0A7
:103DA0001F00034B1B78002BCFD000F0DF00CCE7C7
:103DB000148E0220088E0220747C0220C46D022022
:103DC000138E02201C8E0220044A054B10881B888B
:103DD00080B29BB2C01A18BF01207047088E022023
:103DE0000A8E02200848094902880B8892B29BB2C9
:103DF0009A42F9D00B88064A9BB2D05C0B880133FB
:103E000003F01F030B807047088E02200A8E0220E9
:103E1000747C022080B130B5002485B0ECF700FE40
:103E2000074D08494FF0FF33CDE90145064A00919F
:103E3000ECF7FCFE05B030BD0148ECF787BF00BFD2
:103E400080110020393C01106079FEFF10B5044C50
:103E5000237803B110BD01F01DFA0123237010BDBA
:103E6000158E02200FB470B582B007AC01940E23FA
:103E70004FF0010242EC40300D234FF0000242ECC3
:103E800040300C4E0DAD54F8043B012230460DF18C
:103E900003018DF8033009F017FFAC42F3D10D2375
:103EA0004FF0010242EC403002B0BDE8704004B077
:103EB000704700BF008008400FB4012230B583B0C6
:103EC00007AB019315460E2342EC40300D244FF012
:103ED000000343EC4040079B0DF1030105488DF8BA
:103EE000033009F0F1FE45EC404003B0BDE830403E
:103EF00004B07047008008400FB42DE9F04182B053
:103F00000DF1240801240E23CDF8048044EC403048
:103F10000D254FF0000343EC40500D4F099B224606
:103F20000DF1030138468DF8033009F0CDFED8F8C5
:103F30000430224638460DF103018DF8033009F0B4
:103F4000C3FE44EC405002B0BDE8F04104B07047FD
:103F5000008008400FB470B582B007AC01940E2306
:103F60004FF0010242EC40300D234FF0000242ECD2
:103F700040300C4E0BAD54F8043B012230460DF19D
:103F800003018DF8033009F09FFEAC42F3D10D23FD
:103F90004FF0010242EC403002B0BDE8704004B086
:103FA000704700BF008008402DE9F04F2A2487B0F9
:103FB0001E464FF00E0B4FF000050746029103928C
:103FC0008DF8174045EC40B00D2445EC4040DFF83B
:103FD00080900DF1170301221946484609F074FE3E
:103FE0004FF0010A4AEC4040039B0420DAB20092F1
:103FF0001B0AFAB2390AFFF7ADFF2B238DF81730F1
:1040000045EC40B045EC40400DF1170352461946CF
:10401000484609F059FE4AEC40400299F3B2009339
:10402000CAB2330A0420090AFFF794FF2C238DF843
:10403000173045EC40B045EC4040524648460DF143
:10404000170109F041FE4AEC404007B0BDE8F08F8F
:10405000008008402DE9F84F0B461546EFF310821B
:1040600072B6324E3260324A1188994205D8314ACE
:104070001288C2F5A07293423EDB6A1E02441946C2
:1040800092B2FFF791FF4FF0020A2B4CDFF8BC9081
:104090006268C9F804A02368DFF8B480274F83F072
:1040A0000F0302EA0A0203F0CF03C8F800300E2122
:1040B0004FF0010B7A604BEC40100D234FF00002E3
:1040C00042EC40301E492A46204609F0F5FD0D23FA
:1040D0004BEC40306268C9F804A0236802EA0A0287
:1040E00083F0070303F0CF03C8F800307A60336829
:1040F00083F31088BDE8F88F124A12881A44124BD5
:104100001B88B2FBF3F403FB14220B44114489B265
:10411000994205F1FF32A8BF03F1FF330244B4BF57
:104120000B469BB292B2FFF73FFFACE7346D022023
:10413000048E0220028E02200080084000A0084069
:10414000D46D0220068E02201A08002000B008401C
:1041500000900840F8B5304B1B78002B32D02F4B25
:104160002F4A1B7812682F482F4D013303EB830130
:104170001278007849002C78013902FB00F089B2EE
:1041800014B32A4B1C88BAB1012A3ED0284F00260E
:104190004FEA520C07EB8C0E3B46BC4664F30F060D
:1041A00064F31F464CF8046BE645FBD1D60703D5F4
:1041B00002F0FE0C23F81C40FFF74CFF2B7883F035
:1041C00001032B700120F8BD1A4BB3F800E0002A60
:1041D000F2D0012A1DD0164B56089C466EF30F04F0
:1041E00003EB86066EF31F444CF8044B6645FBD187
:1041F000D407E1D502F0FE0C23F81CE0FFF72AFFFC
:104200002B7883F001032B70DCE74FF0000C084B98
:10421000D0E7A446064BEFE7100800200E8E0220E0
:10422000140800200D8E02200F8E0220008E022026
:10423000D46D0220180800202DE9F04F83B00090C3
:104240001D460846BDF830B01146EFF3108372B634
:10425000324ADFF8E4901288C9F800308A420BF144
:10426000FF339BB205D82E4C2488C4F5A074A1421C
:1042700041DB0B449BB26A1E024492B2FFF794FEEC
:104280000222284CDFF8B4806168C8F80420226854
:10429000254F264E82F00F0201F0020102F0CF02FC
:1042A0003A600E204FF00103716043EC40004FF084
:1042B0000D0A4FF00002019342EC40A020460BFB98
:1042C00005F2009909F0F8FC019B43EC40A00223A1
:1042D0006268C8F80430236802F0020283F0070322
:1042E00003F0CF033B607260D9F8003083F310888D
:1042F00003B0BDE8F08F0E4C24880C440D490988AA
:10430000B4FBF1F601FB16465418324491B20B444B
:104310009BB2A342AFDB013CA3B2ACE7048E022008
:10432000028E0220008008400090084000A0084053
:10433000068E02201A080020346D022000B00840CA
:104340002DE9F04F00278F4B87B01D888E4B1F80C3
:10435000EFF3108372B637228C4C8DF81720236050
:104360000E2247EC40200D2647EC406001220DF163
:104370001701874809F0A8FC4FF0010B4BEC406097
:104380000220EAB2290AFFF7B7FD236883F31088F9
:104390003D46BA467F4B804E1B887D4C02930022DF
:1043A00002997E4B61F30F021FFA8AF861F31F42F4
:1043B00043F8042BB342FBD1EFF3108372B6714A7A
:1043C0001788724AB8451360C0F09A80744B1B88F6
:1043D000C3F5A0739A4580F293806B4A714B1288A3
:1043E0001B885244B2FBF3F103FB11223B441744F8
:1043F000BFB29F42A2BF03F1FF339BB203934FF0C2
:104400002A03B8BF03978DF817304FF00E0945EC1B
:1044100040904FF00D0845EC4080012220460DF100
:10442000170109F051FC4BEC408000223F2304208F
:10443000009311460123FFF78DFD2B238DF81730D4
:1044400045EC409045EC4080012220460DF11701DB
:1044500009F03AFC4BEC4080039A0420D3B200935D
:10446000390A130AFAB2FFF775FD2C238DF81730BD
:1044700045EC409045EC4080012220460DF11701AB
:1044800009F022FC4BEC40800223DFF820916268A7
:10449000C9F804302368DFF81881434F83F00F0315
:1044A00002F0020203F0CF03C8F800300E217A6058
:1044B0004BEC40100D2345EC40304FF4A0723749CF
:1044C000334809F0F9FB0D234BEC403002236268BE
:1044D000C9F804301A40236883F0070303F0CF03C0
:1044E000C8F80030294B7A601B6883F310880AF102
:1044F000010ABAF5F07F7FF452AF07B0BDE8F08F44
:104500002A234FF00E098DF8173045EC40900D2707
:1045100045EC4070012220460DF1170109F0D4FB53
:104520004BEC407000223F230420009311460123EE
:10453000FFF710FD2B238DF8173045EC409045EC2C
:104540004070012220460DF1170109F0BDFB4BEC34
:1045500040704FEA18235FFA88F21946042000924F
:10456000FFF7F8FC2C238DF8173045EC409045EC14
:104570004070012220460DF1170109F0A5FB4BEC1C
:10458000407081E7048E0220068E0220346D0220E6
:1045900000800840008E022054700220D46D02205A
:1045A000028E02201A08002000A0084000B0084037
:1045B00000900840F0B50A269C4B83B01C689C4BC9
:1045C00006FB024C1D889B4B0CF1010CB3F800E07C
:1045D0002378082B00F08580974A0CF10A0766467D
:1045E0000CF1010C3478674504F0100429D0002C3C
:1045F00014BF76462E4616801CF8014C0A3214F081
:10460000080F14BF74462C4622F8084C1CF8014CC5
:1046100014F0040F14BF74462C4622F8064C1CF804
:10462000014C14F0020F14BF74462C4622F8044CBF
:104630001CF8014CE60754BF22F8025C22F802EC99
:10464000CDE744BB7D4C2478002C40D0A2F800E09C
:10465000A2F802E03478670734D5A2F804E0347891
:10466000A40702D4754C247834B3A2F806E0347859
:10467000E40702D4714C247814B3A2F808E00A24A9
:1046800001EB8102520000FB03F100946A48FFF73E
:10469000D3FD03B0F0BDA2F800E034782407D7D4EE
:1046A000664C2478002CD3D1558034786707D4D455
:1046B00095803478A707D8D4D5803478E707DCD440
:1046C000AE46DAE75D4C2478002CC6D1F0E71580C1
:1046D00034782407E8D5A2F802E034786407BCD423
:1046E000E6E7574A544C1278002A00F0AB80624645
:1046F0000CF10A070CF1010CBC4592F900604CD09A
:104700001EEA260238BF2A4622801CF8012C5606D3
:1047100000F11A8112F0800F14BF72462A4662809F
:104720001CF8012C103412F0600F0CBF2A467246A0
:1047300024F80C2C1CF8012C12F0300F0CBF2A4668
:10474000724624F80A2C1CF8012C12F0180F0CBF2A
:104750002A46724624F8082C1CF8012C12F00C0F83
:104760000CBF2A46724624F8062C1CF8012C12F0C5
:10477000060F0CBF2A46724624F8042C1CF8012CA4
:10478000920762460CF1010C14BF24F802EC24F8E5
:10479000025CBC4592F90060B2D1002EC0F2A98043
:1047A000264E3678002E00F0D180A4F800E0A4F860
:1047B00002E01678B60604D4204E3678002E00F0BB
:1047C000A880A4F804E01678F70604D41B4E3678C7
:1047D000002E00F0A380A4F806E01678370704D472
:1047E000164E3678002E00F09E80A4F808E0167869
:1047F000770704D4114E3678002E00F09980A4F883
:104800000AE01678B70704D40C4E3678002E00F074
:104810009480A4F80CE01278D20704D4074A1278E6
:10482000002A00F08F80A4F80EE028E7140800208A
:10483000008E0220180800204C6A02201B8E0220E5
:104840000C8E022062460CEB06070CF1010C67454A
:1048500092F90060A1D035EA260228BF7246228074
:104860001CF8012C103412F0400F14BF72462A4677
:1048700024F80E2C1CF8012C12F0200F14BF7246E5
:104880002A4624F80C2C1CF8012C12F0100F14BF2F
:1048900072462A4624F80A2C1CF8012C12F0080F44
:1048A00014BF72462A4624F8082C1CF8012C12F07A
:1048B000040F14BF72462A4624F8062C1CF8012C5B
:1048C00012F0020F14BF72462A4624F8042C1CF87A
:1048D000012CD20762460CF1010C54BF24F8025C93
:1048E00024F802EC674592F90060B4D1002EBFF6BF
:1048F00057AFA4F800E0167877063FF558AF194E89
:104900003678002E7FF453AF65801678B6063FF5F3
:1049100058AFA5801678F6063FF55DAFE5801678AE
:1049200036073FF562AF2581167876073FF567AF0A
:1049300065811678B6073FF56CAFA5811278D70769
:104940003FF571AFAE466EE77246E8E62580167811
:104950007706D9D5A4F802E01678B6063FF531AF50
:10496000D7E700BF1B8E02202DE9F04FA04F89B082
:104970003D7815B109B0BDE8F08F0A20EBF71EFDB8
:104980000B20EBF71BFD0C20EBF718FD0D20EBF7D0
:1049900015FD0E20EBF712FD0F20EBF70FFD4FF08A
:1049A00001084FF00A0948EC44900B2648EC44609B
:1049B0000D2448EC44404FF00E0B48EC44B00F235C
:1049C00048EC44308B498C48EEF7AAFD41464846F6
:1049D000EBF7C2FC41463046EBF7BEFC41460C20EB
:1049E000EBF7BAFC48EC40400F2348EC4030EFF3C3
:1049F000108272B6814E326045EC403014200021A6
:104A0000ECF732FA0F2348EC403000217C48ECF7F9
:104A10002BFA8DF81F8045EC40B045EC40407648BD
:104A200042460DF11F0109F04FF948EC404042F2B7
:104A300010700021ECF718FA3A238DF81F3045EC7E
:104A400040B045EC40406C4842460DF11F0109F072
:104A50003BF948EC404055214046FFF72DFA3623FC
:104A60008DF81F3045EC40B045EC4040624842466E
:104A70000DF11F0109F028F948EC4040482140465B
:104A8000FFF71AFA21238DF81F3045EC40B045ECB2
:104A90004040594842460DF11F0109F015F948EC14
:104AA0004040B7238DF81F3045EC40B045EC404006
:104AB000514842460DF11F0109F006F948EC40400B
:104AC000C6214046FFF7F8F933238DF81F3045EC37
:104AD00040B045EC4040484842460DF11F0109F006
:104AE000F3F848EC404040232A46009329464346C9
:104AF0000620CDE90155FFF7B5F911238DF81F30D8
:104B000045EC40B045EC40403B4842460DF11F01AA
:104B100009F0DAF848EC4040336883F3108842F239
:104B200010700021ECF7A0F9364B1D80364B1B8826
:104B30000593EFF3108272B6326037228DF81F2092
:104B400045EC40B045EC40402B4842460DF11F017A
:104B500009F0BAF848EC4040059B0220DAB2190A85
:104B6000FFF7CAF9336883F31088284B284CB3F851
:104B700000800022274B68F30F02A9B268F31F429E
:104B800043F8042BA342FBD14FF4A072002001355F
:104B9000FFF760FAB5F5F07FEBD1EFF3108272B654
:104BA0002923326000250E228DF81F3045EC40206D
:104BB0004FF00D0845EC408001220DF11F010E4819
:104BC00009F082F8012444EC4080336883F31088B4
:104BD000EBF726FF104B114ACDE9015300924FF03D
:104BE000FF330F4AECF722F83C7009B0BDE8F08FB4
:104BF000168E0220C068780400800840346D0220C0
:104C0000C0D40100068E0220048E0220008E0220F5
:104C100054700220D46D0220D80F0020554101109D
:104C2000E05EF8FF4FF05043586880F48000C0F316
:104C3000805070472DE9F041494B0F461B7884B0F6
:104C400003B940025121FF26030E8DF80930030CF1
:104C50008DF80A30030A8DF80B304FF00002112353
:104C60008DF80C008DF808108DF80D6042EC403086
:104C700008223C493C4809F027F806223A4802A994
:104C800009F022F84024DFF8E08002E013F0FF048E
:104C900057D0012340460DF107020DF106018DF8B2
:104CA000066009F005F89DF907C09DF80750BCF1B2
:104CB000000F04F1FF33E9DB002D42D1FF262B4C1E
:104CC000DFF8A48001E0002C3BD00123404602AA7B
:104CD0000DF107018DF8076008F0EAFF9DF8083034
:104CE000013CFE2BEFD164B34FF40072FF21384634
:104CF00000F03CFB3A4639464FF400731A4808F07E
:104D0000D7FF02AA0DF10701012317488DF80760AC
:104D100008F0CEFF02AA01230DF1070112488DF819
:104D2000076008F0C5FF11234FF0010242EC40304C
:104D300008220C490C4808F0C7FF284604B0BDE81B
:104D4000F08111234FF0010242EC4030032508228C
:104D50000449054808F0B8FF284604B0BDE8F081D2
:104D6000128E02201C08002000000840A0860100CE
:104D70002DE9F043BB4985B0BB48EEF7D1FB1123C9
:104D80004FF0010242EC40300822B849B64808F022
:104D90009BFF42F210700021ECF766F85024FF26CA
:104DA000B14D0123284602AA01A98DF8046008F03C
:104DB0007FFF013CF5D142F210700021ECF754F86E
:104DC0000A272546DFF8A482A74E40244FF4154257
:104DD00011230294ADF80C2045EC403008224146E6
:104DE000304608F071FF0622304602A908F06CFF39
:104DF0004FF0FF0902E013F0FF0429D0012301AABC
:104E000030460DF103018DF8039008F051FF9DF934
:104E10000420631E002A9DF80440ECDB4FF01109CA
:104E20004FF0010343EC409008224146304608F021
:104E30004BFF012C17D0013F04D10225284605B0B5
:104E4000BDE8F08342F210700021ECF70DF8BCE7EA
:104E500011234FF0010242EC403008224146304617
:104E600008F032FFE7E748F2AA72814BADF80C2058
:104E700002934FF0000343EC409008227B497A48AC
:104E800008F022FF0622784802A908F01DFF4024FE
:104E9000FF26754D02E013F0FF0412D0012301AA92
:104EA00028460DF103018DF8036008F001FF9DF91C
:104EB0000420631E002A9DF80440ECDB012C00F066
:104EC0009D8011234FF0010242EC403008226749D7
:104ED000654808F0F9FE4FF47A774FF00008634E0A
:104EE000614D77214FF47F4211230291ADF80C20E0
:104EF00048EC403008223146284608F0E5FE0622FC
:104F0000284602A908F0E0FE40244FF0FF0902E025
:104F100013F0FF045CD0012301AA28460DF1030120
:104F20008DF8039008F0C4FE9DF90420631E002A4A
:104F30009DF80440ECDB4FF011094FF0010343EC06
:104F4000409008223146284608F0BEFE012C3FF66C
:104F500074AF44F269024FF47F430292ADF80C3013
:104F600048EC409008223146284608F0ADFE062263
:104F7000284602A908F0A8FE40244FF0FF0902E0ED
:104F800013F0FF042FD0012301AA28460DF10301DD
:104F90008DF8039008F08CFE9DF90420631E002A12
:104FA0009DF80440ECDB4FF011094FF0010343EC96
:104FB000409008223146284608F086FE002C3BD05F
:104FC0004FF47A700021EBF74FFF013F89D134E7AE
:104FD00011234FF0010242EC4030082223492248BD
:104FE00008F072FE29E711234FF0010242EC403035
:104FF00008223146284608F067FEE1E74FF0FF350A
:1050000002AA042311461848029508F051FE112304
:1050100044EC403008221549134808F055FE9DF82D
:105020000A3003F00F03012B7FF407AF9DF80B301C
:10503000AA2B3FF450AF00E77A2302934FF47F434B
:10504000ADF80C3044EC409008220849064808F0BE
:105050003BFE0622044802A908F036FE4024FF2742
:10506000014E0AE0801A0600000008401C080020DB
:105070004800000113F0FF04AAD0012301AA304622
:105080000DF103018DF8037008F012FE9DF9042064
:105090009DF80450002A04F1FF33EBDB002D97D17B
:1050A00004234FF0FF340DEB030211462A4801940C
:1050B00008F0FEFD11244FF0010343EC40400822AC
:1050C0002649254808F000FE9DF80430244A03F0E4
:1050D0004003002B14BF01230023137037D1214B51
:1050E00002934FF47F43ADF80C3045EC404008226A
:1050F0001A49194808F0E8FD0622174802A908F0E5
:10510000E3FD4024FF27144E03E013F0FF043FF4B7
:105110005FAF01230DF1030230460DF102018DF85E
:10512000027008F0C5FD9DF90320631E002A9DF85A
:105130000340EADB11234FF0010242EC4030082229
:105140000649054808F0C0FD002C7FF476AE0649FC
:105150000148EEF75FFA71E6000008401C080020E5
:10516000128E02205000000240787D0170B5164E6C
:10517000357805B170BD1020EBF720F91120EBF761
:105180001DF91220EBF71AF91320EBF717F9162087
:10519000EBF714F90124112344EC4430162045ECBC
:1051A00044002A462146EBF7F5F821461020EBF79C
:1051B000D3F821461220EBF7CFF821461320EBF766
:1051C000CBF8347070BD00BF1A8E0220034BD3E8B9
:1051D0008F0FC0B280F00100704700BF188E022010
:1051E00030B52A4C87B00123C4E88F3F09238DF8DE
:1051F0001430EBF72FFE42F210734FF0FF3C6FF0CC
:105200000042C01841F10001844572EB01033CBF2C
:10521000114660460025CDE9020101231F211C48EB
:1052200005AA0095EEF740F9831C01D2012805D0AC
:105230000023C4E88F3F184607B030BDEBF70AFEE5
:1052400044F620634FF0FF356FF00042C01841F183
:105250000001854272EB01033CBF28461146002540
:10526000CDE9020102231F21094805AA0095EEF7A6
:1052700039F9831C012BDBD90228D9D1C4E88F5F0F
:10528000BDF8140040BA80B2D6E700BF188E0220E5
:10529000AC07002038B50F4D2C7804B138BD42F270
:1052A00010710D48EEF7DAF803210720EBF754F8F8
:1052B00003210620EBF750F8224601210720EBF7E7
:1052C00069F8224601210620EBF764F801232B70D0
:1052D00038BD00BF198E0220AC07002040EA010350
:1052E0009B0730B501D1032A17D8844601F1FF3E50
:1052F00007E01EF8011F541E03F8011B29B12246C6
:105300009C466346002AF4D130BD002CFCD0944466
:1053100003F8011B6345FBD130BD0C46844625686C
:1053200021460434A5F1013323EA050313F0803F3D
:10533000DCD1043A4CF8045B032AF0D82146D5E7C7
:10534000024B0A460146186803F0C2BD2808002037
:1053500000B583B0044B014601AA186803F0B8FDFC
:1053600003B05DF804FB00BF2808002070B5860775
:1053700047D0541E002A3ED0CAB2034601E0013C89
:1053800039D303F8012B9D07F9D1032C2CD9CDB2C9
:105390000F2C05EB052505EB054535D9A4F1100CBF
:1053A00003F1100E1A462CF00F064FEA1C1CB644EF
:1053B000C2E90055C2E9025510327245F8D10CF12C
:1053C000010214F00C0F04F00F0C03EB021213D0C7
:1053D000ACF1040323F003030433134442F8045BE9
:1053E0009342FBD10CF003042CB1C9B21C4403F866
:1053F000011BA342FBD170BD64461346002CF4D1BF
:10540000F9E703461446C0E71A46A446E0E700BFA2
:1054100020B5054682B008B1436B83B14B68013BB0
:10542000002B4B6005DB0B685A1C0A60187802B031
:1054300020BD284602B0BDE8204001F0C3BC019168
:1054400004F06CFD0199E9E738B50D4B04461D6881
:105450000DB16B6B7BB16368013B002B636004DBB8
:1054600023685A1C2260187838BD21462846BDE8BA
:10547000384001F0A7BC284604F050FDEBE700BF20
:1054800028080020000000002DE9F04FC3B01C46A2
:105490009046054608910D930C9005F0A5FD036814
:1054A0001846149304F08EFE13901DB16B6B002B05
:1054B00000F0ED870899B1F90C204B6E900405D4EB
:1054C00042F4005223F400538A814B669F0401F199
:1054D0006581089AB2F90C301E0740F1BA80126952
:1054E000002A00F0B68003F01A030A2B00F0C080F7
:1054F0000023C3469C46CDE9263332ABE046CDF8C7
:1055000028C09A4625939FED6E7BCDE915CC8DED95
:10551000107B9BF800305C46DBB1252B19D025466B
:1055200014F8013F0BB1252BF9D1B4EB0B0610D0C9
:10553000279B33442793269B0133072B2693CAE9E5
:1055400000B600F3A4800AF1080A0A9B33440A93C8
:105550006B78002B00F0A4804FF0000304F1010BE6
:1055600065784FF0FF398DF8773000230993069363
:105570000BF1010BA5F12003582B00F2A580DFE809
:1055800013F00D02A300A3000602A300A300A300D2
:10559000A300A300A3009D010002A300A801C50170
:1055A000A300F90159005900590059005900590048
:1055B000590059005900A300A300A300A300A300B1
:1055C000A300A300A300A300A300E0011901A3000E
:1055D0001901A300A300A300A3006102A300A3007C
:1055E0004C02A300A300A300A300A3001802A30081
:1055F000A3008206A300A300A300A300A300A300AE
:10560000A300A300A300A300B6016A0119011901B8
:105610001901AF016A01A300A300B702A300A90208
:10562000A50696028F02A3006802A300A806A300A5
:10563000A300AB06A5F13003002202EB82021BF8A7
:10564000015B03EB4202A5F13003092BF5D9099266
:1056500090E7089D0C98294602F0B6FE002841F01C
:105660009D80B5F90C3003F01A030A2B7FF440AF8C
:10567000089BB3F90E30002BFFF63AAF23464246A3
:1056800008990C9843B0BDE8F04F01F06FB925AA16
:1056900008990C9804F0D8FE30B90DF1C80A54E707
:1056A000279B002B40F0C487089B9B895B0601F178
:1056B00075800A9843B0BDE8F08F00BFAFF300805B
:1056C00000000000000000000E95002DE8D000232F
:1056D00028AE8DF8A0508DF87730012307930B93F7
:1056E0004FF000094B46CDF83C90069A279C12F0EB
:1056F000840505D1099A0799571A002F00F37F8373
:105700009DF8772082B1269A0DF17701013401329C
:10571000CAF8001001212794072A2692CAF804101B
:1057200000F3AD830AF1080A7BB1269A1EA9023460
:105730000132CAF8001002212794072A2692CAF8DB
:10574000041000F3AA830AF1080A802D00F03682C3
:105750000B9BA9EB0307002F00F37882069BDF0564
:1057600000F1D0810B9BCAF800601C44CAF80430D9
:10577000269B27940133072B269300F3E8820AF136
:10578000080A069B5A0705D5099B079A9D1A002D02
:1057900000F38F830799DDE909238A42ACBF9B1888
:1057A0005B180A93002C40F0BC8200230DF1C80A5C
:1057B0002693AEE60D9B4FF0FF320E95073323F094
:1057C0000701B44BB1EC027B55EC174B0D9125F062
:1057D00000418DED187A1991DDE918678DED107B88
:1057E00030463946EBF798FE002840F0B1844FF080
:1057F000FF32A84B30463946EBF7C6FE002840F092
:10580000A7840022002320462946EBF7A9FE0028A2
:1058100040F0A2869DF87730069A9F4E22F08002D3
:1058200006929E4A0E994FF000094729D8BF1646A6
:105830000322CDF83C9007920B9213B1079B0133E2
:105840000793069B13F002033FF44FAF079B02330D
:105850000793022349E7069B0E959D0679D50D9B7C
:10586000073323F007031A46596852F8083B0D9294
:105870000A460029C0F24D84B9F1000F08DB0699F1
:1058800021F0800003D153EA020100F0BF800690AE
:105890000A2B72F1000180F0FF8530330DF1C7064D
:1058A0008DF8C73001230B930B9A9DF877304A454A
:1058B000B8BF4A46079200220F92BEE70D9B53F8ED
:1058C000042B002A099280F23184099A0D935242E6
:1058D0000992069B9BF8005043F00403069347E6A9
:1058E000069B9BF8005043F04003069340E60D9B57
:1058F000002228AE0E958DF8772053F8042B0D93D7
:1059000001238DF8A02007930B93E9E65A4612F87D
:10591000015B2A2D00F0EA87A5F13003092B00F284
:1059200042874FF0000909EB890912F8015B03EB8C
:105930004909A5F13003092BF5D949EAE9799346DC
:1059400018E6069B0E9543F010030693069B9D06F2
:1059500085D40D9A52F8043B0D92069AD40600F1B4
:10596000D383069A500640F1CF8343F3C0321BB273
:1059700011467EE7069B9BF8005043F08003069398
:10598000F6E52B239BF800508DF87730F0E5069B69
:105990009BF8005043F001030693E9E59DF877304A
:1059A0009BF80050002B7FF4E3AD20238DF8773077
:1059B000DEE5069B0E9543F010030693069B13F05D
:1059C000200200F081830D9B0121073323F00703A0
:1059D00018465A6850F8083B0D900020B9F1000FA6
:1059E0008DF87700C0F26B81069853EA020420F02C
:1059F000800040F06381B9F1000F40F05F8129B968
:105A0000069B13F001030B9340F0FE824FF0000958
:105A100032AE0690CDF82C9046E7069B0E9543F0EB
:105A200010030693069B13F0200200F05D830D9B8C
:105A30000021073323F0070318465A6850F8083B43
:105A40000D90CAE7069B9BF8005043F008030693AD
:105A50008EE50D9C00270E9554F8046B8DF8777039
:105A6000002E00F05284B9F1000FC0F25A854A4668
:105A70003946304605F048FA002800F08486821B3B
:105A8000B9469DF877300B9222EAE2720D940792A4
:105A90000F97D2E6FFFFEF7F28E1011024E101100C
:105AA000069B9BF8005043F02003069360E5069B9D
:105AB00078200D9A43F00203AB490E90069347F607
:105AC000300316910221ADF8783052F8043B0D9264
:105AD000002282E7069B9D0640F12D830D9B0A9ACA
:105AE0001B681A60D2175A600D9B04330D9310E5A2
:105AF0009BF80050069B6C2D00F0FE8343F01003D2
:105B0000069335E50E9B652B40F33481002200237C
:105B1000DDE91001EBF712FD002800F00882269B5A
:105B20000134924A01332794CAF800200122072B3E
:105B30002693CAF8042000F39D840AF1080A1F9BEB
:105B4000434580F2EE82139B149A1C44CAE9002359
:105B5000269B27940133072B269300F3C1830AF178
:105B6000080A08F1FF35002D7FF70BAE102D269B9C
:105B700040F3CF867E49224610260C9FDDF8209008
:105B80000C46129103E0103D102D40F3D3800133F9
:105B90001032072BCAE90046CDE926320AF1080A7D
:105BA000F1DD25AA4946384604F04EFC00287FF472
:105BB0007BAD0DF1C80ADDE92632E4E7099B079ABF
:105BC0009F1A002F7FF7C4AD694A102F269B1292AF
:105BD00028DD52462046C2461025B04619460C9C88
:105BE000634E02E0103F102F17DD013110300729FE
:105BF000C2E90065CDE9261002F10802F2DD25AA0E
:105C00000899204604F020FC00287FF44DAD103F99
:105C100032AA102FDDE92610E7DC46460446D046BE
:105C20000B4692460133129A3C44CAF80470072B83
:105C3000CAF80020CDE9263400F366840B9B0AF1F4
:105C4000080AA9EB0307002F7FF788AD484A102FF9
:105C5000269B129223DD22464FF010090C9D089CD2
:105C600002E0103F102F19DD013310324049072B9D
:105C7000CAE90019CDE926320AF1080AF1DD25AAA0
:105C8000214628460DF1C80A04F0DEFB00287FF407
:105C90000BAD103F102FDDE92632E5DC1446013351
:105CA000129A3C44CAF80470072BCAF80020CDE9C8
:105CB000263400F3F7810AF1080A4FE5069001291E
:105CC0003FF4E6AD022932AE10D1169803F00F0171
:105CD0001B09415C43EA0273120906F8011D53EAED
:105CE0000201F3D132AB9B1B0B93DDE503F00701FF
:105CF000DB08304643EA42733031D20806F8011D12
:105D000053EA0204F2D13029ECD0069BDB07E9D537
:105D10003023023806F8013C32AB06461B1A0B93BF
:105D2000C2E525AA08990C9804F08EFB00283FF4E0
:105D30003CADB9E41446129A2C44CAF80450CAF88F
:105D400000200133072BCDE926347FF718AD25AAB3
:105D500008990C9804F078FB00287FF4A5AC279CE8
:105D60000DF1C80A0DE500BF44E10110BCDE0110D1
:105D7000D4FE0110269DB8F1010F04F101040AF1CF
:105D8000080705F1010540F347810123072DCAF8F3
:105D90000060CAF80430CDE9265400F31383139B46
:105DA0000135149A1C44072DC7E90023CDE9265478
:105DB00000F3148308370022002308F1FF39DDE9DE
:105DC0001001EBF7BBFB002840F0408101350136A4
:105DD0004C44C7F80490072D3E60CDE9265400F3EB
:105DE00029810837159B01351C447B60072D21ABA9
:105DF000CDE926543B60AADC07F1080AC1E4B049AA
:105E0000102F269A12912BDD51462046C2460C9C3B
:105E1000B04617932E46AA4D02E0103F102F19DD11
:105E20000132103010230D60072A01F1080141F8FA
:105E3000043CCDE92620F0DD089925AA204604F08F
:105E400003FB32A900287FF42FAC103F102FDDE9AF
:105E50002620E5DC3546179B46460446D0468A4652
:105E6000013212993C44CAF80470072ACAF800109B
:105E7000CDE9262400F3BE820AF1080A40E425AAEF
:105E800008990C98129304F0DFFA00287FF40CAC08
:105E9000279C0DF1C80A129B46E425AA08990C9884
:105EA00004F0D2FA00287FF4FFAB279C0DF1C80A5A
:105EB0004BE4102D269B40F37B848149224610261B
:105EC0000C9FDDF820900C46129102E0103D102D41
:105ED00018DD01331032072BCAE90046CDE926321E
:105EE0000AF1080AF2DD25AA494638460DF1C80A2A
:105EF00004F0AAFA00287FF4D7AB103D102DDDE99D
:105F00002632E6DC14460133129A2C44072BCAE9E8
:105F10000025CDE926347FF73DAC25AA08990C98D9
:105F200004F092FA00287FF4BFAB279C32E41F9A5A
:105F3000002A40F36E820F9F4745A8BF4746002FB7
:105F40000BDD269B3C4401332794072B2693CAE99B
:105F5000006700F3E0830AF1080A0F9D002FA8BF35
:105F6000ED1B002D00F3DB811F9B4345C0F2018236
:105F7000069AD00700F1FD810F9AA8EB0303A8EB66
:105F800002059D42A8BF1D46002D0EDD1644269A2F
:105F90002C44CAF804500132CAF800602794072A3A
:105FA000269200F3CB830AF1080A002DACBF5E1BDA
:105FB0001E46002E7FF7E5AB102E269B40F3B884DB
:105FC0004049224610250C9FDDF820900C46129186
:105FD00003E0103E102E40F3608301331032072B94
:105FE000CAE90045CDE926320AF1080AF1DD25AA01
:105FF0004946384604F028FA00287FF455AB0DF1E5
:10600000C80ADDE92632E4E7302389460DF1C706E8
:1060100006908DF8C73047E4069BD9073FF5B5AE2B
:106020000123072DCAF80060CAF80430CDE92654D0
:106030007FF7D8AE25AA08990C9804F005FA002835
:106040007FF432AB32AFDDE92654CBE6B8F1010F75
:106050007FF7C8AE1B4BB8F1110F129340F370825B
:1060600022461026DDF830A01C4605E0A9F11009F3
:10607000B9F1100F40F3638201351032072DC7E9E3
:106080000046CDE9265207F10807EFDD25AA089959
:10609000504604F0D9F900287FF406AB32AFDDE9B1
:1060A0002652E3E725AA08990C9804F0CDF90028B8
:1060B0007FF4FAAA279C0DF1C80AFFF74FBB00BF77
:1060C000C4FE0110D4FE01100D9951F8043B0D914E
:1060D000069911F0100105D1069A12F0400201D084
:1060E0009BB20A46012178E40D9951F8043B0D91C9
:1060F000069911F0100105D1069A12F0400201D064
:106100000A469BB2114668E4DA1711460029BFF629
:10611000B3AB5B424FF02D004FF0010162EB420246
:106120005CE4069BDE077FF52CAB0CE59BF800508A
:106130000D93FFF71DBA069BDC0600F12981069B33
:10614000580640F125810D9B0A9A1B681A80CBE402
:10615000DDE9100102460B46EBF7DEF9002840F0BE
:106160009D830E9BB9F1FF3F23F02003079300F0BE
:10617000CF82B9F1000F03D1472B08BF4FF00109BF
:10618000069ADDE9100142F480750029C0F29B8275
:1061900000279DED107B8DED1A7B0E9B652B00F08B
:1061A0004E8200F3C482452B00F0498223AB0C9849
:1061B000CDF80490049320AB03931FAB029302230A
:1061C0000093DDE91A2301F08FF9069B0646D907F3
:1061D00000F1F281239BA3EB00081F9B0F930F9B01
:1061E000DA1C02DB994580F274820E9B023B0E930F
:1061F0000E9B8DF884300F9B591E00291F91C0F211
:1062000021832B2309298DF8853040F308830DF174
:10621000930CDFF864E36446AEFB01390A4620467E
:10622000013C4FEAD909632A09EB8903A1EB430337
:10623000494603F1300300F8013CEDDC831E3031A8
:10624000634504F8011C80F076830DF1850213F894
:10625000011B634502F8011FF9D142AB181AA0F1E6
:1062600071031593159BB8F1010F43440B9340F351
:10627000DF820B9B139A134400220B9323EAE373F0
:106280000F920793CAE1B74B0E951693069B13F036
:10629000200200F086800D9B073323F00703194688
:1062A0005A6851F8083B0D910698C10776D553EA14
:1062B000020173D040F0020106910E998DF8791019
:1062C00030218DF878100221FFF787BB0E95FFF77C
:1062D000A9BB0E95FFF772BBA34B0E951693D5E79E
:1062E00025AA08990C9804F0AFF800287FF4DCA9DF
:1062F000279C0DF1C80A34E443F020039BF80150B9
:106300000BF1010B0693FFF733B94B46974E0D94F3
:10631000062B28BF06230B930793FFF7E1B9102D37
:10632000269B40F3F382924821460B9610271A468B
:10633000DDF83090089C0646129003E0103D102DC9
:1063400040F31C8101321031072ACAE90067CDE908
:1063500026210AF1080AF1DD25AA2146484604F063
:1063600073F800287FF4A0A90DF1C80ADDE9262101
:10637000E4E7139A14991444CAE90012269A279460
:106380000132072A269200F391810AF1080AF3E507
:106390000D9B0A9A1B681A60FFF7A6BB0221FFF744
:1063A0001CBB0D9951F8043B0D91069911F0100199
:1063B0007FF47AAF069A12F040023FF475AF9BB2B9
:1063C0000A4671E725AA08990C9804F03DF80028C0
:1063D0007FF46AA932AFDDE92654E0E425AA0899E2
:1063E0000C9804F031F800287FF45EA932AFDDE9A3
:1063F0002654E0E425AA08990C98129304F024F896
:1064000000287FF451A9279C0DF1C80A129BFFF7C1
:1064100077B9269B0134574901332794CAF80010F5
:106420000121072B2693CAF8041000F3B8800AF163
:10643000080A58EA020300F09481139B14991C4443
:10644000CAE90013269B27940133072B269300F3F8
:1064500051810AF1080A002AC0F2AE810133444496
:10646000CAF80060072BCAF80480CDE926347FF70C
:1064700086A96CE425AA08990C9803F0E5FF00288A
:106480007FF412A9279C0DF1C80AFFF758BB0C989E
:1064900003F044FDFFF70EB832AE37484FF0CC3E64
:1064A0000527CDF81C9099181D46144641F10001AE
:1064B000A0FB01C929F0030C0CEB990CA1EB0C011A
:1064C0005B1A62F1000C0EFB03F200FB0C22A3FB33
:1064D00000C31A440CF001034FEA5C0CA3FB07391C
:1064E00059180A2D4CEAC27301F1300174F100040D
:1064F0004FEA520206F8011DD5D232ABDDF81C90EE
:106500009B1B0B93FFF7D0B925AA08990C9803F0B1
:106510009BFF00287FF4C8A8279C0DF1C80AFFF74D
:1065200017B93046B94603F04DFE20EAE0729DF8F7
:1065300077300D940B900F970792FFF77EB91446B2
:106540000135129B4C44C7F80490072D3B60CDE900
:1065500026547FF746AC6DE52D238DF87730FFF795
:106560005BB900BF30E1011044E1011058E10110B6
:10657000D4FE0110BCDE0110CDCCCCCC0B9E0C4661
:1065800013460133129A2C44CAF80450072BCAF858
:106590000020CDE926346FDC0AF1080AE4E425AADC
:1065A00008990C9803F050FF00287FF47DA81F9AEB
:1065B0000DF1C80A279C3CE700EB090400220023E8
:1065C000DDE91A01EAF7BAFF002840F0C680239BF4
:1065D000A34206D230215A1C23921970239B9C425D
:1065E000F9D81F9A0F92A3EB0608079B472B3FF49D
:1065F000F6AD0E9B662B7FF4FBAD069B0F9A03F066
:106600000103002A43EA090340F38781002B40F08D
:106610005C810F9B07930B9366230E930695002FC7
:1066200036D02D234FF000098DF87730FFF706B9EB
:1066300025AA08990C9803F007FFFFF735B809F170
:10664000010802230C98CDE9003823AB049320AB5A
:1066500003931FAB0293DDE91A2300F045FF0E9B65
:10666000064600EB0804662BA8D13378302B00F0E7
:1066700007811F9B1C44A1E725AA08990C9803F0E9
:10668000E3FE00287FF410A8279C0DF1C80A6BE4F4
:10669000B9469DF87730FFF7D0B81446129A3444C3
:1066A000CAF80460CAF80020FFF74BBB25AA089976
:1066B0000C9803F0C9FE00287EF4F6AF1F9B0DF185
:1066C000C80A279C58E401F100432D271A901B9318
:1066D00063E50F9B984500F39680069B13F0010F2E
:1066E0000F9B40F0FC8023EAE3720B936723079231
:1066F0000E9393E725AA08990C9803F0A5FE0028AD
:106700007EF4D2AF1F9A0DF1C80ADDE92634A2E665
:106710004FF0060934E525AA08990C9803F094FE79
:1067200000287EF4C1AF279C0DF1C80A15E40E9B2A
:10673000662B7FF43BADC846032383E725AA08995F
:106740000C9803F081FE00287EF4AEAF1F9B0DF184
:10675000C80A279CA8EB030327E41F9A23460F923D
:1067600041E7069BDD077FF50CA8139B149A1C4498
:10677000CAE90023269B27940133072B2693B9DC13
:106780000AF1080A6AE6CDF81C90CDF82C908146F3
:106790009DF877300D940F90FFF74FB84FF0FF330F
:1067A0000A93FEF786BF93464FF00009FEF7E2BE5C
:1067B000644A1292FFF7A7BB5542103280F2BE80A6
:1067C0006148214610271A46DDF8309004461290A1
:1067D00002E0103D102D39DD01321031072ACAE9DF
:1067E0000047CDE926210AF1080AF2DD25AA089919
:1067F000484603F029FE00287EF456AF0DF1C80A82
:10680000DDE92621E5E7139B0F9A4344002A0B9309
:1068100051DD23EAE373079367230E93FEE63023EB
:1068200030318DF8863004238DF88710159319E5E3
:10683000069A12F001020F927FF41BAD23EAE37374
:106840000793EBE6C3F101012D23DBE40C4613466D
:106850000133129A2C44CAF80450072BCAF80020BE
:10686000CDE926348CDD25AA08990C9803F0ECFDBF
:1068700000287EF419AF0DF1C80ADDE92634EDE5F4
:1068800000220023DDE91A01EAF758FE002838D07B
:106890001F9B1C440F93A4EB0608AEE6119B002B34
:1068A00020DB9DF87730069A284E22F0800206926F
:1068B000274AFEF7B7BF0F9B0B9AC3F101031A4497
:1068C000134667220B930E92B8E7139B4B44134475
:1068D00066220B9323EAE3730E9207939EE6139AC4
:1068E0001344EEE72D238DF87730DCE70D9B9BF802
:1068F0000150934653F8049B49EAE9790D93FEF75A
:1069000037BEC8F101031C441F9357E60E4A12928A
:1069100037E60D4A1292FFF70EBA2BB90123662211
:1069200007930E920B9379E6139B01334B44CFE709
:10693000054A1292B2E60223159393E4024A129298
:1069400086E700BFC4FE0110D4FE0110E0DE011096
:106950002CE1011010B4044C13460A46014620688D
:106960005DF8044BFEF790BD2808002070B5ADF52A
:106970008D6D0C4606461AA900910491A18921F05B
:106980000201ADF80C104FF4806102910591616E27
:106990001991E189ADF80E10E1690791616A0991D9
:1069A000002106916946FEF76FFD051E07DB69466B
:1069B000304600F0D1F8002818BF4FF0FF35BDF881
:1069C0000C305B0603D5A38943F04003A38128461E
:1069D0000DF58D6D70BD00BF024B1968703103F06D
:1069E000CFBA00BF28080020002310B50C461A4675
:1069F00001F0DAFEA38923F06003A38110BD00BF7C
:106A00000023064A10B5044610681A46214601F0D4
:106A1000CBFEA38923F06003A38110BD28080020CA
:106A2000B1F90C202DE9F04116070C4680464ED4F2
:106A3000496842F400630029A38163DDA56A002D43
:106A400042D0002112F48052D8F80060C8F800103B
:106A5000E16964D101234046A847451C02466DD038
:106A6000B4F90C30A56AE169580705D56368D21AF4
:106A7000236B0BB1E36BD21A00234046A847431C9B
:106A80004FD1D8F80010B4F90C301D2940D8314A44
:106A9000CA40D7073CD523F40062DD04A2814FF041
:106AA000000262602269226001D5002944D0216B76
:106AB000C8F8006041B104F14003994202D0404659
:106AC00001F040FD002323630020BDE8F0810E6942
:106AD000002EF9D092070D680E600CBF4B690023A1
:106AE000AD1B8B600BE02B463246E1694046676A7E
:106AF000B847B0F1000CA5EB0C05664406DD002D8F
:106B0000F1DCE1E7E16B002998DCDDE7B4F90C305A
:106B100043F040034FF0FF30A381BDE8F081226DC8
:106B2000A2E7B4F90C300022626023F40062DB04B7
:106B3000A28122692260BAD52065B8E7D8F8003072
:106B4000002B8DD01D2B01D0162BDFD1C8F8006093
:106B5000BAE700BF0100402010B5044682B008B17A
:106B6000436B53B1B1F90C0008B902B010BD204617
:106B700002B0BDE81040FFF753BF019103F0CEF91A
:106B80000199EFE7A0B138B50C4B04461D680DB173
:106B90006B6B4BB1B4F90C0000B938BD21462846E7
:106BA000BDE83840FFF73CBF284603F0B7F9F1E7EE
:106BB000034A0449044804F0F3B900BF2808002040
:106BC000600D0020596B011030080020014B18683F
:106BD000704700BF28080020012A51DD2DE9F04749
:106BE000164682B0804689461D4610B1436B002B85
:106BF00043D0013E4F460DE02B68274401936B685C
:106C0000A3EB040C019B2344C5E9003C01F092FF77
:106C1000361B2BD06B68294640461BB902F0DCF8C6
:106C200010BB6B68B342D5F800A04FF00A0128BF33
:106C3000334650461A461C4604F066F9034622467F
:106C400051463846002BD7D00133A3EB0A042B6002
:106C50006B6822461B1B6B6001F06CFF00233B55E9
:106C6000484602B0BDE8F0874F4502D000233B7094
:106C7000F6E7002002B0BDE8F08703F04FF9B8E76F
:106C80000020704710B4044C13460A4601462068A1
:106C90005DF8044BFFF7A0BF2808002010B484461D
:106CA000104C1CF8013B11F8010BE25C02F00302EE
:106CB000012A225C02F0030208BF2033012A06D019
:106CC0001B1A0AD10028ECD15DF8044B7047203024
:106CD000181AE6D05DF8044B704718465DF8044B6F
:106CE000704700BF45FF011038B5A1FB021434BB4B
:106CF00000F0BAF8054630B350F8042C22F0030235
:106D0000043A242A0CD8132A0FD91B2AC0E90044BC
:106D100012D9242AC0E9024418D000F1100205E07B
:106D20002146FEF723FB284638BD024600232846AD
:106D3000C2E90033936038BD00F10802F6E7FFF7BF
:106D400045FF0C2303600025284638BD00F11802DA
:106D5000C0E90444EAE700BF10B5044682B008B1B8
:106D6000436B2BB1204602B0BDE8104001F058BF84
:106D7000CDE9001203F0D2F82046DDE9001202B09E
:106D8000BDE8104001F04CBF0D4B0A4610B504465B
:106D9000186882B008B1436B2BB1214602B0BDE840
:106DA000104001F03DBFCDE9000103F0B7F82146E6
:106DB000DDE9000202B0BDE8104001F031BF00BFC4
:106DC0002808002038B505460C4608B1436BCBB106
:106DD000B4F90C20636E910405D442F4005223F4FC
:106DE0000053A28163669B040FD42146284601F01C
:106DF000F3FF50B9D4E90023511C013BC4E900134F
:106E0000107838BD03F08AF8E2E74FF0FF3038BD64
:106E1000144B10B50446186882B008B1436BCBB16F
:106E2000B4F90C20636E910405D442F4005223F4AB
:106E30000053A28163669B0411D4214601F0CCFF6C
:106E400068B9D4E90023511C013BC4E90013107850
:106E500002B010BD019003F061F80198E0E74FF037
:106E6000FF30F5E72808002001F10B03162B2DE970
:106E7000F04F074683B023D8102900F2AF8002F00C
:106E80005FFF102518230220C24E33445C68A3F133
:106E90000802944200F078816368384623F00303C7
:106EA000D4E902122344CA6091605A68083442F05F
:106EB00001025A6002F046FF204603B0BDE8F08FA1
:106EC000002B23F00705C0F28980A94200F28680DA
:106ED00002F036FFB5F5FC7FC0F0B2816B0A00F01E
:106EE0008180042B00F27C81AB0903F1390003F1AE
:106EF000380EC300A74E3344A3F1080C5C68A445C8
:106F000007D10DE0002AE16880F238818C450C46FB
:106F100006D0636823F003035A1B0F2AF2DD704684
:106F2000DFF874823469444500F0EA80636823F036
:106F3000030CACEB05030F2B00F39281002BC6E989
:106F4000048880F28181BCF5007FD6F804E080F0EF
:106F500027814FEADC0301224FEA5C1C013302FA6D
:106F60000CF256F833104EEA020E06EBC302083A52
:106F7000C6F804E0C4E9021246F83340CC6083103E
:106F80004FF0010C0CFA03FCF44531D81CEA0E0F4B
:106F900007D120F003004FEA4C0C04301CEA0E0F1E
:106FA000F9D006EBC00A8146D646DEF80C300BE07D
:106FB0005A681C46DB6822F00302511B0F2900F3BC
:106FC0001B81002980F22F819E45F1D109F1010931
:106FD0000EF1080E19F0030FE7D165E10C233B60B9
:106FE000002469E74FF4007340204FF03F0E81E723
:106FF000B468636823F00309A9EB05030F2B02DDD6
:10700000A94580F0AA80DFF894B104EB09030820B9
:10701000DBF800200093103202EB050801F052FE6D
:10702000D6F808140246013105D008F1FF38414274
:10703000804401EA080841463846019203F0F0F81E
:10704000B0F1FF3F8246019A7CD0009B83425AD91F
:10705000B44277D1DBF8040002F1FF3C4044CBF8A6
:107060000400D6F80814013100F06B81009BAAEBF4
:1070700003010144CBF804101AF00703009300F059
:107080003D81C3F1080138468A440A44D04408EAE5
:107090000C01521A02EA0C01019103F0C1F8421CE2
:1070A00000F06781A0EB0A00019900EB010848F0AD
:1070B0000102C6F808A0B442CAF80420DBF8042094
:1070C0001144CBF8041031D0B9F10F0F40F2058113
:1070D0006068A9F10C02052322F0070200F001000C
:1070E00010430F2A606004EB0200C0E901331DD990
:1070F00004F10801384601F025FADBF8041015E028
:10710000D6F804E03BE7DBF8041002F1FF3C414411
:107110000846CBF80410A4D1009B13EA0C0FA0D1B1
:1071200009EB0802B06842F001024260DBF82C2053
:107130008A42DBF8302038BFCBF82C108A4238BFA7
:10714000CBF83010B468626822F00302531B0F2B97
:1071500040F3C680954200F2C380621945F00105F4
:1071600043F00103083444F8045C3846B2605360CD
:1071700002F0E8FD204603B0BDE8F08FA26823448A
:107180003846D1608A6090E6DC68A3427FF484AE22
:107190000230C5E650090020580900209C660220F4
:1071A000BCF5206F4FEA5C226CD3142A00F2B68043
:1071B00002F15C035B32DB00F118F35808399942A5
:1071C00003D191E09B68994204D05A6822F00302EF
:1071D0006245F7D8D968C4E902318C60DC60CEE63C
:1071E000142B56D9542B00F2A2802B0B03F16F0005
:1071F00003F16E0EC3007DE6D4F808C03846671967
:1072000045F001056560CCF80C30C3F808C041F0CA
:107210000103C6E90477C7E902887B60A1500834FE
:1072200002F090FD48E622443846516841F00101E1
:10723000516054F8082FD3609A6002F083FD3BE65A
:10724000E80805F108031FE6A44438460834DCF8D2
:10725000043043F00103CCF8043002F073FD2BE658
:10726000621943F0010145F0010538466560C6E941
:107270000422C2E90288516044F80C30083402F05C
:1072800061FD19E64FEA9C1202F139033832DB0046
:1072900092E703F15C0003F15B0EC3002AE65AF8A3
:1072A0000839534540F0828010F0030F00F1FF30A1
:1072B000F5D1736823EA0C0373604FEA4C0C0CF1B0
:1072C000FF329A4204D393E64FEA4C0C09F10409C9
:1072D0001CEA030FF8D0484663E60123CAF80430DD
:1072E000384602F02FFD7BE692104FF0010C0CFAAD
:1072F00002F24EEA020EC6F804E06CE70AEB08015F
:10730000384601EA0C01521A02EA0C01019102F01E
:1073100087FF431C7FF4C6AE0099C8E6542A13D8F1
:107320004FEA1C3202F16F036E32DB0044E7B3F523
:10733000AA7F13D8EB0B03F1780003F1770EC3009B
:10734000D8E5C6F808A497E6B2F5AA7F19D84FEA9F
:10735000DC3202F178037732DB002DE740F2545241
:10736000934219D8AB0C03F17D0003F17C0EC300EE
:10737000C0E5009B0021A3F108029044A8EB0A0895
:1073800095E640F254539A420CD84FEA9C4202F1DF
:107390007D037C32DB000FE74FF47E737F204FF0DC
:1073A0007E0EA7E54FF47E737E2205E7736884E7BF
:1073B0002DE9F04F036985B00C69A342C0F29080BB
:1073C000013C01F1140500F11408814655F8243000
:1073D0004FEA840C58F8242005EB8407013308EBAE
:1073E000840B9A42B2FBF3F642D30020AA46C6466B
:1073F000CDF80C8003468846CDE901C505465AF80C
:10740000042BDEF8001090B257454FEA124C06FBF1
:1074100000508AB24FEA104580B206FB0C55A2EB31
:1074200000021A44ABB24FEA1545C3EB224392B2B5
:1074300003EB114342EA03424FEA23434EF8042B85
:10744000DDD24146DDF80C80DDE901C558F80C308D
:1074500073B9ABF1040BD84504D307E0D84504F168
:10746000FF3403D25BF80439002BF7D0C9F8104081
:10747000484603F0D9FA00282EDB00224146944604
:1074800055F8040B0B681FFA80FEAF429AB24FEA20
:107490001040A2EB0E026244C0EB224092B200EB1D
:1074A000134042EA00424FEA204C41F8042BE7D255
:1074B00058F8242008EB84036AB9043B434504D8F8
:1074C00007E0984504F1FF3403D253F80429002A59
:1074D000F7D0C9F810400136304605B0BDE8F08F4E
:1074E000002005B0BDE8F08F2DE9F04F816B9DB015
:1074F00016461F460446299DCDE9046741B1C26B7B
:10750000012393404A608B6002F0D8FF0023A363FD
:10751000B7F10009C0F2B48000232B607C4B33EA42
:10752000090300F0B880002200239DED047B51EC9C
:10753000170B8DED027BEAF701F8804668B1012355
:10754000289A13602A9B13B1724B2A9A1360DFF8B2
:10755000D08140461DB0BDE8F08F1AAB20460193A4
:107560001BAB0093DDE9022303F0C8FB83465FEA0F
:10757000195540F0A780DDE91A85454405F23243EC
:10758000202B40F34982C3F1400309FA03F905F2C5
:10759000124326FA03F349EA0300E9F787FF013DA6
:1075A0000123A1F1F871149300225B4BE9F7D6FE99
:1075B00051A3D3E90023E9F7E5FE51A3D3E9002362
:1075C000E9F7B8FE06460F462846E9F75DFF4EA3E9
:1075D000D3E90023E9F7D6FE02460B46304639468A
:1075E000E9F7A8FE06460F46E9F772FF002281463A
:1075F0000890002330463946E9F7B2FF002840F0F2
:10760000FD81A8EB0508089D162D08F1FF3A00F250
:10761000A481424B03EBC503DDE90201D3E900235A
:10762000E9F79EFF002800F081806B1EBAF1000F81
:1076300008934FF000031193C0F2958100230A9341
:10764000089B002B78DA089B0A9A0B93D21A0A92AD
:107650005A42002310920893269B092B74D8052BBD
:1076600040F3DF81043B00252693269B023B032B3E
:1076700000F28786DFE813F0FF03FC03F203D80370
:10768000012329F000492B60214BCDF8149033EAF7
:1076900009037FF448AFC9F3130942F20F73289A24
:1076A00059EA060913601DD02A9BDFF87880002B69
:1076B0003FF44FAF08F103032A9A404613601DB010
:1076C000BDE8F08FDDE90212CDF85080A5F2FF355C
:1076D000C2F313030846DDF8688043F07F5141F49C
:1076E000401161E72A9BDFF84080002B3FF431AF67
:1076F00008F10803E0E700BF61436F63A787D23F4B
:10770000B3C8608B288AC63FFB799F501344D33F90
:107710000000F07FBDDE01100000F83F58000210AD
:10772000BCDE01106CE1011060E10110B8F1000F46
:1077300040F31A8511900A90089B9A440B930023FA
:107740001093269B092B8AD900230125CDE92633E6
:107750004FF0FF330C9509930021099BE1631593CA
:10776000204602F085FE0790002800F01286099B53
:107770000E2B8CBF002505F00105079BA363002D90
:1077800000F01E810B99002940F35C81A64B01F0AB
:107790000F02C8054FEA211503EBC203D3E90067C6
:1077A00040F12183A14B05F00F054FF00308D3E909
:1077B0000823DDE90201E9F70BFECDE90E018DB1E9
:1077C000DFF86892E90709D53046394608F1010823
:1077D000D9E90023E9F7D6FD06460F466D1009F1F9
:1077E0000809EFD132463B46DDE90E01E9F7F0FD2D
:1077F000CDE91201119B53B100228D4BDDE91267D7
:1078000030463946E9F7ACFE002840F0B4844046E3
:10781000E9F73AFEDDE91223E9F7B4FD854B0022D2
:10782000E9F788FD099B0646A1F15077002B00F08F
:10783000AE800B9B0E93099B18937B4AB046189B16
:10784000B94602EBC303DDE9126713ED027B39464B
:1078500030468DED167BE9F73BFE0546E9F714FE51
:1078600002460B46304639463035E9F777FD079B2F
:107870000F460C995A1C0646EDB21292DDE916230A
:10788000002900F0FB8200206B49E9F7A1FD424688
:107890004B46E9F763FD079B324680461D703B4629
:1078A0008946E9F799FE002840F05385CDF864A099
:1078B0000025CDF858B0DDF848A0DDF860B0189488
:1078C0002AE001355D4580F2CD84404649460022DC
:1078D0005A4BE9F757FD0022584B804689463046FF
:1078E0003946E9F74FFD0F460646E9F7F1FD044634
:1078F000E9F7CAFD02460B46303430463946E9F70F
:107900002DFD42464B460AF8014B06460F46E9F765
:1079100027FE002840F0AD8432463B460020444913
:10792000E9F71CFD42464B46E9F71AFE0028C8D08D
:10793000DDF858B05546189C079902E0A94200F0BE
:107940006D842A4615F8013D392BF7D00133DBB29F
:107950002B70DDF81C8007921BE10123BAF1000FA8
:107960001193BFF66BAEC8F101034FF0000A0A9302
:1079700066E64046E9F788FDDDE91223E9F702FDF6
:1079800000222C4BE9F7D6FC0646A1F150770022E5
:107990002B4BDDE91201E9F7E1FC32463B4680461C
:1079A0008946E9F719FE002840F018844046494608
:1079B000324607F10043E9F7D3FD002840F0858106
:1079C0001B9B002B03DB0B9A0E2A40F361810C9A60
:1079D000002A68D0269A012A40F3F583099B109A61
:1079E0005D1EAA42C0F22C83002BA2EB050580F29B
:1079F0007D84DDE90923A3EB02082EE34846E9F77D
:107A000043FD32463B46E9F799FD00287FF4F9AD86
:107A100009F1FF330893F4E5C3F1200306FA03F0FC
:107A2000BBE5012521E600BF580002104801021005
:107A30000000F03F00001C400000E03F0000244038
:107A40000000144000F0F4820B9B5E42B24B06F043
:107A50000F0203EBC203DDE90201D3E90023E9F7DA
:107A600091FC3611CDE90E0100F06584AB4F002387
:107A70004FF00208CDE91201F20706D508F101081E
:107A8000D7E90023E9F77EFC2B46761007F10807BB
:107A9000F2D1CDE91201002B7FF4ACAE9DED0E7B4F
:107AA0008DED127BA6E60023109DDDF828801E4692
:107AB0000C93B8F1000F0DDDBAF1000F0ADDD045CF
:107AC00043460A9AA8BF5346D21AA8EB0308AAEB6A
:107AD000030A0A92109B53B10C9B13B1002D40F086
:107AE000D0825946109A204602F0D0FE83460121EA
:107AF000204602F0EBFD089B0746002B40F05E811C
:107B0000269B012B40F376810123534413F01F037E
:107B100008D0C3F12002042A00F3688208D0C3F120
:107B20003C0300E01C230A9A98449A441A440A929F
:107B30000A9B002B05DD59461A46204602F000FF3D
:107B40008346BAF1000F05DD39465246204602F061
:107B5000F7FE0746269B022B119BD4BF002501256B
:107B6000002B40F0B580099B002B26DC2DB3099B30
:107B7000002B00F03E82279BDDF81C80DB430E9338
:107B80003946204602F09AFC1EB13146204602F0EA
:107B900095FC5946204602F091FC00220E9B079965
:107BA00001330A70289A13602A9B002B3FF4D1AC52
:107BB000404619601DB0BDE8F08F0C9B002B00F013
:107BC000A480B8F1000F05DD31464246204602F0A0
:107BD000B7FE0646089B002B40F02D83B146079D5B
:107BE000099A6B1E02971A44049B03F00103099241
:107BF0000A9302995846FFF7DBFB31468246584606
:107C000002F012FF029980464A4620460AF13007E8
:107C100002F02CFFC3680146002B40F04D82089013
:107C2000584602F001FF08990890204602F046FCF1
:107C3000269B089A134340F07B820A9B002B00F09E
:107C40005E83B8F1000FC0F25783099BA846AB4290
:107C500008F8017B00F03D83594600230A222046A4
:107C600002F036FC4E45834631464FF000034FF09C
:107C70000A02204600F0568202F02AFC49460646D7
:107C800000230A22204602F023FC45468146B0E745
:107C9000214B03EBC203D3E9009A279B002B80F210
:107CA0000682099B002B00F3028273B900221C4B51
:107CB00048465146E9F766FB02460B46DDE90201FC
:107CC000E9F762FC002800F0898200273E4652E76F
:107CD0003946584602F0A8FE0028BFF644AF0B9B79
:107CE00059460A222046013B0B93002302F0F0FB89
:107CF0000C9B8346002B40F00D83159B002B159B9E
:107D0000099302DC002D7FF432AFDDF81C800125E1
:107D1000DDF824900EE000BF580002104801021068
:107D200000001440594600230A22204602F0D0FBEE
:107D30000135834639465846FFF73AFB4D4500F179
:107D4000300308F8013BEDDB099A0025002ACCBF7F
:107D500090464FF00108079A904459460122204668
:107D6000029302F0EDFD3946834602F05DFE0028E5
:107D700040F33982079A02E0904500F0438218F8F8
:107D8000013CC24608F1FF38392BF5D0013388F8A1
:107D900000300B9B0E933946204602F08FFB002EDD
:107DA00000F037822DB1B54203D02946204602F0BB
:107DB00085FBDDF81C80CDF81CA0E6E601461A46DE
:107DC000204602F063FD269B0746012B40F34B81C2
:107DD000002308933B6907EB8303186902F022FC38
:107DE000C0F1200391E69DED027B4FF002088DED7E
:107DF0000E7BE4E4049B002B7FF486AEDDE90412E5
:107E0000C2F31303002B7FF47FAEC24B13402BB1A0
:107E10000A9B0AF1010A01330A930123089A089385
:107E2000002A3FF471AED5E701230C93279B0B9AF0
:107E3000134415930133012B1E460993B8BF012645
:107E4000172E40F39482012204235B001146013275
:107E500003F11400B042F8D9E16381E401230C93EB
:107E6000279B002B40F37B811E4615930993E7E780
:107E700000230C93DAE700230C93F1E740464946D0
:107E8000E9F780FA079B1D70189B012BCDE90C01C7
:107E900000F03E82189D079BDDF848801D440022BB
:107EA0009D4B30463946E9F76DFA0F460646E9F72D
:107EB0000FFB8146E9F7E8FA02460B4609F1300963
:107EC00030463946E9F74AFA08F8019B4545064627
:107ED0000F46E4D10022914BDDE90C89404649462A
:107EE000E9F728FA32463B46E9F73AFB002840F02A
:107EF0009F8142464B4600208849E9F72FFA3246D7
:107F00003B46E9F769FB002840F08C801B9B002B67
:107F1000FFF6C9AD0B9B0E2B3FF7C5AD804B0B9AFF
:107F2000DDF81C8003EBC203D3E9009ADDE90267A8
:107F30004A46534630463946E9F74AFAE9F7C8FA5D
:107F40000546E9F7A1FA4A465346E9F71BFA024605
:107F50000B4630463946E9F701FA05F13003079A36
:107F60001370099B012B129B00F0F881C3F10102F1
:107F7000CDF808B0CDF81080984608941446DDF886
:107F800024B01DE04A46534630463946E9F720FA08
:107F9000E9F79EFA0546E9F777FA4A465346E9F7C4
:107FA000F1F90B46024639463046E9F7D7F905F1B3
:107FB000300308F8013B08EB04035B4500F06381E4
:107FC0000022554BE9F7DEF90022002306460F4652
:107FD000E9F7B4FA0028D5D0CDF81C80DDF808B058
:107FE000DDF81080089C0B9B0E93D2E5C3F11C03B7
:107FF00099E539460522204602F06AFA07465846B6
:10800000394602F011FD00287FF7B5ADDDF81C8080
:10801000079B013307930B9B01330E93312388F8A1
:108020000030ADE52A4615F8013D302BFAD090E43A
:108030009DED027B4FF002088DED127BFFF7DABB5E
:10804000109B089AEB1A109500251A44099B089278
:108050009A440A9A90461A440A920121204602F054
:1080600035FB064625E5049B002B7FF4B1AEDDE928
:108070000401C1F313030A46002B3FF4C6AE089077
:10808000A8E631462A46204602F000FC06465A463B
:108090002046314602F048FB59468346204602F00E
:1080A0000DFA109B5B1B10933FF421AD19E5079B64
:1080B0005A1C9846129239E720460897029F02F010
:1080C000FDF9B8F1000F089B08DB049A269902F02D
:1080D000010241EA080852EA08023AD1594601224F
:1080E0002046029302F02CFC3946834602F09CFCA9
:1080F0000028029B40F32781392B00F0EF800AF122
:108100003103AA460AF8013B35460B9B4E460E93B7
:1081100041E600BF0000F07F000024400000E03F87
:108120005800021002F0D4F945460646814660E543
:10813000B8F1000FC0F21F81269B43EA08080A9B92
:1081400053EA080800F01781002A7FF77EAD3B460E
:10815000029F392B00F0C280AA460133D2E70123E7
:1081600027930993FFF7F8BAC8F1010382461190EB
:108170000A93FFF7E1BA099B002B3FF4FAAB159D78
:10818000002D7FF71DAC0B9B304639460022013B8A
:108190000E93894BE9F7F6F802460F4608F1010005
:1081A0001646CDE91267E9F76FF932463B46E9F723
:1081B000E9F80022814BE9F7BDF818950646A1F1D0
:1081C0005077FFF73ABB149A72B303F233430A9A1B
:1081D0009A44109D90461A440A923EE70027DDF823
:1081E0001C803E4614E703D1029BDB073FF5C2AD7E
:1081F00018F8013CC24608F1FF38302BF8D00B9B31
:108200000E93C8E50B9B079A01330E93312313702D
:10821000C1E5DDF81C80CDF81CA0BAE40E9B01334B
:108220000E933123FFF794BB1A9BC3F13603CEE7BD
:108230000799FFF786BB7168204602F019F90546D9
:10824000002800F08D80336906F10C010C300233F8
:108250009A0000F06FFC29460122204602F070FBD4
:108260008146BCE4DDF864A0DDF858B0189CFFF747
:10827000A7BBDDF81C80DDF858B0189CCDF848A0ED
:10828000CDF81CA085E4CDF81C80DDF808B0DDF841
:108290001080089C02460B46E9F74CF84A465346C4
:1082A00006460F46E9F798F958B94A46534630460C
:1082B0003946E9F743F900283FF495AEE9077FF521
:1082C00092AE0B9B4146079D0E93CDF81C80FFF7A5
:1082D00038BB3B463546029F4E463EE5A84639230D
:1082E0003546079A4E4608F8013B48E50A9A9A44F3
:1082F00090461A440A92B0E63B46029F01E73B468D
:10830000029F392BEAD0B8F1000F3FF7F8AEF8E63C
:10831000129DDFE5314600230A22204602F0D8F8FC
:10832000159B0646002B159B09933FF74AAC002D81
:108330007FF41DAC45E49DED0E7B4FF002088DED02
:10834000127BFFF757BA7FF4DCAEDA077FF5D9AEC0
:10835000D2E6129BDDF81C8007931AE4079399E795
:108360000246174B40F2EF211648EAF7CFFC0021F6
:10837000E163FFF7F5B9002A3B46029F3FF7AEAE37
:10838000BFE6002520462946E56302F071F8079014
:1083900030B90B4B002240F2AF110A48EAF7B6FCA5
:1083A000079B01222795A3634FF0FF330C9215938F
:1083B0000993FFF705BB00BF0000244000001C40EC
:1083C00070E1011084E1011038B52F4B05460C46D1
:1083D0001B6813B15A6B002A45D0B4F90C3018074A
:1083E00016D52269F2B113F0010107D061690020AE
:1083F0004942A060A1613AB1002038BD980758BF3A
:108400006169A160002AF7D1190638D4104638BD39
:10841000D9062CD55A0712D4226943F00803A38148
:10842000002AE0D103F42071B1F5007FDBD02146B2
:10843000284602F0E1FDB4F90C302269D3E7216B44
:1084400051B104F14002914204D0284600F07AF87C
:10845000B4F90C30002222630021226923F02403A6
:10846000C4E90021D9E7184601F058FDB5E7092213
:1084700043F040032A60A3814FF0FF3038BD43F042
:108480004003A381F8E700BF280800202DE9F84346
:108490000646DFF8AC800820894600F013FC05464C
:1084A000304601F04DFCD8F808305F6827F003072C
:1084B000A7F11104A4EB09042C44B4FBF5F4013C2E
:1084C00005FB04F4A54208DC0021304601F0A8FEBB
:1084D000D8F808303B44984205D0304601F032FCD1
:1084E0000020BDE8F8836142304601F099FE01307A
:1084F0000FD03F1B104AD8F80830304647F001072C
:108500005F6013681B1B136001F01CFC0120BDE8B9
:10851000F8830021304601F083FED8F80820831A42
:108520000F2BDADD43F0010303495360034B1B6853
:10853000C01A0860D1E700BFA0660220580D0020D5
:108540005009002000297CD02DE9F0410C468046DE
:1085500001F0F6FB764F54F8043CA4F10805BE6820
:1085600023F0010168184268864222F0030200F0FD
:108570008380DE0700EB020C426033D454F8084CD1
:10858000DCF8043007F1080C2D1B214403F0010333
:10859000AC68644564D0D5F80CE0C4F80CE0CEF8C3
:1085A0000840002B00F0818041F001036B60016006
:1085B000B1F5007F22D2CB080122490901338A405C
:1085C00079680A4357F833107A6007EBC302083A18
:1085D000C5E9021247F83350CD604046BDE8F0418E
:1085E00001F0B0BBDCF80430DB072BD541F0010310
:1085F000B1F5007F44F8043C0160DCD3B1F5206F95
:108600004FEA512353D28B0903F1390003F13802A9
:10861000C300F818FB580838984203D161E09B6802
:10862000984204D05A6822F003028A42F7D8D868E8
:10863000C5E9023085604046DD60BDE8F04101F0EB
:1086400081BB7047114407F1080C836863453FD034
:10865000C268DA60936041F001036B606950A7E77C
:10866000002B5FD10A44D0E90213CB60996042F03D
:1086700001036B60AA50B0E7DB070A4407D454F843
:10868000083CED1A1A44D5E90213CB60996042F018
:1086900001036B60274BBD601B6893429DD8264B3E
:1086A00040461968FFF7F2FE97E71144CDE7142B17
:1086B00008D9542B1DD80B0B03F16F0003F16E0288
:1086C000C300A6E703F15C0003F15B02C300A0E76F
:1086D00041F00103C7E90455C5E902CC6B6069505C
:1086E0007BE70121921001FA02F279680A437A606D
:1086F0009EE7B3F5AA7F06D8CB0B03F1780003F110
:108700007702C30085E740F25452934206D88B0C9F
:1087100003F17D0003F17C02C3007AE74FF47E731E
:108720007E2276E741F001036B60016055E700BFF0
:10873000500900205C0D00209C66022018B3F0B4A4
:1087400007468C4617F8015B01E0A54214D01CF8DF
:10875000014B002CF9D1DDB13E460C4616F8015B09
:1087600000E063B114F8013B9D42FAD14DB1002302
:108770003B701660F0BC704773B13846E0E737468F
:10878000EAE72E46F5E710680028D8D100207047A8
:1087900000201560F0BC704717600370EAE700BF67
:1087A0000123FFF7CBBF00BF00F054B810B4044C56
:1087B00013460A46014620685DF8044B00F04AB8AB
:1087C0002808002070B539B106460C4608B1436B45
:1087D00083B3B4F90C3013B90025284670BD214687
:1087E0003046FEF71DF9E36A054633B1E1693046CC
:1087F00098470028B8BF4FF0FF35A3891B061CD44B
:10880000216B41B104F14003994202D03046FFF799
:1088100099FE00232363616C21B13046FFF792FE7D
:108820000023636401F08AFB0023A38101F088FB2D
:10883000284670BD01F072FBCBE721693046FFF797
:1088400081FEDDE7024B01461868FFF7BBBF00BFA2
:10885000280800202DE9F04F0C4697B090461E46A0
:10886000054618B1436B002B00F01181A38903F476
:108870008473B3F5847F00F0E280D4F82890B9F1D6
:10888000000F00F03581012E42D036F0020706D0ED
:1088900016232B604FF0FF3017B0BDE8F08F226930
:1088A000BA46002A57D0B4F90C3040F61A021342E7
:1088B00007D159056DD4904A914551D043F40063D6
:1088C000A38121462846FEF747F90028E2D1334626
:1088D0004246E1692846C8470130DBD0216B41B1EF
:1088E00004F14003994202D02846FFF72BFE0023F3
:1088F0002363A38900212069082223F40263C4E9C9
:108900000001A38104F15C00FCF730FD0020C3E707
:1089100021462846FEF720F9B4F90C3013F48052B2
:1089200040F092803346E1692846C847431C074619
:10893000B0D0B4F90C3022695E0740F18A806368D8
:10894000FF1A236B0BB1E36BFF1AB8444FF0010A17
:108950000026002AA7D12146284602F04DFBA2E7B7
:10896000B4F90E100029A9DB6A46284601F0D2F9B5
:10897000002840F09F80019B03F47042B4F90C3052
:10898000B2F5004F9AD143F48063A3814FF4806322
:10899000E364002E67D1C346BAF1000F72D1A389F8
:1089A000DA047ED5206D6268216B871A002971D0A8
:1089B000E36BFF1A17442069A26B121ABF1A134403
:1089C000BB4502DBFA185A4577D8E76C0023E1690A
:1089D00028467F4207EA0B073A46C84701303FF472
:1089E00070AF0023216B63602369236041B104F100
:1089F0004003994202D02846FFF7A4FD00232363D9
:108A0000A389BBEB070B23F02003A38110D02146E1
:108A1000284600F0E1F900287FF453AF63685B4516
:108A2000FFF44FAF2268A3EB0B035A44C4E90023C1
:108A30000822002104F15C00FCF798FC66E721465F
:108A40002846FEF789F818E75E07276D22693FF58B
:108A500076AF18077FF579AF2368002B3FF475AF29
:108A60009B1A1F4471E76A46B4F90E10284601F0BC
:108A700051F900287FF425AF049B08EB030BBAF1F2
:108A8000000F8CD0216B626821B1E36B92E701F09B
:108A900045FAEBE62368002120691B1AFF1A1344EC
:108AA0008EE701235246E1692846C847431C7FF4FC
:108AB0007AAF06E7B4F90C3000E7ABEB07073844B0
:108AC000DB1BC4E9000341B104F14003994202D029
:108AD0002846FFF737FD00232363A38908220021DE
:108AE00004F15C0023F02003A381FCF73FFC0DE7B9
:108AF0001D232B60CEE600BF498D011010B4044C3D
:108B000013460A46014620685DF8044BFFF7A2BEF3
:108B100028080020024B01461868FEF7A5B900BFDF
:108B200028080020024B01461868FFF70BBD00BF64
:108B300028080020844641EA000313F0030349D1CA
:108B4000403A23D30B6803604B6843608B688360B3
:108B5000CB68C3600B6903614B6943618B698361B7
:108B6000CB69C3610B6A03624B6A43628B6A83629F
:108B7000CB6AC3620B6B03634B6B43638B6B836387
:108B8000CB6BC36340304031403ADBD230320BD341
:108B90000B6803604B6843608B688360CB68C3607D
:108BA00010301031103AF3D20C3205D351F8043B97
:108BB00040F8043B043AF9D2043208D0D2071CBF73
:108BC00011F8013B00F8013B01D30B88038060469C
:108BD000704700BF082A13D38B07B1D010F00303EE
:108BE000AED0C3F10403D21ADB071CBF11F8013B5E
:108BF00000F8013BA4D331F8023B20F8023B9FE789
:108C0000043AD9D3013A11F8013B00F8013BF9D2FB
:108C10000B7803704B7843708B7883706046704795
:108C200030B5054683B0144608B1436BCBB1A36899
:108C3000013B002BA36012DAA269934208DBC8B2A1
:108C40000A2805D023685A1C2260197003B030BD71
:108C50002246284603B0BDE8304000F081B9C8B2D2
:108C6000F0E7019101F05AF90199E0E7144B70B572
:108C70001E6805460C460EB1736BE3B1A368013B59
:108C8000002BA36011DAA269934207DBE8B20A283D
:108C900004D023685A1C22601D7070BD22462946EC
:108CA0003046BDE8704000F05BB92368E8B25A1C5A
:108CB00022601D7070BD304601F030F9DEE700BF64
:108CC00028080020082802D14FF48050704708B5CA
:108CD000FDF77CFF162203464FF0FF301A6008BDF7
:108CE00010B50C46B1F90E1002F034FC002803DB7D
:108CF000236D0344236510BDA38923F48053A3810E
:108D000010BD00BF002070472DE9F0410C46B1F9BD
:108D10000C101F460546CB0516460BD421F4805196
:108D20003B4632462846A181B4F90E10BDE8F04119
:108D300000F02CBBB4F90E100223002202F0A6FCB6
:108D4000B4F90C10EAE700BF10B50C46B1F90E10EB
:108D500002F09CFC421CB4F90C3004D043F4805364
:108D60002065A38110BD23F48053A38110BD00BFF3
:108D7000B1F90E1001F02CBB0CB400B583B004ABFC
:108D800053F8042B0193FCF77FFB03B05DF804EB71
:108D900002B070470EB410B583B0074C014605AB66
:108DA000206853F8042B0193FCF76EFB03B0BDE879
:108DB000104003B0704700BF280800208B8903F0E3
:108DC0000903092B01D000207047024B1868FDF7FA
:108DD000C3BE00BF2808002070B505460C4610B180
:108DE000436B002B56D0B4F90C3000229E06626013
:108DF00059D4580719D4D90658D51A0739D443F08D
:108E00000403A3812369002B3FD0B4F90C60B3079E
:108E10001ED122692846266A6369E1692260B0474B
:108E20000028606039DD002070BD216B0029E9D089
:108E300004F14003994202D02846FFF783FB002249
:108E4000E36B22636360002BDCD0A36B2360EAE753
:108E500001231C4A1C49A3811C4802F0A1F806F01A
:108E60000903A681092BD4D121462846FDF7D8FD58
:108E7000CFE721462846FDF76FFEA0B9B4F90C30C4
:108E8000A06023F00803A061B9E72146284602F05C
:108E9000B3F8BAE701F042F8A5E7B4F90C300BD10A
:108EA00043F02003A3814FF0FF3070BD092243F04F
:108EB00040032A60A381F6E7002243F0400362608A
:108EC000A381F0E7600D0020BD8D01103008002067
:108ED0002DE9F047DFF8749080460E46174601F002
:108EE000C3FAD9F800504DB13378344663B13D2B05
:108EF0000AD014F8013F3BB13D2BFAD1404601F0B6
:108F0000B5FA0020BDE8F0873D2BF7D02868A41BF8
:108F10000028F3D02246314602F05AFA28B92868D0
:108F2000035D00EB040A3D2B04D055F8040F002824
:108F3000F0D1E3E7D9F800304046ED1AAD103D60BE
:108F400001F094FA0AF10100BDE8F087D80E002084
:108F500000B583B001AAFFF7BBFF03B05DF804FBC7
:108F6000F8B50D460646144610B1436B002B4AD0A7
:108F7000B4F90C30A2691807A2601FD52269EAB1C2
:108F8000EDB29904626E2F4624D592042FD4226844
:108F900023696169D31A99422CDD0133A168013933
:108FA000A160511C2160157062699A4219D00A2D86
:108FB00002D1A389DB0714D43846F8BD21463046D8
:108FC000FFF702FA98B9B4F90C30EDB2626E990469
:108FD0002F46DAD443F4005322F40052A381626690
:108FE000D3E721463046FDF7B7FD0028E4D04FF027
:108FF000FF37E1E721463046FDF7AEFD0028F6D108
:1090000022680123CAE700F089FFB1E7024B0A4654
:1090100001461868FFF7A4BF280800202DE9F04F8B
:10902000164683B0002900F09E800C4606F10B0521
:10903000804600F085FE54F8040C162DA4F10809B2
:1090400020F0030762D8102200231546B542C0F075
:10905000A280002B40F09F80974261DADFF828B3AE
:1090600009EB0701DBF80830D1F804C08B4200F0AF
:1090700097802CF001030B445B68DB0768D42CF06D
:10908000030C07EB0C03934245DAC30712D454F8E0
:10909000083CA9EB030ADAF8043023F00300844407
:1090A0000CEB070B5A4540F3FE8007EB000B5A45CB
:1090B00040F3D48031464046FDF7D6FE06460028F0
:1090C00000F0298154F8043CA0F1080223F00103C8
:1090D0004B44934200F0B1803A1F242A00F2DF8013
:1090E000132A00F2B08003462246116819605168C5
:1090F000596092689A6021464046FFF723FA40463D
:1091000000F020FE304603B0BDE8F08F25F00705E3
:109110002A46EB0F9AE71F46D1E90223D3609A60F3
:10912000781BD9F8043009EB07020F2803F001037C
:109130001FD83B43C9F80430536843F00103536020
:109140002646404600F0FEFD304603B0BDE8F08FF5
:10915000C307AFD454F8083CA9EB030ADAF804308B
:1091600023F00300A1E7114603B0BDE8F04FFDF77F
:109170007BBE2B4309EB050140F00100C9F8043028
:10918000083141F8040C4046536843F00103536032
:10919000FFF7D8F9D4E70C23C8F800300026D3E74E
:1091A0002CF0030C05F110010CEB07038B4280F24D
:1091B0009280C0073FF57EAF54F8083CA9EB030A44
:1091C000DAF8043023F0030084440CEB07039942DF
:1091D0003FF76BAF3A1F5646DAF80C1056F8080FF7
:1091E000242AC160886000F2B080132A40F2AB806C
:1091F00021681B2ACAF808106168CAF80C1000F22E
:10920000AB8008340AF11002216811606168516076
:10921000A16891605B1B0AEB0502404643F0010325
:10922000CBF808205360DAF8043003F001032B4335
:10923000CAF8043000F086FD86E750F8043C23F0BD
:1092400003031F446CE723681B2A036063684360C1
:1092500036D804F1080200F1080346E73A1F5646E3
:10926000DAF80C30242A56F8081FCB60996022D80F
:10927000132A1ED923681B2ACAF808306368CAF863
:109280000C303CD808340AF1100322681A60626876
:109290005A60A2689A6034465F46D14640E721464C
:1092A00002F0D6F827E7D1E902133A1FCB609960A4
:1092B000D5E73346E9E72146304602F0C9F8EAE748
:1092C000A368242A8360E368C36028D004F11002F5
:1092D00000F1100309E75B1B09EB05024046264637
:1092E00043F00103CBF80820536054F8043C03F02A
:1092F00001032B4344F8043C00F024FD24E7A36859
:10930000242ACAF81030E368CAF8143010D0103498
:109310000AF11803B9E7404600F014FD3EE723695F
:1093200004F1180203616369436100F11803DCE68C
:1093300023691834CAF8183054F8043CCAF81C30B1
:109340000AF12003A1E732465EE721463046019349
:1093500002F07EF8019B5DE7A168242ACAF810108C
:10936000E168CAF8141003D010340AF118024BE770
:1093700022691834CAF8182054F8042CCAF81C20A2
:109380000AF1200240E700BF5009002038B50C4622
:1093900084461146074D1A460023204664462B603A
:1093A000E9F788FC431C00D038BD2B68002BFBD0AC
:1093B000236038BD1868022001683B29F0B50446D7
:1093C00083B000F2B18041683B2900F2A080A1681F
:1093D000172900F28F8021690B297ED863699A07CB
:1093E0003AD16648664A674D00FB0326B5EBB60FD7
:1093F00066D2E3681D20002B32DC634D5F4F604E68
:10940000DFF880C107E0012914BF55F8212002468A
:109410001344002B1CDC0139F5D261694A1E12F09D
:10942000030F626157D107FB0262BCEBB20FC0F0C1
:10943000888001F26B71554A07FB0161B2EB311F65
:109440002CBF1D201C201F220B211344002BE2DD0A
:10945000C4E9033103B0F0BD1C20E368002BCCDD70
:109460000226494D012905D19842F3DA1B1A02213F
:10947000C4E9033655F8212001319A42A3EB0203D7
:10948000E8DA0C29C4E90331ECD161694FF0000E30
:10949000DFF8E8C01C204A1C394FC4F810E012F075
:1094A000030F62610CFB027208D101F26D711D2085
:1094B0000CFB01773349B1EBB20F44D20021D9E75D
:1094C00003F26C7300FB0322304BB3EB321F2CBF53
:1094D0001D201C20C1E71C20B5E70C22684601F0C6
:1094E0006FFE6369DDE9002113440029636136DB07
:1094F000216174E71822684601F062FEE368DDE945
:1095000000120B44002AE36024DBA26063E73C22E4
:10951000684601F055FEA168DDE900231144002BE7
:10952000A16026DB636053E73C22684601F048FEF9
:109530006168DDE900231144002B616014DB2360C6
:1095400042E71D207FE7114A0021B2EB371F38BFE9
:109550001C208FE71832013BC4E902233BE70C31A2
:10956000013BC4E904133AE73C330139C4E9003153
:109570002AE73C330139C4E9013129E7295C8FC26C
:1095800050B81E05285C8F02E4FE01100AD7A30024
:109590002DE9F04F064685B002F05CF88046304673
:1095A000FFF70AFF3169F468B268012904F1FF345A
:1095B0007769D6E90053C3EB031305EB8305B74B7B
:1095C00003EB81031B6B1C444FF4616303FB0255E7
:1095D00002DDB80700F09A8042F2107344F6206270
:1095E000F4613B44934200F25481462F6DDC3DD040
:1095F000452F00F03781452340F26D1ADFF8A4C2F1
:10960000A748DFF8A4E2DFF8A49213F0030F0CFBE5
:10961000030140F26D120CD1BEEBB10F03F26C717D
:109620004FF4B7720CFB010103D3B9EB311F38BF04
:109630005246013BA41ABB42E7D1B90740F0128160
:10964000984A974B984902FB0730B1EBB00FC0F036
:109650000F8107F26C7102FB0133944AB2EB331FA6
:1096600040F26D1328BF4FF4B773E41A904B4FEAE2
:10967000E579C4FB035900F079FC01F0D7FF8D4B6D
:10968000D3F800B0BBF1000F00F0C680D6F820A0E0
:1096900070695246D8F8043000F26C70012AA8BFF5
:1096A0000122834201923CD002F006F8C8BBDDF8EB
:1096B00004B0BBF1010F40F0AF80D8F850704FF00C
:1096C000010B7D1949EBE777ABE0462340F26D1AB9
:1096D0007448DFF8D4E1DFF8D49113F0030F00FBF6
:1096E00003FC40F26D120CD103F26C71BEEBBC0FA7
:1096F0004FF4B77200FB01F103D3B9EB311F38BF50
:10970000524601331444BB42E7D1AFE7654A644B8C
:10971000654902FB0730B1EBB00F80F0998001344E
:109720005AE7D8F84830D8F82810D8F82000B3EB1A
:10973000010C0290D8F82400D8E913E203906EEBF4
:10974000E1709B1A4FEAE27B6EEBE27E9D4279EB81
:109750000E0E03DA654579EB0003A8DA029B9B1A2B
:109760000293039B63EB0B0E029B9D42D8F80030E3
:1097700079EB0E0EACBF4FF0010E4FF0000E6545B9
:1097800079EB0000B4BF01200020002B6DD00EEA61
:10979000000BBAF1000F8CDB019B8BEA030ABAF1D4
:1097A000010F86D1F36830680193BBF1000F62D1DD
:1097B000521A104455193060304649EBE279FFF7F0
:1097C000FBFDF268019BD21A26D0012A40F38E805D
:1097D0004FF0FF3AF2691AEB02026FD4BB0740F078
:1097E0008A8030482E49304B00FB071EB3EBBE0F7A
:1097F000C0F0878007F26C7700FB07112B48B0EBB5
:10980000311F40F26D1128BF4FF4B7718A42A8BFD3
:10981000521A5444F2614CE7D8F828707D1949EB8C
:10982000E777043400F0A4FB234981FB0421E2170D
:109830002144C2EBA102C2EBC202A21A00D5073238
:10984000C6F820B0B2612846394605B0BDE8F08FB1
:1098500007F26C7102FB0133144AB2EB331FFFF4C1
:10986000BBAE5CE740F26D13FFE64EEA000B90E7FB
:109870004FF4B773F9E6891A08444D193060304641
:1098800049EBE179FFF798FDF268019BD21A9CD170
:1098900013E74FF0FF352F46D5E700BFE4FE011078
:1098A00050B81E05295C8FC2285C8F020AD7A3001E
:1098B000805101001468022093244992791E8A077E
:1098C0001CD11348134A144B00FB0121B3EBB10F19
:1098D0001AD307F26B77114900FB0722B1EB321F55
:1098E00040F26D1238BF4FF4B67292E7B2F1FF3F0B
:1098F000A8BF92466EE740F26D1187E74FF4B6724B
:1099000087E74FF4B77181E740F26D1281E700BF3E
:10991000295C8FC250B81E05285C8F020AD7A300AD
:109920008C461146BCF18E0F00F29180DFE81CF0EE
:109930003A01380136013401320130012E012C0187
:109940002A01280126012401220120011E018F0085
:109950001C011A01180116011401120110010E0157
:109960000C010A0108010601040102010001FE00C8
:10997000FC00FA00F800F600F4008F008F008F0062
:109980008F008F008F008F008F00F200F0008F009B
:109990008F008F008F008F008F008F008F008F004F
:1099A0008F008F008F008F00EE00EC00EA00E800CF
:1099B0008F008F008F00E6008F008F008F00E40083
:1099C0008F008F00E2008F008F00E0008F008F007B
:1099D0008F008F008F008F008F008F008F008F000F
:1099E000DE008F00DC00DA00D8008F008F00D60088
:1099F0008F008F008F008F008F008F008F008F00EF
:109A0000D400D200D000CE00CC00CA008F00C80025
:109A1000C600C400C200C000BE00BC00BA00B8004E
:109A2000B600B400B200B0008F00AE00AC00AA00D7
:109A3000A8008F008F008F008F008F00A6008F007E
:109A40008F008F00A400A200A0009E009C00002BAD
:109A500014BF1A460246604608B501F079FD524B24
:109A6000002808BF184608BD504870475048704746
:109A700050487047504870475048704750487047AA
:109A8000504870475048704750487047504870479A
:109A9000504870475048704750487047504870478A
:109AA000504870475048704750487047504870477A
:109AB000504870475048704750487047504870476A
:109AC000504870475048704750487047504870475A
:109AD000504870475048704750487047504870474A
:109AE000504870475048704750487047504870473A
:109AF000504870475048704750487047504870472A
:109B00005048704750487047504870475048704719
:109B10005048704750487047504870475048704709
:109B200050487047504870475048704750487047F9
:109B300050487047504870475048704750487047E9
:109B400050487047504870475048704750487047D9
:109B500050487047504870475048704750487047C9
:109B600050487047504870475048704750487047B9
:109B700050487047504870475048704750487047A9
:109B80005048704750487047504870475048704799
:109B90005048704750487047504870475048704789
:109BA0005048704750487047F8DE011024E8011013
:109BB0000CE80110F8E701105CE8011054E5011011
:109BC0008CE40110C4E70110DCE70110C8E30110C8
:109BD00088E70110FCE5011084E8011090E2011013
:109BE00058E2011060E3011060E4011050E301103D
:109BF00098E80110A4E3011078E50110A0E7011036
:109C000070E7011040E7011028E7011008E7011094
:109C1000E8E60110B8E6011094E6011054E70110DF
:109C200038E801107CE6011060E601104CE60110F6
:109C300030E6011024E6011010E60110ECE50110F9
:109C4000D4E50110C0E50110A8E50110B0E601104F
:109C500098E5011090E501106CE5011040E5011058
:109C600024E5011010E50110E0E40110D4E4011036
:109C7000C4E40110ACE401109CE4011074E4011090
:109C800050E4011040E4011028E4011008E4011040
:109C9000E8E3011090E3011080E3011040E30110BC
:109CA00030E301101CE3011010E30110F8E2011091
:109CB000ECE20110D8E20110C4E20110B0E20110A0
:109CC00084E2011074E2011044E2011030E201105C
:109CD00014E2011008E20110F0E10110E0E10110CE
:109CE000C4E10110B8E10110B0E10110034A002302
:109CF000014610681A46FFF713BE00BF280800206F
:109D0000034A0023014610681A46FFF709BE00BF48
:109D10002808002070B50C460346084D0026204652
:109D200011461C462E60E8F7E3FF431C00D070BDCF
:109D30002B68002BFBD0236070BD00BF1868022089
:109D4000704700BF704700BF00207047024A0349B8
:109D5000034801F025B900BF600D0020C587011040
:109D6000300800200C4B4168994210B5044601D0E0
:109D7000FEF728FDA168094B994202D02046FEF764
:109D800021FDE168064B994204D02046BDE8104011
:109D9000FEF718BD10BD00BFD06602203867022054
:109DA000A0670220002070472DE9F8432A490025CA
:109DB0002A4C04230822DFF8B890C4F8381104F1C3
:109DC0005C002946DFF8AC80254F264EE360256015
:109DD0006566A561C4E90155C4E90455FBF7C6FAF7
:109DE000214B0822294604F1C40063672567C4F8A3
:109DF000CC50C4F88050E662C4E90749C4E9098739
:109E0000C4E91A55C4E91E55FBF7B0FA04F168031A
:109E100029460822C4F8843004F59670134BC4F820
:109E2000D850C4F8DC30C4F83451C4F8E850C4E960
:109E30002298C4E92476C4E93455C4E93855FBF7BF
:109E400095FA04F1D003C4E93C98C4E93E76C4F81D
:109E5000EC30BDE8F88300BF4D9D0110D0660220B4
:109E6000498D0110718D01100900010012000200DE
:109E7000E18C0110098D0110F8B5254B0646D3F889
:109E80003831002B3DD0234FD7E90134013B04D5B5
:109E90001DE05A1C04F1680419D0B4F90C50013BC0
:109EA000002DF6D11C4B0822294604F15C006566A2
:109EB000E3602560A561C4E90155C4E90455FBF7D9
:109EC00055FAC4E90C55C4E911552046F8BD3D6862
:109ED0000DB12F46D8E74FF4D6713046FCF7C4FFDA
:109EE000044688B1042305600C302946254640F815
:109EF000083C4FF4D072A060FBF738FA3C602F4664
:109F0000C2E7FFF751FFBEE70C2338603360DCE7A0
:109F1000D0660220600D00200100FFFF436B03B1FB
:109F20007047044B044AD3F838314263002BF7D111
:109F30003AE700BFD0660220659D0110704700BF60
:109F4000704700BF024A0020024901F029B800BF53
:109F5000600D0020499D0110024A0020024901F0D5
:109F60001FB800BF600D0020A59D0110704700BF05
:109F7000704700BF002301461A46184601F074BC22
:109F80002DE9F0410C46074601F064FB06462146E8
:109F9000384601F09BFC43690446990703F26C784C
:109FA0000AD1804A804B02FB083302F18042013A19
:109FB000B2EBB30FC0F0AB807C4A82FB08324FEAB1
:109FC000E873C3EBE2134FF4C87202FB1383002B58
:109FD0000CBF30250025764B1D44FFF7C7FF01F06D
:109FE00025FB744B1B68A3B17368434540F0918017
:109FF0003068D7E90013D6E90872002840F0938052
:10A00000B94273EB0202C0F29C8001232362376DD8
:10A0100001E02362B76A684AFE174FF4616C674932
:10A0200082FB073220683A44C6EBE223C6EBE22605
:10A030000CFB137381FB0312D9171A44C1EB621195
:10A040006268521AC1EB0111A3EB8103C01AA36825
:10A050003B28A3EB0603C4E90002A36050DD0132F4
:10A060003C38C4E900023B2A43DD01333C3AC4E9F1
:10A070000123172B1FDD183B2069D4E90621A360BB
:10A080000132E3680131072A03F10103E161A8BF4E
:10A090000022E360A26155F82020934206DD9B1A5E
:10A0A0000B2800F10102E36044D02261FFF760FF5A
:10A0B0002046BDE8F081002BF8DA1833D4E90621F8
:10A0C000A360013AE36801F1FF3148BF0622013B7A
:10A0D000E161A261E360002BE8D12369013B3CD43C
:10A0E0009A002361AB58E360FFF742FF2046BDE8CA
:10A0F000F081002ABDDA013B3C32C4E90123B8E714
:10A100000028B0DA013A3C30C4E90002ABE7302560
:10A1100061E7404601F0D0FA00287FF469AF4FF0C4
:10A12000FF33236276E7B94273EB020209DA0023B8
:10A1300023626FE76369002201332261E261636198
:10A14000B4E7B26C9142F26C9341B4BF0123002397
:10A150002362002B7FF45BAF5CE763690B215A1E1F
:10A16000216103F26B73626192070ED10D490E4AB1
:10A1700001FB032201F180410139B1EBB20F04D29E
:10A1800040F26D132C22E361ACE7074A054901FB5D
:10A1900003230B4AB2EB331F2CBF0123002303F52B
:10A1A000B673EFE7295C8FC250B81E051F85EB51CF
:10A1B0007001021014680220C5B3A29189888888B2
:10A1C0000AD7A30020F0030110F00300C0F1000043
:10A1D00051F8043B00F1040C4FEACC0C6FF0000284
:10A1E0001CBF22FA0CF213434FF0010C4CEA0C2C6A
:10A1F0004CEA0C4CA3EB0C0222EA030212EACC124A
:10A2000004BF51F8043B0430F4D0C2F1000102EA6B
:10A210000102B2FA82F2C2F11F0200EBD2007047D3
:10A2200038B50022064D044608462A60E8F704FDCA
:10A23000431C00D038BD2B68002BFBD0236038BDF9
:10A240001868022080EA0102844612F0030F4FD101
:10A2500011F0030F32D14DF8044D11F0040F51F8F5
:10A26000043B0BD0A3F101329A4312F0803F04BFAC
:10A270004CF8043B51F8043B16D100BF51F8044B95
:10A28000A3F101329A4312F0803FA4F101320BD1C5
:10A290004CF8043BA24312F0803F04BF51F8043B4A
:10A2A0004CF8044BEAD023460CF8013B13F0FF0FA7
:10A2B0004FEA3323F8D15DF8044B704711F0010FDA
:10A2C00006D011F8012B0CF8012B002A08BF7047AB
:10A2D00011F0020FBFD031F8022B12F0FF0F16BFA2
:10A2E0002CF8022B8CF8002012F47F4FB3D170476A
:10A2F00011F8012B0CF8012B002AF9D1704700BF8F
:10A30000F0B5144683B00F46064601AA214601F077
:10A310004DF970B305463046FFF7AEFD044640B335
:10A320004FF4DB733946019A304600F077F8002885
:10A3300019DB114B2DB2114A2362114BE081E4610C
:10A34000A581C4E909230F4BE362EB0502D4204643
:10A3500003B0F0BD0223002221463046FEF724FA66
:10A36000204603B0F0BDFFF7E9FD0023A381FFF70E
:10A37000E7FD0024EBE700BFE18C0110098D01101F
:10A38000498D0110718D0110024B0A460146186873
:10A39000FFF7B6BF2808002070B50C4B84B04FF013
:10A3A000FF360446002218686946CDE9006601F0D0
:10A3B000E7F8002806DBDDE900010CB1C4E9000183
:10A3C00004B070BD30463146F7E700BF28080020D2
:10A3D00038B50022064D044608462A60E8F780FC9E
:10A3E000431C00D038BD2B68002BFBD0236038BD48
:10A3F0001868022038B5074D074C2C1BA41005D057
:10A40000013C55F8043D9847002CF9D1BDE838408F
:10A4100003F03EBC18DD011018DD011038B50C4604
:10A4200084461146074D1A460023204664462B6099
:10A43000E8F750FC431C00D038BD2B68002BFBD044
:10A44000236038BD18680220936810B514461BB904
:10A4500018460023636010BD01F028FB0023A360B1
:10A460000023636010BD00BF704700BF704700BF8E
:10A4700038B5436C05460C464BB153F8240080B107
:10A48000026843F824200023C0E9033338BD2122A9
:10A490000421FCF729FC034668640028EDD1002064
:10A4A00038BD0121284601FA04F56A1D9200FCF727
:10A4B0001BFC0028F3D0C0E90145E4E731B1436C4F
:10A4C0004A6853F82200086043F82210704700BF22
:10A4D0002DE9F04107460E461C460D6901F1140EA8
:10A4E0000020DEF8001001308BB285424FEA1141A6
:10A4F00002FB03434FEA134C9BB202FB01CC03EB7C
:10A500000C434FEA1C444EF8043BEADC3CB1B36810
:10A51000AB4207DD06EB850301355C6135613046F2
:10A52000BDE8F081716838460131FFF7A1FF804630
:10A53000A8B1326906F10C010C3002329200FEF72C
:10A54000F9FA7B6C726853F82210316043F822608C
:10A55000464606EB850301355C613561DFE702465F
:10A56000024BBA210248E8F7D1FB00BF70E10110AD
:10A57000B0E801102DE9F8431E4617460833264A75
:10A580000C46092E82FB03124FEAE3730546C3EB28
:10A59000620338DD4FF0010C00214FEA4C0C013111
:10A5A0006345FADC2846FFF763FF014668B3089B62
:10A5B000092F43614FF00103036112DC0A340927BC
:10A5C000BE420BDDF61B264414F8013B0A22284646
:10A5D000303BFFF77DFFB4420146F5D10846BDE8A8
:10A5E000F88304F109093C44C84618F8013B0A22E3
:10A5F0002846303BFFF76CFFA0450146F5D1A7F197
:10A6000008044C44DCE70021CCE70246034BD3218D
:10A610000348E8F77BFB00BF398EE33870E1011097
:10A62000B0E80110B0F5803F034618D203041020B3
:10A63000B3F1807F01D208301B02B3F1805F01D2F9
:10A6400004301B01B3F1804F03D3002B06DB013034
:10A6500070479B0005D45B0005D420207047002084
:10A66000E6E7023070470330704700BF03680146D9
:10A6700013F0070207D0DA071FD4980721D55B082B
:10A6800001200B60704798B2A0B11046DAB20AB947
:10A6900008301B0A1A0701D104301B099A0701D19F
:10A6A00002309B08DA0703D45B0800F1010006D0F2
:10A6B0000B6070471B0C1020E8E70020704720203B
:10A6C00070479B0802200B60704700BF38B5436C91
:10A6D00004460D464BB15868B0B102685A6000227A
:10A6E00001234561C0E9032338BD21220421FCF781
:10A6F000FBFA034660640028EDD1094B002240F2CA
:10A7000045110848E8F702FB1C2201212046FCF70E
:10A71000EBFA0028F1D001220223C0E90123DEE791
:10A7200070E10110B0E801102DE9F04FD1F8108070
:10A7300085B015690E469246A84505DB2A46534664
:10A7400045468A4690461E4605EB0804DAE90113A1
:10A75000A342B8BF0131FFF78BFE002800F08B80C9
:10A7600000F1140707EB840E774505D23B46002223
:10A7700043F8042B9E45FBD814360AF1140906EB66
:10A78000880809EB8505464568D2A5EB0A030AF15E
:10A79000150ACDF808E0AE46153B039423F00303F9
:10A7A000043355452CBF9B464FF0040B824605E011
:10A7B000090C2CD1B04507F104074CD956F8041BFD
:10A7C0008DB2002DF4D0CC463C46002301965CF8B7
:10A7D000040B216886B2E6458AB24FEA104005FBB9
:10A7E00006224FEA11411A4405FB001101EB124108
:10A7F00092B24FEA114342EA014244F8042BE6D8F0
:10A80000019E47F80B3056F8041C090CD2D03B6867
:10A81000002248463D461C46944602889BB201FBF6
:10A8200002C202EB144243EA024345F8043B50F8EB
:10A83000043B2C684FEA134C7045A3B201FB0C3368
:10A8400003EB12434FEA134CE7D3B04547F80B3004
:10A8500007F10407B2D85046DDE902E4002C02DC1F
:10A8600005E0013C03D05EF8043D002BF9D0046103
:10A8700005B0BDE8F08F0246024B4FF4B1710248BB
:10A88000E8F744FA70E10110B0E8011012F0030398
:10A890002DE9F041144607462CD10D46A4101CD0DA
:10A8A0003E6C86B3E3074FF0000806D4641014D062
:10A8B0003068A8B10646E307F8D53246294638463F
:10A8C000FFF732FF35B17B6C696853F821202A60AD
:10A8D00043F8215064100546EAD12846BDE8F081CE
:10A8E000324631463846FFF71FFF30600646C0F853
:10A8F0000080E0E7013B0F4A52F823200023FFF7D6
:10A90000E7FD0546CAE701213846FFF7B1FD0646D7
:10A9100040B1012340F27122C0E9043200233864BF
:10A920000360BFE70246044B40F245110348E8F7D5
:10A93000EDF900BF4800021070E10110B0E801100D
:10A940002DE9F0470C46904606464FEA6219276902
:10A95000A36807EB621749687D1C9D4203DD5B001D
:10A9600001319D42FBDC3046FFF782FD002850D0CC
:10A97000B9F1000F00F1140C0EDD09F10502634678
:10A9800000214FEA820E00EB820243F8041B93423F
:10A99000FBD1AEF114039C4404F11403216918F0B7
:10A9A0001F0803EB81012BD0C8F12009E6464FF0C8
:10A9B000000A1A6802FA08F242EA0A024EF8042B68
:10A9C00053F8042B994222FA09FAF2D80B1B04F12E
:10A9D0001502153B23F003030433914238BF0423CF
:10A9E0004CF803A0BAF1000F00D13D46736C6268C9
:10A9F000056153F82210216043F82240BDE8F0873A
:10AA0000ACF1040C53F8042B99424CF8042FF9D8FC
:10AA1000EBE70246024B4FF4EF710248E8F776F994
:10AA200070E10110B0E8011084460B690069C01A9A
:10AA300016D10CF1140C14310CEB830201EB8303DF
:10AA400010B401E0944508D252F8044D53F8041DA7
:10AA50008C42F7D005D24FF0FF305DF8044B7047C1
:10AA6000704701205DF8044B704700BF2DE9F04F9F
:10AA700015460A6983B088462B69D21A002A40F02D
:10AA80008B8001F1140605F1140101EB830106EB43
:10AA9000830302E09E4280F0828053F8044D51F817
:10AAA000042D9442F6D078D32B4600244546984690
:10AAB0006968FFF7DDFC002800F08C802E6905F145
:10AAC000140B08F1140ED8F8103000F1140A05F137
:10AAD00010020EEB83094FF0000C0BEB860157467A
:10AAE000C460CDF804B05EF8044B52F8045F1FFA5E
:10AAF00084FBF145ABB24FEA1444A3EB0B03C4EB68
:10AB00001544634404EB23449BB24FEA244C43EACC
:10AB1000044347F8043BE6D8A9EB080408F11508FC
:10AB2000DDF804B0C145A4F1150434BF4FF00008AE
:10AB30004FF00108A408B8F1000F04F101024FEA38
:10AB4000820208BF04220BEB02055244A94231D90C
:10AB500017462C4654F8043B1FFA83F8A1424FEAEB
:10AB6000134E6344C4449BB20EEB2C4C43EA0C439B
:10AB70004FEA2C4C47F8043BECD80139491B21F033
:10AB800003010A4423B952F8043D013E002BFAD0D8
:10AB9000066103B0BDE8F08F86DA012488E7002162
:10ABA000FFF766FC78B101220023C0E9042303B05B
:10ABB000BDE8F08FB8F1000F4FEA840408BF00240D
:10ABC0000AEB0402DEE70246064B40F23721064854
:10ABD000E8F79CF80246034B40F245210248E8F7AB
:10ABE00095F800BF70E10110B0E80110114B0B4067
:10ABF000A3F15073002B03DD002219461046704765
:10AC00005B42B3F1A07F4FEA235106DA4FF40023F1
:10AC100000220B4110461946704714391E2904DDE5
:10AC2000012200231046194670474FF00042CA40E7
:10AC3000F7E700BF0000F07F2DE9F041026900F165
:10AC4000140707EB820252F8046CA2F104083046A4
:10AC5000FFF7E8FCC0F120030A280B6035DD47450B
:10AC6000A0F10B011BD252F8083C31B3C1F1200C0A
:10AC70008E40A2F1080023FA0CF48B40874246EA8A
:10AC8000040646F07F5545F440151AD252F80C2CB4
:10AC9000294622FA0CF213431846BDE8F0810B282E
:10ACA0000AD006FA01F1002341F07F55184645F419
:10ACB00040152946BDE8F081002346F07F5545F454
:10ACC000401518462946BDE8F081C0F10B03474501
:10ACD00026FA03F141F07F5545F4401509D30022CF
:10ACE00000F11503294606FA03F313431846BDE89D
:10ACF000F08152F8082CDA40F2E700BFF0B50121EC
:10AD000083B016461F46FFF7B3FB0546002849D01F
:10AD1000C7F30A54C7F313030CB143F48013002E96
:10AD2000019315D101A8FFF7A1FC0199012200F1BF
:10AD3000200369612A611CB3A4F23344C3F13500D6
:10AD40001C44089B1C60099B1860284603B0F0BD9A
:10AD500068460096FFF78AFC019A034600B3C0F1EB
:10AD6000200102FA01F1C240009801920143002A39
:10AD7000C5E905120CBF012202222A61002CDBD199
:10AD8000A3F23243089805EB820103600869FFF7DC
:10AD900049FC099BC0EB42101860284603B0F0BD87
:10ADA0000099E4E70246034B40F20F310248E7F70F
:10ADB000ADFF00BF70E10110B0E801102DE9F043D4
:10ADC00083B0884681466946FFF736FF04460D4644
:10ADD000404601A9FFF730FFD9F81030D8F810200D
:10ADE000A3EB020CDDE900329B1A03EB4C13002BA2
:10ADF0000BDD05EB03573D4602460B462046294630
:10AE0000E6F7E6FA03B0BDE8F083C3EB033301EBEA
:10AE100003594946F0E700BF172870B506460ADD1A
:10AE2000002008490024084D22462B46E6F7AAFADE
:10AE3000013EF9D170BD054B03EBC003D3E904011A
:10AE400070BD00BF0000F03F000024404800021029
:10AE5000013902F114034FEA611C116903EB81010E
:10AE60000CF1010C8B4200EB8C0C16D210B5A0F14A
:10AE7000040E53F8044B99424EF8044FF9D88B1A3C
:10AE8000153B23F0030304331844844504D90023FD
:10AE900040F8043B8445FBD810BD844505D9002308
:10AEA00040F8043B8445FBD87047704703694A115A
:10AEB0001430934209DA00EB830302E053F8042DC7
:10AEC000AAB98342FAD80020704700EB8203F8DD6C
:10AED00011F01F01F5D010B450F8224024FA01F20D
:10AEE0008A40944209D001205DF8044B704701204C
:10AEF000704753F8042D002AF5D18342F9D8002079
:10AF00005DF8044B704700BF5FFA81FC810744D0B5
:10AF10000346511E22B909E09A0709D0013905D329
:10AF20001846013302786245F6D170470020704719
:10AF3000184603290CD80029F8D00346014401E043
:10AF40008B42F3D0184613F8012B6245F8D17047B5
:10AF500010B50CEB0C24024604EB044402E0043967
:10AF6000032915D9104652F8043B6340A3F1013E72
:10AF70002EEA030313F0803FF1D00346014401E0C1
:10AF80008B4208D0184613F8012B6245F8D110BD4A
:10AF900010460029F1D1002010BD1146C9E700BFBD
:10AFA0002DE9F8434FF00009074688461646D6E9D2
:10AFB0000154013D0FD4A389012B08D9B4F90E30F7
:10AFC00021463846013302D0C04749EA0009013D15
:10AFD00068346B1CEFD13668002EE8D14846BDE8D6
:10AFE000F88300BFF0307047004870475C0E0020C7
:10AFF000004870475C0E0020B1F90C302DE9F0419B
:10B000000C46990796B008D504F14303012223604A
:10B01000C4E9043216B0BDE8F081B4F90E1006465A
:10B02000002926DB6A46FEF775FE00281FDB019D1E
:10B030004FF480684FF4006705F47045A5F500559E
:10B04000B5FA85F56D0941463046FBF70DFFE8B1CD
:10B05000B4F90C30C4F8148043F080032060206100
:10B06000A3813DBB3B43A38116B0BDE8F081B4F999
:10B070000C3013F0800519D04FF040080025304601
:10B0800041462F46FBF7F0FE0028E1D1B4F90C3021
:10B090009A05BFD423F0030304F14302012143F0D6
:10B0A00002032260C4E90421A381B3E74FF480685E
:10B0B0002F46C8E7B4F90E10304600F0E5FC10B991
:10B0C000B4F90C30CEE7A38923F0030343F0010366
:10B0D0001BB2C7E770B50C46B1F90E1096B0154615
:10B0E00000291E4614DB6A46FEF714FE00280FDB1B
:10B0F00001994FF480634FF4006001F47041A1F5B1
:10B100000051B1FA81F1490931602B6016B070BD70
:10B11000A18911F0800106D000214023084631604A
:10B120002B6016B070BD4FF48063084631602B6011
:10B1300016B070BD42B10C49104610B5144600F06F
:10B1400049F818B9094810BD084870470749204612
:10B1500000F040F80028F5D00549204600F03AF804
:10B160000028EFD0002010BDE4E80110E0E8011055
:10B17000F8DE0110014B93F8280170476C0D002098
:10B1800041B110B50C460B49204600F023F818B920
:10B19000094810BD084870470749204600F01AF8D2
:10B1A0000028F5D00549204600F014F80028EFD01B
:10B1B000002010BDE4E80110E0E80110F8DE011005
:10B1C00010B491FBF2F402FB1411C0E900415DF8E8
:10B1D000044B704780EA010C1CF0030F37D110F0CC
:10B1E000030C20F0030021F0030150F8042B08BFEA
:10B1F00051F8043B0ED08CF0030C6FF07F434FEA04
:10B20000CC0C23FA0CFC51F8043B42EA0C0243EA52
:10B210000C0300BFA2F1013C9A4201BF2CEA020CD0
:10B220001CF0803F50F8042B51F8043BF2D04FEA59
:10B2300002604FEA1222012828BFB0EB036F08BF5B
:10B240001B0AF4D003F0FF03000EC01A704710F081
:10B25000030F0AD010F8012B11F8013B012A28BF77
:10B260009A42F4D0A2EB030070474DF8045D50F809
:10B27000042B01F0030521F0030151F8043B022DDA
:10B2800026D04DD822F07F45B5EB132FA2F1013C1B
:10B290002CEA020C0DD11CF0803C08BF51F8043B95
:10B2A0000AD185EA0205B5EB036F0CD150F8042BE7
:10B2B000E8E74FEA13235BE03CF07F4C54D10B7876
:10B2C0004FEA126554E04FEA126503F0FF034FE0C6
:10B2D0004FEA0245A2F1013C4FEA15452CEA020C67
:10B2E000B5EB134F18D11CF0803C08BF51F8043B5C
:10B2F00007D185EA0205B5EB034F09D150F8042BBD
:10B30000E6E75FEA0C4C2FD10B884FEA12452FE09D
:10B310004FEA03434FEA12454FEA134328E000BFC8
:10B3200002F0FF05B5EB136FA2F1013C2CEA020C11
:10B330000DD11CF0803C08BF51F8043B0AD185EACE
:10B340000205B5EB032F0AD150F8042BE8E74FEACA
:10B3500013630DE012F0FF0F06D051F8043B4FEAE3
:10B36000122523F07F4303E04FF0000020BC70471C
:10B3700005F0FF0203F0FF00012828BF904204BF40
:10B380002D0A1B0AF4D0A2EB000020BC704700BFBE
:10B3900010B4034CD4F8E440A4465DF8044B604775
:10B3A0006C0D002082B049B15AB16BB113780B60BB
:10B3B0001278101E18BF012002B0704701A9002AA0
:10B3C000F3D1104602B070476FF00100F4E700BF00
:10B3D000CAB384460B4630B504460843800719D0EB
:10B3E0009CF800000C78A04212D150B3012A28D05A
:10B3F000E64603E01CEB030F23D010B31EF8010F49
:10B4000011F8014FA2EB0E03A04203F1FF33F1D07C
:10B41000001B30BD032A07D8E2E7043A11D01EF022
:10B42000803F0ED1032A10D92068194653F8045BD7
:10B43000A446A0F1013E0434A8422EEA000EECD04E
:10B44000CEE7002030BD10467047A4461946C7E736
:10B4500088420ED98B1883420BD900EB020C002ACC
:10B460006ED0624613F801CD994202F801CDF9D1B0
:10B4700070470F2A0FD8034602F1FF3C002A5FD025
:10B480000CF1010C013B8C4411F8012B614503F8D0
:10B49000012FF9D1704740EA01039B0751D1A2F176
:10B4A000100301F1200C70B523F00F0501F1100E0F
:10B4B00000F110041B09AC445EF8105C0EF1100E94
:10B4C000103444F8205C5EF81C5C44F81C5C5EF8A8
:10B4D000185C44F8185C5EF8145CE64544F8145CAB
:10B4E000EAD1013312F00C0F02F00F0C01EB031143
:10B4F00000EB031329D0ACF1040C1C1F8E462CF07A
:10B5000003064FEA9C0C1E445EF8045B44F8045F9B
:10B51000B442F9D10CF1010402F0030203EB8403FD
:10B5200001EB840102F1FF3C4AB10CF1010C013B3B
:10B530008C4411F8012B614503F8012FF9D170BD3E
:10B54000704702F1FF3C03469AE76246EAE700BF14
:10B550000020704738B50C4684461146074D1A4600
:10B560000023204664462B60E7F796FB431C00D07F
:10B5700038BD2B68002BFBD0236038BD1868022033
:10B5800070B50C460346084D0026204611461C4661
:10B590002E60E7F767FB431C00D070BD2B68002BC3
:10B5A000FBD0236070BD00BF1868022010B50B7877
:10B5B000722B36D0772B06D0612B2BD00446162366
:10B5C0000020236010BD4FF4C0644FF0010C082030
:10B5D0004B7801316BB916E02B2B20F01C0E2CF0B0
:10B5E000030303D14EF0100043F0020C11F8013FA9
:10B5F0004BB1622B0BD0782BEED111F8013F4CF4FC
:10B60000006C002BF5D144EA0C04146010BD4CF41E
:10B61000803CEBE74FF402744FF0010C4FF4847060
:10B62000D6E700240420A446D2E700BF014B1868E7
:10B6300000F0BCBB2808002008B5FEF797FC044BBF
:10B64000186800F0B3FBBDE80840FEF791BC00BFEE
:10B650002808002000487047E00E002010B4034C7A
:10B66000D4F8E040A4465DF8044B60476C0D002020
:10B67000034649B1FF2A02D801200A7070478A2286
:10B680004FF0FF301A6070470846704738B50C46D7
:10B6900084461146074D1A460023204664462B6017
:10B6A000E7F722FB431C00D038BD2B68002BFBD0F2
:10B6B000236038BD186802202DE9F0470446FFF7E3
:10B6C000C9FF40F2B1739C4240F3AD806FF4F6675E
:10B6D00086465E4AA4F26D7304EB070CA4F2B271C5
:10B6E000446040F26D104FEAAC0C6FF4C8690EF183
:10B6F000500500FB01CC82FB0301DB175448A3EB90
:10B7000061139C4404EB0903A2FB032372460CEB78
:10B71000D31C117A53694A2922D044293FD163446A
:10B72000916928321768CE17C3FB0016C91946EB7A
:10B73000E776954242E90216EBD1DEF82000DEF80A
:10B740004810DEF824308842DEF84C204FF001002B
:10B750009341B4BF03460023CEF80030BDE8F08724
:10B76000A6070CEB03010ED13A4F3B4E07FB0466D4
:10B7700007F18047013FB7EBB60F04D23B2BC8BFA0
:10B7800001314B1ECCE7334F334E07FB0466334F7A
:10B79000B7EB361FF5D33B2BC8BF0131F1E7A1074B
:10B7A00044D02A4E86FB0416E117C1EBE6114FF494
:10B7B000C87606FB114100290CBF4FF030084FF04E
:10B7C000000827498844D16801293CDD4FEA810AF5
:10B7D0006646A8F10401AAF10809C14451F8047FA2
:10B7E00089453E44FAD1AAF104018844311D1D4F18
:10B7F00087FB0179CF178944C7EBA907C7EBC707B8
:10B80000C91BD8F80070591A136903F1FF3348BFF8
:10B810000731C3EBC3030B44BB4202DB073BBB4214
:10B82000FCDA33447CE70020BDE8F087094E0A4982
:10B8300006FB041106F18046013EB6EBB10FB0D213
:10B840004FF03008BDE76646D0E700BF1F85EB51DB
:10B8500080510100295C8FC250B81E050AD7A30091
:10B86000700102109324499270B4164D2C681CB3D9
:10B8700065681F2D23DC38B96B1C0020023563601E
:10B8800044F8251070BC704704EB850C0228CCF8F6
:10B8900088204FF00102D4F8886102FA05F246EAE6
:10B8A0000206C4F88861CCF80831E5D1D4F88C31AF
:10B8B0001343C4F88C31DFE7034C2C60D8E74FF01A
:10B8C000FF30DFE7C86902201C680220F8B55B4A38
:10B8D0000C460023D0E9000102F0E6F9002AC0F28C
:10B8E000A580574D054457494FF46163A1FB020100
:10B8F000C90A03FB1122544BA160A3FB0213E91CEC
:10B900005B096360C3EB0313A2EB83024F4B22601E
:10B9100083FB0132CB170A44C3EBA203C3EBC3037F
:10B92000CB1A78D4002DA36177DB494BE91783FB51
:10B930000523C1EBE3314748474A00FB0150474E1E
:10B940008308A2FB0352A6FB0353454D00EBD22212
:10B95000A2EBD3120309A5FB0353424DA2EB131232
:10B96000A5FB02359308521BA6FB036305EB5202AD
:10B970003D4DDB09120AA5FB0265C3EB55133B4D98
:10B98000034440F26D1000FB123303EB83000230DE
:10B99000A5FB006540F2F956ED09B04205EBC50084
:10B9A0008CBF6FF00906022600EB00103544304EC4
:10B9B0000230A6FB00604FF4C87606FB01215E1C36
:10B9C000012D98BF0131B3F5997FA6EB90000BD301
:10B9D000A3F59973A1F26C71E3610023E060204646
:10B9E0002362C4E90451F8BD96070BD0214E06FB33
:10B9F00002F2214EB6EB321F2CBF012200223B3354
:10BA00001344E7E71B4E1D4F02FB06F6B7EBB60FDC
:10BA1000ECD20122F3E70733A36119490C4B294407
:10BA200083FB0123C917C1EBE33184E702F5A83298
:10BA3000144D02F5C072054455E700BF8051010066
:10BA40006CFA0A00C5B3A291898888889324499228
:10BA5000BD066B394FC5FDFF7F206B39D97CC659B8
:10BA600041D6720061F319671F85EB51D7802BD641
:10BA7000CDCCCCCC295C8FC20AD7A300285C8F0226
:10BA800050C5FDFF6BFA0A0038B50022064D04468A
:10BA900008462A60E7F730F9431C00D038BD2B6810
:10BAA000002BFBD0236038BD186802209368002B60
:10BAB00000F0F980B1F90CC01CF0080F2DE9F04F2F
:10BAC000904683B081460C4631D00B697BB31CF0A5
:10BAD0000207D8F8006038D00027D4F824B0E16914
:10BAE000DFF8C4A23D4655452B463A46484628BF96
:10BAF0005346C5B1D847002840F3CB80D8F808306A
:10BB000007442D1A1B1AC8F80830002B00F0B78024
:10BB100055452B46D4F824B03A46E16928BF534630
:10BB20004846002DE6D1D6E900750836DBE7214608
:10BB30004846FCF749FC002840F0B080B4F90CC03E
:10BB4000D8F800601CF00207C6D11CF0010A64D1CD
:10BB500023685746A16818468B46002F59D01CF41D
:10BB6000007F00F0B680B9420A4600F2E2801CF481
:10BB7000906F30D021695D1A636913EB430348BFAE
:10BB800001334FEA630B6B1C3B445A465B4501D9BA
:10BB90009B461A461CF4806F00F0EA801146484626
:10BBA000FBF762F9002800F0F9802A46216900902D
:10BBB000FCF7C0FFA289009B22F4906242F0800251
:10BBC000A2815819C4F814B0ABEB05053A46BB4640
:10BBD0002361A560206051460092FFF739FCA168FF
:10BBE00023683D46009AA1EB0B0100271A44A1608F
:10BBF0002260D8F80830AA445B1BC8F80830002B34
:10BC00003DD02368A168B4F90CC018468B46002FBC
:10BC1000A5D1D6E900A708369DE73846BB463D4684
:10BC20000097002D41D0002846D0009AA168AA4272
:10BC30006369206828BF2A4603EB010A216988420C
:10BC400002D9524500F38580934275DC5A46E1697A
:10BC50004846676AB847B0F1000A1ADD009BB3EBAB
:10BC60000A0300930FD00120D8F80830D344A5EB85
:10BC70000A05A3EB0A03C8F80830002BD1D1002035
:10BC800003B0BDE8F08F21464846FAF765FF00286B
:10BC9000EAD0B4F90C3043F04003A3814FF0FF30F9
:10BCA00003B0BDE8F08F0020704775683346083652
:10BCB000002DFAD0D3F800B02A460A215846FFF7E3
:10BCC00023F9002867D00130A0EB0B031A4600933C
:10BCD000ACE722699A4214D36269BA4211D86FF074
:10BCE0000043656AE1694846BB4228BF3B4693FB77
:10BCF000F2F302FB03F35246A847051EC9DD7F1B82
:10BD000077E7B942184628BF39460D4651462A46BC
:10BD1000FFF79EFBA1682368491B2B44A1602360A9
:10BD20000029ECD121464846FAF716FF0028E6D054
:10BD3000AFE7BB463A464EE759460192FFF788FB0C
:10BD4000019AA36892469B1AA36023681344236058
:10BD500084E759465246FFF77BFB23682146484655
:10BD600053442360FAF7F8FE00283FF477AF90E7DA
:10BD70004846FDF753F9034600287FF422AF2169B6
:10BD80004846FCF7DFFBB4F90C300C2223F08003AB
:10BD9000C9F800207FE76A1C009247E70C22B4F93B
:10BDA0000C30C9F8002076E700FCFF7F2DE9F04F4A
:10BDB00005468FB0FFF74EFCBE4904462846FDF706
:10BDC000C7F88046002800F03181BB4E316821B1B0
:10BDD000FFF700FA002841D031680846E5F70CFC6F
:10BDE0004046FEF7EFF9014628460131FBF73CF8E3
:10BDF000306010B14146FEF725FAB04A0023B04D3D
:10BE0000B04EB14F3360A36223653B60C5E90022A9
:10BE10004A22C4E90333C4E90533C4E90D33C4E954
:10BE20000F332272002384F830200022C4E9082353
:10BE3000C4E9122398F800303A2B12D03C2B16D0CC
:10BE40000DF1300BA14AA24940465B4600F00AFAC8
:10BE5000002803DD0C98C21E072A1ED90FB0BDE8CA
:10BE6000F08F98F8013008F101083C2BE8D108F177
:10BE700001090DF1300B954A96495B46484600F0A2
:10BE8000F1F90028EADD0C98C21E072AE6D819F855
:10BE900000203E2AE2D108F1020818F8002008EB41
:10BEA00000092D2A00F0E9802B2A4FF0010808BF75
:10BEB00009F101090AAB00228749484602930DF1B6
:10BEC0002603ADF8262000935B46ADF8282009AA8A
:10BED000CDF80CB0CDF804B000F0C4F90028BDDDF9
:10BEE000BDF826204FF4616CBDF82400C2EB0211AE
:10BEF000BDF8282002EB81020C990CFB002208FB04
:10BF000002F319F8012089443C2A059300F0E880E7
:10BF10006E4B48466E490C331A4606935B4600F05A
:10BF2000A1F9002840F3FA800C9AD11E072995D870
:10BF300019F8021009EB02082D2900F0A3802B2923
:10BF40004FF0010908BF08F101080AAB002262495D
:10BF50004046ADF82420ADF82620ADF828200C92FC
:10BF600009AACDF80CB0CDE901B30DF12603009379
:10BF70005B4600F077F9002840F3E480BDF8262006
:10BF80004FF46160C2EB0211BDF8282002EB810280
:10BF9000BDF8241000FB012209FB02F20C990023DA
:10BFA000A24607928844049398F80090B9F12C0FA8
:10BFB00003D198F8019008F10108B9F14D0F00F094
:10BFC000C580B9F14A0F4FF00A020DA90CBF08F164
:10BFD00001084FF04409404600F03EFA0D9BADF8D1
:10BFE0002E00434500F0A18080B28AF80890CAF87C
:10BFF000140098464FF000094FF00203ADF8269068
:10C00000ADF82430ADF82890CDF8309098F8003095
:10C010002F2B00F0C8804FF4E153CAF818300AF112
:10C02000280A049B9BBB01230493BDE72B4A4A21AA
:10C03000234B2448204DC0F80080C4F8288028688D
:10C0400084F83010C4F85080C3E900220022002395
:10C050002172C4E90823C4E912231B4BC4E90388F5
:10C06000C4E90588C4E90D88C4E90F88C3F80080D5
:10C07000E5F7C2FAC5F80080F0E609F101094FF0D2
:10C08000FF3817E708F101084FF0FF395DE7059B1E
:10C09000079AA3620D4B22652B60069B60686B605C
:10C0A000FFF70AFBA26A236D32609B1A18BF0123B7
:10C0B0003B60D3E6F0E80110AC690220F8DE011025
:10C0C000380F00201068022014680220B069022096
:10C0D00008E90110F4E8011018E90110ECE801107A
:10C0E000514B09F1010A51490C3350461A46069347
:10C0F0005B4600F0B7F800280CDD0C9AD11E07292A
:10C100003FF6ACAE1AF802103E297FF4A7AE09F153
:10C1100002090DE799F801203E2AEED1424BC5E90C
:10C120000033059BA362336098E6049A002A5BD033
:10C130004D220B2184F830200122C4E90D12002287
:10C14000E26356E7059BA3F5616227E70DF12E0335
:10C150000DF12A023649404602930BABCDF80CB0E4
:10C1600000935B46CDF804B000F07CF803287FF420
:10C1700075AEBDF82A305A1E0B2A3FF66FAEBDF8D9
:10C180002C20511E04293FF669AEBDF82E10062959
:10C190003FF664AE8AF80890CAF81410CAE9033270
:10C1A0000C9B984426E70AAB09AA22494046CDF8E1
:10C1B0000CB0CDE901B30DF1260300935B4600F00E
:10C1C00051F8484518DDBDF826304FF46161C3EBE6
:10C1D0000312BDF8283003EB8203BDF8242001FBD5
:10C1E00002330C9A904418E762614D2203202272B8
:10C1F0000222C4E90302FCE64A2100220023C4F81B
:10C200002890217284F83010C4F85090C4E9039942
:10C21000C4E90599C4E90823C4E90D99C4E90F9953
:10C22000C4E912231AE600BFB0690220F4E8011045
:10C230002CE9011040E9011010B50446FDF796FE07
:10C240002046FFF7B3FDBDE81040FDF791BE00BFEB
:10C25000024B13B10248FDF78DBE7047000000008D
:10C26000F5A301100EB470B59DB000254FF4017216
:10C2700021AC1B95ADF8142054F8046B0290069085
:10C28000FDF7A0FF0B4903464FF6FF7032460A91B7
:10C290000949ADF81600039307932346086802A9DD
:10C2A0000E951395019400F08FF91DB0BDE8704014
:10C2B00003B07047058D0110280800200CB4F0B5BC
:10C2C0009DB000254FF40173064622AC0846ADF838
:10C2D000143054F8047B1B9502910691FDF772FF10
:10C2E0000B4903460E953A4613954FF6FF75039397
:10C2F0003046079323460A9102A9ADF816500194DF
:10C3000000F062F91DB0BDE8F04002B0704700BF18
:10C31000058D01102DE9F04780460C46454826461C
:10C3200014F801EB10F80EC01CF0080CF7D1BEF1A8
:10C330002D0F5BD0BEF12B0F3AD0654633F01000C5
:10C340003ED04FF0FF379A46B7FBF3F703FB07F9F0
:10C350006FEA0909002630460EE0AEF1370C63455E
:10C360001DDD002E04DBB84202D833D1CC4531DDCF
:10C370004FF0FF3614F801EBAEF1300CBCF1090FB1
:10C38000EDD9AEF1410CBCF1190FE6D9AEF1610C5B
:10C39000BCF1190F03D8AEF1570C6345E1DC731CF7
:10C3A0001CD005B140420AB1F6B91160BDE8F08772
:10C3B00033F0100094F800E0654606F10204C0D1A5
:10C3C000BEF1300F17D06BBB0A234FF005091A4F8F
:10C3D0009A46BFE700FB0AC00126CBE7222330467E
:10C3E000C8F80030002AE1D0611EDEE794F800E0D2
:10C3F0000125B41CA2E7207800F0DF00582807D000
:10C4000083B908234FF007096FF060479A46A1E708
:10C41000102394F801E04FF00F0902346FF07047D9
:10C420009A4697E710234FF00F096FF070479A462E
:10C4300090E700BF45FF0110999999196AE700BF7D
:10C4400010B4044C13460A46014620685DF8044BBC
:10C4500060E700BF2808002010B4044C13460A46C9
:10C46000014620685DF8044B54E700BF280800200F
:10C4700038B54B1C1AD0938914465268CDB223F0BC
:10C480002003A381236BA3B1636B934209DD23686F
:10C490005A1E226003F8015C63680133636028461A
:10C4A00038BD214601F03EF80028F0D04FF0FF35AE
:10C4B000F5E7236921682BB18B4203D211F8013CC7
:10C4C000AB420ED0234604F14000C4E90E12032112
:10C4D000012220632846616303F8425FC4E9003209
:10C4E00038BD01390132C4E90012D8E710B50C4655
:10C4F000096B69B104F14003994201D0FCF722F8BD
:10C500000020E36B2063636013B1A36B236010BD55
:10C51000A289002123694FF0FF3042F020026160C0
:10C52000A281F3E72DE9F04F834685B002FB03F0CB
:10C530000E9C0193A0B388460646D4E90015A84294
:10C5400023D94FF0000904F1400ACDE90202404628
:10C550002A46FCF7EFFA2168236B58464F19A84486
:10C560001946C4F8049027603746761BDBB1534563
:10C5700001D0FBF7E7FFE06BC4F83090606090B14A
:10C58000A16BB04205462160E1D332464046FCF73C
:10C59000D1FA0198D4E90032921B3344C4E9003245
:10C5A00005B0BDE8F08FDDE90202A389284443F01D
:10C5B0002003C01BA3810023B0FBF2F02269C4E971
:10C5C000002305B0BDE8F08F2DE9F04F8A46B1F9A0
:10C5D0000C10DDB08C0407930390DAF8643007D4B4
:10C5E00041F4005123F40053AAF80C10CAF8643047
:10C5F0009804C3F3403100F1AC83164616F8013BB2
:10C600000D93002B00F096868E46DFF8A0848B46B3
:10C61000894606910591089118F8034014F0080422
:10C620006ED1252B5DD131782746A1F12503721CEF
:10C63000532B61D8DFE813F0540060006000600005
:10C6400060002F0260006000600060006000D000A9
:10C65000D000D000D000D000D000D000D000D0005A
:10C66000D00060006000600060006000600060005A
:10C67000600060006000AC0160006000600060006D
:10C680006000600060002702600060003001600010
:10C690006000600060006000600060006000DB001F
:10C6A000600060001E0260006000600060006000CA
:10C6B0006000600039019D01600060006000A4011D
:10C6C000B00160006000F501600000021106170271
:10C6D000600060001B026000140660006000DB0068
:10C6E0001646DAF80430002B5BDDDAF800301978F2
:10C6F00016F8012C914232D005985DB0BDE8F08F5C
:10C70000DAF804200AF140050024039F10E0DAF86B
:10C7100000301A78013318F8022012073FD5DAF8F2
:10C72000042009F10109CAF80030013ACAF80420CE
:10C73000002AECDCDAF830303846194613B3AB4245
:10C7400001D0FBF7FFFEDAF83C30CAF83040CAF8F7
:10C750000430BBB1DAF83830CAF80030D9E7013319
:10C7600009F101090496CAF80030DAF80430013BF7
:10C77000CAF80430049E16F8013B0D93002B7FF499
:10C780004BAFB9E7BAF80C3043F02003AAF80C30ED
:10C79000DAF81030CAF800300023CAF804300496E2
:10C7A000E8E7DAF83010002900F0C1820AF140030E
:10C7B000994202D00398FBF7C5FE0023CAF8303037
:10C7C000DAF83C30CAF80430002B00F0B082DAF816
:10C7D0003830CAF800308AE714F08F0F8CD107EB9D
:10C7E000870701EB470771781646303F1DE744F491
:10C7F00000740492AB4B0893102306930323DAF8DA
:10C800000410002900F3D580DAF83010002900F078
:10C810008E820AF14000814204D003980993FBF70D
:10C8200091FE099B0021CAF83010DAF83C10CAF8D2
:10C830000410002900F07B82DAF83810CAF80010E2
:10C84000610640F1B680022B00F00982032B00F054
:10C850002F81012B33D0012F04F0100238BF0127A4
:10C8600014F001040A9240F03C840A9B002B40F033
:10C87000D582079C3B460122039854F8041BCDF84F
:10C8800000A0FFF74FFE002800F05C82059B81446A
:10C890000794013305936DE744F001040492814B42
:10C8A0000893082306930323A9E744F040040023D8
:10C8B0000492DAF804100029A6DD012BCBD1002F59
:10C8C00004F0100208BF4FF0FF3714F001040A9281
:10C8D00040F09883DAF800601CAD0A9A3178695C00
:10C8E000002A00F0DB8200293FF406AFDAF80410DA
:10C8F0000136012F01F1FF31CAF80060CAF80410B7
:10C9000000F02E830AF14006CDF82490B146264669
:10C910001C4613E0DAF8001008780131285C002882
:10C9200000F01B830134CAF80010DAF80410A742A3
:10C9300001F1FF31CAF8041000F00F830029E9DC8F
:10C94000DAF8303003981946002B00F025854B4566
:10C9500001D0FBF7F7FDDAF83C10CAF83060CAF8EE
:10C960000410002900F01885DAF83810CAF8001011
:10C97000D2E704924C4B08930A23069303233EE725
:10C9800023077FF4B9AE717844F0040416464CE6F0
:10C9900044F001040492EDE7DAF804300492002B2D
:10C9A000414B08934FF0000306934FF003037FF7CA
:10C9B0002BAFDAF80000017818F801100A077FF5AC
:10C9C00042AF0AF140060994002534464E46994686
:10C9D00007E0CAF80000017818F801100B0740F1D1
:10C9E000A281DAF804100136013001390029CAF8B1
:10C9F0000410EEDCDAF8303003981946002B00F012
:10CA00009681A34201D0FBF79DFDDAF83C10CAF8ED
:10CA10003050CAF80410002900F08981DAF8380093
:10CA2000D7E720077FF468AE71786C2900F0658441
:10CA300044F001041646F8E5E70604923FF59AAE85
:10CA4000079A660752F8043B079200F11584E50740
:10CA500000F17384A00740F170844FEAE972C3F8D3
:10CA600000905A6086E644F408740492C2E60223F9
:10CA70000492C4E611461CA800F0C4FE44F0400431
:10CA80000123049015E721077FF436AE717844F056
:10CA900002041646C9E527437FF42EAE71781024B0
:10CAA0001646C2E53DC4011071DB011045FF0110BF
:10CAB0007B1E44F45864262B40F24F81A7F12703D4
:10CAC00027270B93002312AE1A4609930AF140035D
:10CAD00035460A935B46CB46DDF81890DAF800102D
:10CAE00091F800C0ACF12B004D283BD8DFE800F0F6
:10CAF000823A823A3A8E7070707070707087873A9E
:10CB00003A3A3A3A3A3A2727272727273A3A3A3AF7
:10CB10003A3A3A3A3A3A3A3A3A3A3A3A3A763A3A39
:10CB20003A3A3A3A3A3A2727272727273A3A3A3AD7
:10CB30003A3A3A3A3A3A3A3A3A3A3A3A3A76B9F1E3
:10CB40000A0F0FDD24F4386405F801CBDAF804008D
:10CB500001380028CAF8040067DD0131013FCAF836
:10CB60000010BBD1CDF81890D9469B46E10505D5FC
:10CB7000B54200F2A283B5423FF4BEAD14F01002FC
:10CB800040F0CC80069B3146089F03982A70B84736
:10CB9000079BA20603F1040700F1BA80630700F1C6
:10CBA000678314F0010240F0B280A10740F1AF802A
:10CBB000B84B089903989942069B314600F094843B
:10CBC00000F006FE0B46079A1168C1E90003A1E0D8
:10CBD000B14824F4386430F91990B5E704F4C06022
:10CBE000B0F5007FBED124F400744FF0100944F476
:10CBF000A064A9E72006B5D524F08004A4E7A648E0
:10CC000030F91990B9F1080F9CDCABE720059BD5F2
:10CC1000B9F1000F03D144F400744FF00809600526
:10CC200040F1B08224F4B0648EE7DAF830100029C5
:10CC300000F08E830A98814205D003980693FBF793
:10CC400081FC069B0022DAF83C10CAF83020CAF8B2
:10CC50000410002900F07C83DAF838107EE7DAF857
:10CC60000000002F04F01006037808BF4FF0FF37D4
:10CC7000E40718F8035005F0080571D4002E00F001
:10CC80007181002D7FF476ADDAF804300130012F88
:10CC900003F1FF33CAF80000CAF8043000F0298419
:10CCA0000AF14006012432462E46154614E0DAF811
:10CCB00000301978013318F801100A0700F1E880F4
:10CCC0000134CAF80030DAF80430A74203F1FF3328
:10CCD000CAF8043000F01783002BE8DCDAF83030B3
:10CCE00003981946002B00F0AD83AB4201D0FBF74F
:10CCF00029FCDAF83C30CAF83060CAF80430002B5E
:10CD000000F0A083DAF83830CAF80030D1E7079B8A
:10CD10001B681860059B079701330593AD1B099BA2
:10CD20001D44A94426E54B46099CB1468BE5BAF85B
:10CD30000C300022DAF8101043F02003CAE9001288
:10CD4000AAF80C30059B23B1BAF80C305B067FF5CE
:10CD5000D3AC4FF0FF330593CEE400230B93B1E641
:10CD6000002E00F02682002D7FF404AD079A0DF10D
:10CD7000340C079600253E4667460992FEF7FAF9FD
:10CD8000A842DFD012ABBBF1030F10ACDAE90021EF
:10CD900012F8010B01F1FF31585505F10105CAF8F0
:10CDA0000410CAF8002002D12368042B04D0082202
:10CDB00000212046F8F7DAFA2B4612AA39460398E2
:10CDC000009400F011FFB0F1FF3F8346BAD0002875
:10CDD00040F09C82386000F003FF002840F065833B
:10CDE000A944013E079B002B40F0AB8204371D464F
:10CDF000DAF80420002A40F3F982DAF800201278E9
:10CE000018F80220110701D4002EB7D1BC46099AA8
:10CE1000079E002E00F0D3810792ABE4DAE90013FD
:10CE20009F4240F35A83DAF8302018460AF1400650
:10CE3000254613460246CDE9099BA346B146114457
:10CE40005E463C460398CAF8001093441946BF1A40
:10CE5000002B00F03A824B4501D0FBF773FBDAF868
:10CE60003C20CAF83050CAF80420002A00F02D8275
:10CE7000DAF8381097424FF00003CAF80010DEDCF1
:10CE8000DDE9099B13463444DB1B3944CAE900132E
:10CE9000A1446FE43DC40110D0010210079A52F87A
:10CEA000040B00293FF428ACDAF804100446012FE3
:10CEB00001F1FF31CAF8041006F10101CAF80010AF
:10CEC000317804F8011B40D0C619CDF81C900AF146
:10CED00040070990B1460B920A9E11E0DAF8001063
:10CEE0000878285C48B3DAF804000138CAF804006E
:10CEF000481CCAF80000097804F8011B4C451CD0F6
:10CF0000DAF804100029E9DCDAF830300398194621
:10CF1000002B00F05482BB4201D0FBF713FBDAF880
:10CF20003C10CAF83060CAF80410002900F04782AB
:10CF3000DAF83810CAF80010D2E70998DDF81C902A
:10CF4000231A0B9A002B3FF4D7AB9944059B079209
:10CF500001330593002323700CE4DDF8249023466D
:10CF6000994407E4079951F8042B002D40F0B7824B
:10CF7000DAF804301446012F03F1FF33CAF8043005
:10CF800000F10103CAF80030037804F8013B00F017
:10CF9000A882D61907910AF14007099215E0DAF83C
:10CFA0000010087818F80000030700F1F680DAF89E
:10CFB00004000138CAF80400481CCAF800000978C7
:10CFC00004F8011BB44200F0E880DAF804100029EC
:10CFD000E5DCDAF8303003981946002B00F02082A7
:10CFE000BB4201D0FBF7AEFADAF83C10CAF8305079
:10CFF000CAF80410002900F01382DAF83810CAF8D1
:10D000000010CEE7002A40F02581079B53F8042B3F
:10D010000992079300255C46FEF7ACF8A8423FF45E
:10D0200091AE032C0DF1380BDAE9003202F1FF3238
:10D0300013F8011BCAF8042012AACAF8003051558F
:10D0400005F1010503D1DBF80030042B04D00822E0
:10D0500000215846F8F78AF9099E2B4612AA039830
:10D060003146CDF800B000F0BFFD411C04463FF44E
:10D0700069AE002840F004813060064610AB0822FB
:10D08000002118460B93F8F771F9AF4932460B9B14
:10D09000D1F8E0600CA90398B04701280CBF9DF8B7
:10D0A000306000261CAB9B5D002B00F06481032CDC
:10D0B000A94400F0FC80013F0A9B13B9099B04338B
:10D0C0000993DAF804300025002B40F3A880002FE4
:10D0D000A2D1A3460A9B002B7FF44CAB099A1360A4
:10D0E0004BE0002A40F09380079951F8042B0992F5
:10D0F00007911C4612AE0B93FEF73CF8A0423FF49A
:10D1000021AEBBF1030F10ADDAE9002112F8010BDB
:10D1100001F1FF31305504F10104CAF80410CAF8D6
:10D12000002002D12B68042B04D0082200212846BD
:10D13000F8F71CF92346324609990398009500F048
:10D1400053FDB0F1FF3F83463FF4FCAD002840F0B3
:10D150009F800A9BA144013F23B9099A1360099B50
:10D1600004330993DAF804200B9C002A34DD002FE5
:10D17000C2D10A9B002B7FF4FDAA059B01330593C6
:10D18000FFF7F8BA0B9824F4607410B10138013736
:10D190000B90099801300990D8E4099A0799A31ACD
:10D1A0009944059B07910133059300232370FFF7F2
:10D1B000E1BA079A52F804CB002D3FF4DAAD059B93
:10D1C0000792013305930023CCF80030FFF7D2BA61
:10D1D000DAF80420002A8FDCDAF83010002900F099
:10D1E00041810AF14002914202D00398FBF7AAF96B
:10D1F0000023DAF83C20CAF83030CAF80420002AAC
:10D2000000F03081DAF83820CAF80020AFE70022B9
:10D2100009926EE7DAF80430002B3FF7FDAEDAF83A
:10D220003010002900F02F810AF14003994202D00A
:10D230000398FBF787F90023CAF83030DAF83C305E
:10D24000CAF80430002B00F01E81DAF83830CAF832
:10D2500000303CE70DAB0993DCE60492FFF71FBBFF
:10D260003A4B049208930A2306930323FFF7C7BAA5
:10D27000079B1B6818804DE5A3F80090FFF77ABA6A
:10D28000821CC7D0099B1E68731C7FF4F7AE09E7A8
:10D2900010F1020F9CD00328A14402D12A68042A6D
:10D2A00000D0013F0A9B002B3FF459AF5AE7DBF84F
:10D2B0000030042B7FF4FFAEFEE615F8011C524649
:10D2C0000398013DFFF7D4F855E4BAF80C305C46FA
:10D2D000DDF8249043F02003DDF828B0AAF80C30E4
:10D2E000DAF81030CAF800300023CAF80430002CF5
:10D2F0003FF428ADA144FFF73DBAB17844F00204F1
:10D300000236FFF792B9B944FFF734BA10F1020FB1
:10D310003FF46EAD386800F063FC002840F0C58033
:10D32000BBF1030FA9447FF45CAD2268042A7FF4AB
:10D3300058AD57E50593FFF7DFB9C3F80090FFF745
:10D3400019BA002554E500BF6C0D00203DC4011042
:10D35000CDF81890D9469B46BAF80C3043F020031C
:10D36000AAF80C30DAF81030CAF800300023CAF8F6
:10D370000430FFF7FBBBA346002D3FF4ABAE12AB6E
:10D38000039E5C19013D524614F8011D3046FFF71B
:10D390006FF8002DF6D19DE6BAF80C202346DDF893
:10D3A000249042F020029944AAF80C20DAF81020C8
:10D3B000CAF800200022CAF80420FFF7DBB9BAF847
:10D3C0000C30099843F02003DDF81C90A0420B9A22
:10D3D000AAF80C30DAF81030CAF800304FF0000329
:10D3E000CAF804303FF4AEAC231AAEE5DAF83010D8
:10D3F000002900F082800AF14002914202D0039895
:10D40000FBF7A0F80022CAF83020DAF83C20CAF86E
:10D410000420002A71D0DAF83820CAF80020EEE49F
:10D42000099A0799A31A9944BAF80C3043F02003DB
:10D43000AAF80C30DAF81030CAF800300023CAF825
:10D440000430AEE6BAF80C30A14443F02003AAF849
:10D450000C30DAF81030CAF800300023CAF8043073
:10D46000FFF788B9BAF80C3043F02003AAF80C3063
:10D47000DAF81030CAF800300023CAF80430002C63
:10D480003FF477AE5EE4BAF80C30A34643F02003D5
:10D49000AAF80C30DAF81030CAF800300023CAF8C5
:10D4A0000430002D3FF416AE4CE4BC46099A079EAA
:10D4B000002D3FF4AEAC12AB0996039E5C190792A7
:10D4C000013D524614F8011D3046FEF7D1FF002DF4
:10D4D000F6D1BC46079A099E9BE43C46D4E4144628
:10D4E0005FE609F101095CE600F0A2FA0B46FFF7DE
:10D4F0006ABB09F10109FFF73DB9BAF80C30BC4627
:10D50000099A43F02003079EAAF80C30DAF810308D
:10D51000CAF800300023CAF80430002D7FF412ACA2
:10D5200077E400BF2DE9F0410C46096B04F140039C
:10D53000994214D0666B77003A46FBF76FFD0546BB
:10D5400030B300EB0608014632464046FBF7F2FADC
:10D55000C4F80080C4E90C570020BDE8F0814FF406
:10D560008061F9F781FC98B194F842204FF4806112
:10D57000206300F2FD33616380F8FF2394F84120BB
:10D5800080F8FE2394F8402080F8FD232360E3E731
:10D590004FF0FF30E1E700BF70B54C1C2BD00D46BB
:10D5A0000646144610B1436B002B4CD0B4F90C3036
:10D5B00023F020025807A28106D4D9061BD51B07E9
:10D5C00034D442F00402A281226BEDB26368AAB1A6
:10D5D000626B9A4209DD23685A1E226003F8015CDF
:10D5E000636801336360284670BD21463046FFF70B
:10D5F00099FF0028EFD04FF0FF35F4E7226921684A
:10D600002AB18A4203D211F8012CAA421ED0224626
:10D6100004F14000C4E90E130321012320632846CE
:10D62000616302F8425FC4E9002370BD21463046C1
:10D63000F9F792FA0028DED1B4F90C20A06022F0AC
:10D640000802A061BDE7FCF769FCAFE701390133CF
:10D65000C4E90013C7E700BF024B0A460146186839
:10D66000FFF79ABF280800202DE9F04F924685B0B9
:10D6700089461E460D46554A0390294615F8014B2A
:10D68000135D13F00803F8D12D2C7CD02B2C4ED039
:10D690004FF0FF3102936FF00043CDE9001336F0F5
:10D6A000100851D037464FEAE6783A464346DDE95E
:10D6B000000100F0F1FA002383468E461846194611
:10D6C000A44613E0ACF13704A6421FDD002B09DBB2
:10D6D00083457EEB010305D38E4508BF83453BD1CF
:10D6E000A24239DA4FF0FF3315F801CBACF1300428
:10D6F000092CE9D9ACF14104192CE3D9ACF161044E
:10D70000192C03D8ACF15704A642DFDC5A1C2FD0E9
:10D71000029A12B1404261EB4101BAF1000F03D00D
:10D72000002B48D1CAF8009005B0BDE8F08F4FF04B
:10D73000FF30029336F010086FF000432C7801F1AF
:10D740000205CDE90003ADD1302C25D0002E3AD111
:10D750000A27B0463E46A8E700FB08F307FB013363
:10D76000A0FB07010B44201843EBE4710123BBE746
:10D770002223039A1360BAF1000F17D005F1FF3985
:10D78000DDE90001CEE74FF00047009301232C783C
:10D790008D1CCDE9017382E72B7803F0DF03582B52
:10D7A0000CD086B90827B0463E467EE7DDE9000189
:10D7B00005B0BDE8F08FCDE90001DFE710276C78F8
:10D7C00002353E4671E710273E466EE745FF0110E1
:10D7D0004AE700BF10B4044C13460A4601462068CD
:10D7E0005DF8044B40E700BF2808002010B4044C4B
:10D7F00013460A46014620685DF8044B34E700BF33
:10D800002808002070B50C7884465E2C24D00023B4
:10D81000481C9E4600220CF5807163F3070263F3F7
:10D820000F2263F3174263F31F62634643F8042B2E
:10D830008B42FBD174B18EF00101451C0CF8041031
:10D8400015F8013C2D2B0ED05D2B0AD01BB11C46C8
:10D850002846F2E7013870BD0123881C4C789E46AB
:10D86000D8E7284670BD90F801E0BEF15D0F15D0F5
:10D87000744513DC661C02300CEB060202F8011B37
:10D88000A2EB0C03013B9E45F8DCAEEB0403023532
:10D89000013B7445A8BF00239C19D1E72D242846DD
:10D8A000CBE700BF2DE9F04F85B08B461E460D46F5
:10D8B00001925D4A0390294615F8014B135D13F060
:10D8C0000803F8D12D2C00F082802B2C51D002932C
:10D8D00036F0100A54D04FEAE67A32464FF0FF3065
:10D8E0004FF0FF315346B14600F0D6F932460746B5
:10D8F000884653464FF0FF304FF0FF3100F0CCF92F
:10D90000944600221046114613E0A4F137039E42CC
:10D910001FDD002A09DB874278EB010205D3414570
:10D9200008BFB8423BD1634539DD4FF0FF3215F8EF
:10D93000014BA4F13003092BE9D9A4F14103192BC0
:10D94000E3D9A4F16103192B03D8A4F157039E4234
:10D95000DFDC531C30D0029B13B1404261EB41012C
:10D96000019B1BB182BB019BC3F800B005B0BDE8B1
:10D97000F08F36F0100A2C78029301F10205AAD13B
:10D98000302C29D0002E44D14FF00A09B2464FF076
:10D99000050C4FF09937DFF894804E46B1E709FB4C
:10D9A00001F100FB0A11A9FB0002114418184FF005
:10D9B000010241EBE371BAE72223039910460B60A1
:10D9C0001146019B002BD1D005F1FF3BCBE7012392
:10D9D0002C788D1C02937BE72B7803F0DF03582B08
:10D9E0000BD0B6B94FF00809B2464FF0070C4FF014
:10D9F000FF376FF060484E4683E74FF010096C78B0
:10DA00004FF00F0C02354FF0FF376FF070484E4665
:10DA100077E74FF010094FF00F0C4FF0FF376FF022
:10DA200070484E466DE700BF45FF0110999999195E
:10DA300038E700BF10B4044C13460A46014620687C
:10DA40005DF8044B2EE700BF2808002010B4044CFA
:10DA500013460A46014620685DF8044B22E700BFE2
:10DA6000280800202DE9F04F82468E463F48754633
:10DA70001EF801BB10F80B4014F00804F7D1BBF1FD
:10DA80002D0F5BD0BBF12B0F6FF0004904BF9EF848
:10DA900000B005F1020E33F0100010D1BBF1300FD1
:10DAA00004D0002B5ED10A231F4609E09EF8000037
:10DAB00000F0DF0058284ED0002B53D108231F461A
:10DAC0000025B9FBF7F6284607FB16980EE0ABF1E8
:10DAD000370C63451DDD002D04DB864202D321D1C6
:10DAE000E0451FDA4FF0FF351EF801BBABF1300CFB
:10DAF000BCF1090FEDD9ABF1410CBCF1190FE6D91E
:10DB0000ABF1610CBCF1190F03D8ABF1570C6345B5
:10DB1000E1DC6B1C0AD004B140420AB1CDB91160FE
:10DB2000BDE8F08F07FB00C00125DDE72223CAF81E
:10DB300000305AB10EF1FF314846F0E79EF800B0D0
:10DB40004FF0004905F1020E0124A4E74846BDE864
:10DB5000F08F8146EEE710239EF801B00EF1020E21
:10DB60001F46ADE710231F46AAE700BF45FF01107F
:10DB7000242B02D8012B00D074E710B5F9F726F852
:10DB800016230360002010BD10B5242A084C13464C
:10DB9000246807D8012A05D00A4601462046BDE878
:10DBA00010405FE7F9F712F816230360002010BD5C
:10DBB0002808002010B5242A084C1346246807D8EA
:10DBC000012A05D00A4601462046BDE8104049E733
:10DBD000F8F7FCFF16230360002010BD2808002082
:10DBE000002100F049B800BF70B50D4C82B0054669
:10DBF000D4F8E460069C2AB10094B047431C08D0D6
:10DC000002B070BD11460123064A0094B047431C80
:10DC1000F6D100228A2322602B6002B070BD00BFC3
:10DC20006C0D0020F8DE011070B51C460F4B82B061
:10DC30001D680F4BD3F8E46051B1944600940A4636
:10DC4000014663462846B047431C08D002B070BD69
:10DC50000123084A28460094B047431CF6D100220D
:10DC60008A2322602B6002B070BD00BF280800200C
:10DC70006C0D0020F8DE0110FF2804D8034B185C5F
:10DC800000F0080070470020704700BF45FF0110FA
:10DC9000F8B500BF000000005FF800F0510400205C
:10DCA0005FF800F0ED0100205FF800F0B103002004
:10DCB0005FF800F0290200205FF800F02103002047
:10DCC0005FF800F0810100205FF800F09102002071
:10DCD00081110010F510001029110010151200100C
:10DCE0006111001079100010A911001065100010CA
:10DCF000A5050010AD11001021090010C51000107D
:10DD00009511001045110010A5040010CD0400105D
:08DD100051C201105502001080
:10DD18007069636F63616C635F7472735F7363616F
:10DD280066666F6C640000005049434F43414C43A2
:10DD38005F5452535F524F4D00000000726F6D7375
:10DD48002F6D6F64656C332E726F6D00496E697448
:10DD580069616C697A696E67205069636F43616CA9
:10DD680063205452532073636166666F6C642E2E71
:10DD78002E000000546172676574206D61636869E4
:10DD88006E653A205452532D3830204D6F64656CBF
:10DD98002049494900000000524F4D2070617468C5
:10DDA8003A2025730A000000524F4D2066696C65C1
:10DDB800206E6F7420666F756E6420696E206B6EBE
:10DDC8006F776E206C6F636174696F6E733B20723E
:10DDD800657365742077696C6C207573652073644E
:10DDE8006C7472732066616C6C6261636B2062652F
:10DDF800686176696F722E004D6F64656C204949C1
:10DE080049207265736574207061746820636F6D52
:10DE1800706C657465642E00726F6D732F74727305
:10DE280038306D332E726F6D0000000073646361CB
:10DE380072642F726F6D732F6D6F64656C332E7201
:10DE48006F6D00002F726F6D732F6D6F64656C338B
:10DE58002E726F6D000000000A2A2A2A2050414EB7
:10DE68004943202A2A2A0A00486172647761726548
:10DE780020616C61726D20256420616C726561643B
:10DE88007920636C61696D656400000048617264A3
:10DE9800206173736572740052656C656173650007
:10DEA800626F6F74325F773235713038300000003E
:10DEB800322E322E300000007069636F320000008D
:10DEC800417072202037203230323600666E692B5E
:10DED80000000000666E69006E616E00666E692D56
:10DEE800000000002C2066756E6374696F6E3A201E
:10DEF80000000000617373657274696F6E202225DB
:10DF08007322206661696C65643A2066696C6520D5
:10DF1800222573222C206C696E65202564257325C3
:10DF2800730A0000756E6B6E6F776E206D656D5F9E
:10DF380062616E6B20636F6D6D616E642025640095
:10DF48002573205B64656275675D20002573205B1F
:10DF58004552524F525D20002573205B4641544183
:10DF68004C5D2000203A2025730A000050726F6C27
:10DF78006F676963612043502D3530300000000021
:10DF880050726F6C6F676963612043502D35303074
:10DF9800204D3830000000004173746572204354EE
:10DFA8002D38300045414341204547203332303039
:10DFB8002047656E6965204949490000544353204C
:10DFC80047656E6965204949497300004C4E5720E2
:10DFD8005265736561726368204C4E5738302F491B
:10DFE800490000005443532053706565644D6173C4
:10DFF80074657200726200006C6F616420524F4D4C
:10E008002066696C653A202725732700524F4D20FA
:10E0180066696C652027257327206E6F7420696EEA
:10E0280020496E74656C2068657820666F726D6132
:10E03800740000004D4F44454C412F494949206622
:10E04800696C6520272573272073697A6520256404
:10E058002065786365656473203134204B42000085
:10E06800656E74727920706F696E74206F662027F0
:10E078002573273A203078255820282564290A0056
:10E08800756E6B6E6F776E20434D4420666F726DB0
:10E0980061743A2027257327000000006C6F6164C3
:10E0A80020434D442066696C653A20272573270074
:10E0B8005B50433D253034585D2043502D3530307A
:10E0C8003A20706F72743D3078463420413D307884
:10E0D8002530325820756E696D706C656D656E748B
:10E0E80065640A00756E737570706F72746564206C
:10E0F800454420696E737472756374696F6E3A2053
:10E1080030782558000000007472735F6578697470
:10E11800282564290A0000002F000000494E460007
:10E12800696E66004E414E00303132333435363731
:10E13800383941424344454600000000303132330B
:10E14800343536373839616263646566000000002B
:10E15800286E756C6C290000496E66696E69747961
:10E16800000000004E614E0042616C6C6F632073CA
:10E178007563636565646564000000002E2E2F2EAC
:10E188002E2F2E2E2F2E2E2F2E2E2F2E2E2F6E652B
:10E19800776C69622F6C6962632F7374646C69624F
:10E1A8002F64746F612E6300537563636573730026
:10E1B8004E6F74206F776E65720000004E6F20738B
:10E1C8007563682066696C65206F72206469726582
:10E1D80063746F72790000004E6F20737563682056
:10E1E80070726F6365737300496E746572727570CF
:10E1F8007465642073797374656D2063616C6C0059
:10E20800492F4F206572726F720000004E6F2073A5
:10E2180075636820646576696365206F7220616440
:10E228006472657373000000417267206C697374CF
:10E2380020746F6F206C6F6E67000000457865630F
:10E2480020666F726D6174206572726F72000000D3
:10E25800536F636B657420616C72656164792063C8
:10E268006F6E6E656374656400000000426164202F
:10E2780066696C65206E756D626572004E6F20630D
:10E2880068696C6472656E0044657374696E617464
:10E29800696F6E206164647265737320726571754D
:10E2A80069726564000000004E6F206D6F72652012
:10E2B80070726F6365737365730000004E6F74202E
:10E2C800656E6F7567682073706163650000000094
:10E2D8005065726D697373696F6E2064656E6965E8
:10E2E80064000000426164206164647265737300B5
:10E2F800446576696365206F72207265736F757205
:10E30800636520627573790046696C652065786974
:10E318007374730043726F73732D646576696365F4
:10E32800206C696E6B0000004E6F20737563682067
:10E3380064657669636500004E6F742061206469C6
:10E34800726563746F727900486F73742069732003
:10E35800646F776E00000000436F6E6E65637469CA
:10E368006F6E20616C726561647920696E207072CD
:10E378006F67726573730000497320612064697266
:10E388006563746F72790000496E76616C69642008
:10E39800617267756D656E74000000004E65747774
:10E3A8006F726B20696E746572666163652069734C
:10E3B800206E6F7420636F6E66696775726564009E
:10E3C800436F6E6E656374696F6E2061626F7274FD
:10E3D8006564206279206E6574776F726B00000047
:10E3E800546F6F206D616E79206F70656E2066695D
:10E3F8006C657320696E2073797374656D00000015
:10E4080046696C652064657363726970746F722005
:10E4180076616C756520746F6F206C61726765003A
:10E428004E6F742061206368617261637465722045
:10E438006465766963650000546578742066696C64
:10E44800652062757379000046696C6520746F6F8A
:10E45800206C617267650000486F737420697320CF
:10E46800756E726561636861626C65004E6F2073DA
:10E4780070616365206C656674206F6E20646576D4
:10E48800696365004E6F7420737570706F72746580
:10E4980064000000496C6C6567616C207365656B8E
:10E4A80000000000526561642D6F6E6C792066690A
:10E4B8006C652073797374656D000000546F6F206C
:10E4C8006D616E79206C696E6B73000042726F6BC0
:10E4D800656E2070697065004D617468656D617462
:10E4E80069637320617267756D656E74206F7574EA
:10E4F800206F6620646F6D61696E206F6620667597
:10E508006E6374696F6E0000526573756C74207465
:10E518006F6F206C61726765000000004E6F206DA0
:10E52800657373616765206F6620646573697265DA
:10E5380064207479706500004964656E7469666961
:10E5480065722072656D6F7665640000496C6C6554
:10E5580067616C20627974652073657175656E6397
:10E5680065000000446561646C6F636B0000000027
:10E578004E6574776F726B20697320756E72656172
:10E58800636861626C6500004E6F206C6F636B009E
:10E598004E6F7420612073747265616D0000000015
:10E5A80053747265616D20696F63746C2074696D52
:10E5B800656F7574000000004E6F2073747265619A
:10E5C8006D207265736F7572636573005669727436
:10E5D80075616C206369726375697420697320675B
:10E5E8006F6E650050726F746F636F6C2065727226
:10E5F8006F720000556E6B6E6F776E2070726F745D
:10E608006F636F6C000000004D756C7469686F7003
:10E6180020617474656D70746564000042616420E3
:10E628006D6573736167650046756E6374696F6EB7
:10E63800206E6F7420696D706C656D656E746564AD
:10E64800000000004469726563746F7279206E6F10
:10E658007420656D7074790046696C65206F72204E
:10E6680070617468206E616D6520746F6F206C6FC7
:10E678006E670000546F6F206D616E792073796D3D
:10E68800626F6C6963206C696E6B73004E6F2062F9
:10E69800756666657220737061636520617661696D
:10E6A8006C61626C650000004E6F206461746100EB
:10E6B800416464726573732066616D696C79206E5C
:10E6C8006F7420737570706F72746564206279203E
:10E6D80070726F746F636F6C2066616D696C79001E
:10E6E80050726F746F636F6C2077726F6E672074EF
:10E6F80079706520666F7220736F636B65740000B4
:10E70800536F636B6574206F7065726174696F6EA7
:10E71800206F6E206E6F6E2D736F636B65740000D3
:10E7280050726F746F636F6C206E6F7420617661C6
:10E73800696C61626C650000436F6E6E6563746935
:10E748006F6E20726566757365640000436F6E6E48
:10E75800656374696F6E20726573657420627920D1
:10E76800706565720000000041646472657373200F
:10E77800616C726561647920696E2075736500004B
:10E7880041646472657373206E6F74206176616989
:10E798006C61626C65000000536F66747761726526
:10E7A8002063617573656420636F6E6E6563746959
:10E7B8006F6E2061626F727400000000536F636BAC
:10E7C8006574206973206E6F7420636F6E6E656365
:10E7D80074656400536F636B657420697320616CA2
:10E7E800726561647920636F6E6E65637465640039
:10E7F8004F7065726174696F6E2063616E63656CDA
:10E80800656400005374617465206E6F74207265CE
:10E81800636F76657261626C6500000050726576A0
:10E82800696F7573206F776E65722064696564001F
:10E838004F7065726174696F6E206E6F74207375A6
:10E8480070706F72746564206F6E20736F636B6590
:10E858007400000056616C756520746F6F206C61E0
:10E8680072676520666F7220646566696E656420EC
:10E878006461746120747970650000004D6573737C
:10E8880061676520746F6F206C6F6E670000000011
:10E89800436F6E6E656374696F6E2074696D65642D
:10E8A800206F7574000000002E2E2F2E2E2F2E2E76
:10E8B8002F2E2E2F2E2E2F2E2E2F6E65776C6962FF
:10E8C8002F6C6962632F7374646C69622F6D707248
:10E8D80065632E630000000043000000504F534959
:10E8E80058000000474D5400545A00002531315B50
:10E8F8002D2B302D39412D5A612D7A5D256E000062
:10E908002531315B412D5A612D7A5D256E0000005D
:10E91800256875256E3A256875256E3A256875252A
:10E928006E0000004D256875256E2E256875256ECC
:10E938002E256875256E00002F256875256E3A25E9
:10E948006875256E3A256875256E000044DD01104E
:10E9580020DE011034DE01104CDE01100000000042
:10E96800FFFFFFFFFFFFFF7F06005250D3F0754205
:10E97800A0DE011006005250E182887FA8DE011057
:10E9880006005250ABB36053B8DE01100600525077
:10E99800BBFF3CB6C0DE011006005250861C0302C5
:10E9A80018DD0110060052505422A29DC8DE011045
:10E9B80005005250DE65F468641002100000000083
:10E9C800000000000000F03F0000000000002440AC
:10E9D80000000000000059400000000000408F4087
:10E9E800000000000088C34000000000006AF840F2
:10E9F8000000000080842E4100000000D012634116
:10EA08000000000084D797410000000065CDCD418B
:10EA18000D0A0000000000000000000000000000D7
:10EA2800000000000200000074DF01103000000048
:10EA3800010000000400000088DF01104000000011
:10EA48000200000008000000A0DF011040000000E4
:10EA58000C00000010000000ACDF011040000000B6
:10EA68000A00000020000000C4DF011000010000BF
:10EA78000B00000040000000D4DF0110600000001F
:10EA88000D00000080000000ECDF011040000000D5
:10EA98000E000000F3C300010000000000000000A9
:10EAA800000000000000000000000000000000005E
:10EAB800000000000000000000000000000000004E
:10EAC800000000000000000000000000000000003E
:10EAD800000000000000000000000000000000002E
:10EAE800000000000000000000000000000000001E
:10EAF80000000000000000000000C300010000004A
:10EB080000000000000000000000000000000000FD
:10EB180000000000000000000000000000000000ED
:10EB280000000000000000000000000000000000DD
:10EB380000000000000000000000000000000000CD
:10EB480000000000000000000000000000000000BD
:10EB580000000000000000000000000000000000AD
:10EB6800000000000000000000000000000000009D
:10EB7800000000000000000000000000000000008D
:10EB8800000000000000000000000000000000007D
:10EB980000000000F321420111C03D3E61121AFE3F
:10EBA800612803217201013000EDB03E05ED3C3EC5
:10EBB8003085FE35281632F03DFE34280218FE2135
:10EBC800A20111003E012B00EDB018FE21F03D36E8
:10EBD8003423365018FE596F7520646F206E6F7499
:10EBE8002068617665206120524F4D20696D61670C
:10EBF8006520696E7374616C6C656420666F722041
:10EC08004D6F64656C20594F5520444F204E4F542A
:10EC18002048415645204120524F4D20494D4147FB
:10EC28004520494E5354414C4C454420464F5220B0
:10EC38004D4F44454C20284D6F64656C2034206D41
:10EC48006F64652072657175697265732061204D06
:10EC58006F64656C203320524F4D20696D61676584
:10EC680029000000C34232C3DA32C35C33C36D33B8
:10EC7800C38233C37F34C387342AE640C31E1DC30F
:10EC88006534C32A33C36E33C35F32C36433C39A54
:10EC980034C3D230C37930003C3C3C3C3C3C321A53
:10ECA800402182302204402AB14036192B36972B56
:10ECB80036C32B36F02B22B14021A234CD79351141
:10ECC8003200CD831E3A1A40ED44280E215C3722CB
:10ECD8001640C6064FFE05C25531C32B1ACDF81A89
:10ECE8002AA4402B1896E37DFE5B20037CFE1DE3DF
:10ECF800C2781DD7F5E6DFFE402802F1C9F1F1D749
:10ED08002805FE232016D72863CD1C2BF5FE0830D6
:10ED18002FCD8734C24A1EF17ECA1E1D111530D56B
:10ED2800FEAD2845FEA7CA5231FEBB281D22E6408B
:10ED38002AB1402323E9D70E002809CD1C2BFE64F5
:10ED4800D24A1E4F22E64079B7C9CDD23021C53408
:10ED5800CD793561CD5F32F5E6B72009CDAF0F210A
:10ED6800CE34CD7935F1C3FE31CDD230281C2BD726
:10ED7800281BCF2CCD4731D5CF2CCD4731D51115F8
:10ED8800302819CF2CCD47312812C39719CDF81A3E
:10ED980023ED5BA440ED52D5E511000021D634CD1A
:10EDA800793579C1E1CD8233C3FB31C5CD022B2B37
:10EDB800D7C122E640C9CDD23021DF34CD79352AFA
:10EDC800A44011640019ED5BA040ED52E52AA24071
:10EDD800237CB5280B2AA440ED5BF94037ED52E3BC
:10EDE800FDE1210000E5612EFF79B720016FCD34E8
:10EDF80037CD493620687AB728F7FA8D3194A5209F
:10EE0800F0CD0B372058C0C062E5DDE1E5E100CD6B
:10EE18000B37204A627AB5283CE5FDE1E5E1CD0BE8
:10EE280037203B5DE1193848D5D5E1CDA536202EF0
:10EE3800D1FDE5E17DB420102AA240237CB5211143
:10EE480032280E21793018093A8038B72803211C56
:10EE580032E3AF180A00FDE3DD2AA44018C0E1CD73
:10EE68002537213735CA7935CD3C351E2AC3A21935
:10EE78003E20B718EADD22F9402AA440E5C3E81A83
:10EE8800213135CD7935DDE5E1AFED52D5CDAF0F87
:10EE98003E2CCD2A03E1CDAF0F3E2CCD2A03FDE554
:10EEA800E1CDAF0F18C5C5D5CD3437CD4B373A4076
:10EEB80038E6040F2007ED78E60428F2AFCD2537B1
:10EEC800D1C1C9C5D5CD3337E601206C7CFE0230EF
:10EED80018CD423220623E85321A40ED79CD4B374B
:10EEE8002EFFCD863520511809CD4936204A7A841F
:10EEF80020F7061010FE2E80CD9235C2D4321E5A4D
:10EF080026FF54CD1936CA9C320601CD19361DC2CA
:10EF1800A5320601ED41CD4936201D7ABD20F721E5
:10EF2800FFFF23ED78E604200DCDCD36C2D232F5B1
:10EF3800F1143E0828ECE6FBCD2537D1C1C9DDE543
:10EF4800D5E5DDE1E5FDE5C5792F4F782F47C5FD0E
:10EF5800E1CD3437CD493620257AB73E04201FDD70
:10EF68007E00CD0B37201762EBFD19EB381BD8005C
:10EF7800E5E1CDA5362007D1FD19FD23FDE5CD2519
:10EF880037C1FDE1E1D1DDE1C93E20B718F0DDE58B
:10EF9800E5DDE1E5D5C5CD333720172E00CD923517
:10EFA8002010E1E5DD7E00CD3B36200600E1E5CD11
:10EFB800C735CD2537E1D1E5CC4D37C1E1DDE1C914
:10EFC800D5163DCD2A33D1C9F578B1C45C33F118D3
:10EFD800013DC5D5E52FF6806FCD3337CC8635CDCD
:10EFE8002537E1D1C1C9DDE5FDE5E5D5C5E5DDE1BB
:10EFF800E56FE5D5FDE1C5CD33372024CD49362071
:10F008001F7A8520F7061010FECD92352012ED5A92
:10F01800DDE5E1CD3B362008ED5AFDE5E1CD3B3697
:10F02800206FED5AED5AE1CD3B362066E5E100CD83
:10F03800C735205EE1DDE17D2F6FCD863520557D1A
:10F048002F6F3E01ED79CD493620497ABD20F7C0B2
:10F05800E5E1CD0B37203DC0007DDDE5E1BD206554
:10F068007ABC2061CD0B37202BC0007DFDE5E1BDCA
:10F0780020537ABC204FCD0B372019C0C0E5E17D65
:10F08800E1E5BD20407ABC203CCDCD362006C01835
:10F098000EE1E1E1CD2537C1D1E1FDE1DDE1C9DDD9
:10F0A8007E00BA2020DD232B7CB5C22534CDCD3699
:10F0B80020E2060610FECDCD3620D93A1A40B728F0
:10F0C800023E0A18CF3E4018CBC5D5F5CD3437CD12
:10F0D80049362005F1F58220F6CD2537D1D1CC4D22
:10F0E80037C1C9D5163DCD6534D1C9C5F6F04FED48
:10F0F80078E60879C1C0E52AB1402377E1C9E5F58A
:10F10800CD3C35F1E1C945584154524F4E20535436
:10F1180052494E475920464C4F5050592056455257
:10F1280053494F4E20342E318D45524153494E4755
:10F138002EAE2042595445532EAE57524954494E8B
:10F14800472EAE52454144494E472EAE5645524988
:10F1580046D95041524954D9434845434B5355CD5C
:10F168004F5554204F46204D454D4F52D95441508C
:10F178004520544F4F2053484F52D4575249544575
:10F188002D50524F54454354454480454FC6204561
:10F1980052524F528D425245414B8D444F4E458DF0
:10F1A800CB472117352030CB4F213135202FCB5776
:10F1B8002109352022CB5F21EE34201BCB6721F4B7
:10F1C800342014CB6F21FC34200DCB7721E8342078
:10F1D80006212735CB7FC8CD7935212A357E23F501
:10F1E800E67FCD2A03F11730F4C9CD9235C0C006A9
:10F1F8000410FEC33B363E85321A40ED79CD4B37BD
:10F20800C0CD1436C0001800CD1936C0C006041091
:10F21800FE3A1A40E67FED79000006051616CDEC99
:10F2280035C055580604C3EA350000DD5600CDEE5A
:10F2380035C0DD232B7CB520F0C00601979357CD50
:10F24800EC35C0C0000604CDEC35C0C00605000092
:10F2580010FE3A1A40ED797A835F060823CD1436FA
:10F268002BC0C0060210FE3A1A40F680321A40E659
:10F278007FED79AFC9DD7E00ED78E605C0C53A1AA5
:10F2880040CB0A3016EE80ED79EE800000BF06060E
:10F2980010FE321A40ED79C110DBC900C32536557E
:10F2A800CDEE35C0000000540604C3EC35CD5E3603
:10F2B800C07AD616C249363CCD1937CDCD36321A6A
:10F2C80040C90614CD1C37ED78F26036CD1C37EDF9
:10F2D80078FA6836ED78FA5E36ED78F275363E06DD
:10F2E8003E06CD1937ED78F25E36ED78FA8636C3EC
:10F2F8008E363E05CD193710DB04ED78F27536ED04
:10F3080058FA9B363E00C3DF36CDCD36C0C0DD721D
:10F3180000DD232B00E5E17CB5C2A536CDCD36C096
:10F328003E02CD1937CDCD36C03A1A40B7C83E1087
:10F33800C9ED78FAD6363E08B7C9ED58FAD6363A46
:10F348001A4082321A4006080608003E03CD1937D3
:10F358007B2FED58FAFB36ED58F2F336C30337ED41
:10F3680058FAFB36C30337AB07CB1AAF10DCC9CD4D
:10F37800CD36C06A003E02CD1937C3CD363D20FDDB
:10F388003A4038E604C80FD1C9F5AFED793A1240D2
:10F39800FEFB2801FBF1C9F6AFE52AB140234EE197
:10F3A8002805ED78E601C03CED79F316071802163A
:10F3B8001FAFB72004ED78E60410F71520F4B7C99D
:10F3C80021364001013816000A5FAE73A3200714E6
:10F3D8002CCB01F818F25FC50607CD6000C10AA35F
:10F3E800C8C3FB03F33E01D39CC36900C3004000BC
:10F3F80000000000C303400000000000C3064000F6
:10F4080000000000C309400000000000C30C4000D9
:10F4180000000000C30F400000000000C31240C9F4
:10F428000000C90000C90000C90000C90000C900E7
:10F4380000C90000C33A014D4FAFD39CC30043003D
:10F4480000000000000000000000C31540AFD3E436
:10F458003E01D3843E50D3EC310042213B001100E1
:10F4680040012000EDB021003C11013C01FF0336B2
:10F4780020EDB0ED56CDA000CDD400CCF900C2B936
:10F4880000C31A403E05ED3C7DFE05C8F521570135
:10F4980011C03D013100EDB0C6301218FE218801BF
:10F4A800371F3804232318F95E2356EB11C03D7E1D
:10F4B800A728FE12231318F73E81D3F43ED0CD4778
:10F4C80001060010FE3E0CCD47010600CB4F280870
:10F4D800DBF010F8E60218C5E699C818C01101005B
:10F4E800210043CD0801E61CC8C3B90006810EF40B
:10F4F800ED410D3E18ED51CD47017BD3F23E81D34E
:10F50800F41116813E80D3F0066410FE3EC0D3E4A9
:10F51800DBF0A328FBEDA27AD3F4EDA218FAAFD35F
:10F52800E43E81D3F4DBF0E3E1ED45D3F00664106B
:10F53800FEDBF0CB47C8CB7FC018F6546869732050
:10F54800524F4D20636F646520646F6573204E4F82
:10F558005420776F726B207768656E20656D756CC7
:10F568006174696E67204D6F64656C20E201E20189
:10F578009A01AE01C4019A019A01E2019A01456D0E
:10F58800756C61746F72206F7220524F4D206275D6
:10F598006700426F6F7420736563746F7220435203
:10F5A80043206572726F7200426F6F7420736563D7
:10F5B800746F72206E6F7420666F756E64206F6E44
:10F5C800206469736B00596F7520646F206E6F74C7
:10F5D80020686176652061206469736B20696D61BC
:10F5E8006765206C6F61646564000000E3C20140D8
:10F5F800E3C281409C33A240E3C2014100101010D5
:10F6080000000010008101850480008100001000C6
:10F6180010001010008401800180058101000000A5
:10F6280000000100000001000100000000000100CE
:10F6380001000000010000000000010000000100BE
:10F6480001000000010000000000010001000000AE
:10F65800000001000000010001000000000001009E
:10F66800010000000100000000000100010000008E
:10F67800000001000000010001000000010000007E
:10F68800000001000000010001000000000001006E
:10F69800010000000100000000000100000001005E
:10F6A800010000000100000000000100010000004E
:10F6B800000001000000010001000000010000003E
:10F6C800000001000000010001000000000001002E
:10F6D800010000000100000000000100010000001E
:10F6E800000001000000010001000000000001000E
:10F6F80001000000010000000000010000000100FE
:10F7080001000000010000000000010001000000ED
:10F7180000000100000001000100000000000100DD
:10F7280001000000010000000000010001000000CD
:10F7380000000100000001000100000001000000BD
:10F7480000000100000001000100000000000100AD
:10F75800010000000100000000000100010000009D
:10F76800000001000000010001000000000001008D
:10F77800010000000100000000000100000001007D
:10F78800010000000100000000000100010000006D
:10F79800000001000000010001000000010000005D
:10F7A800000001000000010001000000000001004D
:10F7B800010000000100000000000100000001003D
:10F7C800010000000100000000000100010000002D
:10F7D800000001000000010001000000000001001D
:10F7E800010000000100000000000100010000000D
:10F7F80000000100000001000100000001000000FD
:10F8080000000100000001000100000000000100EC
:10F81800010000000100000000000100630000007A
:10F8280091000000640000009100000065000000E5
:10F8380091000000660000009100000062000000D6
:10F8480091000000610000009100000060000000CD
:10F858009100000033000000930000003500000014
:10F8680093000000670000009100000041000000C4
:10F8780092000000420000009200000043000000D7
:10F8880092000000440000009200000045000000C3
:10F8980092000000460000009200000047000000AF
:10F8A800920000005000000092000000510000008B
:10F8B8009200000052000000920000005300000077
:10F8C8009200000054000000930000005500000062
:10F8D800930000005600000093000000570000004D
:10F8E8009300000040000000930000004100000069
:10F8F8009300000042000000930000004300000055
:10F908009300000044000000930000004500000040
:10F91800930000004600000093000000470000002C
:10F928009300000050000000930000005100000008
:10F9380093000000520000009300000053000000F4
:10F9480093000000540000009200000055000000E1
:10F9580092000000560000009200000057000000CE
:10F968009200000034000000930000003600000000
:10F9780093000000370000009300000033000000EF
:10F9880092000000340000009200000035000000E2
:10F998009200000036000000920000009000000075
:10F9A80091000000080000000000000000000010A6
:10F9B800387CFE7C3810000000CC33CC33CC33CC00
:10F9C80033CC339090F090903E080808007840704F
:10F9D800404F080E080800788080783C223C282494
:10F9E80000808080F01E101C10100038444438003D
:10F9F800000000000000107C107C0000000000885F
:10FA0800C8A898882020203E00888850203E0808F2
:10FA180008080018181818F8000000000000000076
:10FA280000F81818181818000000001F18181818DF
:10FA380018181818181F000000000018181818FFC8
:10FA48001818181818FF0000000000000000000037
:10FA580000FF0000000000000000000000FF0000A0
:10FA6800000000000000000000FF0000000000008F
:10FA78000000000000FF00181818181F18181818A0
:10FA88001818181818F8181818181818181818FF27
:10FA9800000000000000000000FF181818181818CF
:10FAA80018181818181818181800081020402010CE
:10FAB800087C0000402010081020407C0000000056
:10FAC800FE242424440000000204FE10FE408000AE
:10FAD800001C2220F82078A640000000000000103A
:10FAE80000000000000000000000000000000010FE
:10FAF80010101010001000000048484800000000D6
:10FB08000000004848FC48FC4848000000107C9071
:10FB18007C127C10000000C2C40810204686000039
:10FB280000708888708A8472000000181020000015
:10FB3800000000000008102020201008000000200D
:10FB4800100808081020000000004428FE2844007F
:10FB58000000000010107C101000000000000000E1
:10FB6800000000181020000000007C0000000000C9
:10FB780000000000000030300000000204081020DF
:10FB8800408000000038448282824438000000101F
:10FB980030501010107C0000007C82021C6080FE37
:10FBA800000000FE04081C02827C000000081828DF
:10FBB80048FE0808000000FE80BCC202827C0000EB
:10FBC800003C4080BCC2827C000000FE0204081099
:10FBD80020200000007C82827C82827C0000007CE5
:10FBE80082867A020478000000006060000060608D
:10FBF80000000000606000006040800000081020E5
:10FC0800402010080000000000FE00FE0000000078
:10FC180000201008040810200000007C820C10103E
:10FC280000100000007C829EA69A807C00000010D4
:10FC3800284482FE8282000000FC42427C4242FC50
:10FC48000000003C42808080423C000000F84442B2
:10FC5800424244F8000000FE8080F88080FE0000E8
:10FC680000FE8080F88080800000003C4280808E0A
:10FC7800423C000000828282FE8282820000007C78
:10FC880010101010107C0000000E04040404847886
:10FC9800000000828CB0C0B08C82000000808080A0
:10FCA800808080FE00000082C6AA928282820000C4
:10FCB8000082C2A2928A86820000007C82828282AE
:10FCC800827C000000FC8282FC8080800000007C36
:10FCD8008282828A847A000000FC8282FC88848284
:10FCE8000000007C82807C02827C000000FE1010F4
:10FCF800101010100000008282828282827C000034
:10FD08000082824444282810000000828282929255
:10FD1800AA4400000082442810284482000000827F
:10FD2800442810101010000000FE0408102040FEA7
:10FD38000000003C20202020203C000000804020C3
:10FD48001008040200000078080808080878000075
:10FD5800001028448200000000000000000000009D
:10FD680000FE000000301008000000000000000045
:10FD78000078047C847C0000008080B8C484C4B807
:10FD88000000000000384480403C00000004047477
:10FD98008C848C7400000000007884FC807800005B
:10FDA800001C2220F820202000000000047488880D
:10FDB80078088870008080B8C484848400000010AB
:10FDC80000301010107C000000080008080808889F
:10FDD800887000808090A0C0B08C000000301010A7
:10FDE800101010380000000000C4AA92928200008F
:10FDF800000000B8C4848484000000000078848473
:10FE080084780000000000B8C484C4B88080000072
:10FE180000748C848C740404000000986440404092
:10FE2800000000000078807804F80000002020F826
:10FE380020202418000000000088888888740000AA
:10FE48000000008282442810000000000082829294
:10FE5800AA440000000000844830488400000000E4
:10FE68000084848C74048478000000FC083040FC12
:10FE78000000000C10106010100C00000010101092
:10FE8800101010100000006010100C10106000001E
:10FE98000062928C000000000000000000000000DA
:10FEA800000000000000181818FF7E3C1800000031
:10FEB800183C7EFF18181818000000002020202089
:10FEC80020202020202020202020202030303030EA
:10FED8003030303030303030303030301F000000BB
:10FEE8001C0000001F0000001E0000001F00000092
:10FEF8001E0000001F0000001F0000001E00000080
:10FF08001F0000001E0000001F000000000000008D
:10FF18001F0000003B0000005A00000078000000AD
:10FF280097000000B5000000D4000000F3000000B6
:10FF380011010000300100004E01000000202020C7
:10FF48002020202020202828282828202020202081
:10FF58002020202020202020202020202088101051
:10FF680010101010101010101010101010040404AD
:10FF7800040404040404041010101010101041416B
:10FF88004141414101010101010101010101010159
:10FF9800010101010101010110101010101042426D
:10FFA8004242424202020202020202020202020229
:10FFB80002020202020202021010101020000000C9
:10FFC8000000000000000000000000000000000029
:10FFD8000000000000000000000000000000000019
:10FFE8000000000000000000000000000000000009
:08FFF800000000000000000001
:020000041002E8
:1000000000000000000000000000000000000000F0
:1000100000000000000000000000000000000000E0
:1000200000000000000000000000000000000000D0
:1000300000000000000000000000000000000000C0
:100040000000000000000000050000001900000092
:100050007D00000000000000000000000000F03FF4
:100060000000000000002440000000000000594093
:100070000000000000408F40000000000088C340E6
:1000800000000000006AF8400000000080842E415B
:1000900000000000D01263410000000084D79741A7
:1000A0000000000065CDCD41000000205FA00242AD
:1000B000000000E876483742000000A2941A6D4222
:1000C000000040E59C30A2420000901EC4BCD64215
:1000D00000003426F56B0C430080E03779C34143C0
:1000E00000A0D8855734764300C84E676DC1AB4336
:1000F000003D9160E458E143408CB5781DAF154454
:1001000050EFE2D6E41A4B4492D54D06CFF080442E
:10011000F64AE1C7022DB544B49DD9794378EA4443
:10012000BC89D897B2D29C3C33A7A8D523F64939CD
:100130003DA7F444FD0FA5329D978CCF08BA5B25EF
:10014000436FAC642806C80A0080E03779C3414396
:10015000176E05B5B5B89346F5F93FE9034F384D2D
:10016000321D30F94877825A3CBF737FDD4F1575D9
:100170001F0000001C0000001F0000001E00000007
:100180001F0000001E0000001F0000001F000000F4
:100190001E0000001F0000001E0000001F000000E5
:1001A0001F0000001D0000001F0000001E000000D6
:1001B0001F0000001E0000001F0000001F000000C4
:1001C0001E0000001F0000001E0000001F000000B5
:1001D0000A000100020003000400050006000700F9
:1001E000080009000A000B000C000D000E000F00B3
:0401F00010000000FB
:0801F4004089FF7F01000000BB
:1001FC0070E901107CE9011088E9011094E9011003
:0C020C00A0E90110ACE90110B8E90110F4
:100218004FF050412DE9F0410027044616461D468F
:10022800D1F8008009E02368C3E88F7F8CF3108839
:100238003046294600F028FBF0B92168EFF3108C0E
:1002480072B6D1E8CF2F0123002AFAD1C1E8423F84
:10025800002AF6D1BFF35F8F94F904E0BEF1000FD6
:10026800E1DA0023226884F80480C2E88F3F8CF327
:1002780010880120BDE8F0810020BDE8F08100BFB2
:1002880030B501460468EFF3108C72B6D4E8CFEFAE
:100298000125BEF1000FF9D1C4E84E5FBEF1000F91
:1002A800F4D1BFF35F8F90F90440002C11DB0021DB
:1002B8000568C5E88F1F8CF310884FF0504C9CF9E7
:1002C80000C0A44501D1084630BDBDE83040FFF765
:1002D8009FBF4FF05040006800230A680871C2E8C9
:1002E8008F3F8CF31088012030BD00BF0368EFF307
:1002F800108272B6D3E8CFCF0121BCF1000FF9D13B
:10030800C3E84C1FBCF1000FF4D1BFF35F8F4FF06F
:10031800FF0C0023016880F804C0C1E88F3F82F316
:10032800108840BF704700BFF0B51D4684461C4684
:1003380085B96CB1DCF80C209707FBD514F1080FD0
:10034800F8D011F8012B013CCCF80820002CF1D191
:100358001846F0BD964664B9DCF80C607007FAD50B
:10036800DCF80860013D01328EF80060002DE0D015
:10037800F0E7DCF80C6004F10807B607ECD5AF42EB
:10038800EAD911F8010B013CCCF80800E4E700BFFA
:10039800844610466AB3013900B501EB020EDCF859
:1003A8000C309B07FBD511F8013F8E45CCF808307F
:1003B800F5D1DCF80C30590705D5DCF80830DCF845
:1003C8000C305907F9D4DCF80C30DA0606D5DCF81D
:1003D8000C30DA06F7D401E0DCF80830DCF80C3031
:1003E8005B07F9D40123CCF820305DF804FBDCF876
:1003F8000830DCF80C305907F9D4DCF80C30DA0690
:1004080006D5DCF80C30DA06F7D401E0DCF8083061
:10041800DCF80C305B07F9D40123CCF820307047A6
:10042800844610466AB3023900B501EB420EDCF887
:100438000C309B07FBD531F8023F8E45CCF80830CD
:10044800F5D1DCF80C30590705D5DCF80830DCF8B4
:100458000C305907F9D4DCF80C30DA0606D5DCF88C
:100468000C30DA06F7D401E0DCF80830DCF80C30A0
:100478005B07F9D40123CCF820305DF804FBDCF8E5
:100488000830DCF80C305907F9D4DCF80C30DA06FF
:1004980006D5DCF80C30DA06F7D401E0DCF80830D1
:1004A800DCF80C305B07F9D40123CCF82030704716
:1004B8007BB972B90029BEBF00204FF0004106E0A9
:1004C80008BF00281CBF6FF000414FF0FF3000F05C
:1004D800D7B9ADF1080C6DE904CE002909DB002B72
:1004E8001ADB00F04DF8DDF804E0DDE9022304B082
:1004F8007047404261EB4101002B1BDB00F040F8E4
:10050800DDF804E0DDE9022304B0404261EB41017B
:10051800524263EB43037047524263EB430300F0DC
:100528002FF8DDF804E0DDE9022304B0404261EB76
:1005380041017047524263EB430300F021F8DDF8B4
:1005480004E0DDE9022304B0524263EB4303704741
:1005580053B94AB9002908BF00281CBF4FF0FF3122
:100568004FF0FF3000F08CB9ADF1080C6DE904CE06
:1005780000F006F8DDF804E0DDE9022304B0704776
:100588002DE9F04F099D0E4604460F46002B47D132
:100598008A429446B2FA82F35AD943B102FA03FC6A
:1005A800C3F120029F409C4020FA02F217434FEA11
:1005B8001C461FFA8CFE220CB7FBF6F106FB1177DE
:1005C80001FB0EF042EA0742904208D91CEB0202F6
:1005D80001F1FF3702D2904200F23C813946121AEB
:1005E800A4B2B2FBF6F006FB102200FB0EFE44EAB2
:1005F8000244A64508D91CEB040400F1FF3202D2DC
:10060800A64500F22A81104640EA0140A4EB0E04F8
:1006180000211DB1DC400023C5E90043BDE8F08F8F
:100628008B4205D90DB1C5E9000100210846F5E75F
:10063800B3FA83F100294FD1B342C0F0028182425C
:1006480040F2FF800846002DE8D0C5E90047E5E7FD
:10065800002B40F0AF808A1A4FEA1C4E1FFA8CF725
:100668000121B2FBFEF60EFB1620220C42EA0042E4
:1006780007FB06F090420FD91CEB020206F1FF3887
:100688002CBF4FF001094FF00009904203D9B9F18E
:10069800000F00F0DC804646121AA4B2B2FBFEF04E
:1006A8000EFB102200FB07F744EA0244A7420FD9C9
:1006B8001CEB040400F1FF322CBF4FF0010E4FF089
:1006C800000EA74203D9BEF1000F00F0C980104602
:1006D800E41B40EA06409CE7C1F120048B4006FA7F
:1006E80001FC00FA01FE22FA04F7E6408A401F43A3
:1006F80020FA04F34FEA174843EA0C031FFA87FC71
:100708004FEA1349B6FBF8F008FB106649EA0646BB
:1007180000FB0CF9B1450ED9BE1900F1FF3A2CBF08
:100728004FF0010B4FF0000BB14503D9BBF1000F9F
:1007380000F0A2805046A6EB09061FFA83F9B6FB23
:10074800F8F308FB136603FB0CFC49EA0646B445BC
:100758000ED9BE1903F1FF382CBF4FF001094FF035
:100768000009B44503D9B9F1000F00F0828043466F
:1007780043EA0040A6EB0C06A0FB028C6645434604
:10078800E14602D307D1C64505D2B8EB02036CEBAC
:10079800070C0138E1465DB1BEEB030266EB0906C2
:1007A80006FA04F422FA01F3CE401C43C5E90046D8
:1007B800002133E702FA03FCC3F1200299409C4070
:1007C800D6404FEA1C4E20FA02F21FFA8CF7B6FB0D
:1007D800FEF00A430EFB1066110C41EA064100FBCD
:1007E80007F68E420ED91CEB010100F1FF382CBF31
:1007F8004FF001094FF000098E4202D9B9F1000FFC
:1008080034D04046891B92B2B1FBFEF60EFB16119E
:1008180042EA014206FB07F191420ED91CEB0202A3
:1008280006F1FF382CBF4FF001094FF00009914243
:1008380002D9B9F1000F16D04646521A46EA0041CD
:100848000FE7841A66EB030201201746FBE6023E17
:10085800624421E702396244C1E664440238D3E6BF
:100868006444023834E7023E6244E6E702386144F1
:10087800C8E7023B3E447BE702383E445BE700BFE3
:10088800704700BF000000005FF800F0710B001017
:100898001000000000000000000000000000000040
:1008A8000000000000000000F00F00200080094058
:1008B80000000000000009400000000000C4FFFF25
:1008C80000000100010000000100000001200000FC
:1008D8000100000028000000010000000E15E33FA1
:1008E800E3C20140E3C281400500000008000000A7
:1008F800100000004000000091000000A00F000060
:100908009100000018DD01101000000040000000F8
:1009180001000000ACF90110FFFFE001FFFFFFFF3D
:10092800FFFFFFFF0000000030080020000000006B
:1009380000000000D066022038670220A06702206D
:10094800000000000000000000000000000000009F
:10095800000000000000000000000000000000008F
:10096800000000000000000000000000000000007F
:10097800000000000000000000000000000000006F
:10098800000000000000000000000000000000005F
:10099800000000000000000000000000000000004F
:1009A800000000000000000000000000000000003F
:1009B800000000000000000000000000000000002F
:1009C800000000000000000001000000000000001E
:1009D8000E33CDAB34126DE6ECDE05000B000000E3
:1009E80000000000000000000000000000000000FF
:1009F80000000000000000000000000000000000EF
:100A080000000000000000000000000000000000DE
:100A180000000000000000000000000000000000CE
:100A280000000000000000000000000000000000BE
:100A380000000000000000000000000000000000AE
:100A4800000000000000000000000000000000009E
:100A5800000000000000000050090020500900209C
:100A6800580900205809002060090020600900206A
:100A7800680900206809002070090020700900201A
:100A880078090020780900208009002080090020CA
:100A9800880900208809002090090020900900207A
:100AA8009809002098090020A0090020A00900202A
:100AB800A8090020A8090020B0090020B0090020DA
:100AC800B8090020B8090020C0090020C00900208A
:100AD800C8090020C8090020D0090020D00900203A
:100AE800D8090020D8090020E0090020E0090020EA
:100AF800E8090020E8090020F0090020F00900209A
:100B0800F8090020F8090020000A0020000A002047
:100B1800080A0020080A0020100A0020100A0020F5
:100B2800180A0020180A0020200A0020200A0020A5
:100B3800280A0020280A0020300A0020300A002055
:100B4800380A0020380A0020400A0020400A002005
:100B5800480A0020480A0020500A0020500A0020B5
:100B6800580A0020580A0020600A0020600A002065
:100B7800680A0020680A0020700A0020700A002015
:100B8800780A0020780A0020800A0020800A0020C5
:100B9800880A0020880A0020900A0020900A002075
:100BA800980A0020980A0020A00A0020A00A002025
:100BB800A80A0020A80A0020B00A0020B00A0020D5
:100BC800B80A0020B80A0020C00A0020C00A002085
:100BD800C80A0020C80A0020D00A0020D00A002035
:100BE800D80A0020D80A0020E00A0020E00A0020E5
:100BF800E80A0020E80A0020F00A0020F00A002095
:100C0800F80A0020F80A0020000B0020000B002042
:100C1800080B0020080B0020100B0020100B0020F0
:100C2800180B0020180B0020200B0020200B0020A0
:100C3800280B0020280B0020300B0020300B002050
:100C4800380B0020380B0020400B0020400B002000
:100C5800480B0020480B0020500B0020500B0020B0
:100C6800580B0020580B0020600B0020600B002060
:100C7800680B0020680B0020700B0020700B002010
:100C8800780B0020780B0020800B0020800B0020C0
:100C9800880B0020880B0020900B0020900B002070
:100CA800980B0020980B0020A00B0020A00B002020
:100CB800A80B0020A80B0020B00B0020B00B0020D0
:100CC800B80B0020B80B0020C00B0020C00B002080
:100CD800C80B0020C80B0020D00B0020D00B002030
:100CE800D80B0020D80B0020E00B0020E00B0020E0
:100CF800E80B0020E80B0020F00B0020F00B002090
:100D0800F80B0020F80B0020000C0020000C00203D
:100D1800080C0020080C0020100C0020100C0020EB
:100D2800180C0020180C0020200C0020200C00209B
:100D3800280C0020280C0020300C0020300C00204B
:100D4800380C0020380C0020400C0020400C0020FB
:100D5800480C0020480C0020500C0020500C0020AB
:100D6800580C0020580C0020600C0020600C00205B
:100D7800680C0020680C0020700C0020700C00200B
:100D8800780C0020780C0020800C0020800C0020BB
:100D9800880C0020880C0020900C0020900C00206B
:100DA800980C0020980C0020A00C0020A00C00201B
:100DB800A80C0020A80C0020B00C0020B00C0020CB
:100DC800B80C0020B80C0020C00C0020C00C00207B
:100DD800C80C0020C80C0020D00C0020D00C00202B
:100DE800D80C0020D80C0020E00C0020E00C0020DB
:100DF800E80C0020E80C0020F00C0020F00C00208B
:100E0800F80C0020F80C0020000D0020000D002038
:100E1800080D0020080D0020100D0020100D0020E6
:100E2800180D0020180D0020200D0020200D002096
:100E3800280D0020280D0020300D0020300D002046
:100E4800380D0020380D0020400D0020400D0020F6
:100E5800480D0020480D0020FFFFFFFF00000200A2
:100E68000000000003000000D066022043000000DC
:100E7800000000000000000000000000000000006A
:100E88000000000000000000000000004300000017
:100E9800000000000000000000000000000000004A
:100EA80000000000000000000000000043000000F7
:100EB800000000000000000000000000000000002A
:100EC80000000000000000000000000043000000D7
:100ED800000000000000000000000000000000000A
:100EE80000000000000000000000000043000000B7
:100EF80000000000000000000000000000000000EA
:100F08000000000000000000000000004300000096
:100F180000000000000000000000000000000000C9
:100F28000000000000000000000000004300000076
:100F380000000000000000000000000000000000A9
:100F480000000000000000000000000071B6011061
:100F5800A5B301100000000044FF011078DD011066
:100F6800F8DE0110F8DE0110F8DE0110F8DE0110DD
:100F7800F8DE0110F8DE0110F8DE0110F8DE0110CD
:100F8800F8DE0110FFFFFFFFFFFFFFFFFFFFFFFF7E
:100F9800FFFF0000010041534349490000000000E1
:100FA8000000000000000000000000000000000039
:100FB80000000000000041534349490000000000C0
:100FC8000000000000000000000000000000000019
:100FD80000000000000000000C6802200000000073
:100FE80001000000000000004A00000000000000AE
:100FF80000000000000000000000000000000000E9
:1010080000000000000000000000000000000000D8
:101018004A0000000000000000000000000000007E
:1010280000000000000000000000000000000000B8
:101038000000000000000000ECE80110ECE80110DE
:081048000000000000000000A0
:10105000D3DEFFFFFE010000FF010000E8F0FDFF0E
:04106000793512AB21
:040000051000014D99
:00000001FF
