:020000041000EA
:10000000002008205D0100101B0100101D010010E0
:100010001101001011010010110100101101001058
:100020001901001019010010190100101F01001022
:10003000110100101901001021010010230100100E
:100040001101001011010010110100101101001028
:100050001101001011010010110100101101001018
:100060001101001011010010110100101101001008
:1000700011010010110100101101001011010010F8
:1000800011010010110100101101001011010010E8
:1000900011010010110100101101001011010010D8
:1000A00011010010110100101101001011010010C8
:1000B00011010010110100101101001011010010B8
:1000C00011010010110100101101001011010010A8
:1000D0001101001011010010110100101101001098
:1000E0001101001011010010110100101101001088
:1000F0001101001011010010110100101101001078
:100100001101001011010010110100101101001067
:10011000EFF30580103800BE00BE00BE00BE00BE7A
:1001200000BE00BEF2EB8871006A0210286A02105D
:10013000A001001090A31AE7D3DEFFFF42012110B7
:10014000FF010000207B0200793512AB4FF0000068
:100150001E49086006C881F3088810474FF05040D8
:10016000006810B14FF00000F2E70DA40ECC00299A
:1001700002D000F012F8F9E71549164A002000E015
:1001800001C19142FCD11449884714498847144958
:10019000884700BEFDE701C901C29A42FBD3704700
:1001A000286A02101001002040130020587C021021
:1001B0000000082000000820587C021000100820D1
:1001C00000100820000000007047000008ED00E06B
:1001D00040130020B8920220A1360010E102001066
:1001E00065360010F8B500BF0348044B834202D0C7
:1001F000034B03B118477047401300204013002001
:1002000000000000064B0749C91A891048BF013198
:10021000491003D0044B0BB101481847704700BF89
:1002200040130020401300200000000010B5064CD1
:10023000237843B9FFF7D8FF044B13B10448AFF359
:1002400000800123237010BDD015002000000000A5
:100250008838021008B5044B1BB104490448AFF3B9
:100260000080BDE80840CDE700000000D415002064
:10027000883802102DE9F041074608460D461EF069
:10028000DBF94028804628BF4FF0400880B1C8F114
:10029000400676106C1EC5F101052E44301914F885
:1002A000012F0023394614F0D5F82B199845F5D8BD
:1002B000BDE8F0810A788AB170B50D460646002483
:1002C00001E0402C09D020460023314614F0C2F84A
:1002D00015F8012F0134002AF3D170BD704700BF1B
:1002E0000322F0B5544B554CA5B01C60544B04464A
:1002F0001A600E4613F064F90023524D012C2B7046
:1003000000F38480504818F013F818B10378002BDC
:1003100040F08A804D4C04F1100754F8046B3046CD
:1003200014F0B8F8002878D1A742F6D140F2FF3295
:100330004749444817F0C2FF0026424885F8FF634A
:1003400014F0A8F80446434803F062FB424803F067
:100350005FFB3C49414803F0DDFB002C45D14048A0
:1003600003F056FB1021402014F06AF802203D49AA
:10037000FFF780FF05203C49FFF77CFF07203B4942
:10038000FFF778FF0A203A49FFF774FF39490B203D
:10039000FFF770FF14F0B4F8044614F0B7F82346E2
:1003A0004121354A009013A803F08EF814F0A2F80A
:1003B000044614F099F82346304A4121009002A8DF
:1003C00003F082F80C2013A9FFF774FF0D2002A997
:1003D000FFF770FF0F202A49FFF74CFF14F052F887
:1003E0000121002013F0A2FFFAE701200DF014F91B
:1003F00013F0E4F8234803F00BFB234803F008FB59
:10040000012008F0D5FD304625B0F0BD40F2FF32A6
:100410002846716817F052FF8EE740F2FF323146EE
:10042000084817F04BFF87E7014640F2FF322846A5
:1004300017F044FF80E700BFDC0B00208838021073
:10044000A00B0020F8780220A038021010480210FB
:10045000B4380210C4380210EC38021010390210FF
:1004600020390210543902107439021084390210F4
:1004700098390210A8390210BC390210DC39021078
:10048000EC390210083A0210283A021010B44FF466
:1004900080740C4B53F8202003EB8003C00082F0E3
:1004A000400200F1804003F5805C02F0C00200F5DC
:1004B000203003F54053CCF8002041601C605DF80B
:1004C000044B70470480034010B4084CC90041EA53
:1004D000820154F8202004EB8003514003F580533F
:1004E00001F00C015DF8044B196070470480034073
:1004F00030B44FF0000343EC440043EC40000525CA
:100500004FF480740B4BC20053F8201003EB8000B3
:1005100081F0400102F1804303F5203301F0C00275
:1005200000F5805100F540500A605D60046030BC09
:10053000704700BF048003400FB400B583B0049C33
:10054000074803F065FA3CB105A92046019103F084
:1005500009F8044803F05CFA012003F01BF800BF1F
:10056000603A0210E43D0210EFF3108072B6064BC1
:10057000D3E8CF1F01220029FAD1C3E8412F002977
:10058000F6D1BFF35F8F7047CF6D02200023034A7F
:10059000C2E88F3F80F31088704700BFCF6D022004
:1005A00070B58646EFF3108572B6124CD4E8CF6F63
:1005B0000120002EFAD1C4E8460F002EF6D1BFF379
:1005C0005F8F4FF0010CC80801F007030CFA03F32A
:1005D0001EF800C01CEA030608D14CEA030C0EF812
:1005E00000C0C4E88F6F85F3108870BD1046FFF718
:1005F000A3FF00BFCF6D0220044A1078431CDBB27A
:10060000182B28BF10231370704700BF080B002061
:100610004FF0E022936843F000539360704700BFAF
:100620000021044B03F12002C3E88F1F01339342E2
:10063000FAD17047C46D02204FF0E0234FF08032B2
:10064000C3F80024C3F80424C3F80824C3F80C2416
:10065000C3F81024C3F81424C3F81824C3F81C24C6
:10066000C3F82024C3F82424C3F82824C3F82C2476
:10067000C3F8302462B67047012300F01F02934094
:10068000400941B1800000F1604000F56140C0F8D0
:10069000803103607047024A203042F820307047B2
:1006A00000E100E0F8B50D46EFF3108772B6124E88
:1006B000D6E8CF2F0123002AFAD1C6E8423F002A0C
:1006C000F6D1BFF35F8F0D4B00F110049B680C4A0D
:1006D00053F82430934203D0994201D001F00CF832
:1006E000064B9B6843F82450BFF35F8F0023C6E896
:1006F0008F3F87F31088F8BDCD6D022000ED00E03C
:10070000110100102DE9F04F83B0EFF3108A72B69B
:10071000744ED6E8CF2F0123002AFAD1C6E8423F13
:10072000002AF6D1BFF35F8F6F4B00F110089B6872
:100730006E4A53F8285095423FD08D420C464AD01D
:100740006B4FEB1B2F2B38D801214FEA50194FEA82
:10075000890909F1604909F5614900F01F0301FAAF
:1007600003F0D9F80030C9F8800000EA030BBFF3AA
:100770005F8FEFF30581C9B279B3884577D125F052
:10078000010EDEF808C0644505D17CE0D3F808C04E
:10079000644532D09E469EF9062002EB4203002AB1
:1007A00007EB8303F2DA644500F08180BBF1000FB0
:1007B00020D0C9F88001C9F800004B4B9B6843F872
:1007C0002850BFF35F8F0023C6E88F3F8AF310885D
:1007D00003B0BDE8F08F1546EFE725F0010EDEF817
:1007E00008C06445D7D19EF906407346002C08DA4C
:1007F000154666E0C9F88000DFE793F90640002C53
:1008000056DB04EB440C07EB8C0CDCF80820610091
:100810009A609CF80720DA719CF90620002A9A71E8
:100820005DDBBCF80420520504D502F5FF1202F589
:10083000FF521F32521502F1020C4FF0040E0C222F
:1008400012FB04E202EB4C026FF0070C3A44ACEBF3
:10085000030C6244C2F34A0242F460429A80254B80
:1008600021441A7807EB81011C708A719EE7CDE95B
:10087000000100F041FFDDE9000125F0010EDEF886
:1008800008C0644587D19EF906407346002CB8DA4B
:10089000194A1A4CD21A083AC2F30A316FEA0151C6
:1008A0006FEA115144EA5202DA8099807EE773467A
:1008B0000029EDD1FF228EF806204BF60152AEF84A
:1008C00004200C4C4AF6AA2294F800C01946C91B11
:1008D00049414A43120D83F806C0227066E74BF681
:1008E0000152BBE7CD6D022000ED00E011010010C8
:1008F0000C0B0020A1920220460B002000F8FFFF05
:10090000F0B5EFF30585EDB2EFF3108C72B6264922
:10091000D1E8CF2F0123002AFAD1C1E8423F002AB3
:10092000F6D1BFF35F8F214E40F0010EB4684AF656
:10093000AA2354F825701E4A0446A41A644163434E
:100940001B0D77455BB21BD092F906409C421CD030
:1009500092F912409C4223D092F91E409C4221D031
:1009600092F92A409C4208BF03240FD0114A002468
:10097000157813708571C1E88F4F8CF31088F0BD26
:10098000B2680D4C42F82540F0E7002404EB440423
:1009900002EB8402FF2494714BF601549480E5E746
:1009A0000124F3E70224F1E7CD6D022000ED00E021
:1009B0000C0B0020A192022011010010014B0B44EE
:1009C00003607047C46D022070B5104C104DAC42EE
:1009D0000ED2FF26236863B1FFF70EFE01462046C4
:1009E000FFF7ECFFA680BFF35F8F0834AC42F1D372
:1009F00070BDFFF701FE01462046FFF7DFFF2671BD
:100A0000BFF35F8F0834AC42E4D370BD38130020CD
:100A1000401300200D4B1A68EFF3108172B6D2E834
:100A2000CFCF0120BCF1000FF9D1C2E84C0FBCF1CF
:100A3000000FF4D1BFF35F8F00221B68C3E88F2F34
:100A400081F3108840BF00200021704718830220E6
:100A50002DE9F04F2DED028B85B0EFF30583DBB26E
:100A6000103B9A0818BF01224FF0010103F0030068
:100A700018BFAF4DAF4B08BFAF4D00EB820253F82C
:100A8000226001FA00FB05F541539FEDA78B019011
:100A9000C3F804B02EE0B388180440F19280B37913
:100AA000002B40F0DC80B6F908100029C0F21D814F
:100AB000736901EB410103EBC103D3E90247B7F1CD
:100AC000FF3F08BFB4F1FF3F0DD0019B05EB830151
:100AD000AB6A0A69D21AE31A934203D32B6A13EA68
:100AE0000B0F00D10C61284600F030FCA042B94148
:100AF000C0F2FB80B6F90830C5F83CB0002B00937B
:100B0000C9DBD6F8149003EB430A284609EBCA0761
:100B1000D7E9024800F01AFCA04271EB0801BADBE9
:100B2000B8F1000FC0F2C380D7E90431834A934281
:100B300000F0ED807A88B6F9080092B242EA0040EF
:100B4000984702460B4652EA030100F0B080002BA2
:100B500080F2D180B4EB020E68EB030839F93A3029
:100B6000C7E902E8002B96DB716903EB430201EB56
:100B7000C202D2E90270BE4578EB000C4FEA430294
:100B800089DBB4462CF8083F0BE031F93230A4463B
:100B9000002B0DDB03EB430001EBC0005A00D0E952
:100BA0000270BE451A4478EB000001EBC204ECDA97
:100BB00029F83A30009BACF80030B38818043FF5B0
:100BC0006EAF3369EFF3108272B6D3E8CF0F012115
:100BD0000028FAD1C3E8401F0028F6D1BFF35F8F89
:100BE0004FF6FF74B0880023316900B2B480C1E8C9
:100BF0008F3F82F310889842FFF651AF0746A9460F
:100C0000746906F1080807EB470E04EBCE03D3E93D
:100C10000250B6F90830C446002B13DBB2460097E9
:100C200004E034F936309446002B09DB03EB43062D
:100C300004EBC602D2E90271BD4270EB0101F0DAA9
:100C40005646009FACF8007034F93E7024F83E30F0
:100C5000002FD8DAB3794D46002B3FF424AF0023A0
:100C6000B371B6F9083006F10808591C3DD0194691
:100C7000776903E080465A1C3FF417AF03EB430249
:100C800007EBC200B0F802C01C461CF4004F9E46A1
:100C900037F93230EED08C4280ED028B05D0A8F8C7
:100CA0000030318927F8321034817146E3E739F892
:100CB0003A3033813369EFF3108272B6D3E8CF0F45
:100CC00001210028FAD1C3E8401F0028F6D1BFF364
:100CD0005F8F7388316929F83A30009B7380002355
:100CE000C1E88F3F82F31088D5E640BF05B0BDEC68
:100CF000028BBDE8F08F2846CDE9022300F026FBE9
:100D0000029A039B10EB020E43EB010826E708460C
:100D10000B69029198470028C9D00299D1E90023B4
:100D200011E700BFAFF30080FFFFFFFFFFFFFFFFF2
:100D300000800B40D874022000000B40510A0010C4
:100D40002DE9F84F364C25692DB1BDE8F84F0A2141
:100D50003448FFF733BEDFF8E4800321404600F05B
:100D6000E3FA0326C4F80C80FFF746FC4FF0504C22
:100D70002D4B267003442361DCF800300F21637093
:100D8000636961801D834FF00405A3F878504FF02C
:100D90000505A3F890504FF00605A3F8A8504FF0B2
:100DA00007050E214FF6FF7208274FF00A0EA3F831
:100DB000C0504FF001094FF00C0C4FF0020B4FF0F8
:100DC000090A0D204FF00B05A3F868111749A280FE
:100DD000A3F808E1A160A3F848B0A3F8F0A0A3F835
:100DE0002051A3F838C1A3F85001A3F83090A3F81C
:100DF0006060A3F8D8701A800D4B3046C8F8207098
:100E00000C49DC60FFF74EFC49463046FFF734FCE6
:100E1000094B0A211F640348BDE8F84FFFF7CEBD18
:100E2000540B002018830220C46D0220FFFF100025
:100E3000D8740220510A001000200B4000000B4023
:100E400000487047540B00200146F0B50069EFF3ED
:100E5000108772B6D0E8CF5F0124002DFAD1C0E828
:100E6000454F002DF6D1BFF35F8FB1F902E04C6919
:100E70000EEB4E0CBEF1000F4FEACC0504EBCC0C90
:100E80003DDB605B002648800869C0E88F6F87F310
:100E90001088BCF80200CCE902230130C0F30E0038
:100EA000012838BF0120059BACF80200CCF81030B7
:100EB000069B40EA0E40CCF814300B69EFF3108229
:100EC00072B6D3E8CFCF0127BCF1000FF9D1C3E848
:100ED0004C7FBCF1000FF4D1BFF35F8F8B8863535D
:100EE000A1F804E00B69C3E88F6F82F31088012238
:100EF000CB68097803F501538A405A60F0BD00239E
:100F00000A69C2E88F3F87F310884FF0FF30F0BDC9
:100F100003464089B0EB214F37DD58690A1402EBD4
:100F2000420210B500EBC2001C69EFF3108C72B6E0
:100F3000D4E8CFEF0122BEF1000FF9D1C4E84E2F63
:100F4000BEF1000FF4D1BFF35F8F428889B292B235
:100F50008A4207D000221B69C3E88F2F8CF31088C8
:100F6000002010BD42F40042428001210022186995
:100F70009971C0E88F2F8CF310881C78DA680846C6
:100F800002F50153A140596010BD0020704700BF19
:100F90002DE9F041861F41F1FF35B04271EB0503A9
:100FA00038BF002682B038BF354604460F4600F0F1
:100FB000D5F9301A65EB0103012873F1000306DA55
:100FC0002046394602B0BDE8F04100F003BA00F017
:100FD000C5F9864265EB010100290ADB0021174BA8
:100FE0003246009316482B460191FFF72DFF00284B
:100FF000E6DB4FF0000C1348134A436A9D4204D8C5
:10100000816AB142DCD29D42DAD11368EFF31081DC
:1010100072B6D3E8CF8F5FF0010EB8F1000FF8D1B0
:10102000C3E848EFB8F1000FF3D1BFF35F8F136847
:10103000C3E88FCF81F3108820BFDEE7150A0010C8
:10104000540B002000000B401883022010B504460A
:1010500000F084F94FF47A734FF0FF3C6FF00042D8
:10106000E4FB0301BDE81040844572EB01033CBF83
:1010700060461146FFF78CBF2DE9F04306460D464A
:1010800083B0EFF30584E4B23CB1274B586AA84221
:101090001CD2002003B0BDE8F083244FD7F80C9099
:1010A00097F80080484600F051F908F1040859F813
:1010B00028301B1A301A65EB0101984271F10001CA
:1010C00011DB20BF184B586AA842E2D39B6AB34297
:1010D00003D3012003B0BDE8F083401B18BF0120FB
:1010E00003B0BDE8F08300F039F9864265EB0101F9
:1010F0000029CADB0E4B3846CDE9003432462B4678
:10110000FFF7A2FE011EC0DD074B5A6AAA4208D3B0
:101110009B6AB34203D30548FFF7FAFEB5E7AA423C
:10112000F9D120BFF7E700BF00000B40540B0020AF
:10113000150A00102DE9F0410446DDE9071552EAD1
:10114000030070D0002B16461F4671DB0698C5E9D8
:1011500000232861AC60696100F000F94FF0FF32B4
:101160006FF00043801947EB0107824273EB0701E0
:101170003CBF1F4610462369EFF3108872B6D3E8D0
:10118000CF1F01220029FAD1C3E8412F0029F6D14F
:10119000BFF35F8FB4F90260616906EB4603002E6E
:1011A0004FEAC30C01EBC30346DB31F80C204FF0D0
:1011B000000E62802269C2E88FEF88F310885A8897
:1011C000C3E902070132C2F30E02012A38BF01222D
:1011D0001F485A805D61186142EA06422369EFF3B5
:1011E000108072B6D3E8CF8F0127B8F1000FF9D184
:1011F000C3E8487FB8F1000FF4D1BFF35F8FA38835
:1012000021F80C30A6802369C3E88FEF80F31088A3
:1012100001202178E36800FA01F103F501535960D8
:10122000EA60BDE8F0810126002732463B468DE7A3
:10123000564263EB430789E700202369C3E88F0F19
:1012400088F310884FF0FF32EA60BDE8F08100BFFC
:10125000510A00100246C06800B970479168031433
:10126000B1F80AC0BCEB204F3DDD30B54C6903EB53
:10127000430304EBC30C0B69EFF3108E72B6D3E893
:10128000CF5F0124002DFAD1C3E8454F002DF6D1E0
:10129000BFF35F8F83B2BCF8020080B2834209D0F3
:1012A00000230969C1E88F3F8EF3108800230020D6
:1012B000D36030BD43F40043ACF802304FF0010C72
:1012C0000023086981F806C0C0E88F3F8EF31088BC
:1012D000CB68097803F501530CFA01F1596000233A
:1012E0006046D36030BD00230020D360704700BF4C
:1012F000084AD0E90003516A8B4204D8926A8242BC
:1013000003D30120704700207047581A18BF0120EE
:10131000704700BF00000B4001460248C1E90023AE
:10132000704700BFF112001010B4054B054C064A7F
:10133000A04214BF1846581C5DF8044BFFF730B9A3
:10134000006F022000800B40703A02100346416A91
:101350000A46986A596A8A42FAD17047034B596A19
:101360000A46986A596A9142FAD1704700000B40C8
:1013700010B4174A536A9C46946A536A6345FAD17B
:10138000001959414FF0000228BF01220346CAB19B
:101390000F4B596A4B1C08BF0B4608D04FF0FF316A
:1013A0000B460B48426A8A42FCD38A4207D1084A5C
:1013B00002E0506A884202D1906A9842F9D35DF8FF
:1013C000044B7047024A526A9142EAD8EDE700BFE7
:1013D00000000B40074A536A9942FCD8994207D152
:1013E000044B02E05A6A914202D19A6A8242F9D3CE
:1013F000704700BF00000B40F8B5054606200E46BA
:1014000000F0E4F8002842D0354A3648954214BF2F
:101410004FF080624FF00062334B344902601A6033
:101420008C6832EA0404FBD12D4B4FF48071EB1A27
:10143000B3FA83F32E4A5B09062022F8131000F05A
:10144000C5F8C300B3FBF6F30133DA0920D1402617
:1014500001216962AA622F6BFB0722D42B4600226E
:1014600053F82C1F062003F5805422602F6300F0F0
:10147000ADF840F2013103228000B0FBF6F0EB6AD8
:1014800083F0700303F07E0323602963AA64F8BD30
:101490004FF6FE718A421BD922464FF6FF71154E58
:1014A000D7E740F2013205F540531A636B6AAC6A24
:1014B000062004EB831400F089F80F4BA402A3FB71
:1014C0000023DB0A0021B4FBF3F0FFF751FFC5E76F
:1014D000C3F34503114603EB82161A46B9E700BF72
:1014E000008007400020024000300240000002401F
:1014F00080920220C0FF3F00757B2B8F00EB400CD9
:101500004FEA8C0C0CF1804C0CF5803CF0B5164683
:10151000DCF80420051FB2F5803F38BF4FF480325D
:10152000EDB238BFCCF80420012D2AD94FF4006762
:10153000254C0CF54052176054F82020B2B9DCF865
:101540000020012D82EA461202F0E0020CF58056DE
:1015500032602AD94FF4006144F820304FF48033D0
:101560000CF500521160CCF80430F0BD6769B7FB90
:10157000F2FE0EF1010E0EEB4E0EBEF1030EFCD28A
:10158000DDE70129D2D103240CF540521460DCF8C8
:101590000820D207FBD5DCF800200B4C82EA46126B
:1015A00002F0E0020CF5805632600122DCF80050B7
:1015B0004D4005F00305356002FA01F1DCF8082022
:1015C0000A42FBD0C6E700BF086F0220014B53F868
:1015D00020007047086F022070B4039D04682D033B
:1015E00045EA03451B4B002CB3FBF1F3B2FBF3F6CA
:1015F0001FDB194A194B904214BF4FF480424FF43D
:101600000042174C1A6003F580531A60A36832EA4F
:101610000303FBD1212200F54053043301608660AF
:101620001A600268002AFCDA0822C5601A6070BCE1
:101630007047036803F03F038B42DAD18368C3F33A
:101640000B03B342D5D1C36803F4EE23AB42D0D130
:10165000EDE700BF001BB7000080054000200240FE
:1016600000000240012300EB4000800000F18040B8
:1016700000F5841041600360704700BF0023DB8ADF
:10168000002242E800F2520201D41021184704213E
:10169000184700BF034AD2F82838002BFBD0BFF30D
:1016A0005F8F704700000E400021044B044ABFF3D7
:1016B0005F8F43F8041B9342F9D170470C080E402A
:1016C0002C080E4010B44FF48D704FF42A64064A73
:1016D000064B07491460D06019605368002BFCDA90
:1016E0005DF8044B704700BF0080044000A0044038
:1016F00000B0FA00704700BF08B50148FEF71CFFB4
:10170000943A021038B5054C054DAC4204D254F859
:10171000043B9847AC42FAD338BD00BF40380210B2
:101720008038021010B40748074C084B084A094992
:1017300004601A608B6832EA0303FBD15DF8044B46
:10174000704700BF002002407F3BEFEF00300240B7
:10175000F6FFF30300000240044BDB6CB3F5004FCF
:1017600003D14FF48022024BDA647047000011501D
:10177000002011504FF0E022044BD2F8881D0B439B
:10178000C2F8883D10EE3004704700BF03033000FC
:101790006FF06041044B054A19609368DB4333F0F6
:1017A0006043FAD1704700BF0030024000000240A1
:1017B00010B545F25320FFF761FFBDE81040034626
:1017C0000420184710B545F25320FFF757FFBDE836
:1017D0001040034601201847FEF722BF70B5144998
:1017E000144C154D641AA610442E324628BF4422CC
:1017F000284692001BF0A6F9B4F5867F13D80F4A4D
:10180000C6F1440112D02B19480803EBC000C3E90C
:10181000002208338342FAD1CB0704D521F001031B
:10182000334445F82320064B9D6070BD4323F8E701
:101830000000001010010010000000201101001035
:1018400000ED00E0002370B52B4C82B0C4F884306A
:10185000FFF738FF0122294BDA63636C012BFCD1BF
:101860000321264A244B11639C6B012CFCD10226D8
:10187000052521460523224A22480096FFF7ACFEA3
:1018800021462B46204A21480095FFF7A5FE00225D
:10189000042031461E4BFFF731FE21462846002228
:1018A0001C4BFFF72BFE0022082011461A4BFFF7B6
:1018B00025FE002209201146174BFFF71FFE0022CC
:1018C00006201146134BFFF719FE0022114B07208B
:1018D0001146FFF713FE0420FFF778FE00240F4B9C
:1018E000A3FB0035AD0CE0B229460134FFF7BAFE88
:1018F000062CF8D102B070BD00000140003001405C
:10190000002F685900000540008C86470080054084
:10191000001BB70080D1F008006CDC0283DE1B43A3
:1019200086B003B451FC0804CDE9020151FC09045E
:10193000CDE9040151EC0A04CDE9060103BCF047EE
:10194000BDE800504EEC00C4BDE800504EEC01C4B0
:10195000BDE800504EEC02C400BD000000B5FFF72A
:10196000DFFF02E010FE30F4F8D441EC100443EC49
:10197000112400EE010410EE010480EE200451EC6D
:101980001004704700B5FFF7CBFF02E010FE30F403
:10199000F8D441EC100443EC112400EE010410EEE5
:1019A000210480EE200451EC3004704700B5FFF7AD
:1019B000B7FF02E010FE30F4F8D410B541EC10048B
:1019C00043EC112451EC040453EC0524A0FB024C1D
:1019D0005FF0000EE0FB03CEE1FB02CE4CEC2044B6
:1019E0000024E1FB03E444EC30E480EE200451ECFD
:1019F0005004BDE81040704700B5FFF791FF02E0CA
:101A000010FE30F4F8D441EC100443EC112451ECF6
:101A10002104A0FB01126FEA820252FB100052FB6C
:101A200012F252FB1000A0EBD07C53EC04245CFBC0
:101A300013F153EC1524A1FB022001FB030053EC2E
:101A40004424A2EB000050FB1CF24FEA111312EBEE
:101A5000017043EBE27140EA515020EA915020F0CE
:101A6000070053EC7524A0FB023C53EC752400FBEB
:101A700003CC01FB02CC53EC0424ACEB824C40EAD7
:101A80005C70A0F1010041EC400480EE200451ECB8
:101A90007004704700B5FFF743FF02E010FE30F41A
:101AA000F8D441EC100480EE220410EEB20470472A
:101AB00000B5FFF735FF02E010FE30F4F8D440EC3B
:101AC000700400EE010410EE210480EE200451ECBD
:101AD0003004704700B5FFF723FF02E010FE30F43A
:101AE000F8D440EC600400EE010410EE210480EE16
:101AF000200451EC3004704700B5FFF711FF02E0FD
:101B000010FE30F4F8D441EC800400EE010410EE35
:101B1000010480EE400410EE1304704700B5FFF797
:101B2000FFFE02E010FE30F4F8D441EC800400EE39
:101B3000010410EE010480EE400410EE33047047FF
:101B400000B5FFF7EDFE02E010FE30F4F8D441ECF2
:101B5000100443EC112400EE010410EE3004C0F335
:101B60000070704700B5FFF7DBFE02E010FE30F4B6
:101B7000F8D441EC100443EC112400EE010410EE03
:101B80003004C0F38070704700B5FFF7C9FE02E073
:101B900010FE30F4F8D443EC102441EC110400EEB4
:101BA000010410EE30F48CBF01200020704700BF0C
:101BB00000B5FFF7B5FE02E010FE30F4F8D443ECB8
:101BC000102441EC110400EE010410EE30F42CBF9F
:101BD00001200020704700BF00B5FFF7A1FE02E022
:101BE00010FE30F4F8D441EC100443EC112400EE64
:101BF000010410EE30F42CBF01200020704700BF1C
:101C000000B5FFF78DFE02E010FE30F4F8D441EC91
:101C1000100443EC112400EE010410EE30F48CBFEC
:101C200001200020704700BF0022002950DA404206
:101C300061EB4101C9B1B1FA81F30B3B17D4D3F188
:101C4000200C30FA0CFC9840994051EA0C011A44DF
:101C5000524202F2324201EB025141F0004140F2A5
:101C6000FE739A4238BF704721E011467EE003F1CF
:101C7000210310FA03FCA3F1010301FA03FCC3F1F1
:101C8000200320FA03F021FA03F140EA0C00A3EB51
:101C9000020202F2324214D050F1000041EB025134
:101CA00041F0004140F2FE739A4238BF70474FF056
:101CB0000001A8BFC7F6F0714FF000007047002187
:101CC0007047EBD350F1000020F00100E6E700225E
:101CD000B9B1B1FA81F30B3B16D4D3F1200C30FA31
:101CE0000CFC9840994051EA0C011A44524202F20D
:101CF000324201EB025140F2FE739A4238BF704704
:101D000020E0114600F066B803F1210310FA03FC4D
:101D1000A3F1010301FA03FCC3F1200320FA03F04D
:101D200021FA03F140EA0C00A3EB020202F2324274
:101D300012D050F1000041EB025140F2FE739A4282
:101D400038BF70474FF00001A8BFC7F6F0714FF0E1
:101D50000000704700217047EDD350F1000020F0E3
:101D60000100E8E7002880F235804042B0FA80F3B5
:101D70000B3B11D4984001EB0302524202F2124293
:101D800000EB025141F000414FF0000040F2FE73C1
:101D90009A4238BF704713E0C3F1000330FA03FCE6
:101DA000C3F120029040A3EB010202F212420CEBBD
:101DB000025141F0004140F2FE739A4238BF704731
:101DC0004FF00041A8BFCFF6F0714FF00000704710
:101DD0000021704760B3B0FA80F30B3B0FD49840FA
:101DE00001EB0302524202F2124200EB02514FF0A9
:101DF000000040F2FE739A4238BF704710E05B4229
:101E000030FA03FCC3F120029040A3EB010202F27E
:101E100012420CEB025140F2FE739A4238BF7047F7
:101E20004FF00001A8BFC7F6F0714FF000007047F7
:101E3000002170470022A2F232425FEA215CACF13D
:101E40000103A1EB03515B0513F5800F32D212EBB6
:101E5000535210D40B2A36DA9140D2F1200330FAD3
:101E600003F319439040BCF1000FA8BF70474042F4
:101E700061EB4101704720320EDD01FA02F3D2F12D
:101E80002002D140D0401843BCF1000FA8BF7047DA
:101E9000404261EB41017047524282F3050231FA40
:101EA00002F00021BCF1000FA8BF7047404261EB77
:101EB0004101704702D000200021704750EA0131F3
:101EC00018BF4FF0000C6FF0004101EBDC716FEABE
:101ED000EC70704710B504461AF024FE28B1034692
:101EE000034A2344934200D810BD0248FEF724FB66
:101EF00000000820A03A02101AF01CBE9A4238BF17
:101F000088547047704700BF2DE9F04F83B0994661
:101F1000DDE90DAB0F9B884611469A07074616D19F
:101F2000DA453AD20C460D46ABEB0A060E44224681
:101F30004B46414620200134B847B442F7D12946E8
:101F4000BAF1000F08D1204603B0BDE8F08F0C466F
:101F5000BAF1000F10D00E4655460C9B2E449A4401
:101F60000191721B4B46013D41461AF8010D344662
:101F7000B847002DF5D101990F9B9B07E3D5651A52
:101F8000AB45E0D922464B46414620200135B847B3
:101F90005D4504F10104F5D3D5E7BAF1000FDAD1BC
:101FA0000C46D0E72DE9F04F0F9FDDF824E017F045
:101FB000020F0A9C9DF82C900E9DDDE90C8629D11C
:101FC000002D6FD1B44225D2202C07F0010B00F078
:101FD000128104F1FF3C4FF0300AF44401E0202C60
:101FE0007AD00134A6420CF801AFF8D8BBF1000F4B
:101FF00010D0AC420ED2202C74D004F1FF3C4FF034
:10200000300AF44401E0202C29D00134AC420CF811
:1020100001AFF8D117F0100F3AD017F4806F28D124
:102020001CBBB8F1100F00F0CA80B8F1020F00F02D
:10203000D48030248EF800400124B9F1000F67D11C
:102040007E0740F1AA802B260EF804600134CDE90A
:102050000B57CDE909E4BDE8F04FFFF755BFFC068B
:1020600040F189807C0535D42024A6426AD0AC4258
:1020700068D0B8F1100F00F08780B8F1020F5AD085
:10208000202CE4D0264601344FF0300C0EF806C068
:10209000202CD2D1CDE90B57CDE909E4BDE8F04FB2
:1020A000FFF732BF17F0010B3ED0B9F1000F47D157
:1020B00017F00C0F44D1B4429BD2202C89D1202D93
:1020C00010D8FC0657D57C0555D4202E00F0B980D9
:1020D000202D10D02024CCE7BBF1000F00F0A5800C
:1020E000202DBCD9FC0646D57C0544D4202E00F01A
:1020F000A880202D3FD12C461F26B8F1100F7FD08D
:10210000B8F1020FC0D14FF0620C0EF806C0B7E76D
:102110002D260EF804600134CDE90B57CDE909E412
:10212000BDE8F04FFFF7F0BEB442BFF473AF202C10
:102130007FF44FAFD6E7202C89D026460134E2E762
:10214000013DB8E7661ED8D1B8F1100F64D0B8F1E0
:10215000020F7FF46EAF62268EF800603026444690
:102160008EF80160B9F1000F3FF46AAFD0E7B8F123
:10217000100F7FF46CAF2024CDE90B57CDE909E4B3
:10218000BDE8F04FFFF7C0BEBE060ED4202CF2D043
:1021900078260EF80460013472E73E077FF557AFEA
:1021A00020260EF80460013451E7202CE3D04FF0D4
:1021B000580C0EEB040686F800C0013460E7BE063A
:1021C00017D558248EF8004030248EF801400224A0
:1021D000B9F1000F3FF434AF9AE762248EF8004063
:1021E00030248EF801400224B9F1000F3FF428AFEB
:1021F0008EE77824F2E7BBF1000F7FF462AF71E75E
:1022000017F0200F0CBF4FF0780C4FF0580CA61EA3
:102210000EF806C0013C35E7BC06EAD558248EF816
:10222000004030248EF80140DDE717F0100F3FF436
:102230000EAF17F4806F9AD1202E7FF418AF1F26AF
:102240005BE734461F2658E700B9704701F09EBB94
:1022500010B1D1E900311847704700BF00000000FD
:102260002DE9F04F9FB09DED287BDDE92AA558ECC4
:10227000177B83461E460D91109243463A463846D8
:1022800041468DED087B2C9CFFF75EFC002840F05A
:10229000D880384641464FF0FF32754BFFF7B4FC0B
:1022A000002840F0CE80384641464FF0FF326FF4B0
:1022B0008013FFF76DFC002840F0C380DDE908784B
:1022C0000022384641460023FFF762FC002840F018
:1022D000C081CDE90A78DDE90A2390461F4614F44F
:1022E000806308BF4FF0060A139304F4006258EAB3
:1022F0000703119240F0C080002A00F0A2819FEDF8
:102300005A7B00278DED0E7B4FF00009BA45CCBFFC
:10231000AAEB070A4FF0000A4F46C8BF0AF1FF3A7E
:1023200044F480644D4594BF4FF00008A5EB0908C4
:1023300014F00203119304D0B9F1000F18BF4FF04D
:1023400000083FB1DDE90A01DDE90E23FFF758FB84
:10235000CDE90A01DDE9080100220023FFF718FC9E
:1023600030B1DDE90A01024601F10043CDE90A235B
:102370009DED0A7BCDE902A8DDF834A024F40063CA
:1023800004938DED007B334651465846109A00F079
:1023900097F98046B9F1000F4FD014F0200F024694
:1023A00000F1010433460CBF652045205146D84753
:1023B00009F1FF3087EAE77C0DF1580900224B460E
:1023C000DFF8B080ACEBE77C4FEAD77E01E0202A53
:1023D00010D0E246A8FB0C71C90801EB8107ACEBF9
:1023E00047073037BAF1090F8C4602F1010203F8B2
:1023F000017BECD805230590069300200A230D9F4E
:10240000CDE90330CDE9012E334622463946584600
:10241000CDF80090FFF7C6FD119B80466BB1109B75
:10242000C41AA54209D94246334639462020013410
:10243000D847A54208F10108F5D840461FB0BDE8CD
:10244000F08F9DED087B33465846109A0D998DED1F
:10245000287BCDE92B54CDF8A8A01FB0BDE8F04FE4
:1024600000F02EB9AFF30080000000000000000073
:10247000FFFFEF7FCDCCCCCCC7F30A50A0F2FF30EA
:10248000FFF71AFB8AA3D3E90023FFF793FA8AA385
:10249000D3E90023FFF766FAC7F31307CDE90E016E
:1024A00047F07F51404600227B4B41F44011FFF73B
:1024B0006DFA6BA3D3E90023FFF77CFA02460B46C3
:1024C000DDE90E01FFF74EFAFFF71AFB0746FFF7AB
:1024D000F3FA65A3D3E9002380468946FFF76AFA39
:1024E00000226E4BFFF73EFAFFF70AFB0346494610
:1024F000404612935EA3D3E90023FFF75BFA8046C0
:1025000012988946FFF7D8FA5BA3D3E90023FFF7B7
:1025100051FA02460B4640464946FFF737FA024653
:102520000B4680468946FFF745FA42464B46CDE9C1
:102530000E0140464946FFF715FA0022CDE9140185
:10254000DDE90E01564BFFF75BFA0022554BFFF712
:1025500009FA02460B46DDE90E01FFF751FA0022A7
:10256000514BFFF7FFF902460B46DDE90E01FFF77D
:1025700047FA42464B468046894600204FF080414C
:10258000FFF704FA02460B4640464946FFF7EAF9D0
:1025900002460B46DDE91401FFF732FA0022434BF5
:1025A000FFF7E0F9129B002203F2FF3C4FEA0C53C5
:1025B000FFF700FA80468946DDE90A0142464B46AC
:1025C000CDE90E89FFF7E4FA68BB4346494607F1B7
:1025D0006302C62A119A8CBF4FF005094FF0040917
:1025E000002A3FF49FAE0B433FF48EAEDDE90A01B3
:1025F00023A3D3E90023FFF7F3FA48B1DDE90A0189
:1026000021A3D3E90023FFF7C3FA00287FF47CAEAF
:10261000BAF1000F3FF486AE139B002B3FF482AE5D
:102620000AF1FF3A7EE600221E4B40464946FFF77C
:10263000E7F90A4601460346CDE90E12013F11466D
:10264000C5E79FED137B17464FF004098DED0E7B18
:1026500068E608F100430A970B933CE6AFF300806D
:1026600061436F63A787D23F71A379094F930A40F3
:102670001655B5BBB16B0240EF39FAFE422EE63F6C
:102680002D431CEBE2361A3F0000000080842E41EF
:1026900000000000000000000000F83F0000E03FE4
:1026A00000002C4000002440000018400000F03FD3
:1026B000FB799F501344D33FB3C8608B288AC63F31
:1026C0002DE9F04F97B0DDE92089CDE90401DDE97E
:1026D000224BCDE90623404642464B464946DDF8AB
:1026E00090A0FFF731FA002840F0C58140464946E6
:1026F0004FF0FF326FF48013FFF74AFA002840F0E2
:102700001D81404649464FF0FF32C14BFFF77CFA2E
:10271000002840F0E380B8A3D3E9002340464946AF
:10272000FFF772FA002840F0CB80B5A3D3E900236D
:1027300040464946FFF72CFA002840F0C180404649
:10274000494600220023FFF723FA002840F0E080EA
:102750001AF480650D9000F0E980092C40F2968112
:102760000EAB1A460C9330210023A4F10905013366
:10277000202B02F8011BA4EB030600F03A81AB42C8
:10278000F5D19FED9D7B8DED087B49464046FFF7D7
:10279000B7F90446FFF790F902460B464046494612
:1027A000FFF7F4F8DDE90823FFF704F902460B46CA
:1027B000CDE90A23FFF7B6F90746FFF78FF902467E
:1027C0000B46DDE90A01FFF7E1F802460B46CDE9C9
:1027D0000A2300228F4BFFF717FA002800F0DB8056
:1027E00001373846FFF77AF9DDE90823FFF7F8F9F2
:1027F00008B100270134002E40F0B1802046FFF7D9
:102800005BF902460B4640464946FFF7BFF80022F7
:10281000804B06460F46FFF7BBF940B930463946B4
:1028200000227C4BFFF7F0F9002800F015810C9B8B
:10283000691E7948194410E080FB0462C3EBA203CF
:1028400003EB8302A4EB420404F1300201351C4681
:1028500001F8012F002B00F0AB80202D4FEAE4732C
:10286000EAD10AF00303012B1CD1BBF1000F19D0F0
:102870000D9B002B40F0F9801AF00C0F40F0F58012
:10288000AB4540F2D380202D0BD030220C996B1E2B
:102890000B4401355D4503F8012F00F08D80202D9C
:1028A000F7D12025DDE90623DDE904010C9CCDE903
:1028B00002BA01950094FFF727FB17B0BDE8F08F2F
:1028C000CDE92089DDE90623DDE90401CDE923BA5C
:1028D000229417B0BDE8F04FFFF7C2BC4F4DCDF8C2
:1028E0008CA00AF0040ABAF1000F4D4C18BF2C4618
:1028F000DDE90623DDE9040120940CBF0324042450
:10290000CDF888B0219417B0BDE8F04FFFF7FCBABE
:102910004B46424600200021FFF738F801231AF405
:102920008065804689460D937FF417AF9FED367B17
:102930000EAB06268DED087B0C9326E70424DDE91B
:102940000623DDE90401374DCDF88CA0CDF888B021
:102950002095219417B0BDE8F04FFFF7D5BA0C9B36
:10296000681EDFF8C4C018440DE0ACFB0721C9089D
:1029700001EB8102A7EB42023032092F00F8012F50
:1029800027D90F461D46202D05F1010306F1FF361C
:10299000EBD120254BE70022DDE90A011D4BFFF7B3
:1029A000F7F800287FF427AF002F5AD1013722E72C
:1029B0000AF00303012B75D0202D3FF473AF0D9B5C
:1029C000BBB32D2205F158036B4403F8202C0135CD
:1029D00068E7202BDDD0AEB30C9A1E44154430229C
:1029E00001E0B3422ED00133202B05F8012FF8D19E
:1029F000CFE71D46C5E600BF0000000065CDCD4114
:102A00000000000065CDCDC10000000080842E4193
:102A1000FFFFEF7F0000E03F67666666E43A021062
:102A2000EC3A0210F43A0210CDCCCCCC202D3FF47D
:102A300039AF1AF0040F0DD11AF0080F3FF432AF7E
:102A40002022BFE72E2103F158026A4402F8201C1D
:102A50005D1CECE62B22B5E7E3077FF5E8AE013419
:102A6000E5E6FA077FF5C7AEA0E70BF1FF3BAB4504
:102A70003FF609AFA0E70324DDE90623DDE9040101
:102A80000A4DCDF88CA0CDF888B061E7084B2646FA
:102A900003EBC40393ED007B0EAB8DED087B0025AB
:102AA0000C9372E6BBF1000F86D0E1E6F03A02101B
:102AB000804802102DE9F04F9A469BB0249C964D19
:102AC0000B94964C0B1E18BF834625609AF80000A5
:102AD000934C0A9308BFA3460992002800F0BC82D9
:102AE0004FF000090AE04A46099B0A9909F10109D9
:102AF000D8479AF80000002800F0CE8025280AF177
:102B0000010AF0D10023524612F8010BA0F1200176
:102B100010290AD8DFE801F04009093C0909090930
:102B200009090938093409093000A0F130010929DF
:102B300040F28C802A2800F0F58000210C912E288C
:102B400000F099800027A0F1680112292DD8DFE854
:102B500011F057012C0051012C0045012C002C00D4
:102B60002C002C002C002C002C0027002C002C000A
:102B70002C002C002C002700924643F00103C2E7F2
:102B8000924643F00203BEE7924643F00403BAE7DD
:102B9000924643F01003B6E7924643F00803B2E7CB
:102BA0009AF8010043F4807301326728924600F2DC
:102BB0008280242840F2C680A0F12502422A00F239
:102BC000C180DFE812F05F01BF00BF00BF00BF009F
:102BD000BF00BF00BF00BF00BF00BF00BF00BF00FD
:102BE000BF00BF00BF00BF00BF00BF00BF00BF00ED
:102BF000BF00BF00BF00BF00BF00BF00BF00BF00DD
:102C0000BF00BF00BF00260145012601BF00BF0075
:102C1000BF00BF00BF00BF00BF00BF00BF00BF00BC
:102C2000BF00BF00BF00BF00BF00BF00D301BF0097
:102C3000BF00BF00BF00BF00BF00BF00BF00BF009C
:102C4000D3016701D301260145012601002100E0DF
:102C5000013201EB810100EB410110789246A0F1B5
:102C60003004092CA1F13001F2D92E280C9102F187
:102C700001027FF467AF9AF801001146A0F1300617
:102C8000092E43F4806340F231812A2800F03E810E
:102C900092460027013256E74C46099B994501D3DD
:102CA00003F1FF394A460020099B0A99D84720467C
:102CB0001BB0BDE8F08FA0F16902D2B20F2A41D853
:102CC000012649F2410196400E4040F001810A2A56
:102CD0003FD0072A36D10B9C54F8042B002A00F071
:102CE000288143F021010DF1480E704603E0202EAB
:102CF00000F029811A4602F00F052B46092D94BFDA
:102D0000303337330F2A00F8013B06F101064FEA52
:102D10001213ECD817E100BFB52A00103072022060
:102D2000051F00100B9C9AF8010054F8045B9246B2
:102D3000002DBDBF694243F002030C910C950B942A
:102D40000132FCE64A46099B0A9909F10109D84774
:102D5000CFE60B9951F8048B98F800201046002F0D
:102D600040F0E18072B16FF0010C0CF1010C4646AD
:102D7000C44401E0664503D016F8014F002CF9D198
:102D8000A6EB080613F4806C02D0BE4228BF3E4674
:102D900013F0020400F08781002A00F02B81BCF1BF
:102DA000000F00F041810B940D964A46DDE909546D
:102DB0000E464F4408E02B462146D84718F8010F2D
:102DC00009F1010910B14A464F45F4D131460B9C37
:102DD0000D9E002C40F00E810B918AE69AF80100BE
:102DE0006C287FF4DFAE9AF8020043F440730AF1D6
:102DF0000302DAE69AF8010043F400730132D4E6E4
:102E00009AF80100682800F0208143F08003013225
:102E1000CBE6672800F0E780472800F000814528CE
:102E200000F0FF800B9C04930C9B0734CDE90273E8
:102E300024F007031C46DDE90931F4E802674A463D
:102E40005846CDE900670B94FFF70AFA814650E631
:102E500046280B9C08BF43F0200304930C9B0734C7
:102E6000CDE9027324F007031C46DDE90931F4E8DB
:102E700002674A465846CDE900670B94FFF720FCED
:102E8000814636E64A462520099B0A9909F101093F
:102E9000D8472EE60B9A9C0702F1040709F10106B8
:102EA00040F1E6801078099B4A460A99D8470C9B66
:102EB000012B40F22C81DDE90954994432462B461E
:102EC000214620200136D8474E45F7D10B9710E612
:102ED0006F2800F08B8040F26581782800F008812F
:102EE0004FF00A0823F01003C44647E0002707EB21
:102EF000870700EB4700A0F1300711F8010FA0F1A0
:102F00003002092AF3D98A464A1C1CE60B9C9AF81F
:102F1000020054F8047B0AF1020A0AF101020B9440
:102F200027EAE7770FE6002A3FF42CAF07F1FF3CD2
:102F30001BE723F0100113F4806241F021013FF4FC
:102F4000D2AE0DF1480E08231020059300234A4607
:102F5000CDE9023006915846DDE90931CDE900E6B8
:102F60000497FFF71FF80B948146C2E5582879D0E3
:102F7000622840F051824FF00208C44613F480608A
:102F80006DD123F00C0313F4007240F0C2800B9952
:102F900004310D9113F4807140F02E825E060B9A7D
:102FA00040F1AA801278002A40F0DA8023F0100362
:102FB000002800F0D58011460DF1480E06930C9BB9
:102FC000CDF80CC0CDE90473019100234A46029369
:102FD0005846DDE90931CDF800E0FEF7E3FF0D9B2F
:102FE00081460B9385E543F400631BE74FF0080827
:102FF000C446C3E70C9B4C46B3427FF6EDAE0F468A
:103000004B44A3EB0609DDE9096522463346294610
:1030100020200134D8474C45F7D13946DCE643F44B
:10302000006343F02003FDE60F460B94DDE90954ED
:103030004A462B462146D84718F8010F09F10109E5
:103040000028F5D139460B9CC3E69AF8020043F0FC
:10305000C0030AF10302A8E5044681461DE623F0F9
:103060000D0390E74FF0100843F02003C44685E7B6
:103070000C9B012B45D9DDE909544E4609F1FF3877
:10308000984432462B46214620200136D8474645F3
:10309000F7D10C9B324699440B9B1878DDE9093136
:1030A000D8470B9725E50C9BB34240F2EE81CDE962
:1030B0000D48DDE9095488464B449E1BCDF82CC0D1
:1030C0004A462B462146202009F10109D847B1453F
:1030D000F6D14146DDF838800C9BDDF82CC00D9C04
:1030E00098F800205E1C1046002A7FF458AE73E664
:1030F0004FF01008C44641E71D064CBF1288126805
:1031000051E713464A461878DDE90931D847B146F8
:10311000DCE60B9C073424F007042246656852F86D
:10312000084B0B9254EA050240F02C8123F0100367
:10313000002800F0278100260DF1480E06930C9B15
:103140004A46CDE904730023CDE900E6CDF80CC072
:1031500002935846DDE90931FEF724FF8146C8E4B1
:1031600013F0200F14BF412061200DF1480E764668
:10317000A0F10A0803E020293FF420AF2246B2FB69
:10318000FCF40CFB1425E8B2092D00F130058ABFD0
:103190004044E8B2C0B2624506F8010B01F10101FA
:1031A000E9D20BE723F0100269280D9240F06F81FD
:1031B00013F4806204D04FF4806223F011030D9366
:1031C0000D9B13F4007640D10B9B03F104080D9B7B
:1031D00013F4807040F09880590640F1C6800B9B34
:1031E00019780C46CB0F002900F0B98022460DF16A
:1031F000480E74461646DFF8A0C201E020280FD022
:103200003546ACFB0621C90801EB8102A6EB420260
:103210003032092D0E4600F1010004F8012BEDD8E3
:103220000D9ACDE9010306920C9ACDE904720A23A6
:103230004A4603935846DDE90931CDF800E0FEF730
:10324000B1FECDF82C80814653E40B9C073424F06A
:10325000070421460846636850F8081BDC0F0B90F2
:1032600051EA030000F0C3800A46191E48DB1346EA
:103270000DF1480EF4460026CDE90E94DFF81882D1
:1032800001E0202E2DD05A1842F10002A8FB02596D
:1032900029F0030505EB9905521B1C469B1A61F1A9
:1032A000000508464FF0CC3101FB03F108FB051186
:1032B000A3FB08531944052305F00109A9FB0339B1
:1032C0009B180A2C03F130034FEA550570F10000FA
:1032D0000CF8013B06F1010645EAC1734FEA5101C2
:1032E000CFD2DDE90E940D9B4A4606930C9BCDE9A7
:1032F0000164CDE904730A23CDF800E0039328E7C5
:10330000524261EB4101B2E70B9B1968CB0F0029D8
:1033100000F0AB8081EAE172A2EBE1720DF1480EA0
:103320007046DFF874C101E0202E10D01546ACFBCA
:103330000241C90801EB8104A2EB440404F130020C
:10334000092D00F8012B06F101060A46ECD80D9A6A
:10335000CDE9016306920C9ACDE9047267E7002A71
:103360003FF445AF0DF1480E5AE713F0800F0B9B69
:1033700000F08180B3F9001081EAE174A4EBE174FC
:10338000A4B22FE713F0200F14BF412261220DF1E8
:10339000480E0A3ACDE90D97CDF844B0002677469D
:1033A000F3469146CDE90F3C03E0202E17D00446AA
:1033B0000D46294642460023204620F025FAD2B287
:1033C000092A02F1300388BF02EB09034445DBB24E
:1033D00075F1000507F8013B06F10106E5D2DE466E
:1033E000DDE90D97DDE90F3CDDF844B0A6E6002AE3
:1033F00047D1134611463BE70B990968A1B923F061
:10340000100388B10DF1480E06930C9BCDF80CC04B
:10341000CDE904730192D8E513F480627FF4CBAE5A
:1034200023F010030D93CBE613F0200F14BF4120BF
:1034300061200DF1480E7646A0F10A0802E0202A2C
:10344000E2D02146B1FBFCF40CFB1415E8B2092DC7
:1034500000F130058ABF4044E8B2C0B2614506F8C9
:10346000010B02F10102EAD2CEE7002A3FF456AF87
:103470000DF1480E6BE7196881EAE174A4EBE17481
:10348000B0E600260DF1480E2DE701362BE64FF091
:103490000A081346C44671E5CDCCCCCC0EB410B5A9
:1034A00085B007AC54F8043B01464FF0FF3200945E
:1034B00004480394FFF7FEFA05B0BDE8104003B0DE
:1034C000704700BFFD1E001084460CB410B584B0D8
:1034D00006AC54F8043B0A46009461460448039441
:1034E000FFF7E8FA04B0BDE8104002B0704700BF33
:1034F000FD1E001070B594461E4605460C4684B06D
:103500004FF0FF32634602A900960348CDE902540A
:10351000FFF7D0FA04B070BD512200100FB410B5FF
:103520000E4B84B006A91C6851F8043B03915CB1B2
:1035300000914FF0FF3202A90948A047012004B0D2
:10354000BDE8104004B07047184600F061FA20460C
:1035500004B0BDE8104004B0704700BF30720220D4
:103560004922001010B5094B84B01C684CB10346C9
:1035700000914FF0FF3203A90548A047012004B095
:1035800010BD00F045FA204604B010BD3072022094
:103590004922001000BEFDE7074A0346106838B113
:1035A000064903448B428CBF4FF0FF3013607047D5
:1035B000034908461160F3E79471022000000820D7
:1035C000B892022090B110B50446FDF7C7FE084A34
:1035D000D2E90032C01A61EB02010023054A20F053
:1035E0001BF9C4E90001A260002010BD0020704753
:1035F0006815002040420F0003460846114623B9D3
:10360000034BD3E9002300F05FB94FF0FF30704760
:1036100020480210431E012B09D810B51446084655
:1036200001230022214600F0D7F8204610BD4FF0BC
:10363000FF3070470EB44FF0FF3003B0704700BF4B
:103640004FF0FF30704700BF4FF0FF30704700BFB2
:103650004FF0FF30704700BF02288CBF00200120D0
:10366000704700BF08B5FFF795FF00BF9C461446A2
:1036700000B50B460246614683B044B1054D06488D
:1036800001940095FFF74AFF0120FFF783FF034DE8
:103690002C46F4E7FC3A02100C3B0210083B0210E7
:1036A00038B5064C064DFEF72DF8AC4204D254F85E
:1036B000043B9847AC42FAD338BD00BF80380210B3
:1036C000883802100368084611461847437D2DE9E3
:1036D000F04781460F461646002B43D0002A3BDDBB
:1036E000037D00204D1E014615F8012FDFF8848070
:1036F0000A2A01F101040ED0A6421CD02B782146E3
:10370000A3F10D03B3FA83F315F8012F5B090A2A1D
:1037100001F10104F0D1002BEED18142A1EB0001B7
:1037200038441BDC02214046D9F800309847A642B5
:1037300008D02046E2E7864204DD311AD9F800308D
:1037400038449847374417F8013CA3F10D03B3FA06
:1037500083F35B0989F81430BDE8F087D9F80030AD
:103760009847DFE73846D9F800301146BDE8F04702
:10377000184700BFD04802100B682DE9F041802B9C
:103780000D46064605D05A1C2B442A601E71BDE822
:10379000F0810F4B1C68A4B10E4F01F1040801E049
:1037A000246974B12368002BFAD03B680BB1A342A3
:1037B000F6D1204641462A68FFF788FF2469002C8D
:1037C000F0D1002301222B442A601E71BDE8F08154
:1037D000846F0220886F02202DE9F04782B00D46E9
:1037E000924699460746FDF7B9FD4FF0FF366FF058
:1037F00000442F4A821841F10003964274EB030102
:103800003CBF324623462B4820F012F86B1C804602
:1038100003D138461AF010FF0546274B274E1C6887
:10382000274BB9F1000F18BF1E46B4B1BAF1000F13
:103830001AD1DFF8909001E0246974B12368002B5D
:10384000FAD0D9F800300BB19C42F5D120462A4677
:103850003946B0472469002CF0D1B8F1000F1FD1D0
:10386000284602B0BDE8F0874FF00A0ADFF854900E
:1038700002E02469002CF0D02368002BF9D0D9F89D
:1038800000300BB1A342F4D12A4639462046B04756
:10389000012220460DF107018DF807A0B047E8E7A7
:1038A00004481FF0B5FF284602B0BDE8F08700BF0E
:1038B00040420F0038130020846F0220C5360010EC
:1038C000CD360010886F02202DE9F04F984607464C
:1038D0000E4683B0DFF860B0DFF86090DFF860A0DC
:1038E0000192DBF8004014B911E024697CB1D9F8E9
:1038F00000500DB1A542F8D1A268002AF5D031469A
:10390000384690470028F0DD03B0BDE8F08FDAF8C4
:10391000242090450BD8DAF82810019B994204D353
:103920006FF0010003B0BDE8F08F9045F8D10120A1
:103930000021FDF71DFDD4E7846F0220886F02206F
:1039400000000B400A4A13684BB1834202D109E0E0
:10395000984207D003F110021B69002BF8D101B186
:10396000106070470029FCD1036913600161704742
:10397000846F022008B500F0ABF9012008BD00BF3C
:1039800011B1437D03B9037541757047F0B583B03C
:1039900006468DF80700FDF7E1FC4FF0FF356FF0AC
:1039A0000044174A821841F10003954274EB030169
:1039B0003CBF23462A4613481FF03AFF124B0746E6
:1039C0001C689CB1114D01E024697CB12368002B77
:1039D000FAD02B680BB19C42F6D1204601220DF1A2
:1039E0000701FFF773FE2469002CEFD117B93046A9
:1039F00003B0F0BD03481FF00BFF304603B0F0BD2D
:103A000040420F0038130020846F0220886F02208C
:103A100038B504461AF010FE012305461A46204622
:103A20002946FFF7D9FE084B1C682CB163682BB1FF
:103A300098472469002CF9D1284638BD2469002C08
:103A4000F4D1284638BD00BF846F02202DE9F04133
:103A5000A2B004460D46FDF781FC4FF0FF376FF032
:103A60000046274A821841F10003974276EB030192
:103A70003CBF3A46334623481FF0DAFE00262B4669
:103A800007462246204801A90196FFF733FD019B16
:103A900006467BB91D4B1C682CB1636843B198473F
:103AA0002469002CF9D10FBB304622B0BDE8F0816B
:103AB0002469F1E7DFF85480D8F80050EDB1144CD8
:103AC00001E02D6975B12B68002BFAD023680BB18A
:103AD000AB42F6D12846019A02A9FFF7F7FD2D69FE
:103AE000002DF0D1D8F800400195D5E705481FF02A
:103AF0008FFE304622B0BDE8F0810195D3E700BFCC
:103B000040420F003813002079370010846F0220E4
:103B1000886F02200FB400B583B004A951F8040BDC
:103B20000191FFF793FF03B05DF804EB04B0704719
:103B3000B1F1000C1DDD0F4A0F4B126830B5D31ADE
:103B4000B3FA83F30D240D4D5B09411E35F913E0E3
:103B50008C4411F8010F864506D093699B06FCD46E
:103B600061451060F5D130BD93699D06FCD41460A9
:103B7000F3E7704784920220008007408092022081
:103B8000224BB1F1000C10B41C682EDD034600205E
:103B90001F4A591E12689369DB0617D401309369D6
:103BA000DB06FCD41368844501F8013FF3D14CB126
:103BB00050211346916353F8342F02F0380203F575
:103BC00080531A6060465DF8044B70474CB1502139
:103BD0001346916353F8342F02F0380203F58053F3
:103BE0001A6078B15DF8044B70475CB1084B502106
:103BF0001A681346916353F8342F02F0380203F524
:103C000080531A606FF00200ECE700BFF06E0220F4
:103C100084920220054B1B6833B10021044A0548F9
:103C20001268006891631847704700BFF06E022069
:103C300084920220F86E0220024B1A6893691B07D7
:103C4000FCD4704784920220F8B51C4F1C4D3A6892
:103C50001C4EAA4214BF212522250446D6F800C0D6
:103C600018B1BCF1000F10D0F8BDBCF1000FFBD0B3
:103C7000014690632846FCF7FFFC28461249FCF7F2
:103C800041FD124B34601C60F8BD0B460F4A0E49D3
:103C9000306028461360FCF705FD01212846FCF73B
:103CA000EBFC3A6850211346916353F8342F02F02D
:103CB000380203F580531A60F8BD00BF84920220D9
:103CC00000800740F06E0220153C0010F86E0220C4
:103CD00010B50E490E4C0F480F4A104B007821606A
:103CE0000020022112781B78FCF7D0FB0221012072
:103CF000FCF7CCFB4FF4E1312068FDF77DFBBDE81C
:103D0000104001210648FFF71DBE00BF000007401C
:103D100084920220246A0210206A02101C6A021097
:103D20006C0B00202DE9F04F4FF000094FF0010E11
:103D300085B0174602689DF83840C2F86C90516013
:103D4000191E03940546DDE90F46C2F86CE00291A6
:103D500050DD039B01F1FF3A83EA0E035B020193FE
:103D6000002C00F09680C846CB4601213046A04783
:103D7000B9F1000F54D12A684FF00009297989025E
:103D8000019817F8013BCA4518BF00200B430343B5
:103D90001361002C47D04FF0000B03E02A68536BEF
:103DA000D80615D400213046A0474BEA000B5FFA35
:103DB0008BFB0028F2D0834600284BD1029B09F1EF
:103DC00001094B4516D00021002CCED12A68D7E737
:103DD000D2F88080B8F1000F50D1BBF1000F13D1A1
:103DE000CA454FD04FF00008029B09F101094B452D
:103DF000C346E8D14846039B2B7105B0BDE8F08F60
:103E00002A68536B9B051FD400213046A0474BEA1C
:103E1000000B5FFA8BFB0028F2D06FF00109E9E795
:103E200000212A68ACE7BBF1000FC7D1536BDB065A
:103E3000FCD5D2F88080B8F1000FD1D04FF0010B43
:103E4000536D536B9905FCD55846136E4FF0000B1C
:103E50000028B3D0BBF1000FDFD1B8F1000F1ED0A6
:103E600018F0010F1BD118F0080F08BF4FF0FF39F1
:103E70004846039B2B7105B0BDE8F08F4FF0010B56
:103E8000536DC1E7039B002BACD12CB9A346A046D0
:103E9000D7E7A346A0466FE798469B46B4E74FF0A6
:103EA000FF39A7E72DE9F84F4FF0010CDDE90B468C
:103EB000002791460268B3F10008D76605465160B5
:103EC0009DF828B0C2F86CC021DD08F1FF3A14B1AA
:103ED00001213046A0472B685A6F102AFCD0002FD2
:103EE00033D00022BA4504BF8BF0010142EA4122DF
:103EF00042F480721A618CB1D3F88020596B11F0B2
:103F0000400113D0002130465B6DA047C7433846BF
:103F100085F804B0BDE8F88F9A6F7AB9D3F880209D
:103F20005A6B5206F8D500205B6DEFE73046A0478C
:103F30000028EBD12B689A6F002ADDD01B6901376E
:103F4000B84509F8013BC2D1E1E72A799202C9E7F5
:103F5000F8B5064605200C46FDF738FB00EB540C7F
:103F6000BCFBF4FC214B0CEB4C02A3FB025320499D
:103F70009F088C42ACEB930530D801F1D64101F596
:103F8000A10101F62C0100EB4003A1FB03139B0DE3
:103F9000013300244F2A98BF01223168B0FBFCF0A6
:103FA000CC660C6801F5805684F0040404F0060425
:103FB000346088BF0D4CCD6184BFA4FB02429209DE
:103FC0000F62C1F8A0200A46012452F87C5F6B40C2
:103FD0009BB202F580521360CC66F8BD054900EB38
:103FE0004003A1FB0313DB0D0133D2E7CDCCCCCCD6
:103FF0003F420F00893BE6550E4A30B4904214BF51
:10400000202210220C4D0D4B0D4C2A601A60A36823
:1040100032EA0303FBD140F2651503240268037101
:10402000D3661560D3639363C2F8884030BCFFF752
:104030008FBF00BF8C0B00200020024000300240E8
:10404000000002402DE9F04389B00DF1100804464C
:1040500016461F46DDE9122340460D469DF8409066
:10406000FDF75AF93B46CDE901083246294620467C
:10407000CDF80090FFF756FE09B0BDE8F08300BF11
:104080002DE9F04389B00DF11008044616461F468D
:10409000DDE9122340460D469DF84090FDF73CF9BE
:1040A0003B46CDE90108324629462046CDF800902E
:1040B000FFF7F8FE09B0BDE8F08300BF2DE9F84F27
:1040C000374B0746984214BF4FF400234FF4802328
:1040D0000E46344D344C354A2B602360946833EAE5
:1040E0000404FBD10620FDF771FA3946022351F88A
:1040F000042F4FEA462E4FEAD65B704502EA0308CA
:1041000001F5405974EB0B02C9F8003011D34FEAA6
:10411000965CB20201E05246AC460233B3F5807FB2
:1041200007D01EEB020A4BEB0C05904274EB0C0C13
:10413000F1D24FF48072C3EB03249446013A2DD0A0
:10414000B0FBF4F5AE42A4EB0304F6D20CFB03FC87
:10415000120202243B613B4603253E6801F50051F3
:104160007240B0FBFCF002F47F4207F5805CCCF8B3
:104170000020C1F800807E68C9F8004053F8242B65
:10418000264082F0070202F0CF0203F50053CCF87C
:1041900000200E601D600C60BDE8F88F9C46D8E7DB
:1041A00000000840002002400030024000000240B1
:1041B0002DE9F047054606200C46FDF707FA29468B
:1041C00002234FF0000951F8046F4FEA442E01F525
:1041D00040524FEAD45A7045136079EB0A0206EA5E
:1041E000030611D34FEA945CA20201E04246BC46AA
:1041F0000233B3F5807F07D01EEB02084AEB0C07B1
:10420000904279EB0C0CF1D24FF48072C3EB032C8B
:104210001746013A17D0B0FBFCFEA645ACEB030CE9
:10422000F6D903FB07F712022B612B6801F5005149
:10423000534003F47F4305F580552B60B0FBF7F046
:104240000E60BDE8F0871F46EEE700BF2DE9F0479E
:1042500089460546FCF788F9012399F8042099F965
:1042600005C005F12F4EDFF8D8800EF5600E9340A3
:104270004FEA1E5EBCF1000F58F82E7003F1FF33B9
:1042800046DBC2F120018C45644631DC03FA0CF1B7
:1042900039422DD16646D5F868A199F80710BAF1D0
:1042A000000F2CD0C9072CD4BCF1000F01DB6645F0
:1042B00027D1B3401F423CD1D9F8001082B1B44697
:1042C00001EB420931F8022B0CF1120AB2F5005F42
:1042D00038BF921949450CF1010C45F82A20F1D15B
:1042E0003B4348F82E30FCF751F92046BDE8F087F3
:1042F0004FF0FF34FCF74AF92046BDE8F087490744
:10430000D2D56FF00A04FCF741F92046BDE8F087EA
:10431000D2F120040DD403FA04F13942264603D128
:10432000B9E739422646B6D0013C661C03FA04F1CF
:10433000F7D16FF00804FCF729F92046BDE8F087B3
:10434000E46D02202DE9F041D0F868419DF8186035
:10435000121B1F2A38D84EF29F044EF280054FF4EC
:10436000003801EB410C002E18BF254600EBCC04B1
:1043700004F5435400EBCC0C052BDCF8DC704FEA61
:10438000410EDCF8CC60C4F80C800CD95401053B1C
:1043900044F0A0540532052BCCF8DC4002F01F029B
:1043A000CCF8D850F2D8714400EBC1010020520182
:1043B00042EA8363C1F8DC30C1F8D850C1F8DC7040
:1043C000C1F8CC60BDE8F0816FF00400FAE700BFEF
:1043D000F0B5012504688D4024EA05040460B3B3F8
:1043E000D3E901561F68DC6801EB410300EBC3030E
:1043F000C3F8C8704FEA410CC3F8D060C3F8CC5082
:10440000C3F8DC400CEB01034FF0013500EBC30CAB
:104410004FF0004600EBC30E01230EF5865E0C1D27
:1044200001F108078D40CEF8106003FA04F4CEF8CD
:10443000106002F01F028560BB4000F50050046070
:104440000EF1100E03600020CCF8D820F0BD4FF420
:1044500080374FF440264FF4F83501EB410400EB70
:10446000C404C4F8C8704FEA410CC4F8D060C4F862
:10447000CC50C4F8DC30C5E770B5194CE088A6888C
:1044800009F034FA05463046294609F0DBFD638819
:10449000A188E288013B0139013A9BB294F800C03F
:1044A000A180E2806380C3B90CF0FB0C6378D4E98F
:1044B0000E21581940B2030103F0200300F0080058
:1044C00010322CF03A0C43EA000343EA0C0341F1AA
:1044D0000001C4E90E21237070BD4CF0040CE5E727
:1044E0004013002070B5194CE088A68809F0FEF949
:1044F00005463046294609F0A5FD6388A188E28873
:10450000013B013101329BB294F800C0A180E280EE
:104510006380C3B90CF0FB0C6378D4E90E21581901
:1045200040B2030103F0200300F0080010322CF029
:104530003A0C43EA000343EA0C0341F10001C4E9E9
:104540000E21237070BD4CF0040CE5E740130020F1
:10455000F8B52A4C2A4EE0886778257809F0C6F924
:10456000E1883A1A01397B10801000F0220003F034
:104570004403E180D110034301F011010B4306EB2A
:10458000131103F00700097A335CB4F802C00B433F
:104590000CF1FF3C02F0280143F002031FFA8CFCEF
:1045A0000B43D1B205F00105A4F802C009B943F0EC
:1045B0004003BCF1000C18BF4FF0010CC3F3001115
:1045C00023F025031D43531A1B0103F0200345EA82
:1045D0008C0502F00F021D436DB2082A257004D12C
:1045E000EB0644BF25F008052570D4E90E321033E0
:1045F00042F10002C4E90E32F8BD00BF40130020B2
:10460000F0480210F8B52A4C2A4EE08867782578E1
:1046100009F06CF9E1883A1A01317B10801000F042
:10462000220003F04403E180D110034301F01101A3
:104630000B4306EB131103F00700097A335CB4F85F
:1046400002C00B430CF1FF3C02F0280143F00203CF
:104650001FFA8CFC0B43D1B205F00105A4F802C08F
:1046600009B943F04003BCF1000C18BF4FF0010C36
:10467000C3F3001123F025031D43531A1B0103F05C
:10468000200345EA8C0502F00F021D436DB2082A93
:10469000257004D1EB0644BF25F008052570D4E948
:1046A0000E32103342F10002C4E90E32F8BD00BFF1
:1046B00040130020F048021038B57E4CE089431CBE
:1046C000E38109F013F9C0B2A0F12803CE2B00F268
:1046D000D180DFE813F07D017A0122041F04CF00AE
:1046E000CF00170410040D040A0407040404010495
:1046F000FE03FB03F803F503F203AE02AB02B801BD
:10470000B501B201AF018C0180012A042504F30038
:10471000DC0017017503C302C00250033E03F3001F
:10472000DC00CF0031030E030C03E6026801F30046
:10473000DC00230148012501DB03D8037F03F300DC
:10474000DC002101B4039103EC04C904C404F300A8
:10475000DC001701940471046F0443043104F30076
:10476000DC00CF001605F304F104EE045005F3005D
:10477000DC002301CF002A054E05DC01E003F30035
:10478000DC002101CF00CF00CF00CF00CF00CF0051
:10479000CF00CF00CF00CF00CF00CF00CF00CF00A1
:1047A000CF00CF00CF00CF00CF00CF00CF00CF0091
:1047B000CF00CF00CF00CF00CF00CF00CF00CF0081
:1047C000CF00CF00CF00DD03A8029302B702CF00D5
:1047D000CF00CF00CF00B102B4028A026C02CF003A
:1047E000CF00CF00CF006502590250022D02CF004A
:1047F000CF00CF00CF00260212020902BF01CF0076
:10480000CF00CF00CF00CF00CF00CF00CF00CF0030
:10481000CF00CF00CF00CF00CF00CF00CF00CF0020
:10482000CF00CF00CF00CF00CF00CF00CF00CF0010
:10483000CF00CF00CF00CF00CF00CF00CF00CF0000
:10484000CF00CF00CF00CF00CF00CF00CF00CF00F0
:10485000CF00CF00CF00CF00CF00CF00CF00CF00E0
:10486000CF00CF00CF00CF00CF00CF00CF00CF00D0
:10487000CF00BB01D4E90E320433014642F10002FD
:104880000D48C4E90E320AF071FF002038BDA0893E
:1048900009F05AFFA36BA189E26B0E3394F81CC098
:1048A000A36342F100028B1C84F81BC0E081A3814A
:1048B000E263EAE740130020683B02106378B748E0
:1048C0005942C9B29B10CA1002F0110203F0220330
:1048D000134303F0070200EB1313825C1B7A01F011
:1048E0002800134361700343002900F0498443F01A
:1048F0000203D4E90E21083241F10001C4E90E217E
:104900002370C2E70021D4E90E32083342F10002DD
:10491000C4E90E326177B8E70221F4E70121F2E73A
:10492000A0780DF059F8010658BFB0FA80F39B4A01
:10493000C1B202EB4102B2F9202056BF5B098023CD
:104940009B010AB143F00403A26B21780B32A263EE
:10495000E26B01F0290143EA010342F100022370F6
:104960002071E26391E7227E110658BFB2FA82F30A
:10497000217F54BF5B098023627058BF9B0109B13E
:1049800043F004032178A06B01F0010102F028023A
:104990000A43E16B093043EA020341F10001A063DD
:1049A0002370E16371E7E08909F0CEFEA18809F088
:1049B000D7FEA36BE189E26B143301F1020142F1EE
:1049C0000002C4E90E32E1815FE70FF045FC5CE7CD
:1049D0000FF040FC59E7E178A0780CF005F8D4E935
:1049E0000E320C3342F10002C4E90E324DE7A078DA
:1049F0000CF0F2FF020658BFB0FA80F3674AC1B26A
:104A000002EB4102B2F9202056BF5B0980239B01D3
:104A10000AB143F00403A26B21780B32A263E26B6C
:104A200001F0290143EA010342F100022370E07022
:104A3000E2632AE70FF048FC27E70FF041FC24E788
:104A40000FF03AFC21E70FF035FC1EE700200EF0D6
:104A500001FE1AE7E088A57808F048FF01462846DD
:104A60000BF0C2FFE378E288013B013ADBB2E2805F
:104A7000E370002B6DD1A36B2178E26B0F3341F013
:104A8000420142F10002C4E90E322170FDE6E388E2
:104A9000A1892278C81802F00102024492B25B1286
:104AA000891201F02201D01203F044030B4300F0FD
:104AB00011010B43394903F00700084401EB1311BE
:104AC000037C087E1112034301F02801E2800B43AE
:104AD0000AB943F04003D4E90E210F3241F100013D
:104AE000C4E90E212370D0E6A078E5880CF074FFAD
:104AF0000146284609F0A6FAB4E7FFF729FD237816
:104B000003F04403042B7FF4C0AEA36BE189E26B96
:104B10000533A1F1020142F10002C4E90E32E18144
:104B2000B3E6FFF7A9FC23785B077FF5AEAEECE7B1
:104B3000E088A57808F0DAFE014628460BF054FF1D
:104B4000E378E288013B0132DBB2E280E370002BC4
:104B500091D0D4E90E312278E089143322F040025A
:104B600042F00202A0F1020041F10001C4E90E315D
:104B70002270E08189E6A078E5880CF02DFF0146DF
:104B8000284609F05FFADBE7FFF73CFD237803F0E6
:104B90004403042B7FF479AEB7E700BFF04802105E
:104BA000FFF7A0FC23785D077FF56FAEADE7E088E7
:104BB000A57808F09BFE014628460BF015FFE37828
:104BC000E288013B013ADBB2E280E3703BBB237831
:104BD00043F04003D4E90E210F3243F0020341F1C8
:104BE0000001C4E90E2123704FE6A078E5880CF09F
:104BF000F3FE0146284609F025FAE0E7A078E588AB
:104C00000CF0EAFE0146284609F01CFAE378E28837
:104C1000013B0132DBB2E280E370002BD7D0237876
:104C200003F0BF03D6E7FFF7EDFC2EE60FF03EFBE7
:104C30002BE60FF037FB28E6FFF71EFC25E6FFF713
:104C400087FC22E6E088A57808F050FE0146284659
:104C50000BF0CAFEDAE7A1780846BEE6A0780CF0B1
:104C6000BBFE030658BFB0FA80F3B14AC1B202EBF3
:104C70004102B2F9202056BF5B0980239B010AB193
:104C800043F00403A26B21780B32A263E26B01F0C4
:104C9000290143EA010342F100022370A070E2639C
:104CA000F3E5E388A2882078991A00F00100091A38
:104CB00089B25B12921202F02202C81203F044037E
:104CC000134300F011021343994A03F0070002EB6B
:104CD00013131B7A125C0812134343F0020300F013
:104CE0002802E180134300297FF4F5AEF1E66179F3
:104CF00072E6A0780CF070FE050658BFB0FA80F39B
:104D00008B4AC1B202EB4102B2F9202056BF5B09C7
:104D100080239B010AB143F00403A26B21780B327C
:104D2000A263E26B01F0290143EA010342F10002B0
:104D300023706071E263A8E5A36B6178E26B0933CD
:104D400021F07F0042F10002C4E90E326176A076C4
:104D50009BE5E08909F0F8FC09F0F6FCA36BE1891A
:104D6000E26B143301F1020142F10002C4E90E3298
:104D70006080E18189E5E38862882178D01801F0BC
:104D80000101014489B25B12921202F02202C812A0
:104D900003F04403134300F011021343644A03F089
:104DA0000700104402EB1312037C107E0A12034327
:104DB00002F02802E180134300297FF48CAE88E6DC
:104DC000D4E90E326178093342F10002C4E90E32AF
:104DD00021765AE5E08909F0B7FC09F0B5FCA36B30
:104DE000E189E26B143301F1020142F10002C4E9EE
:104DF0000E32A080E18148E5A0780CF0EDFD0206BE
:104E000058BFB0FA80F34A4AC1B202EB4102B2F98C
:104E1000202056BF5B0980239B010AB143F00403A5
:104E2000A26B21780B32A263E26B01F0290143EA05
:104E3000010342F100022370E071E26325E5637E25
:104E4000A27E03F07F0313431A0658BFB3FA83F21E
:104E5000217F54BF52098022637058BF920109B16B
:104E600042F004022178A06B01F0010103F0280355
:104E70000B43E16B093042EA030241F10001A063F8
:104E80002270E16301E5E388A28876E72179A3E552
:104E9000FFF728FBF9E4E08909F056FC09F054FC1F
:104EA000A36BE189E26B143301F1020142F10002CC
:104EB000C4E90E32A081E181E7E40FF0EFF9E4E408
:104EC0000FF0EAF9E1E40FF0E3F9DEE40FF0DEF9C8
:104ED000DBE40FF0D9F9D8E40FF0D2F9D5E40FF004
:104EE000CBF9D2E40FF0C4F9CFE40FF0BFF9CCE472
:104EF0000FF0B8F9C9E4236D002B01DD0023236511
:104F0000012038BD60780B4BC0F3800018600BF0B7
:104F10006FFABAE40FF0A4F9B7E40FF09FF9B4E424
:104F2000E08909F011FC618841E5E3886288BAE60E
:104F3000F0480210C0130020E08909F005FC09F0D8
:104F400003FCA36BE189E26B143301F1020142F12E
:104F50000002C4E90E32E080E18196E42378E18822
:104F600003F0010303EB41039BB24A12891201F0E3
:104F7000220102F04402D8120A4300F01100024359
:104F8000814902F00700084401EB1211027C087EFF
:104F90001912024301F02801E3800A430BB942F0E1
:104FA0004002D4E90E310F3341F10001C4E90E3162
:104FB00022706AE4A1790FE5A0780CF00DFD0306DC
:104FC00058BFB0FA80F3704AC1B202EB4102B2F9A5
:104FD000202056BF5B0980239B010AB143F00403E4
:104FE000A26B21780B32A263E26B01F0290143EA44
:104FF000010342F100022370A071E26345E4E088FE
:1050000008F074FC63781901C9B223F00F0341EA78
:10501000201100F00F0003431A06637000F1838033
:10502000B3FA83F252099201574800EB4300B0F9FA
:10503000200008B142F00402207803F0280300F0B9
:10504000010003431A43E088227008F0FBFFD4E913
:105050000E32123342F10002C4E90E3215E4E08947
:1050600009F072FBE188A2E4E2882178531241F34F
:105070000001921289B202F0220203F044031343AA
:10508000CA12414802F01102134303F0070200EB79
:105090001313825C1B7A0812134343F0020300F0DF
:1050A0002802E180134300297FF415AD11E5E17971
:1050B00092E4E388A289F6E500218DE4A0780CF063
:1050C0008BFC050658BFB0FA80F32F4AC0B202EB42
:1050D0004002B2F9202056BF5B0980239B010AB130
:1050E00043F004032078D4E90E2100F029000B32AC
:1050F00043EA000341F10001C4E90E212370FFF7E8
:10510000C4BBE08808F0F2FB627822F00F0343EAA8
:105110002013DBB202F00F0141EA001118066370A0
:10512000C9B27FF57DAF80227EE7A0780CF054FCF9
:10513000010658BFB0FA80F3134AC1B202EB410234
:10514000B2F9202056BF5B0980239B010AB143F0CE
:105150000403A26B21780B32A263E26B01F02901F8
:1051600043EA010342F1000223706070E263FFF73B
:105170008CBB617830E4E08909F0E6FAA18916E495
:1051800043F04203FFF7B5BBF04802102DE9F041B0
:105190007F4C0546E089431CE38108F0A7FBC3B2BE
:1051A000093BF02B00F20181DFE813F00E05FF0050
:1051B000FF00FF00FF00FF00FF00FF00FF00FF00F7
:1051C000FF00FF00FF00FF00FF00FF004B06FF0095
:1051D000FF00FF00FF00FF00FF00FF004206370650
:1051E0002A06580622061B06FF00FF001706500677
:1051F0000A06FC05DB05CC05FF00FF00FF00FF00F1
:10520000FF00AE057C056105FF00FF005E05FF00A5
:10521000FF00FF00FF00FF00FF00FF00FF00FF0096
:10522000FF005A054F053B05FF00FF00FF00FF0090
:10523000FF00E702DD02CA02FF00FF00FF00FF00DF
:10524000FF00C602BA02A702FF00FF00FF00FF0036
:10525000FF00A30299028602FF0083028002790305
:105260007603F6007303850382037F037C03280122
:105270002501F400F60012010F01A803A003980312
:10528000780270026802FF005502FF00FF00FF0075
:10529000FF00510247023402FF00FF00FF00FF0041
:1052A000FF0032021202E701FF00FF00FF00FF00D3
:1052B000FF00E301BE018901FF00FF00FF00FF00C6
:1052C000FF0087015D012B01FF00FF00FF00FF00D1
:1052D000FF00650340031203FF00FF00FF00FF0013
:1052E000FF001003EB022F04FF00FF00FF00FF0090
:1052F000FF002D0428041A04FF00FF00FF00FF0038
:10530000FF001504F603CD03FF00FF00FF00FF00C0
:10531000FF00B003E004B704FF00FF00FF00FF0040
:10532000FF00FF00FF00FF00FF00FF00FF00FF0085
:105330006604FF00FF00FF00FF00FF00FF00FF000A
:10534000FF00FF00FF00FF00FF00FF00FF00FF0065
:10535000FF00FF00FF00FF00FF00FF005604FF00FA
:10536000F104FF00E204FF00FF00FF000305FF005F
:10537000FF00FF00FF00FF00FF00FF00FF00FF0035
:10538000FF00FF00FF00FF00FF00FF00690300BFF8
:10539000401300206B782B70D4E90E32083342F1B1
:1053A0000002C4E90E32BDE8F081A36B607EE189A2
:1053B000E26B043300F1FF3001F1FF3142F10002F2
:1053C000C4E90E326076E181EDE763782B70E3E7A4
:1053D000E0892D88431CE38108F088FA45FA80F0C3
:1053E00008F084FAD4E90E32133342F10002C4E922
:1053F0000E32A071D7E723792B70CDE763792B703C
:10540000CAE7E0892D88431CE38108F06FFA45FA6A
:1054100080F008F06BFA6278C64D5310121AD1B2C0
:10542000821002F0220203F044031343CA1002F078
:105430001102134303F0070205EB1313AA5C1B7A56
:1054400001F02800134361700343002900F0EB8151
:1054500043F00203D4E90E21133241F10001C4E903
:105460000E2123709FE72A786378B248991A5B105F
:105470009210C9B202F0220203F044031343CA108F
:1054800002F01102134303F0070200EB1313825CD6
:105490001B7A01F02800134361700343002900F0D8
:1054A000E78143F00203D4E90E21083241F1000103
:1054B000C4E90E212370BDE8F0816A78D4E7E08961
:1054C0002D88431CE38108F011FA45FA80F008F0BA
:1054D0000DFA2278637802F0010299185A100B181D
:1054E0008110DBB201F0220102F044020A43D9101C
:1054F00001F011010A438F4D02F00701294405EB29
:105500001215287E0A7C03F02801024363700A43C7
:105510000BB942F04002D4E90E31133341F10001DE
:10552000C4E90E3122703EE722786378297802F0D0
:1055300001021A440A44D2B25B10891001F0220120
:1055400003F04403D0100B4300F0110003437949EA
:1055500003F00700084401EB1311037C087E02F0FE
:105560002801034362700B43002A9CD143F040039F
:1055700099E7227863786978D9E7E0892D88431C18
:10558000E38108F0B3F945FA80F008F0AFF96178EB
:1055900082104B100144C9B202F0220203F044030E
:1055A0001343CA1002F011021343624D03F00700C7
:1055B00005EB13122844037C107E01F028020343FC
:1055C0006170134300297FF445AF43F0400341E786
:1055D0002A786378D118C9B25B10921002F02202C7
:1055E00003F04403C810134300F011000343514A71
:1055F00003F00700104402EB1312037C107E01F04D
:10560000280203436170134300297FF44CAFADE7D8
:105610006A78DEE7E0892D88431CE38108F066F9AB
:1056200045FA80F008F062F9D4E90E32133342F102
:105630000002C4E90E326070B5E62978D4E90E3272
:10564000083342F10002C4E90E326170ABE66978BA
:10565000D4E90E32F4E7E0892D88431CE38108F099
:1056600045F9617845FA80F008F0ECFCD4E90E3297
:10567000133342F10002C4E90E3294E6E0892D882A
:10568000431CE38108F032F9A179EBE7E0892D882A
:10569000431CE38108F02AF9E179E3E7E0892D88EA
:1056A000431CE38108F022F92179DBE7A3786B70D2
:1056B00072E6E3786B706FE6E0892D88431CE38126
:1056C00008F014F945FA80F008F010F9D4E90E3228
:1056D000133342F10002C4E90E32207163E62978E7
:1056E000D4E90E32083342F10002C4E90E322171CE
:1056F00059E66978D4E90E32F4E7E0892D88431C35
:10570000E38108F0F3F845FA80F008F0EFF8D4E907
:105710000E32133342F10002C4E90E32607142E6E8
:105720002978D4E90E32083342F10002C4E90E327E
:10573000617138E6F04802106978D4E90E32F2E778
:10574000E0892D88431CE38108F0D0F845FA80F009
:1057500008F0CCF8D4E90E32133342F10002C4E968
:105760000E32A0701FE62978D4E90E32083342F1D8
:105770000002C4E90E32A17015E66978D4E90E3250
:10578000F4E72B786178B34A0B4002EB4302B2F99D
:1057900020206370002A15BF9420902054215021AE
:1057A00014BF1422102223B113F0800F14BF01463E
:1057B0001146D4E90E20083203F0280341EA030120
:1057C00040F10000C4E90E202170ECE56B78D9E7C8
:1057D000E0892D88431CE38108F088F845FA80F0C1
:1057E00008F084F82278637802F001029A1A121AFB
:1057F00081105B10D2B201F0220103F044030B438D
:10580000D110944D01F011010B4303F0070105EB9A
:105810001313695C1B7A02F028000B436270034388
:10582000002A7FF415AE43F0420313E62278637832
:10583000297802F001029A1A521A5B108910D2B22A
:1058400001F0220103F044030B43D110814801F021
:1058500011010B4303F0070100EB1313415C1B7AAA
:1058600002F028000B4362700343002A7FF419AE54
:1058700043F0420317E6227863786978D9E7D4E9E0
:105880000E3229880A3342F10002C4E90E32A181A6
:1058900089E52B786B707FE523796B707CE5637904
:1058A0006B7079E5A3782B7076E5E3782B7073E560
:1058B00063786B7070E5E0892D88431CE38108F004
:1058C00015F845FA80F008F011F8D4E90E321333D8
:1058D00042F10002C4E90E32E07164E5E0892D88EE
:1058E000431CE38108F002F86179BBE6E0892D886A
:1058F000431CE38107F0FAFFA178B3E6E0892D8825
:10590000431CE38107F0F2FFE178ABE66A78637845
:105910009110981A5B1001F0220103F044030B432D
:10592000C1104C4D01F011010B4302F0280103F0AE
:10593000070205EB1313AA5C1B7AC0B213430B4397
:10594000002895D0ADE5E0892D88431CE38107F060
:10595000CDFF45FA80F007F0C9FF63783D4A034365
:10596000DBB202EB4302B2F920206370003A18BFA9
:1059700001229200002B40F0078442F04002D4E95B
:105980000E1003F02803133142EA030240F1000035
:10599000C4E90E10227006E52A7861782D4B0A437F
:1059A00003EB4203B3F920306270003B18BF0123C0
:1059B0009B00002A40F0E38343F04003D4E90E103B
:1059C00002F02802083143EA020340F10000C4E972
:1059D0000E102370E7E46A7861781E4B0A43DFE714
:1059E000E0892D88431CE38107F080FF45FA80F0B1
:1059F00007F07CFF6378174A4340B1E72A78617863
:105A0000144B4A40CCE76A78F9E7E0892D88431CBB
:105A1000E38107F06BFF45FA80F007F067FF6378DA
:105A20000C4A034002EB4302B2F920206370002AC3
:105A300015BF942090205421502114BF142210220D
:105A400023B113F0800F14BF01461146D4E90E2094
:105A50001332B1E6F0480210A08908F075FEA36B7E
:105A60002880A189E26B0E3301F1020142F10002AC
:105A7000C4E90E32A18196E4E089431CE38107F07A
:105A800035FFE38947B25A1C1846E28107F02EFF22
:105A900000F0F803382B8046C6B200F3E781382BBC
:105AA00000F22382DFE813F07F02210221022102AB
:105AB000210221022102210255022102210221029A
:105AC00021022102210221022A03210221022102B4
:105AD00021022102210221020803210221022102C6
:105AE0002102210221022102E802210221022102D7
:105AF0002102210221022102C602210221022102E9
:105B000021022102210221024A0321022102210253
:105B10002102210221022102A202E0892D88431CD8
:105B2000E38107F0E3FE45FA80F007F0DFFE6278DC
:105B30008110531001F02201121A03F044030B43A9
:105B4000D110C14D01F011010B43D1B203F0070296
:105B500005EB1313AA5C1B7A00F02800134343F0F3
:105B60000203034300297FF475AC2EE52A78CEE6C4
:105B7000A089023880B2A081298808F0F1FDD4E91B
:105B80000E320F3342F10002C4E90E320BE4A08959
:105B900008F0DAFD06462988A08908F0E1FDD4E97D
:105BA0000E32173342F100022E80C4E90E32FFF7A5
:105BB000FABBD4E90E322988083342F10002C4E965
:105BC0000E32E181FFF7EFBB2B886288D1185B12A0
:105BD000921202F0220203F044031343CA1202F0AD
:105BE00011021343984A03F007002980104402EB86
:105BF0001312037C2078127E20F03B0002F0010299
:105C000003430912134301F02801D4E90E200F3297
:105C100043EA010340F10000C4E90E202370FFF7BE
:105C2000C2BBE0892D88431CE38107F05FFE45FA83
:105C300080F007F05BFED4E90E32133342F100022C
:105C4000C4E90E32E070FFF7AEBB2978D4E90E321A
:105C5000083342F10002C4E90E32E170FFF7A3BB42
:105C60006978D4E90E32F3E72B88A289AEE7E089A0
:105C70002D8807F03BFEE38945FA80F5581C07F0B4
:105C800035FE0146284608F0DDF9A36BE189E26B99
:105C9000133301F1020142F10002C4E90E32E18145
:105CA000FFF781BBE0892E88431CE38107F01EFECD
:105CB00046FA80F6B6B2304607F018FE0546013DBA
:105CC000EDB23046294608F0BDF97F2D00F0728212
:105CD00005F00F030F2B00F076824221002D40F0DB
:105CE000DC82A26B2378173203F0010305F028054C
:105CF000A263E26B43EA050341EA030142F10002B9
:105D00002170E263FFF74FBBE0892E88431CE381DB
:105D100007F0ECFD46FA80F6B6B2304607F0E6FD35
:105D200005460135EDB23046294608F08BF9802D45
:105D300000F03E822E0740F03F82002D40F07B8233
:105D40005021CEE7E089431CE38107F0CFFD2870A6
:105D5000D4E90E320B3342F10002C4E90E32FFF7F0
:105D600022BB2B78013BDBB27F2B2B7046D003F09C
:105D70000F020F2A00F015824220002B40F05E82B5
:105D80002278A16B02F0010203F028031343E26BB7
:105D9000083140EA030042F10002A1632070E2638F
:105DA000FFF701BB2B780133DBB2802B2B705BD06C
:105DB000180740F0EF81002B40F00C825020DFE705
:105DC000A36B2988E26B0A3301F1FF3142F1000233
:105DD0002980C4E90E32FFF7E6BA2A88510053122F
:105DE000F6E6E089431CE38107F080FD6870AFE7C9
:105DF0006B78013BDBB27F2B6B70B8D11620BFE70D
:105E0000A36B2988E26B0A3301F1010142F1000220
:105E10002980C4E90E32FFF7C6BAE08908F094FC85
:105E2000298808F09DFCA36BE189E26B143330E70D
:105E3000E08908F089FCA36B2880E189E26B0E33CE
:105E400027E72B88A288C1E6F0480210E08908F015
:105E50007BFC08F079FCA36B2880E5E76B780133C5
:105E6000DBB2802B6B70A3D1942089E7B82B00F3B1
:105E7000B4819F2B00F3D081782B00F3C2815F2B7C
:105E800008DC403B182B30D84FF0013222FA03F3E4
:105E9000DA072AD52888384407F028FD0122014670
:105EA000C6F3C2039A4023780A4003F00103002A94
:105EB00043F0100322F07F0243EA02030CBF4422A6
:105EC000002208F0070006285BB243EA02030246FC
:105ED0000CBF002201F028021343A26B2370E36B76
:105EE000143243F10003A263E3630025403E3F2EDA
:105EF0007FF659AA08F00708B8F1070F3FF653AA32
:105F000001A353F828F000BF4D5F0010475F001059
:105F1000415F00103B5F0010355F00102F5F0010E5
:105F2000A7530010295F00106570FFF73CBAA571F8
:105F3000FFF739BAE571FFF736BA2571FFF733BAC3
:105F40006571FFF730BAA570FFF72DBAE570FFF75E
:105F50002ABA2888384407F0C9FC10F001014FEA3A
:105F6000600300F07881012243F0800342F0800258
:105F7000C049D8B201EB4001B1F92010002940F02E
:105F8000718103F028010A43227028885DB23844E9
:105F9000294608F057F8A36B1733A363E36B43F16B
:105FA0000003E363A2E72888384407F09FFC43001E
:105FB00010F08001DAB200F0448113F0800F42F05B
:105FC00001024FF0010301D043F08003A94901EB26
:105FD0004201B1F92010002940F03A8102F0280175
:105FE0000B432370288855B23844D1E728883844B9
:105FF00007F07CFCC2054FEA600158BFB1FA81F29C
:1060000003469C485FFA81FC00EB4C00B0F920008D
:1060100056BF52098022920108B142F0040201F0F9
:10602000280003F0010303431A43227028884DB26D
:106030003844ADE72888384407F058FC0206034688
:1060400040F125814110802041F08001894A5FFAAA
:1060500081FC02EB4C02B2F920200AB140F00400AE
:1060600003F0010301F028021A4340EA02032370FF
:1060700028884DB238448BE72888384407F036FC2E
:106080004100024611F0FF0000F0EF80794B03EB76
:106090004003B3F9200001F08003002840F0E680BF
:1060A000100648BF43F0010301F028021343237098
:1060B00028884DB238446BE72888384407F016FC2E
:1060C00023780146DB01DBB243EA60031A0658BFBE
:1060D000B3FA83F267485FFA83FC00EB4C00B0F937
:1060E000200056BF52098022920108B142F00402FA
:1060F00001F0010103F02800014344E728883844F7
:1061000007F0F4FB22784300DBB202F001021A43ED
:106110001B0658BFB2FA82F3564958BF5B0901EB20
:106120004201B1F920104CBF80239B0109B143F01B
:106130000403010648BF43F001034FE728883844B1
:1061400007F0D4FB43005FFA83FC4A494CF0010C92
:1061500001EB4C01B1F92010024603F0800309B1B4
:1061600043F00403110648BF43F001030CF028027A
:106170001343237028884FFA8CF5384408E711063A
:1061800048BF43F0800319E41D0648BF42F0800277
:10619000FFF7F5BB8022002013F0800F18BF1046D8
:1061A000EEE59220122213F0800F08BF1046E7E5BB
:1061B000942196E5162194E58023002115F0800FA7
:1061C00018BF19468DE59221122315F0800F08BFE4
:1061D000194686E590221020DEE7D82B4CDCBF2B39
:1061E0007FF783AE2888384407F080FB01230246FE
:1061F000C6F3C201288803FA01F5154338446DB28D
:10620000C6E6803B182B3FF670AE4FF0013222FA03
:1062100003F3D9077FF569AE2888384407F066FB99
:1062200001220346C6F3C20128888A4023EA0203FA
:1062300038445DB2ACE690231021BFE782200222F1
:10624000B1E713F080032BD1002A7FF4BFAE4023C7
:1062500043F00403C2E613F0800223D1002B7FF445
:1062600087AE402242F004028BE6402343F0040351
:1062700016E700BFF0480210E03B182B3FF635AEA2
:106280004FF0013222FA03F3D807ABD42DE64110C8
:106290000CBF012000208001D8E68221022394E770
:1062A0000B4691E60A4661E670B5054CE089431C51
:1062B000E38107F01BFBC3B2013B054602E000BFD0
:1062C00040130020FE2B02F24386DFE813F00B138D
:1062D000E612C1129C1277124E1229120C12EF1103
:1062E000D211B61199117A1158113B111211521491
:1062F00029140014D713AE13801357133313E91462
:10630000C5149F147B1438150C15EE10CE10AE106A
:106310008E106E104E102E100910E90FC80FA90F25
:106320008A0F6B0F4C0F2D0F080FE90ECA0EAB0E24
:106330008C0E6D0E4B0E2C0E080EE90DCC0DAF0D14
:10634000920D750D580D3B0D120DF50CDC0CC30CA8
:10635000AA0C910C780C5F0C440C2B0C120CF90B52
:10636000E00BC70BAE0B950B7A0B610B480B2F0B99
:10637000160BFD0AE40ACB0AB00A970A7E0A650AE0
:106380004C0A330A1A0A010AE609CD09B4099B0925
:1063900082096909500937091C090309EA08D1086B
:1063A000B8089F0886086D085208390820080708B1
:1063B000EE07D507BC07A30788076F075107330708
:1063C0001607F806DA06BD069F06820677066C06F3
:1063D000610656064B0640062F06240619060E06D1
:1063E0000306F805ED05E205D105C605BB05B005B8
:1063F000A5059A058F058405730568055D05520599
:1064000047053C053105260515050A05FF04F50479
:10641000EB04E104D704CD04BD04B304A9049F0434
:1064200095048B048104770467045D0453044904D4
:106430003F0435042B04210411040704FD03F30376
:10644000E903DF03D503CB03BB03B103A7039D031C
:10645000930389037F03750365035B0351034703BC
:106460003D03330329031F030F030503FB02F1025E
:10647000E702DD02D302C902B902AF02A5029B0204
:10648000910287027D027302630259024F024502A4
:106490003B02310227021D020D020302F901EF0146
:1064A000E501DB01D101C701B701AD01A3019901EC
:1064B0008F0185017B017101610157014D0143018C
:1064C00039012F0125011B010B01FF006178D4E97F
:1064D0000E3261F07F010833617042F10002C4E9BD
:1064E0000E3270BDE588284607F000FA01462846BE
:1064F00041F0800107F0A6FDD4E90E320F3342F1DE
:106500000002ECE7A179D4E90E3261F07F01083393
:10651000A17142F10002E2E7E179D4E90E3261F0C3
:106520007F010833E17142F10002D8E72179D4E913
:106530000E3261F07F010833217142F10002CEE793
:106540006179D4E90E3261F07F010833617142F163
:106550000002C4E7A178D4E90E3261F07F0108336C
:10656000A17042F10002BAE7E178D4E90E3261F09D
:106570007F010833E17042F10002B0E76178D4E9AD
:106580000E3241F040010833617042F10002A6E78B
:10659000E588284607F0AAF90146284641F040015F
:1065A00007F050FDD4E90E320F3342F1000296E7B6
:1065B000A179D4E90E3241F040010833A17142F1D2
:1065C00000028CE7E179D4E90E3241F04001083352
:1065D000E17142F1000282E72179D4E90E3241F003
:1065E00040010833217142F1000278E76179D4E972
:1065F0000E3241F040010833617142F100026EE752
:10660000A178D4E90E3241F040010833A17042F183
:10661000000264E7E178D4E90E3241F0400108332A
:10662000E17042F100025AE76178D4E90E3241F09C
:1066300020010833617042F1000250E7E5882846E6
:1066400007F054F90146284641F0200107F0FAFC12
:10665000D4E90E320F3342F1000240E7A179D4E9C8
:106660000E3241F020010833A17142F1000236E7F9
:10667000E179D4E90E3241F020010833E17142F1B1
:1066800000022CE72179D4E90E3241F020010833D1
:10669000217142F1000222E76179D4E90E3241F022
:1066A00020010833617142F1000218E7A178D4E9B2
:1066B0000E3241F020010833A17042F100020EE7D2
:1066C000E178D4E90E3241F020010833E17042F163
:1066D000000204E76178D4E90E3241F0100108337A
:1066E000617042F10002FAE6E588284607F0FEF8FC
:1066F0000146284641F0100107F0A4FCD4E90E320F
:106700000F3342F10002EAE6A179D4E90E3241F0FA
:1067100010010833A17142F10002E0E6E179D4E909
:106720000E3241F010010833E17142F10002D6E669
:106730002179D4E90E3241F010010833217142F180
:106740000002CCE66179D4E90E3241F01001083341
:10675000617142F10002C2E6A178D4E90E3241F043
:1067600010010833A17042F10002B8E6E178D4E9E3
:106770000E3241F010010833E17042F10002AEE642
:106780006178D4E90E3241F008010833617042F1BA
:106790000002A4E6E588284607F0A8F80146284646
:1067A00041F0080107F04EFCD4E90E320F3342F1FC
:1067B000000294E6A179D4E90E3241F008010833D1
:1067C000A17142F100028AE6E179D4E90E3241F08A
:1067D00008010833E17142F1000280E62179D4E931
:1067E0000E3241F008010833217142F1000276E6D1
:1067F0006179D4E90E3241F008010833617142F148
:1068000000026CE6A178D4E90E3241F008010833A9
:10681000A17042F1000262E6E178D4E90E3241F063
:1068200008010833E17042F1000258E66178D4E9CA
:106830000E3241F004010833617042F100024EE66D
:10684000E588284607F052F80146284641F0040141
:1068500007F0F8FBD4E90E320F3342F100023EE6B6
:10686000A179D4E90E3241F004010833A17142F15B
:10687000000234E6E179D4E90E3241F00401083334
:10688000E17142F100022AE62179D4E90E3241F0A9
:1068900004010833217142F1000220E66179D4E954
:1068A0000E3241F004010833617142F1000216E634
:1068B000A178D4E90E3241F004010833A17042F10D
:1068C00000020CE6E178D4E90E3241F0040108330D
:1068D000E17042F1000202E66178D4E90E3241F043
:1068E00002010833617042F10002F8E5E5882846AC
:1068F00006F0FCFF0146284641F0020107F0A2FB2A
:10690000D4E90E320F3342F10002E8E5A179D4E96F
:106910000E3241F002010833A17142F10002DEE5BE
:10692000E179D4E90E3241F002010833E17142F11C
:106930000002D4E52179D4E90E3241F00201083396
:10694000217142F10002CAE56179D4E90E3241F0C9
:1069500002010833617142F10002C0E5A178D4E977
:106960000E3241F002010833A17042F10002B6E597
:10697000E178D4E90E3241F002010833E17042F1CE
:106980000002ACE56178D4E90E3241F00101083330
:10699000617042F10002A2E5E588284606F0A6FFF4
:1069A0000146284641F0010107F04CFBD4E90E32C4
:1069B0000F3342F1000292E5A179D4E90E3241F0A1
:1069C00001010833A17142F1000288E5E179D4E9BF
:1069D0000E3241F001010833E17142F100027EE51F
:1069E0002179D4E90E3241F001010833217142F1DD
:1069F000000274E56179D4E90E3241F001010833F7
:106A0000617142F100026AE5A178D4E90E3241F0E9
:106A100001010833A17042F1000260E5E178D4E998
:106A20000E3241F001010833E17042F1000256E5F7
:106A30006178D4E90E3201F07F010833617042F1D0
:106A400000024CE5E588284606F050FF014628463E
:106A500021F0800107F0F6FAD4E90E320F3342F14B
:106A600000023CE5A179D4E90E3201F07F01083340
:106A7000A17142F1000232E5E179D4E90E3201F070
:106A80007F010833E17142F1000228E52179D4E960
:106A90000E3201F07F010833217142F100021EE540
:106AA0006179D4E90E3201F07F010833617142F15E
:106AB000000214E5A178D4E90E3201F07F01083319
:106AC000A17042F100020AE5E178D4E90E3201F04A
:106AD0007F010833E17042F1000200E56178D4E9FA
:106AE0000E3221F040010833617042F10002F6E4F9
:106AF000E588284606F0FAFE0146284621F04001C6
:106B000007F0A0FAD4E90E320F3342F10002E6E4B6
:106B1000A179D4E90E3221F040010833A17142F18C
:106B20000002DCE4E179D4E90E3221F040010833BF
:106B3000E17142F10002D2E42179D4E90E3221F070
:106B400040010833217142F10002C8E46179D4E9BF
:106B50000E3221F040010833617142F10002BEE4BF
:106B6000A178D4E90E3221F040010833A17042F13E
:106B70000002B4E4E178D4E90E3221F04001083398
:106B8000E17042F10002AAE46178D4E90E3221F00A
:106B900020010833617042F10002A0E4E588284634
:106BA00006F0A4FE0146284621F0200107F04AFA2B
:106BB000D4E90E320F3342F1000290E4A179D4E916
:106BC0000E3221F020010833A17142F1000286E467
:106BD000E179D4E90E3221F020010833E17142F16C
:106BE00000027CE42179D4E90E3221F0200108333F
:106BF000217142F1000272E46179D4E90E3221F090
:106C000020010833617142F1000268E4A178D4E9FF
:106C10000E3221F020010833A17042F100025EE43F
:106C2000E178D4E90E3221F020010833E17042F11D
:106C3000000254E46178D4E90E3221F010010833E7
:106C4000617042F100024AE4E588284606F04EFEF3
:106C50000146284621F0100107F0F4F9D4E90E327C
:106C60000F3342F100023AE4A179D4E90E3221F067
:106C700010010833A17142F1000230E4E179D4E956
:106C80000E3221F010010833E17142F1000226E4D6
:106C90002179D4E90E3221F010010833217142F13B
:106CA00000021CE46179D4E90E3221F010010833AE
:106CB000617142F1000212E4A178D4E90E3221F0B0
:106CC00010010833A17042F1000208E4E178D4E930
:106CD0000E3221F010010833E17042F10002FFF79B
:106CE000FEBB6178D4E90E3221F0080108336170EF
:106CF00042F10002FFF7F3BBE588284606F0F6FDF7
:106D00000146284621F0080107F09CF9D4E90E322B
:106D10000F3342F10002FFF7E2BBA179D4E90E3252
:106D200021F008010833A17142F10002FFF7D7BB3F
:106D3000E179D4E90E3221F008010833E17142F122
:106D40000002FFF7CCBB2179D4E90E3221F0080113
:106D50000833217142F10002FFF7C1BB6179D4E928
:106D60000E3221F008010833617142F10002FFF791
:106D7000B6BBA178D4E90E3221F008010833A17026
:106D800042F10002FFF7ABBBE178D4E90E3221F00B
:106D900008010833E17042F10002FFF7A0BB6178FF
:106DA000D4E90E3221F004010833617042F100028F
:106DB000FFF795BBE588284606F098FD0146284672
:106DC00021F0040107F03EF9D4E90E320F3342F10D
:106DD0000002FFF784BBA179D4E90E3221F004014F
:106DE0000833A17142F10002FFF779BBE179D4E9E0
:106DF0000E3221F004010833E17142F10002FFF785
:106E00006EBB2179D4E90E3221F0040108332171DF
:106E100042F10002FFF763BB6179D4E90E3221F041
:106E200004010833617142F10002FFF758BBA178F9
:106E3000D4E90E3221F004010833A17042F10002BE
:106E4000FFF74DBBE178D4E90E3221F0040108339D
:106E5000E17042F10002FFF742BB6178D4E90E32E3
:106E600021F002010833617042F10002FFF737BBE5
:106E7000E588284606F03AFD0146284621F0020141
:106E800007F0E0F8D4E90E320F3342F10002FFF7C9
:106E900026BBA179D4E90E3221F002010833A17199
:106EA00042F10002FFF71BBBE179D4E90E3221F079
:106EB00002010833E17142F10002FFF710BB2179B2
:106EC000D4E90E3221F002010833217142F10002AF
:106ED000FFF705BB6179D4E90E3221F002010833D6
:106EE000617142F10002FFF7FABAA178D4E90E32DB
:106EF00021F002010833A17042F10002FFF7EFBA5E
:106F0000E178D4E90E3221F002010833E17042F158
:106F10000002FFF7E4BA6178D4E90E3221F00101F2
:106F20000833617042F10002FFF7D9BAE5882846BC
:106F300006F0DCFC0146284621F0010107F082F84A
:106F4000D4E90E320F3342F10002FFF7C8BAA1793B
:106F5000D4E90E3221F001010833A17142F100029F
:106F6000FFF7BDBAE179D4E90E3221F0010108330F
:106F7000E17142F10002FFF7B2BA2179D4E90E3291
:106F800021F001010833217142F10002FFF7A7BA95
:106F90006179D4E90E3221F001010833617142F1C7
:106FA0000002FFF79CBAA178D4E90E3221F001016A
:106FB0000833A17042F10002FFF791BAE178D4E9F9
:106FC0000E3221F001010833E17042F10002FFF7B7
:106FD00086BA6278237822F07F0103F001030B4325
:106FE00000F0070511064CBF43F0100343F05403B3
:106FF000062D59B21CBF02F028021143D4E90E320B
:107000000833217042F10002FFF769BAE08806F008
:107010006DFC237803F0010141F0100100F08003C2
:10702000194349B20BB941F0440105F00705062D9B
:107030001CBF00F028000143D4E90E320C3321704C
:1070400042F10002FFF74BBAA279237822F07F01C8
:1070500003F001030B4300F0070511064CBF43F09A
:10706000100343F05403062D59B21CBF02F028024E
:107070001143D4E90E320833217042F10002FFF7C8
:107080002EBAE279237822F07F0103F00103100683
:1070900043EA010305F007054CBF43F0100343F03A
:1070A0005403062D59B21CBF02F028021143D4E943
:1070B0000E320833217042F10002FFF710BA227934
:1070C000237822F07F0103F00103160643EA01034F
:1070D00000F007054CBF43F0100343F05403062DA6
:1070E00059B21CBF02F028021143D4E90E32083312
:1070F000217042F10002FFF7F2B96279237822F0A1
:107100007F0103F001030B4300F0070511064CBF9C
:1071100043F0100343F05403062D59B21CBF02F094
:1071200028021143D4E90E320833217042F10002E3
:10713000FFF7D5B9A278237822F07F0103F001038D
:10714000100643EA010305F007054CBF43F01003A6
:1071500043F05403062D59B21CBF02F0280211431C
:10716000D4E90E320833217042F10002FFF7B7B9BB
:10717000E278237822F07F0103F00103160643EA48
:10718000010300F007054CBF43F0100343F0540324
:10719000062D59B21CBF02F028021143D4E90E3269
:1071A0000833217042F10002FFF799B96378217822
:1071B000580601F0010105F007054CBF41F0100130
:1071C00041F05401062D1CBF03F028031943D4E9F4
:1071D0000E320833217042F10002FFF780B9E088D7
:1071E00006F084FBD4E90E322178460601F0010155
:1071F00005F007054CBF41F0100141F05401062D88
:107200001CBF00F0280001430C33217042F1000242
:10721000FFF765B9A3792178580601F0010105F05F
:1072200007054CBF41F0100141F05401062D1CBF71
:1072300003F028031943D4E90E320833217042F1D8
:107240000002FFF74CB9E37921785E0601F00101F5
:1072500000F007054CBF41F0100141F05401062D2C
:107260001CBF03F028031943D4E90E320833217000
:1072700042F10002FFF733B9237921785A0601F071
:10728000010100F007054CBF41F0100141F054012D
:10729000062D1CBF03F028031943D4E90E3208332E
:1072A000217042F10002FFF71AB96379217858067C
:1072B00001F0010105F007054CBF41F0100141F05C
:1072C0005401062D1CBF03F028031943D4E90E32E4
:1072D0000833217042F10002FFF701B9A378217849
:1072E0005E0601F0010100F007054CBF41F01001FE
:1072F00041F05401062D1CBF03F028031943D4E9C3
:107300000E320833217042F10002FFF7E8B8E3784B
:1073100021785A0601F0010100F007054CBF41F049
:10732000100141F05401062D1CBF03F0280319433E
:10733000D4E90E320833217042F10002FFF7CFB8D2
:10734000637821789E0601F0010100F007054CBF2B
:1073500041F0100141F05401062D1CBF03F0280339
:107360001943D4E90E320833217042F10002FFF7CD
:10737000B6B8E08806F0BAFA2178830601F0010178
:1073800005F007054CBF41F0100141F05401062DF6
:107390001CBF00F028000143D4E90E320C332170E9
:1073A00042F10002FFF79BB8A37921789E0601F015
:1073B000010100F007054CBF41F0100141F05401FC
:1073C000062D1CBF03F028031943D4E90E320833FD
:1073D000217042F10002FFF782B8E37921789A0622
:1073E00001F0010100F007054CBF41F0100141F030
:1073F0005401062D1CBF03F028031943D4E90E32B3
:107400000833217042F10002FFF769B8237921782F
:10741000980601F0010105F007054CBF41F010018D
:1074200041F05401062D1CBF03F028031943D4E991
:107430000E320833217042F10002FFF750B8637931
:1074400021789E0601F0010100F007054CBF41F0D4
:10745000100141F05401062D1CBF03F0280319430D
:10746000D4E90E320833217042F10002FFF737B839
:10747000A37821789A0601F0010100F007054CBFBE
:1074800041F0100141F05401062D1CBF03F0280308
:107490001943D4E90E320833217042F10002FFF79C
:1074A0001EB8E3782178980601F0010105F0070580
:1074B0004CBF41F0100141F05401062D1CBF03F0F8
:1074C00028031943D4E90E320833217042F1000237
:1074D000FFF705B863782178DA0601F0010100F0C2
:1074E00007054CBF41F0100141F05401062D1CBFAF
:1074F00003F028031943D4E90E320833217042F116
:107500000002FEF7ECBFE08806F0F0F92178C20631
:1075100001F0010105F007054CBF41F0100141F0F9
:107520005401062D1CBF00F028000143D4E90E329F
:107530000C33217042F10002FEF7D1BFA37921780C
:10754000DA0601F0010100F007054CBF41F010011F
:1075500041F05401062D1CBF03F028031943D4E960
:107560000E320833217042F10002FEF7B8BFE37912
:107570002178D80601F0010105F007054CBF41F064
:10758000100141F05401062D1CBF03F028031943DC
:10759000D4E90E320833217042F10002FEF79FBF9A
:1075A00023792178DE0601F0010100F007054CBFC8
:1075B00041F0100141F05401062D1CBF03F02803D7
:1075C0001943D4E90E320833217042F10002FEF76C
:1075D00086BF63792178DA0601F0010100F0070522
:1075E0004CBF41F0100141F05401062D1CBF03F0C7
:1075F00028031943D4E90E320833217042F1000206
:10760000FEF76DBFA3782178D80601F0010105F0DF
:1076100007054CBF41F0100141F05401062D1CBF7D
:1076200003F028031943D4E90E320833217042F1E4
:107630000002FEF754BFE3782178DE0601F0010175
:1076400000F007054CBF41F0100141F05401062D38
:107650001CBF03F028031943D4E90E32083321700C
:1076600042F10002FEF73BBF63782178180701F072
:10767000010105F007054CBF41F0100141F0540134
:10768000062D1CBF03F028031943D4E90E3208333A
:10769000217042F10002FEF722BFE08806F026F9D1
:1076A000D4E90E322178060701F0010105F0070543
:1076B0004CBF41F0100141F05401062D1CBF00F0F9
:1076C000280001430C33217042F10002FEF707BF8E
:1076D000A3792178180701F0010105F007054CBFD7
:1076E00041F0100141F05401062D1CBF03F02803A6
:1076F0001943D4E90E320833217042F10002FEF73B
:10770000EEBEE37921781E0701F0010100F00705C4
:107710004CBF41F0100141F05401062D1CBF03F095
:1077200028031943D4E90E320833217042F10002D4
:10773000FEF7D5BE237921781A0701F0010100F088
:1077400007054CBF41F0100141F05401062D1CBF4C
:1077500003F028031943D4E90E320833217042F1B3
:107760000002FEF7BCBE63792178180701F0010121
:1077700005F007054CBF41F0100141F05401062D02
:107780001CBF03F028031943D4E90E3208332170DB
:1077900042F10002FEF7A3BEA37821781E0701F094
:1077A000010100F007054CBF41F0100141F0540108
:1077B000062D1CBF03F028031943D4E90E32083309
:1077C000217042F10002FEF78ABEE37821781A07A1
:1077D00001F0010100F007054CBF41F0100141F03C
:1077E0005401062D1CBF03F028031943D4E90E32BF
:1077F0000833217042F10002FEF771BE63782178F0
:107800005E0701F0010100F007054CBF41F01001D7
:1078100041F05401062D1CBF03F028031943D4E99D
:107820000E320833217042F10002FEF758BEE088A4
:1078300006F05CF82178430701F0010105F0070527
:107840004CBF41F0100141F05401062D1CBF00F067
:1078500028000143D4E90E320C33217042F10002BA
:10786000FEF73DBEA37921785E0701F0010100F02B
:1078700007054CBF41F0100141F05401062D1CBF1B
:1078800003F028031943D4E90E320833217042F182
:107890000002FEF724BEE37921785A0701F00101C6
:1078A00000F007054CBF41F0100141F05401062DD6
:1078B0001CBF03F028031943D4E90E3208332170AA
:1078C00042F10002FEF70BBE23792178580701F040
:1078D000010105F007054CBF41F0100141F05401D2
:1078E000062D1CBF03F028031943D4E90E320833D8
:1078F000217042F10002FEF7F2BD637921785E0744
:1079000001F0010100F007054CBF41F0100141F00A
:107910005401062D1CBF03F028031943D4E90E328D
:107920000833217042F10002FEF7D9BDA378217817
:107930005A0701F0010100F007054CBF41F01001AA
:1079400041F05401062D1CBF03F028031943D4E96C
:107950000E320833217042F10002FEF7C0BDE37819
:107960002178580701F0010105F007054CBF41F0EF
:10797000100141F05401062D1CBF03F028031943E8
:10798000D4E90E320833217042F10002FEF7A7BDA0
:10799000637821789A0701F0010100F007054CBFD8
:1079A00041F0100141F05401062D1CBF03F02803E3
:1079B0001943D4E90E320833217042F10002FEF778
:1079C0008EBDE08805F092FF2178820701F0010169
:1079D00005F007054CBF41F0100141F05401062DA0
:1079E0001CBF00F028000143D4E90E320C33217093
:1079F00042F10002FEF773BDA37921789A0701F0E6
:107A0000010100F007054CBF41F0100141F05401A5
:107A1000062D1CBF03F028031943D4E90E320833A6
:107A2000217042F10002FEF75ABDE37921789807F0
:107A300001F0010105F007054CBF41F0100141F0D4
:107A40005401062D1CBF03F028031943D4E90E325C
:107A50000833217042F10002FEF741BD23792178FD
:107A60009E0701F0010100F007054CBF41F0100135
:107A700041F05401062D1CBF03F028031943D4E93B
:107A80000E320833217042F10002FEF728BD6379FF
:107A900021789A0701F0010100F007054CBF41F081
:107AA000100141F05401062D1CBF03F028031943B7
:107AB000D4E90E320833217042F10002FEF70FBD07
:107AC000A3782178980701F0010105F007054CBF64
:107AD00041F0100141F05401062D1CBF03F02803B2
:107AE0001943D4E90E320833217042F10002FEF747
:107AF000F6BCE37821789E0701F0010100F007054C
:107B00004CBF41F0100141F05401062D1CBF03F0A1
:107B100028031943D4E90E320833217042F10002E0
:107B2000FEF7DDBC63782178D80701F0010105F08C
:107B300007054CBF41F0100141F05401062D1CBF58
:107B400003F028031943D4E90E320833217042F1BF
:107B50000002FEF7C4BCE08805F0C8FED4E90E328E
:107B60002178C60701F0010105F007054CBF41F07F
:107B7000100141F05401062D1CBF00F02800014304
:107B80000C33217042F10002FEF7A9BCA3792178E1
:107B9000D80701F0010105F007054CBF41F01001C5
:107BA00041F05401062D1CBF03F028031943D4E90A
:107BB0000E320833217042F10002FEF790BCE379E7
:107BC0002178DE0701F0010100F007054CBF41F00C
:107BD000100141F05401062D1CBF03F02803194386
:107BE000D4E90E320833217042F10002FEF777BC6F
:107BF00023792178DA0701F0010100F007054CBF75
:107C000041F0100141F05401062D1CBF03F0280380
:107C10001943D4E90E320833217042F10002FEF715
:107C20005EBC63792178D80701F0010105F00705F2
:107C30004CBF41F0100141F05401062D1CBF03F070
:107C400028031943D4E90E320833217042F10002AF
:107C5000FEF745BCA3782178DE0701F0010100F0B2
:107C600007054CBF41F0100141F05401062D1CBF27
:107C700003F028031943D4E90E320833217042F18E
:107C80000002FEF72CBCE3782178DA0701F001014D
:107C900000F007054CBF41F0100141F05401062DE2
:107CA0001CBF03F028031943D4E90E3208332170B6
:107CB00042F10002FEF713BC6378BA4A58100CBFB9
:107CC0000121002102EB4002B2F9202089010AB112
:107CD00041F0040103F0010300F028021A43A36BF2
:107CE0001143E26B08332170607042F10002FEF72D
:107CF000F6BBE588284605F0F9FDC3054FEA6001AB
:107D000058BFB1FA81F2A74B5FFA81FC03EB4C0339
:107D1000B3F9203056BF5209802292010BB142F0D4
:107D2000040200F00103284601F028052B431A4302
:107D3000227006F087F9D4E90E320F3342F10002C7
:107D4000FEF7CDBBA379974A58100CBF0121002143
:107D500002EB4002B2F9202089010AB141F004018E
:107D600003F0010300F028021A43A36B1143E26BF6
:107D700008332170A07142F10002FEF7B0BBE37935
:107D8000884A58100CBF0121002102EB4002B2F9D1
:107D9000202089010AB141F0040103F0010300F041
:107DA00028021A43A36B1143E26B08332170E07180
:107DB00042F10002FEF793BB23797A4A58100CBFB8
:107DC0000121002102EB4002B2F9202089010AB111
:107DD00041F0040103F0010300F028021A43A36BF1
:107DE0001143E26B08332170207142F10002FEF76B
:107DF00076BB63796B4A58100CBF0121002102EB5E
:107E00004002B2F9202089010AB141F0040103F0D7
:107E1000010300F028021A43A36B1143E26B0833FD
:107E20002170607142F10002FEF759BBA3785D4AF0
:107E300058100CBF0121002102EB4002B2F92020B2
:107E400089010AB141F0040103F0010300F02802A6
:107E50001A43A36B1143E26B08332170A07042F107
:107E60000002FEF73CBBE3784E4A58100CBF0121DC
:107E7000002102EB4002B2F9202089010AB141F051
:107E8000040103F0010300F028021A43A36B11431D
:107E9000E26B08332170E07042F10002FEF71FBB75
:107EA0006278404B5100C8B240F0010003EB400340
:107EB000B3F9203001F080010BB141F00401130649
:107EC00048BF41F0010100F02805D4E90E322943F2
:107ED00008332170607042F10002FEF700BBE588B4
:107EE000284605F003FD4300D9B22E4A41F00101B6
:107EF00002EB4102B2F9202003F080030AB143F003
:107F00000403020648BF43F0010301F028021343B3
:107F10002846237006F096F8D4E90E320F3342F16A
:107F20000002FEF7DCBAA2791E4B5100C8B240F045
:107F3000010003EB4003B3F9203001F080010BB1E5
:107F400041F00401150648BF41F0010100F0280589
:107F5000D4E90E32294308332170A07142F10002A6
:107F6000FEF7BDBAE2790F4B5100C8B240F00100F4
:107F700003EB4003B3F9203001F080010BB141F075
:107F80000401160648BF41F0010100F02805D4E9BC
:107F90000E32294308332170E07142F10002FEF7EE
:107FA0009EBA00BFF04802102279BC4B5100C8B203
:107FB00040F0010003EB4003B3F9203001F08001F1
:107FC0000BB141F00401130648BF41F0010100F07C
:107FD0002805D4E90E32294308332170207142F17B
:107FE0000002FEF77CBA6279AC4B5100C8B240F097
:107FF000010003EB4003B3F9203001F080010BB125
:1080000041F00401120648BF41F0010100F02805CB
:10801000D4E90E32294308332170607142F1000225
:10802000FEF75DBAA2789D4B5100C8B240F0010046
:1080300003EB4003B3F9203001F080010BB141F0B4
:108040000401150648BF41F0010100F02805D4E9FC
:108050000E32294308332170A07042F10002FEF76E
:108060003EBAE2788D4B5100C8B240F0010003EBFC
:108070004003B3F9203001F080010BB141F004015D
:10808000160648BF41F0010100F02805D4E90E3280
:10809000294308332170E07042F10002FEF71FBA55
:1080A00063781E064FEA630040F1F1868022104398
:1080B0007A4901EB4001B1F9201009B142F0040204
:1080C00003F0010300F0280119430A43A36B227057
:1080D000E26B0833607042F10002FEF700BAE588F7
:1080E000284605F003FC020640F1CA8680224110B2
:1080F00011436A4B5FFA81FC03EB4C03B3F9203068
:108100000BB142F0040200F00103284601F02805FB
:108110002B431A43227005F095FFD4E90E320F333A
:1081200042F10002FEF7DBB9A37919064FEA6300BA
:1081300040F1A08680221043584901EB4001B1F97B
:10814000201009B142F0040203F0010300F02801FD
:1081500019430A43A36B2270E26B0833A07142F10A
:108160000002FEF7BCB9E3791D064FEA630040F157
:108170009A8680221043494901EB4001B1F9201051
:1081800009B142F0040203F0010300F02801194391
:108190000A43A36B2270E26B0833E07142F10002E4
:1081A000FEF79DB923791E064FEA630040F17586FC
:1081B00080221043394901EB4001B1F9201009B187
:1081C00042F0040203F0010300F0280119430A43BE
:1081D000A36B2270E26B0833207142F10002FEF7BC
:1081E0007EB963791A064FEA630040F16286802205
:1081F00010432A4901EB4001B1F9201009B142F0C6
:10820000040203F0010300F0280119430A43A36BA1
:108210002270E26B0833607142F10002FEF75FB931
:10822000A37819064FEA630040F1E38580221043EA
:108230001A4901EB4001B1F9201009B142F00402E2
:1082400003F0010300F0280119430A43A36B2270D5
:10825000E26B0833A07042F10002FEF740B9E37808
:108260001D064FEA630040F1D885802210430B4978
:1082700001EB4001B1F9201009B142F0040203F012
:10828000010300F0280119430A43A36B2270E26B3B
:108290000833E07042F10002FEF721B9F048021005
:1082A0006378580010F0FF0500F0B185D34A00F064
:1082B000800102EB4502B2F92020002A40F03A8604
:1082C0001B0648BF41F0010100F02805D4E90E3239
:1082D000294308332170607042F10002FEF7FFB8B5
:1082E000E588284605F002FB430013F0FF0100F08B
:1082F000EC85C24A02EB4102B2F9206003F0800231
:10830000002E40F01386000648BF42F0010203F041
:1083100028031A432846227005F094FED4E90E3251
:108320000F3342F10002FEF7DAB8A379580010F0DB
:10833000FF0500F0C485B14A00F0800102EB450260
:10834000B2F92020002A40F0F9851D0648BF41F00F
:10835000010100F02805D4E90E32294308332170C9
:10836000A07142F10002FEF7BAB8E379580010F0AC
:10837000FF0500F05B85A14A00F0800102EB450299
:10838000B2F92020002A40F0CD851E0648BF41F0FA
:10839000010100F02805D4E90E3229430833217089
:1083A000E07142F10002FEF79AB82379580010F00C
:1083B000FF0500F08785914A00F0800102EB45023D
:1083C000B2F92020002A40F0BD851B0648BF41F0CD
:1083D000010100F02805D4E90E3229430833217049
:1083E000207142F10002FEF77AB86379580010F06C
:1083F000FF0500F01E85814A00F0800102EB450276
:10840000B2F92020002A40F081851A0648BF41F0C9
:10841000010100F02805D4E90E3229430833217008
:10842000607142F10002FEF75AB8A378580010F0CC
:10843000FF0500F0A884714A00F0800102EB4502BC
:10844000B2F92020002A40F065851D0648BF41F0A2
:10845000010100F02805D4E90E32294308332170C8
:10846000A07042F10002FEF73AB8E378580010F02D
:10847000FF0500F0D884614A00F0800102EB45025C
:10848000B2F92020002A40F049851E0648BF41F07D
:10849000010100F02805D4E90E3229430833217088
:1084A000E07042F10002FEF71AB822786378D20138
:1084B000D2B242EA5300002A40F0AC84B0FA80F213
:1084C000520992014D4901EB4001B1F9201009B167
:1084D00042F0040203F0010300F0280119430A43AB
:1084E000A36B2270E26B0833607042F10002FDF76B
:1084F000F6BFE27820785300DBB200F001001E06E0
:1085000040EA030058BFB0FA80F13C4B58BF49091C
:1085100003EB4003B3F920304CBF802189010BB13C
:1085200041F00401150648BF41F0010100F02805A3
:10853000D4E90E32294308332170E07042F1000281
:10854000FDF7CDBF6378DE074FEA630040F1458455
:10855000812140F08000294B03EB4003B3F9203028
:108560000BB141F0040100F02805D4E90E32294393
:1085700008332170607042F10002FDF7B0BFE5885A
:10858000284605F0B3F9C10740F11C84812340104F
:1085900040F08001194AC8B202EB4002B2F9202033
:1085A0000AB143F0040301F0280213432846237064
:1085B00005F048FDD4E90E320F3342F10002FDF719
:1085C0008EBFA379DD074FEA630040F1F683812176
:1085D00040F08000094B03EB4003B3F920300BB1AE
:1085E00041F0040100F02805D4E90E322943083394
:1085F0002170A07142F10002FDF771BFF048021036
:10860000E379DE074FEA630040F1D283812140F035
:108610008000C74B03EB4003B3F920300BB141F0AE
:10862000040100F02805D4E90E32294308332170F3
:10863000E07142F10002FDF752BF23795810DB07C9
:1086400040F1B183812140F08000B94B03EB40033E
:10865000B3F920300BB141F0040100F02805D4E952
:108660000E32294308332170207142F10002FDF7D8
:1086700036BF6379DA074FEA630040F18F838121C7
:1086800040F08000AA4B03EB4003B3F920300BB15C
:1086900041F0040100F02805D4E90E3229430833E3
:1086A0002170607142F10002FDF719BFA378D9076C
:1086B0004FEA630040F1D983812140F080009C4B58
:1086C00003EB4003B3F920300BB141F0040100F09B
:1086D0002805D4E90E32294308332170A07042F1F5
:1086E0000002FDF7FCBEE378DD074FEA630040F1CE
:1086F000AF83812140F080008D4B03EB4003B3F941
:1087000020300BB141F0040100F02805D4E90E320D
:10871000294308332170E07042F10002FDF7DFBE0B
:1087200063781D064FEA430040F18E83C3B243F0E5
:10873000010310F0800F4FF00101184601D041F005
:1087400080017B4B03EB4003B3F920300BB141F0C8
:10875000040100F02805D4E90E32294308332170C2
:10876000607042F10002FDF7BABEE588284605F0C8
:10877000BDF810F080034FEA4000C1B200F05C8306
:1087800000064FF0010341F0010101D543F08003E1
:10879000674A02EB4102B2F920200AB143F0040318
:1087A00001F0280213432846237005F04BFCD4E95E
:1087B0000E320F3342F10002FDF791BEA3791E067F
:1087C0004FEA430040F14D83C3B243F0010310F080
:1087D000800F4FF00101184601D041F08001544B49
:1087E00003EB4003B3F920300BB141F0040100F07A
:1087F0002805D4E90E32294308332170A07142F1D3
:108800000002FDF76CBEE3791A064FEA430040F11F
:108810002483C3B243F0010310F0800F4FF0010135
:10882000184601D041F08001414B03EB4003B3F9FE
:1088300020300BB141F0040100F02805D4E90E32DC
:10884000294308332170E07142F10002FDF747BE71
:1088500023791D064FEA430040F1D582C3B243F0AD
:10886000010310F0800F4FF00101184601D041F0D4
:1088700080012F4B03EB4003B3F920300BB141F0E3
:10888000040100F02805D4E90E3229430833217091
:10889000207142F10002FDF722BE63791A064FEA09
:1088A000430040F1AC82C3B243F0010310F0800FEB
:1088B0004FF00101184601D041F080011C4B03EB41
:1088C0004003B3F920300BB141F0040100F028055A
:1088D000D4E90E32294308332170607142F100025D
:1088E000FDF7FDBDA3781D064FEA430040F17D82F0
:1088F000C3B243F0010310F0800F4FF0010118469E
:1089000001D041F080010A4B03EB4003B3F9203062
:108910000BB141F0040100F02805D4E90E322943DF
:1089200008332170A07042F10002FDF7D8BD00BFEE
:10893000F04802102378E178DB01DBB243EA510012
:10894000002B40F05082B0FA80F252099201C14BE4
:1089500003EB4003B3F920300BB142F0040200F006
:10896000280301F0010119430A43A36B2270E26B53
:108970000833E07042F10002FDF7B1BD6278207863
:108980005300DBB200F00100190640EA030058BFB3
:10899000B0FA80F1AF4B58BF490903EB4003B3F97C
:1089A00020304CBF802189010BB141F00401130636
:1089B00048BF41F0010100F02805D4E90E322943F7
:1089C00008332170607042F10002FDF788BDE58830
:1089D000284604F08BFF2378420003F00103D2B253
:1089E00042EA0301130658BFB1FA81F3994A58BF0E
:1089F0005B0902EB4102B2F920204CBF80239B01AE
:108A00000AB143F00403060648BF43F0010301F036
:108A1000280213432846237005F014FBD4E90E32D4
:108A20000F3342F10002FDF75ABDA27920785300BE
:108A3000DBB200F00100190640EA030058BFB0FAAB
:108A400080F1844B58BF490903EB4003B3F9203050
:108A50004CBF802189010BB141F00401120648BFCF
:108A600041F0010100F02805D4E90E322943083312
:108A70002170A07142F10002FDF731BDE27920784A
:108A80005300DBB200F001001E0640EA030058BFAD
:108A9000B0FA80F16F4B58BF490903EB4003B3F9BB
:108AA00020304CBF802189010BB141F00401150633
:108AB00048BF41F0010100F02805D4E90E322943F6
:108AC00008332170E07142F10002FDF708BD227900
:108AD00020785300DBB200F00100190640EA0300E1
:108AE00058BFB0FA80F15B4B58BF490903EB400314
:108AF000B3F920304CBF802189010BB141F0040152
:108B0000130648BF41F0010100F02805D4E90E32F8
:108B1000294308332170207142F10002FDF7DFBCC8
:108B2000627920785300DBB200F001001E0640EAB3
:108B3000030058BFB0FA80F1464B58BF490903EB18
:108B40004003B3F920304CBF802189010BB141F0C3
:108B50000401150648BF41F0010100F02805D4E9E1
:108B60000E32294308332170607142F10002FDF793
:108B7000B6BCA27820785300DBB200F001001906E1
:108B800040EA030058BFB0FA80F1324B58BF4909A0
:108B900003EB4003B3F920304CBF802189010BB1B6
:108BA00041F00401130648BF41F0010100F028051F
:108BB000D4E90E32294308332170A07042F100023B
:108BC000FDF78DBC2378E179DB01DBB243EA51008C
:108BD000002B40F0E180B0FA80F2520992011D4B67
:108BE00003EB4003B3F920300BB142F0040200F074
:108BF000280301F0010119430A43A36B2270E26BC1
:108C00000833E07142F10002FDF769BC2278237954
:108C1000D201D2B242EA5300002A40F0BB80B0FA3F
:108C200080F2520992010B4901EB4001B1F9201089
:108C300009B142F0040203F0010300F028011943D6
:108C40000A43A36B2270E26B0833207142F10002E9
:108C5000FDF745BCF048021022786379D201D2B208
:108C600042EA5300002A40F09380B0FA80F25209A1
:108C70009201B64901EB4001B1F9201009B142F06F
:108C8000040203F0010300F0280119430A43A36B17
:108C90002270E26B0833607142F10002FDF71FBCE5
:108CA0002378A178DB01DBB243EA5100002B6DD1C0
:108CB000B0FA80F252099201A44B03EB4003B3F9DE
:108CC00020300BB142F0040200F0280301F0010152
:108CD00019430A43A36B2270E26B0833A07042F180
:108CE0000002FDF7FCBBE588284604F0FFFD237871
:108CF000D901C9B241EA60010B0658BFB1FA81F24D
:108D0000924B5FFA81FC03EB4C03B3F9203056BF62
:108D10005209802292010BB142F0040200F00103DB
:108D2000284601F028052B431A43227005F08AF9E2
:108D3000D4E90E320F3342F10002FDF7D0BB2278A6
:108D4000A379D201D2B242EA5300D2B9B0FA80F28A
:108D5000520992017D4901EB4001B1F9201009B19E
:108D600042F0040203F0010300F0280119430A4312
:108D7000A36B2270E26B0833A07142F10002FDF791
:108D8000AEBB8022E6E74421FFF75FBB802293E77A
:108D900080226EE7802246E7802220E7B0FA80F149
:108DA000490989016EE4B0FA80F1490989014CE46E
:108DB000B0FA80F1490989012BE4B0FA80F1490940
:108DC000890107E4C2054FEA60015BBFB1FA81F394
:108DD0005B0980239B01FFF7DDBBB0FA80F14909F5
:108DE0008901FFF7B8BB8022B1E5590675D500218E
:108DF00087E5B0FA80F252099201FFF719BA5E06D0
:108E000070D5002158E5590662D500212FE544218F
:108E1000FFF756BA8022FFF755BBB0FA80F252092D
:108E20009201FFF724BA4421FFF72FBB4421FFF73B
:108E3000ACBA4421FFF7E9BA02063FF5A7ACB1FA94
:108E400081F35B099B01A3E4590655D5002176E423
:108E5000B0FA80F1490989014EE45B0647D500214B
:108E6000E0E45D064DD50021B7E4B0FA80F1490990
:108E7000890124E4B0FA80F252099201FFF75CB94B
:108E800041100CBF012200229201FFF732B9B0FA63
:108E900080F252099201FFF70BB9B0FA80F2520941
:108EA0009201FFF787B9B0FA80F252099201FFF7F9
:108EB00062B9B0FA80F252099201FFF79AB94421DF
:108EC000FFF743BA4421FFF780BA4422FFF71BBAE9
:108ED000B0FA80F149098901CBE4B0FA80F149097F
:108EE000890110E5B0FA80F149098901E6E4B0FA98
:108EF00080F14909890197E4B0FA80F149098901B3
:108F00001FE4B0FA80F14909890168E441F00401E5
:108F1000FFF77BBA41F00401FFF797BA41F0040173
:108F2000FFF7B3BA41F00401FFF72FBA42F0040291
:108F3000FFF7E9B941F00401FFF7C2B941F00401BC
:108F4000FFF703BA41F00401FFF73FBAF0480210FF
:108F5000E3781A064FEA43001ED5C3B243F001037B
:108F600010F0800F4FF00101184601D041F0800150
:108F70000E4B03EB4003B3F920300BB141F0040179
:108F800000F02805D4E90E32294308332170E0703F
:108F900042F10002FDF7A3BA5E0601D50021E5E724
:108FA000B0FA80F149098901E2E700BFF0480210F8
:108FB0002DE9F84F0027B8460C4C0D4E0D4DDFF84B
:108FC00038902065A16BA26DE06BE36D8A4273EB74
:108FD000000C80F023818A1A316860EB03038A4217
:108FE00073F1000380F0238108E000BF40130020EC
:108FF000C413002070830220A00B0020E089637E50
:10900000421C01336376E28104F070FC5FFA80FA5F
:109010000AF1FF33FE2B03F24D84DFE813F09109D0
:109020008409A20965096207530738072B07080955
:10903000FB08EE08CF08440935099B058805BC09E3
:10904000D006AF09B1069006810668065606C90724
:10905000BC07AF079007DC09CD09E904DA046E0804
:109060005B084E082F0890088108ED06DD0603080E
:109070007505F60756053505260510050105BE08D8
:109080004306B1081906EB05D705C405B405AE04BF
:109090009C0483077E045E04500437042F042504D7
:1090A0001B0411040704FD03F103E703DD03D503EB
:1090B000CB03C103B703AD03A10397038D03830360
:1090C0007B03710367035D03510347033D033303D0
:1090D0002903210317030D030103F702ED02E30245
:1090E000D902CF02C702B902AD02A30299028F02D0
:1090F00085027B02710269025D02530247023B0254
:109100002F02230217020B02F701EB01E101D70145
:10911000CD01C301B901AF01A3019B017301A50EEC
:109120007A0E510E280EFF0DD30DAB0D7E0D550F8F
:10913000280FFB0ECE0EB10F820FDE0F330CD612AE
:109140006412AC12B410001336128E12A20C081264
:10915000DA113B100A107E114E11AF11730ACE14B2
:109160005C13A914DD0C8214EE106014070CE80BDC
:10917000A70BC90B880B690B470B3C0B1D0BDC15B0
:10918000BD152F162A131515F31434156B0C0D1479
:10919000E31361157A103A0A0A0AC413FD09C117CC
:1091A0005015710D610D510D230D0F0D020D3D1167
:1091B0002C1125111511E4175F16D217260CB313C5
:1091C000A21391138113B11781172118950C0C1854
:1091D000FB174D18A4104518FD153318640A6C17B9
:1091E0004E165917DE10491737143717D00C120BCB
:1091F000010BF40AE40ADC0AB80AA60A980AE8167F
:10920000D616F9164B13B4169016C4165D0C171724
:109210000517221769102F178B152101521A316873
:1092200063EB00038A4273F10003FFF4E7AE002012
:109230000AF0FCF92B6833B906F01AFED4E90E23C4
:10924000C4E91623DAE601200AF0F0F92B68002BB6
:10925000F2D001200AF0EAF92B68002BF3D1EBE7FA
:10926000A089E189023880B2A08105F079FA38231B
:10927000E381A36B0B33A363E36B43F10003E3636D
:10928000D4E9120150EA010307D0D4E90E32C01A22
:1092900061EB02010029C2F24D87236D002B2EDB0A
:1092A000626A002A02F01987A26A002A42F0158732
:1092B000BAF1760FE18902D1013189B2E181A08949
:1092C000023880B2A08105F04BFA01226621A36B1F
:1092D000A262627E0B33A36302F101036376E36B48
:1092E000E18143F10003E363D9F8003084F81B8087
:1092F000012B02F02387236D002B3FF763AE384626
:10930000BDE8F88F6278E17853100A448910D2B230
:1093100001F0220103F044030B43D11001F01101CD
:109320000B43A04903F00700084401EB1311097E29
:10933000037C62700B4302F028010B430AB943F02F
:1093400040032370A36B0433A363E36B43F1000377
:10935000E36395E7A36B0433A363E36B43F100037B
:10936000E3638DE7E08804F0C1FAA36B6070073314
:10937000A363E36B43F10003E36381E7A36B04336F
:10938000A363E36B43F10003E363A379637077E7BF
:10939000A36B0433A363E36B43F10003E363E3795B
:1093A00063706DE7A36B0433A363E36B43F10003C6
:1093B000E3632379637063E7A36B0433A363E36B15
:1093C00043F10003E3636379637059E7A36B0433EC
:1093D000A363E36B43F10003E363A37863704FE798
:1093E000A36B0433A363E36B43F10003E363E3780C
:1093F000637045E76178E08804F024FEA36B0733CF
:10940000A363E36B43F10003E36339E7E36A722B81
:1094100003F07280644A1268012A03F06A80E389CB
:10942000013BE381A36B0433A363E36B43F10003CC
:10943000E36325E7A179E08804F004FEA36B07331A
:10944000A363E36B43F10003E36319E7E179E08889
:1094500004F0F8FDA36B0733A363E36B43F1000350
:10946000E3630DE72179E08804F0ECFDA36B07339B
:10947000A363E36B43F10003E36301E76179E088F1
:1094800004F0E0FDA36B0733A363E36B43F1000338
:10949000E363F5E6A178E08804F0D4FDA36B07331D
:1094A000A363E36B43F10003E363E9E6E178E0885B
:1094B00004F0C8FDA36B0733A363E36B43F1000320
:1094C000E363DDE6A36B0433A363E36B43F10003C3
:1094D000E3636378A371D3E6E08804F007FAA36B33
:1094E000A0710733A363E36B43F10003E363C7E6B3
:1094F000A36B0433A363E36B43F10003E363BFE6B1
:10950000A36B0433A363E36B43F10003E363E379E9
:10951000A371B5E6A36B0433A363E36B43F10003CC
:10952000E3632379A371ABE6A36B0433A363E36B1B
:1095300043F10003E3636379A371A1E6A36B0433F2
:10954000A363E36B43F10003E363A378A37197E69E
:10955000A36B0433A363E36B43F10003E363E3789A
:10956000A3718DE6A36B0433A363E36B43F10003A4
:10957000E3636378E37183E6E08804F0B7F9A36BF3
:10958000E0710733A363E36B43F10003E36377E622
:10959000A36B0433A363E36B43F10003E363A37999
:1095A000E3716DE6F0480210A00B0020A36B0433BA
:1095B000A363E36B43F10003E36361E6A36B04334E
:1095C000A363E36B43F10003E3632379E37157E69D
:1095D000A36B0433A363E36B43F10003E363637999
:1095E000E3714DE6A36B0433A363E36B43F1000324
:1095F000E363A378E37143E6A36B0433A363E36BF4
:1096000043F10003E363E378E37139E6A36B0433CA
:10961000A363E36B43F10003E363637823712FE6F5
:10962000E08804F063F9A36B20710733A363E36B55
:1096300043F10003E36323E6A36B0433A363E36B0B
:1096400043F10003E363A379237119E6A36B0433A9
:10965000A363E36B43F10003E363E37923710FE654
:10966000A36B0433A363E36B43F10003E36307E6F7
:10967000A36B0433A363E36B43F10003E3636379F8
:109680002371FDE5A36B0433A363E36B43F1000394
:10969000E363A3782371F3E5A36B0433A363E36B64
:1096A00043F10003E363E3782371E9E5A36B04333B
:1096B000A363E36B43F10003E36363786371DFE566
:1096C000E08804F013F9A36B60710733A363E36BC5
:1096D00043F10003E363D3E5A36B0433A363E36BBC
:1096E00043F10003E363A3796371C9E5A36B04331A
:1096F000A363E36B43F10003E363E3796371BFE5C5
:10970000A36B0433A363E36B43F10003E3632379A7
:109710006371B5E5A36B0433A363E36B43F100030B
:10972000E363ADE5A36B0433A363E36B43F1000391
:10973000E363A3786371A3E5A36B0433A363E36BD3
:1097400043F10003E363E378637199E5A36B0433AA
:10975000A363E36B43F10003E3636378A3708FE5D6
:10976000E08804F0C3F8A36BA0700733A363E36B36
:1097700043F10003E36383E5A36B0433A363E36B6B
:1097800043F10003E363A379A37079E5A36B04338A
:10979000A363E36B43F10003E363E379A3706FE535
:1097A000A36B0433A363E36B43F10003E363237907
:1097B000A37065E5A36B0433A363E36B43F100037C
:1097C000E3636379A3705BE5A36B0433A363E36B8B
:1097D00043F10003E36353E5A36B0433A363E36B3B
:1097E00043F10003E363E378A37049E5A36B04331B
:1097F000A363E36B43F10003E3636378E3703FE546
:10980000E08804F073F8A36BE0700733A363E36BA5
:1098100043F10003E36333E5A36B0433A363E36B1A
:1098200043F10003E363A379E37029E5A36B0433F9
:10983000A363E36B43F10003E363E379E3701FE5A4
:10984000A36B0433A363E36B43F10003E363237966
:10985000E37015E5A36B0433A363E36B43F10003EB
:10986000E3636379E3700BE5A36B0433A363E36BFA
:1098700043F10003E363A378E37001E5A36B0433D2
:10988000A363E36B43F10003E363F9E4A36B227882
:1098900004336178A36322F03A0301F0280183F0D6
:1098A00001034FEA021243EA010302F0100243EA05
:1098B00002032370E36B43F10003E363E0E4E08918
:1098C000431CE38104F012F8A36B60700733A363B9
:1098D000E36B43F10003E363D2E46378013BDBB263
:1098E0007F2B637002F0AC8603F00F020F2A02F0A8
:1098F00090874221002B42F0CE87227803F0280384
:1099000002F0010213431943A36B21700433A363D4
:10991000E36B43F10003E363B2E463780133DBB24A
:10992000802B637002F089861A0742F07E86002B36
:1099300042F090875021227803F0280302F00102C0
:1099400013431943A36B21700433A363E36B43F107
:109950000003E36394E4E08904F0F6FE03F0C6FF3D
:10996000A36B60700D33A363E38903F10203E3810A
:10997000E36B43F10003E36382E4E388A1895A12B5
:109980000B4489129BB201F0220102F044020A4307
:10999000D91201F01101E3801B120A4303F02801E0
:1099A000AA4B02F00700184403EB1212037C207844
:1099B000127E20F03B0002F00102034313430B43ED
:1099C0002370A36B0B33A363E36B43F10003E363E7
:1099D00056E42378E0895B0642F1BF85A36B013032
:1099E0000733A363E36BE08143F10003E36347E4E0
:1099F00021786378CA0142EA5302D2B203F001032C
:109A000021F03B010B43627002F0280213432370E4
:109A1000A36B0433A363E36B43F10003E3632FE41D
:109A20002378E089DA0742F16586A36B01300733BA
:109A3000A363E36BE08143F10003E36320E4637815
:109A4000A26BDB4321780432DBB221F03A01A2633E
:109A50006370E26B03F0280343EA010342F1000262
:109A600043F01203E26323700AE4E089431CE381BC
:109A700003F03CFFA36BA0710733A363E36B43F1D7
:109A80000003E363FFF7FCBBA379013BDBB27F2B51
:109A9000A37102F0E38503F00F020F2A02F0A18602
:109AA0004221002B42F0F186227803F0280302F0D5
:109AB000010213431943A36B21700433A363E36BC7
:109AC00043F10003E363FFF7DBBBA3790133DBB2B0
:109AD000802BA37102F0A6851A0742F09B85002B0C
:109AE00042F0BE865021227803F0280302F00102E2
:109AF00013431943A36B21700433A363E36B43F156
:109B00000003E363FFF7BCBBE08904F01DFE04F033
:109B10001BFEA36BE0801033A363E38903F1020310
:109B2000E381E36B43F10003E363FFF7A9BBE37851
:109B3000E089013BDBB2E370002B42F0EC85A36BC4
:109B400001300833A363E36BE08143F10003E36377
:109B5000FFF796BB637821785A0813F0010318BF0A
:109B600042F0800221F03B0162700B4302F02802B8
:109B700013432370A36B0433A363E36B43F100032C
:109B8000E363FFF77DBB2378E089DB0702F169859A
:109B9000A36B01300733A363E36BE08143F1000360
:109BA000E363FFF76DBB2378627823F03B0302F099
:109BB0002802134343F001032370A36B0433A36310
:109BC000E36B43F10003E363FFF75ABBE089B4F8AA
:109BD00006B0431CE38103F089FE0146584604F0B9
:109BE00031FAA36B0A33A363E36B43F10003E3632E
:109BF000FFF746BBE08803F079FE00F1FF3B5FFA18
:109C00008BFB5946E08804F01DFABBF17F0F02F090
:109C10004A850BF00F030F2B02F0EB854222BBF1BC
:109C2000000F42F0418623780BF0280B03F001036C
:109C300043EA0B031A43A36B22700B33A363E36B5A
:109C400043F10003E363FFF71BBB00BFF0480210C2
:109C5000E08803F04BFE00F1010B5FFA8BFB5946E5
:109C6000E08804F0EFF9BBF1800F02F027851BF0CC
:109C70000F0F42F01B85BBF1000F42F0E28550222E
:109C800023780BF0280B03F0010343EA0B031A437C
:109C9000A36B22700B33A363E36B43F10003E36315
:109CA000FFF7EEBAE08904F04FFD617804F0CAF9DD
:109CB000A36B0D33A363E38903F10203E381E36B39
:109CC00043F10003E363FFF7DBBAE08903F00EFE24
:109CD000A26B43B20C32A263E28903F10103134485
:109CE000E381E36B43F10003E363FFF7C9BA227832
:109CF000617802F0010343EA4103DBB2637003F0D1
:109D0000280322F03B0243EAD11313432370A36BD1
:109D10000433A363E36B43F10003E363FFF7B0BADB
:109D2000E089431CE38103F0E1FDA36B607107331D
:109D3000A363E36B43F10003E363FFF7A1BA637925
:109D4000013BDBB27F2B637102F0618403F00F02F1
:109D50000F2A02F056854221002B42F0938522788B
:109D600003F0280302F0010213431943A36B21708F
:109D70000433A363E36B43F10003E363FFF780BAAB
:109D800063790133DBB2802B637102F03D841A07E3
:109D900042F03284002B42F060855021227803F09B
:109DA000280302F0010213431943A36B217004330B
:109DB000A363E36B43F10003E363FFF761BA6178E8
:109DC000A08804F03FF9A36B0733A363E36B43F16F
:109DD0000003E363FFF754BA2378E089590602F1E0
:109DE0005184A36B01300733A363E36BE08143F13C
:109DF0000003E363FFF744BA94F800C063780CF003
:109E0000010E0CF010021CF0020C184603F00F01BA
:109E100002F0FD81BEF1000F42F00F82992B02F398
:109E20000C82002A42F01F85092942F23185063B47
:109E300019460638C0B242EA0C0223F05703134316
:109E4000B64A607002EB4102B2F92000B1FA81F12A
:109E5000003818BF0120A26B49090432A263E26BEB
:109E600043EA811342F1000243EA8003E263237074
:109E7000FFF706BAA36B22880433A363E36B43F1B5
:109E80000003E363238A22822380FFF7F9B994F960
:109E900001206378002AC2F2498200225B00DBB213
:109EA0002178637021F03B0103F028030A43134338
:109EB0002370A36B0433A363E36B43F10003E363F9
:109EC000FFF7DEB9E089431CE38103F00FFDA36BCC
:109ED000E0700733A363E36B43F10003E363FFF731
:109EE000CFB9E378013BDBB27F2BE37002F046830E
:109EF00003F00F020F2A02F05C844221002B42F093
:109F0000CD84227803F0280302F0010213431943A1
:109F1000A36B21700433A363E36B43F10003E3639A
:109F2000FFF7AEB9A36B0633A363A38903F1FF3335
:109F3000A381E36B43F10003E363FFF7A1B9237946
:109F40000133DBB2802B237102F03A82180742F012
:109F50002F82002B42F06F845021227803F02803D7
:109F600002F0010213431943A36B21700433A3636E
:109F7000E36B43F10003E363FFF782B9A36B06339E
:109F8000A363A38803F1FF33A380E36B43F10003D2
:109F9000E363FFF775B9A08803F0A8FCA36B6070BA
:109FA0000733A363E36B43F10003E363FFF768B98F
:109FB000E388A1885A120B4489129BB201F0220156
:109FC00002F044020A43D91201F01101E3801B128E
:109FD0000A4303F02801514B02F00700184403EB39
:109FE0001212037C2078127E20F03B0002F0010266
:109FF000034313430B432370A36B0B33A363E36B44
:10A0000043F10003E363FFF73BB9A36B0633A3639C
:10A01000E38803F1FF33E380E36B43F10003E36381
:10A02000FFF72EB9E0883D4942004312801292B2F8
:10A0300000F0220003F044030343D01200F01100AB
:10A04000034303F00700084401EB1311037C20785D
:10A05000097E20F03B00E28001F00101121203436F
:10A0600002F028020B4313432370A36B0B33A3634B
:10A07000E36B43F10003E363FFF702B9E3790133D4
:10A08000DBB2802BE37102F0E682190742F0DB823B
:10A09000002B42F0D3835021227803F0280302F0F2
:10A0A000010213431943A36B21700433A363E36BD1
:10A0B00043F10003E363FFF7E3B8A36B0633A36345
:10A0C000E38803F10103E380E36B43F10003E363FF
:10A0D000FFF7D6B8E08904F037FBE18804F040FBD5
:10A0E000A36B1033A363E38903F10203E381E36B02
:10A0F00043F10003E363FFF7C3B8E08904F024FBF6
:10A10000A36BE0800A33A363E38903F10203E381D5
:10A11000E36B43F10003E363FFF7B2B8F0480210CA
:10A12000E089431CE38103F0E1FBA36BE07107339B
:10A13000A363E36B43F10003E363FFF7A1B8E379A3
:10A14000013BDBB27F2BE37102F0BB8203F00F0215
:10A150000F2A02F036834221002B42F0A883227896
:10A1600003F0280302F0010213431943A36B21708B
:10A170000433A363E36B43F10003E363FFF780B8A9
:10A18000A36B0633A363A38903F10103A381E36BEC
:10A1900043F10003E363FFF773B8E08904F0D4FAF6
:10A1A000A36BA0810A33A363E38903F10203E38174
:10A1B000E36B43F10003E363FFF762B8A378013375
:10A1C000DBB2802BA37002F09282190742F08782E3
:10A1D000002B42F039835021227803F0280302F04B
:10A1E000010213431943A36B21700433A363E36B90
:10A1F00043F10003E363FFF743B8A36B0633A363A4
:10A20000638803F1FF336380E36B43F10003E3638F
:10A21000FFF736B8608803F069FBA36B6070073303
:10A22000A363E36B43F10003E363FFF729B8E3881B
:10A2300061885A120B4489129BB201F0220102F08C
:10A2400044020A43D91201F01101E3801B120A43B0
:10A2500003F02801AA4B02F00700184403EB121286
:10A26000037C2078127E20F03B0002F001020343C1
:10A2700013430B432370A36B0B33A363E36B43F1D3
:10A280000003E363FEF7FCBFE089431CE38103F0B6
:10A290002DFBA36BA0700733A363E36B43F10003B3
:10A2A000E363FEF7EDBFA378013BDBB27F2BA37026
:10A2B00002F09F8103F00F020F2A02F08A824221EE
:10A2C000002B42F0DC82227803F0280302F0010226
:10A2D00013431943A36B21700433A363E36B43F16E
:10A2E0000003E363FEF7CCBFE3780133DBB2802BDE
:10A2F000E37002F0F181180742F0E681002B42F092
:10A30000A6825021227803F0280302F001021343B1
:10A310001943A36B21700433A363E36B43F1000380
:10A32000E363FEF7ADBF6178608803F08BFEA36B3B
:10A330000733A363E36B43F10003E363FEF7A0BFBE
:10A34000E08904F001FAA36B60800A33A363E38918
:10A3500003F10203E381E36B43F10003E363FEF7E0
:10A360008FBFA36B0633A363638803F1010363808C
:10A37000E36B43F10003E363FEF782BFA36B063395
:10A38000A363A38803F10103A380E36B43F10003FC
:10A39000E363FEF775BFE08904F0D6F9A36BA080F4
:10A3A0000A33A363E38903F10203E381E36B43F11F
:10A3B0000003E363FEF764BFE089431CE38103F01D
:10A3C00095FAA36B20710733A363E36B43F100039A
:10A3D000E363FEF755BF2379013BDBB27F2B23718B
:10A3E00001F0E38703F00F020F2A02F0DA81422125
:10A3F000002B42F05682227803F0280302F001027B
:10A4000013431943A36B21700433A363E36B43F13C
:10A410000003E363FEF734BF23785A0642F18C80D1
:10A42000A36B0533A363E36B43F10003E363FEF720
:10A4300027BFE08803F05AFA62784FEAA00C531065
:10A440000CF0220C121A03F0440343EA0C034FEA07
:10A45000E20C2B490CF0110C43EA0C0303F0070C3F
:10A4600001EB13131B7A11F80C1000F028000B43BA
:10A4700043F00203D2B203430AB943F0400323700E
:10A48000A36B0733A363E36B43F10003E363FEF7BE
:10A49000F7BEA179637888105A1A5B1000F0220089
:10A4A00003F044030343D01000F011000343D0B283
:10A4B000134A03F0070C02EB13131B7A12F80C205B
:10A4C00001F0280113430B43002801F0DE8643F01E
:10A4D00002032370A36B0433A363E36B43F1000314
:10A4E000E363FEF7CDBE23785A0741F1D187A36B12
:10A4F0000533A363E36B43F10003E363FEF7C0BEE0
:10A50000F04802106278E3781340A84A637002EBC7
:10A510004302B2F92020002A15BF94209020542233
:10A52000502214BF1421102123B113F0800F14BF47
:10A5300002460A4603F028031A43A36B2270043331
:10A54000A363E36B43F10003E363FEF799BE94F961
:10A550000030002B81F2F186A36B0533A363E36B1C
:10A5600043F10003E363FEF78BBEA089E189023863
:10A5700080B2A08104F0F4F82823E381A36B0B33AD
:10A58000A363E36B43F10003E363FEF779BEE08965
:10A59000431CE38103F0AAF96378844A4340DBB2A9
:10A5A00002EB4302B2F920206370003A18BF012287
:10A5B0009200002B41F0258642F0400203F0280370
:10A5C0001A43A36B22700733A363E36B43F10003C9
:10A5D000E363FEF755BE637E01336376FAF76CF8EA
:10A5E0000746FEF74DBE2378E0895B0701F18987B6
:10A5F000A36B02300A33A363E36BE08143F10003F2
:10A60000E363FEF73DBEA36BA2880433A363E36B51
:10A6100043F10003E363E388E280A380FEF730BEEA
:10A620002378E0895A0701F18287831C9BB2E3817A
:10A63000A36B0A33A363E36B43F10003E363FEF709
:10A640001FBEA36B0433A363E36B43F10003E36317
:10A65000E388E381FEF714BE6378E2781A43534B34
:10A66000627003EB4203B3F92030003B18BF0123B3
:10A670009B00002A41F0358643F0400302F0280297
:10A6800013432370A36B0433A363E36B43F1000311
:10A69000E363FEF7F5BD44232380A36B0433A36378
:10A6A000E36B43F10003E363FEF7EABDE08803F0E8
:10A6B0001DF963783D4A4340DBB202EB4302B2F935
:10A6C00020206370003A18BF01229200002B41F055
:10A6D0000E8642F0400203F028031A43A36B227057
:10A6E0000733A363E36B43F10003E363FEF7C8BDE5
:10A6F0006378A2795A402D4B627003EB4203B3F9A1
:10A700002030003B18BF01239B00002A41F0C18587
:10A7100043F0400302F0280213432370A36B043379
:10A72000A363E36B43F10003E363FEF7A9BD637822
:10A73000E2795A401D4B627003EB4203B3F92030BB
:10A74000003B18BF01239B00002A41F0AE8543F077
:10A75000400302F0280213432370A36B0433A36366
:10A76000E36B43F10003E363FEF78ABD637862792C
:10A770005A400E4B627003EB4203B3F92030003BAA
:10A7800018BF01239B00002A41F0898543F0400354
:10A7900002F0280213432370A36B0433A363E36B1B
:10A7A00043F10003E363FEF76BBD00BFF048021006
:10A7B000637822795A40AA4B627003EB4203B3F9E3
:10A7C0002030003B18BF01239B00002A41F0738515
:10A7D00043F0400302F0280213432370A36B0433B9
:10A7E000A363E36B43F10003E363FEF749BD6378C2
:10A7F000A2785A409A4B627003EB4203B3F92030BF
:10A80000003B18BF01239B00002A41F0858543F0DF
:10A81000400302F0280213432370A36B0433A363A5
:10A82000E36B43F10003E363FEF72ABD6378E2784C
:10A830005A408B4B627003EB4203B3F92030003B6C
:10A8400018BF01239B00002A41F0458543F04003D7
:10A8500002F0280213432370A36B0433A363E36B5A
:10A8600043F10003E363FEF70BBD2378D80741F102
:10A87000AF86A36B0533A363E36B43F10003E3638C
:10A88000FEF7FEBC6278E1785310521A8910D2B2FA
:10A8900001F0220103F044030B43D11001F0110138
:10A8A0000B436F4903F0070001EB13131B7A095C9C
:10A8B00062700B4302F028010B43002A01F0288547
:10A8C00043F002032370A36B0433A363E36B43F1F0
:10A8D0000003E363FEF7D4BC94F90030002BC1F20F
:10A8E0003287A36B0533A363E36B43F10003E36398
:10A8F000FEF7C6BCE178637888105A1A5B1000F046
:10A90000220003F044030343D01000F0110003437E
:10A91000D0B2534A03F0070C02EB13131B7A12F860
:10A920000C2001F0280113430B43002801F0A984F7
:10A9300043F002032370A36B0433A363E36B43F17F
:10A940000003E363FEF79CBC2378D90701F12F864F
:10A95000A36B0533A363E36B43F10003E363FEF7EB
:10A960008FBC6378E17820785A1A00F00100121A3F
:10A970005B108910D2B201F0220103F044030B43B3
:10A98000D11001F011010B43354903F0070001EB31
:10A9900013131B7A095C62700B4302F028010B430E
:10A9A000002A01F0228443F002032370A36B0433D6
:10A9B000A363E36B43F10003E363FEF761BC237819
:10A9C0005B0701F1E184A36B0533A363E36B43F100
:10A9D0000003E363FEF754BC6278E3791340204A36
:10A9E000637002EB4302B2F92020002A15BF9420C5
:10A9F00090205422502214BF1421102123B113F0AF
:10AA0000800F14BF02460A4603F028031A43A36BC3
:10AA100022700433A363E36B43F10003E363FEF7A7
:10AA20002FBC23785B0601F1F684A36B0533A36387
:10AA3000E36B43F10003E363FEF722BCA089E189E5
:10AA4000023880B2A08103F08BFE0023E381A36B68
:10AA50000B33A363E36B43F10003E363FEF710BC26
:10AA6000F0480210E089431CE38102F03FFF627866
:10AA7000BC4953100244D2B203F0440C831003F0DB
:10AA80002203D01000F011004CEA0303034303F04B
:10AA90000700084401EB1311097E037C62700B432D
:10AAA00002F028010B430AB943F040032370A36B63
:10AAB0000733A363E36B43F10003E363FEF7E0BBFB
:10AAC000A0896188023880B2A08103F049FEA36B9F
:10AAD0000B33A363E36B43F10003E363FEF7D0BBE7
:10AAE0002378E089590641F1A784A36B02300A3329
:10AAF000A363E36BE08143F10003E363FEF7C0BBB4
:10AB0000E08903F021FEA36BE0810A33A363E36BCA
:10AB100043F10003E363FEF7B3BB6378E178227887
:10AB2000C81802F0010202445B108910D2B201F091
:10AB3000220103F044030B43D11001F011010B4338
:10AB4000884903F00700084401EB1311097E037CD8
:10AB500062700B4302F028010B430AB943F0400333
:10AB60002370A36B0433A363E36B43F10003E3633C
:10AB7000FEF786BB62787B48510053109210C9B231
:10AB800002F0220203F044031343CA1002F0110240
:10AB9000134303F00702024400EB1310137C027E00
:10ABA0006170134301F02802134309B943F04003D5
:10ABB0002370A36B0433A363E36B43F10003E363EC
:10ABC000FEF75EBBE08802F091FE627865495310A3
:10ABD0000244D2B203F0440C831003F02203D010DD
:10ABE00000F011004CEA0303034303F0070008449C
:10ABF00001EB1311097E037C62700B4302F0280104
:10AC00000B430AB943F040032370A36B0733A363DC
:10AC1000E36B43F10003E363FEF732BB6278A17993
:10AC200053100A448910D2B201F0220103F0440308
:10AC30000B43D11001F011010B434A4903F0070007
:10AC4000084401EB1311097E037C62700B4302F090
:10AC500028010B430AB943F040032370A36B04336C
:10AC6000A363E36B43F10003E363FEF709BB627880
:10AC7000E17953100A448910D2B201F0220103F0A5
:10AC800044030B43D11001F011010B43354903F08C
:10AC90000700084401EB1311097E037C62700B432B
:10ACA00002F028010B430AB943F040032370A36B61
:10ACB0000433A363E36B43F10003E363FEF7E0BAFD
:10ACC0006278217953100A448910D2B201F022012E
:10ACD00003F044030B43D11001F011010B43214950
:10ACE00003F00700084401EB1311097E037C627036
:10ACF0000B4302F028010B430AB943F040032370D1
:10AD0000A36B0433A363E36B43F10003E363FEF738
:10AD1000B7BA6278617953100A448910D2B201F04F
:10AD2000220103F044030B43D11001F011010B4346
:10AD30000C4903F00700084401EB1311097E037C62
:10AD400062700B4302F028010B430AB943F0400341
:10AD50002370A36B0433A363E36B43F10003E3634A
:10AD6000FEF78EBAF04802106278A17853100A44B8
:10AD70008910D2B201F0220103F044030B43D11039
:10AD800001F011010B43C24903F00700084401EB35
:10AD90001311097E037C62700B4302F028010B4300
:10ADA0000AB943F040032370A36B0433A363E36B3E
:10ADB00043F10003E363FEF763BA6378E179227835
:10ADC000C81802F0010202445B108910D2B201F0EF
:10ADD000220103F044030B43D11001F011010B4396
:10ADE000AB4903F00700084401EB1311097E037C13
:10ADF00062700B4302F028010B430AB943F0400391
:10AE00002370A36B0433A363E36B43F10003E36399
:10AE1000FEF736BA637821792278C81802F0010269
:10AE200002445B108910D2B201F0220103F0440306
:10AE30000B43D11001F011010B43954903F00700BA
:10AE4000084401EB1311097E037C62700B4302F08E
:10AE500028010B430AB943F040032370A36B04336A
:10AE6000A363E36B43F10003E363FEF709BA63787E
:10AE700061792278C81802F0010202445B1089103F
:10AE8000D2B201F0220103F044030B43D11001F0D0
:10AE900011010B437E4903F00700084401EB131135
:10AEA000097E037C62700B4302F028010B430AB950
:10AEB00043F040032370A36B0433A363E36B43F1BC
:10AEC0000003E363FEF7DCB96378A1782278C81841
:10AED00002F0010202445B108910D2B201F022019B
:10AEE00003F044030B43D11001F011010B436849F7
:10AEF00003F00700084401EB1311097E037C627024
:10AF00000B4302F028010B430AB943F040032370BE
:10AF1000A36B0433A363E36B43F10003E363FEF726
:10AF2000AFB9E08802F0E2FC2378627803F0010315
:10AF30001344034452108010DBB200F0220002F0F0
:10AF400044020243D81000F011000243504902F0BD
:10AF50000700084401EB1211097E027C63700A436A
:10AF600003F028010A430BB942F04002A36B2270A0
:10AF70000733A363E36B43F10003E363FEF780B998
:10AF80006378A1792278C81802F0010202445B10AC
:10AF90008910D2B201F0220103F044030B43D11017
:10AFA00001F011010B433A4903F00700084401EB9B
:10AFB0001311097E037C62700B4302F028010B43DE
:10AFC0000AB943F040032370A36B0433A363E36B1C
:10AFD00043F10003E363FEF753B92278617802F08E
:10AFE000010202EB41024B108910D2B201F02201A2
:10AFF00003F044030B43D11001F011010B4324492A
:10B0000003F00700084401EB1311097E037C627012
:10B010000B4302F028010B430AB943F040032370AD
:10B02000A36B0433A363E36B43F10003E363FEF715
:10B0300027B96378E17920785A1A00F00100121AD2
:10B040005B108910D2B201F0220103F044030B43DC
:10B05000D11001F011010B430D4903F0070001EB82
:10B0600013131B7A095C62700B4302F028010B4337
:10B07000002A01F08D8043F002032370A36B043398
:10B08000A363E36B43F10003E363FEF7F9B800BF8A
:10B09000F04802106378217920785A1A00F00100F4
:10B0A000121A5B108910D2B201F0220103F044039E
:10B0B0000B43D11001F011010B43AF4903F007001E
:10B0C00001EB13131B7A095C62700B4302F0280139
:10B0D0000B43002A01F0828043F002032370A36B2C
:10B0E0000433A363E36B43F10003E363FEF7C8B8E3
:10B0F00094F90030E089002BC1F23883A36B023051
:10B100000A33A363E36BE08143F10003E363FEF7DB
:10B11000B7B8E179637888105A1A5B1000F0220002
:10B1200003F044030343D01000F011000343D0B2F6
:10B13000914A03F0070C02EB13131B7A12F80C2050
:10B1400001F0280113430B43002801F08E8043F0E7
:10B1500002032370A36B0433A363E36B43F1000387
:10B16000E363FEF78DB82378E089D90701F10982FE
:10B17000A36B02300A33A363E36BE08143F1000366
:10B18000E363FEF77DB86278E1795310521A8910B3
:10B19000D2B201F0220103F044030B43D11001F0BD
:10B1A00011010B43744903F0070001EB13131B7AE1
:10B1B000095C62700B4302F028010B43002A01F086
:10B1C0001C8043F002032370A36B0433A363E36B7F
:10B1D00043F10003E363FEF753B82378E0895A078D
:10B1E00041F14081A36B02300A33A363E36BE0813A
:10B1F00043F10003E363FEF743B8E08802F076FB17
:10B2000063785D4A034002EB4302B2F92020637089
:10B21000002A15BF942090205422502214BF1421DC
:10B22000102123B113F0800F14BF02460A4603F029
:10B2300028031A43A36B22700733A363E36B43F124
:10B240000003E363FEF71CB82378E0895A0601F196
:10B250003081A36B02300A33A363E36BE08143F1D7
:10B260000003E363FEF70CB8637E01336376FBF7FC
:10B270001BF8FEF705B82378E089590601F12F8104
:10B28000831C9BB2E381A36B0A33A363E36B43F19B
:10B290000003E363FDF7F4BFA08903F055FAA36B45
:10B2A000E0810A33A363A38903F10203A381E36B63
:10B2B00043F10003E363FDF7E3BFE08802F016FB10
:10B2C0002278637802F001029A1A121A5B10801039
:10B2D000D2B200F0220003F044030343D010264909
:10B2E00000F01100034303F0070001EB13131B7A76
:10B2F000095C62700B4302F028010B43002A00F046
:10B300002F8743F002032370A36B0733A363E36B20
:10B3100043F10003E363FDF7B3BF6378A1792078BD
:10B320005A1A00F00100121A5B108910D2B201F013
:10B33000220103F044030B43D11001F011010B4330
:10B340000D4903F0070001EB13131B7A095C6270CF
:10B350000B4302F028010B43002A00F0B28743F0B0
:10B3600002032370A36B0433A363E36B43F1000375
:10B37000E363FDF785BF00BFF048021061782278D3
:10B380004B1042F300028910D2B201F0220103F007
:10B3900044030B43D11001F011010B43C44903F0E6
:10B3A000070001EB13131B7A095C62700B4302F078
:10B3B00028010B43002A00F0EF8643F002032370BC
:10B3C000A36B0433A363E36B43F10003E363FDF773
:10B3D00057BF6378617920785A1A00F00100121A79
:10B3E0005B108910D2B201F0220103F044030B4339
:10B3F000D11001F011010B43AD4903F0070001EB3F
:10B4000013131B7A095C62700B4302F028010B4393
:10B41000002A00F0C58643F002032370A36B0433B7
:10B42000A363E36B43F10003E363FDF729BF637894
:10B43000A17820785A1A00F00100121A5B108910C6
:10B44000D2B201F0220103F044030B43D11001F00A
:10B4500011010B43964903F0070001EB13131B7A0C
:10B46000095C62700B4302F028010B43002A00F0D4
:10B47000878643F002032370A36B0433A363E36B5B
:10B4800043F10003E363FDF7FBBEE08802F02EFA10
:10B49000627881105310121AD2B201F0220103F027
:10B4A00044030B43D110DFF808C201F011010B4334
:10B4B00003F007010CEB13131CF801101B7A6270E8
:10B4C0000B4302F028010B43002A00F04D8643F0A5
:10B4D00002032370A36B0733A363E36B43F1000301
:10B4E000E363FDF7CDBE627861795310521A89107B
:10B4F000D2B201F0220103F044030B43D11001F05A
:10B5000011010B436A4903F0070001EB13131B7A87
:10B51000095C62700B4302F028010B43002A00F023
:10B520002B8643F002032370A36B0433A363E36B06
:10B5300043F10003E363FDF7A3BE00236278637069
:10B540005310921002F0220203F044031343584AAE
:10B5500003F0070102EB13131B7A525C134343F011
:10B5600042032370A36B0433A363E36B43F1000333
:10B57000E363FDF785BE627821795310521A891072
:10B58000D2B201F0220103F044030B43D11001F0C9
:10B5900011010B43464903F0070001EB13131B7A1B
:10B5A000095C62700B4302F028010B43002A00F093
:10B5B000DF8543F002032370A36B0433A363E36BC3
:10B5C00043F10003E363FDF75BBE6278A17853109B
:10B5D000521A8910D2B201F0220103F044030B4346
:10B5E000D11001F011010B43314903F0070001EBC9
:10B5F00013131B7A095C62700B4302F028010B43A2
:10B60000002A00F0C18543F002032370A36B0433CA
:10B61000A363E36B43F10003E363FDF731BE62789C
:10B62000A1795310521A8910D2B201F0220103F00D
:10B6300044030B43D11001F011010B431C4903F0EB
:10B64000070001EB13131B7A095C62700B4302F0D5
:10B6500028010B43002A00F0BA8543F0020323704F
:10B66000A36B0433A363E36B43F10003E363FDF7D0
:10B6700007BE6378E2791A430D4B627003EB420315
:10B68000B3F92030003B18BF01239B00002A40F093
:10B69000348643F0400302F0280213432370A36B67
:10B6A0000433A363E36B43F10003E363FDF7E8BDF9
:10B6B000F048021094F90030E089002B80F24E86A9
:10B6C000A36B02300A33A363E36BE08143F1000311
:10B6D000E363FDF7D5BD627863791340A34A6370D5
:10B6E00002EB4302B2F92020002A15BF94209020DB
:10B6F0005422502214BF1421102123B113F0800FC3
:10B7000014BF02460A4603F028031A43A36B2270B3
:10B710000433A363E36B43F10003E363FDF7B0BDC0
:10B720002378E089DB0740F15B86A36B02300A33A4
:10B73000A363E36BE08143F10003E363FDF7A0BD86
:10B74000E089431CE38102F0D1F8617805F04CF9FF
:10B75000A36B0B33A363E36B43F10003E363FDF7D8
:10B760008FBD2378E089DA0740F15086831C9BB2B5
:10B77000E381A36B0A33A363E36B43F10003E36349
:10B78000FDF77EBDA08902F0DFFFA36BA0800A3326
:10B79000A363A38903F10203A381E36B43F10003D5
:10B7A000E363FDF76DBD627870485310911001F0AE
:10B7B000220103F044030B4302F0280103F00702C7
:10B7C00000EB1313825C1B7A13430B4343F04203D9
:10B7D0002370A36B0433A363E36B43F10003E363C0
:10B7E000FDF74EBD6179637888105A1A5B1000F03E
:10B7F000220003F044030343D01000F01100034380
:10B80000D0B25A4A03F0070C02EB13131B7A12F85A
:10B810000C2001F0280113430B43002800F0C484DE
:10B8200043F002032370A36B0433A363E36B43F180
:10B830000003E363FDF724BDA178637888105A1AEA
:10B840005B1000F0220003F044030343D01000F02B
:10B8500011000343D0B2454A03F0070C02EB131367
:10B860001B7A12F80C2001F0280113430B43002827
:10B8700000F0BF8443F002032370A36B0433A3637F
:10B88000E36B43F10003E363FDF7FABCE089431C7B
:10B89000E38102F02BF86378344A034002EB430261
:10B8A000B2F920206370002A15BF94209020542202
:10B8B000502214BF1421102123B113F0800F14BFA4
:10B8C00002460A4603F028031A43A36B227007338B
:10B8D000A363E36B43F10003E363FDF7D1BC63783B
:10B8E000224A02EB4302B2F92020002A15BF94201D
:10B8F00090205422502214BF1421102123B113F0A0
:10B90000800F14BF02460A4603F028031A43A36BB4
:10B9100022700433A363E36B43F10003E363FDF799
:10B92000AFBC6278A3791340104A637002EB430204
:10B93000B2F92020002A15BF9420902054225022D2
:10B9400014BF1421102123B113F0800F14BF02463D
:10B950000A4603F028031A43A36B22700433A3633F
:10B96000E36B43F10003E363FDF78ABCF048021088
:10B97000627823791340A74A637002EB4302B2F95D
:10B980002020002A15BF942090205422502214BF5A
:10B990001421102123B113F0800F14BF02460A4670
:10B9A00003F028031A43A36B22700433A363E36BF1
:10B9B00043F10003E363FDF763BC6278A3781340AF
:10B9C000944A637002EB4302B2F92020002A15BFAB
:10B9D000942090205422502214BF1421102123B10E
:10B9E00013F0800F14BF02460A4603F028031A43DF
:10B9F000A36B22700433A363E36B43F10003E3639F
:10BA0000FDF73EBCE08801F071FF6378814A034393
:10BA1000DBB202EB4302B2F920206370003A18BF98
:10BA200001229200002B40F0C88342F0400203F054
:10BA300028031A43A36B22700733A363E36B43F11C
:10BA40000003E363FDF71CBC6378A2791A43714BD2
:10BA5000627003EB4203B3F92030003B18BF0123AF
:10BA60009B00002A40F0A48343F0400302F0280228
:10BA700013432370A36B0433A363E36B43F100030D
:10BA8000E363FDF7FDBB6278624B03EB4203B3F95E
:10BA90002030003B18BF01239B00002A40F0158492
:10BAA00043F0400302F0280213432370A36B0433D6
:10BAB000A363E36B43F10003E363FDF7E1BB23788A
:10BAC000E0895B0640F11085831C9BB2E381A36B88
:10BAD0000A33A363E36B43F10003E363FDF7D0BBD9
:10BAE0002179637888105A1A5B1000F0220003F065
:10BAF00044030343D01000F011000343D0B2454A81
:10BB000003F0070C02EB13131B7A12F80C2001F060
:10BB1000280113430B43002800F0648343F0020321
:10BB20002370A36B0433A363E36B43F10003E3636C
:10BB3000FDF7A6BBE089431CE38101F0D7FE6278E4
:10BB40004FEAA00C53100CF0220C121A03F044031D
:10BB500043EA0C034FEAE20C2E490CF0110C43EAC5
:10BB60000C0303F0070C01EB13131B7A11F80C10F4
:10BB700000F028000B4343F00203D2B203430AB99A
:10BB800043F040032370A36B0733A363E36B43F1DC
:10BB90000003E363FDF774BB637862791A431D4BBE
:10BBA000627003EB4203B3F92030003B18BF01235E
:10BBB0009B00002A40F0068343F0400302F0280275
:10BBC00013432370A36B0433A363E36B43F10003BC
:10BBD000E363FDF755BB6378A2781A430D4B62709F
:10BBE00003EB4203B3F92030003B18BF01239B0055
:10BBF000002A40F0358343F0400302F0280213434B
:10BC00002370A36B0433A363E36B43F10003E3638B
:10BC1000FDF736BBF0480210E089431CE38101F0D8
:10BC200065FE2278637802F001029A1A121A5B10FC
:10BC30008010D2B200F0220003F044030343D0107E
:10BC4000B54900F01100034303F0070001EB1313A3
:10BC50001B7A095C62700B4302F028010B43002A37
:10BC600000F0B98243F002032370A36B0733A36390
:10BC7000E36B43F10003E363FDF702BB63782279D2
:10BC80001A43A54B627003EB4203B3F92030003B2B
:10BC900018BF01239B00002A40F0EB8243F04003D1
:10BCA00002F0280213432370A36B0433A363E36BF6
:10BCB00043F10003E363FDF7E3BA2378E089590712
:10BCC00040F18183831C9BB2E381A36B0A33A3639E
:10BCD000E36B43F10003E363FDF7D2BAE089431C51
:10BCE000E38101F003FE2378627803F0010313443B
:10BCF000034452108010DBB200F0220002F0440234
:10BD00000243D81000F011000243834902F00700FB
:10BD1000084401EB1211097E027C63700A4303F0B0
:10BD200028010A430BB942F04002A36B227007338B
:10BD3000A363E36B43F10003E363FDF7A1BAE0897A
:10BD4000431CE38101F0D2FD6378734A0343DBB205
:10BD500002EB4302B2F920206370003A18BF0122BF
:10BD60009200002B40F0CF8242F0400203F0280303
:10BD70001A43A36B22700733A363E36B43F1000301
:10BD8000E363FDF77DBAA0892188023880B2A081E3
:10BD900002F0E6FCA36B0B33A363E36B43F10003F8
:10BDA000E363FDF76DBAA089E189023880B2A08112
:10BDB00002F0D6FC3023E381A36B0B33A363E36B68
:10BDC00043F10003E363FDF75BBA94F90030E089C7
:10BDD000002B80F2A782831C9BB2E381A36B0A3302
:10BDE000A363E36B43F10003E363FDF749BAA08962
:10BDF00002F0AAFCA36B20800A33A363A38903F19A
:10BE00000203A381E36B43F10003E363FDF738BA58
:10BE10000023A4F81B30A36B0433A363E36B43F14B
:10BE20000003E363FDF72CBA94F90030E089002B9E
:10BE3000C0F2B284831C9BB2E381A36B0A33A36379
:10BE4000E36B43F10003E363FDF71ABAA36B063318
:10BE5000A363E36B43F10003E363E388A381FDF78E
:10BE60000FBA40F20113A4F81B30A36B0433A36391
:10BE7000E36B43F10003E363FDF702BA637E2748F7
:10BE800001336376F9F782F9FDF7FAB9A089E18900
:10BE9000023880B2A08102F063FC2023E381A36B0F
:10BEA0000B33A363E36B43F10003E363FDF7E8B9EE
:10BEB000A089E188023880B2A08102F051FCA36B16
:10BEC0000B33A363E36B43F10003E363FDF7D8B9DE
:10BED000A08902F039FC8346E188A08902F040FC89
:10BEE000A36BA4F806B01333A363E36B43F1000321
:10BEF000E363FDF7C5B9A08902F026FCA36BE080DF
:10BF00000A33A363A38903F10203A381E36B43F123
:10BF10000003E363FDF7B4B9F04802104A130020B0
:10BF2000E089431CE38101F0E1FC62788110531049
:10BF3000121AD2B201F0220103F044030B43D110D4
:10BF4000DFF898C401F011010B4303F007010CEB7B
:10BF500013131CF801101B7A62700B4302F02801C6
:10BF60000B43002A00F08A8143F002032370A36B85
:10BF70000733A363E36B43F10003E363FDF780B989
:10BF8000A089A188023880B2A08102F0E9FBA36BEE
:10BF90000B33A363E36B43F10003E363FDF770B975
:10BFA000A08902F0D1FBA36B60800A33A363A3894D
:10BFB00003F10203A381E36B43F10003E363FDF7A5
:10BFC0005FB9A089E189023880B2A08102F0C8FB84
:10BFD0000823E381A36B0B33A363E36B43F10003FB
:10BFE000E363FDF74DB9E08902F0AEFB8346A0891B
:10BFF000E189023880B20231A08102F0B1FBA36B6B
:10C00000A4F80EB01133A363E36B43F10003E363C1
:10C01000FDF736B92378E089DB0700F1D881831C6E
:10C020009BB2E381A36B0A33A363E36B43F1000389
:10C03000E363FDF725B9A36BD4F812200433A3639F
:10C04000E36B43F10003E363D4F80230C4F8022049
:10C05000C4F81230E28AE388E280E382FDF710B987
:10C06000A089E189023880B2A08102F079FB102317
:10C07000E381A36B0B33A363E36B43F10003E3633F
:10C08000FDF7FEB8A089E189023880B2A08102F0F4
:10C0900067FB1823E381A36B0B33A363E36B43F1CB
:10C0A0000003E363FDF7ECB8637ECB4801336376AE
:10C0B000F9F76CF8FDF7E4B8E089431CE38101F07F
:10C0C00015FC05F089FCA36B60700A33A363E36B76
:10C0D00043F10003E363FDF7D3B8226A002A3DF47D
:10C0E0000BA9E27E012A7DF407A9BAF1FB0F3DF40A
:10C0F00003A9BAF1760FE18902D1013189B2E18158
:10C10000A089023880B2A08102F02AFB0023A4F8A3
:10C110001B30637E01336376637F012B14D8382391
:10C12000E381A36B0D33A363E36B43F10003E3638C
:10C13000FDF7E1B804F0C6F9FDF7AFB8002003F051
:10C14000E3FC236DFDF7D8B8022B7DF4D4A8207E44
:10C150000002FF3002F0F8FAA36BE0811333E2E74C
:10C1600043F04203FFF7CFB843F04203FFF7B1B902
:10C1700043F04203FFF71FBA43F04203FFF7D3B97E
:10C1800043F04203FFF777B943F04203FFF73DBAAC
:10C1900043F04203FEF771BF43F04203FFF70FB9CC
:10C1A00043F04203FFF739B943F04203FFF73ABBCC
:10C1B000100648BF43F0800358E4190648BF42F018
:10C1C000800234E4110648BF43F08003F6E443F0F4
:10C1D0004203FFF744BA43F0420345E543F042030C
:10C1E000FEF77CBF43F042039AE443F04203FEF7BC
:10C1F000DCBB43F04203FFF73FBB43F04203FEF7D3
:10C20000E2BF180648BF42F08002FEF7D7B9002A05
:10C2100040F09282092900F20C836246BEF1000FC1
:10C2200040F0A28203F4F87190290EDD6033D9B298
:10C23000084642F00102FDF7FEBD002A40F0F182FF
:10C24000092900D9063BA3F5B07313F4807FD9B256
:10C2500008460CBF42EA0E0242F00102FDF7EBBDB8
:10C26000100648BF43F08003C7E443F04203FEF7E3
:10C2700070BF100648BF43F0800311E543F042034E
:10C2800074E643F04203FEF755BB43F04203FEF76A
:10C2900020B9100648BF43F08003FEF73BBA1106F1
:10C2A00048BF43F08003FEF773BA110648BF43F05E
:10C2B0008003FEF74EBA100648BF43F08003FEF736
:10C2C00089BA43F04203FFF74CB8100648BF43F069
:10C2D0008003FFF7E7BB110648BF43F08003FEF77A
:10C2E000B7BA110648BF43F08003FEF7C7B9190675
:10C2F00048BF42F08002FEF7EEB9110648BF43F096
:10C300008003FFF7C8B9190648BF42F080022DE547
:10C3100043F04203FEF7D6BA100648BF43F080034D
:10C32000FEF777BA02F010FA83B256E5530043F0F5
:10C3300001030122DBB2FDF7B3BDA08902F004FACC
:10C34000A36BE0810B33A363A38903F10203A381F1
:10C35000E36B43F10003E363FCF792BF02F0F4F9EF
:10C360008346A089E189023880B20231A08102F0BF
:10C37000F7F9A36BA4F80EB01133A363E36B43F199
:10C380000003E363FCF77CBFA08902F0DDF9A36B37
:10C39000E0810B33A363A38903F10203A381E36B61
:10C3A00043F10003E363FCF76BBF1621FEF723B8EC
:10C3B0008022002113F0800F18BF1146FDF7CDBD7C
:10C3C0009421FDF7CABD02F0BFF983B27CE402F00C
:10C3D000BBF983B225E600BF48130020F0480210E5
:10C3E00002F0B2F98346A089E189023880B20231B5
:10C3F000A08102F0B5F9A36BA4F80EB01133A363CA
:10C40000E36B43F10003E363FCF73ABF02F09CF9EE
:10C4100083B2FFF7ADB9A08902F096F9A36BE08172
:10C420000B33A363A38903F10203A381E36B43F1FD
:10C430000003E363FCF724BF02F086F98346A0897A
:10C44000E189023880B20231A08102F089F9A36B40
:10C45000A4F80EB01133A363E36B43F10003E3636D
:10C46000FCF70EBF02F070F98346A089E18902381B
:10C4700080B20231A08102F073F9A36BA4F80EB070
:10C480001133A363E36B43F10003E363FCF7F8BEEE
:10C49000A08902F059F9A36BE0810B33A363A38950
:10C4A00003F10203A381E36B43F10003E363FCF7B1
:10C4B000E7BE02F049F98346A089E189023880B2DB
:10C4C0000231A08102F04CF9A36BA4F80EB0113335
:10C4D000A363E36B43F10003E363FCF7D1BE02F017
:10C4E00033F983B2FEF7CEBE02F02EF983B2FFF726
:10C4F000EDBA682B3CF493AF002001F08DF8FCF707
:10C5000091BF02F021F98346A089E189023880B207
:10C510000231A08102F024F9A36BA4F80EB011330C
:10C52000A363E36B43F10003E363FCF7A9BE02F0EE
:10C530000BF983B2FEF77BB8A08902F005F9A36B73
:10C54000E0810B33A363A38903F10203A381E36BAF
:10C5500043F10003E363FCF793BE01F0C7F9A26B5C
:10C5600043B20C32A263E28903F101031344E38175
:10C57000E36B43F10003E363FCF782BE1621FDF792
:10C58000C0BC02F0E1F88346A089E189023880B29C
:10C590000231A08102F0E4F8A36BA4F80EB01133CD
:10C5A000A363E36B43F10003E363FCF769BEA08977
:10C5B00002F0CAF8A36BE0810B33A363A38903F1F4
:10C5C0000203A381E36B43F10003E363FCF758BE6E
:10C5D000A08902F0B9F8A36BE0810B33A363A389B0
:10C5E00003F10203A381E36B43F10003E363FCF770
:10C5F00047BE1621FDF767BE8022002113F0800F91
:10C6000018BF1146FDF7CABB9421FDF7C7BB162121
:10C61000FDF7A5BB8022002113F0800F18BF114643
:10C62000FDF761BA9421FDF75EBA8022002113F074
:10C63000800F18BF1146FDF77EB99421FDF77BB935
:10C640001621FDF75AB98022002113F0800F18BF80
:10C650001146FDF721BD9421FDF71EBD1621FDF702
:10C6600023BA01F043F9A26B43B20C32A263E28910
:10C6700003F101031344E381E36B43F10003E3633C
:10C68000FCF7FEBD01F032F9A26B43B20C32A2639B
:10C69000E28903F101031344E381E36B43F10003F7
:10C6A000E363FCF7EDBD1622FDF7BDBA802300223F
:10C6B0001BF0800F18BF1A46FDF7E2BA9422FDF76F
:10C6C000DFBA1621FDF74BBD8022002113F0800F49
:10C6D00018BF1146FDF716BE9421FDF713BE802248
:10C6E000002113F0800F18BF1146FDF775BD94218E
:10C6F000FDF772BD01F0FAF8A26B43B20C32A263EF
:10C70000E28903F101031344E381E36B43F1000386
:10C71000E363FCF7B5BD01F0E9F8A26B43B20D325B
:10C72000A263E28903F101031344E381E36B43F164
:10C730000003E363FCF7A4BD092994BF0021012194
:10C740000A0106336AE5A08901F0FEFFA36BE081D0
:10C750000B33A363A38903F10203A381E36B43F1CA
:10C760000003E363FCF78CBD60336EE501F0ECFF82
:10C770008346A089E189023880B20231A08101F0AC
:10C78000EFFFA36BA4F80EB01133A363E36B43F187
:10C790000003E363FCF774BD01F0D6FF83B2FFF73B
:10C7A0004BBB9221122213F0800F08BF1146FDF7F8
:10C7B00022BE9221122213F0800F08BF1146FDF70E
:10C7C000A0BB9221122213F0800F08BF1146FDF783
:10C7D000C6BC9221122213F0800F08BF1146FDF74C
:10C7E00072BD9221122213F0800F08BF1146FDF78F
:10C7F0005BB9922212231BF0800F08BF1A46FDF787
:10C8000012BA9221122213F0800F08BF1146FDF7D1
:10C81000A6BA9221122213F0800F08BF1146FDF72D
:10C820006CB805298CBF00210121063BDBB20A014F
:10C8300009E5102285E790221021BBE59022102106
:10C8400003E79023102233E79022102149E790223A
:10C8500010213BE790221021E9E690221021CDE63D
:10C8600090221021D8E605298CBF00220122063B28
:10C87000DBB206381946C0B21201FDF7DCBA8221DC
:10C880000222A8E782210222BDE782210222AAE732
:10C890001946FDF7D0BA82210222BCE7822102228A
:10C8A00089E7822102227EE782220223A3E78221F6
:10C8B000022288E7A36B0433A363E36B43F1000315
:10C8C000E363FCF7DDBC00BF00224FF6FF719FED74
:10C8D000087B4FF48070084B83ED127BC3E908227C
:10C8E00098831980D9609A61704700BFAFF30080C8
:10C8F00000000000000000004013002038B504468E
:10C900004C4D0122294605F087FD2046A91C012235
:10C9100005F082FD2046291D012205F07DFD2046FF
:10C92000A91D012205F078FD204605F1080101222C
:10C9300005F072FD204605F10A01012205F06CFDAB
:10C94000204605F10C01012205F066FD204605F1A7
:10C950000E01012205F060FD204605F110010122C3
:10C9600005F05AFD204605F11201012205F054FDA3
:10C97000204605F11401012205F04EFD204605F187
:10C980001601012205F048FD204605F1180101229B
:10C9900005F036FD204605F11901012205F030FDB4
:10C9A000204605F11A01012205F02AFD204605F175
:10C9B0001B01012205F024FD204605F11C01012286
:10C9C00005F01EFD204605F11D01012205F018FDB0
:10C9D000204605F12001012205F022FE204605F146
:10C9E0002401012205F01CFE204605F12801012248
:10C9F00005F016FE204605F13001012205F010FE7B
:10CA0000204605F13801012205F0C6FD204605F15A
:10CA10004001012205F086FE204605F14801012271
:10CA200005F0BAFD204605F158010122BDE8384065
:10CA300005F0B2BD4013002038B504464C4D01222C
:10CA4000294605F00BFD2046A91C012205F006FD34
:10CA50002046291D012205F001FD2046A91D0122C5
:10CA600005F0FCFC204605F10801012205F0F6FC6A
:10CA7000204605F10A01012205F0F0FC204605F1EF
:10CA80000C01012205F0EAFC204605F10E0101220D
:10CA900005F0E4FC204605F11001012205F0DEFC62
:10CAA000204605F11201012205F0D8FC204605F1CF
:10CAB0001401012205F0D2FC204605F116010122E5
:10CAC00005F0CCFC204605F11801012205F09EFC82
:10CAD000204605F11901012205F098FC204605F1D8
:10CAE0001A01012205F092FC204605F11B010122EA
:10CAF00005F08CFC204605F11C01012205F086FCA6
:10CB0000204605F11D01012205F080FC204605F1BB
:10CB10002001012205F0C6FD204605F12401012275
:10CB200005F0C0FD204605F12801012205F0BAFDFF
:10CB3000204605F13001012205F0B4FD204605F143
:10CB40003801012205F04EFD204605F14001012289
:10CB500005F00EFE204605F14801012205F042FDD8
:10CB6000204605F158010122BDE8384005F03ABDE4
:10CB70004013002082B2B2F5406F08D2044AC9B215
:10CB800012F800C08C4502D0115406F093BC7047D7
:10CB9000EC1500201C4B1B68184483B2B3F5406FA2
:10CBA0001BD21A4BC9B21A5C8A4216D0184A1954C1
:10CBB00013683BB3B0F5C06F10DBA0F5C063C0F3E2
:10CBC00001129B1103EBC20300F00F0003EB830380
:10CBD000403000EB031006F06DBC704703460028A0
:10CBE000B8BF00F13F0342424FEAA31302F03F02F5
:10CBF00000F03F0003EB830358BF504200EB0310EB
:10CC000006F058BC06F056BC940B0020EC15002032
:10CC100060830220B0F5705F08B516DA244AD2F8B6
:10CC2000043C83420EDC43F2E07320F0030199429E
:10CC30001AD0A0F55F532C3B032B18D8DFE803F084
:10CC4000110E0B081B4B185C08BD1B4BC05C08BDCC
:10CC500007F0CEFA08BD07F0D1FA08BD07F0CCFA0C
:10CC600008BD07F0C7FA08BD03F0A8F808BDB0F585
:10CC7000645F06DBD2F8083C73B9BDE8084006F0F3
:10CC8000C7BFB0F5605FF8DA43F2E87399420DD19F
:10CC9000BDE8084006F0F2BC084B5B68984205DA34
:10CCA000074BD2F80C2C0344985C08BDFF2008BD4C
:10CCB000EC15002040220020ECD9FF1F940B00202F
:10CCC000446A0020B0F5705F1EDB294B9B686BB196
:10CCD000A0F5705083B2B3F5406F14D2254BC9B2A2
:10CCE0001A5C8A420FD0195406F0E4BBA0F57050CC
:10CCF00011F0A00F83B214BF01F0BF0141F0400159
:10CD0000B3F5406FEAD37047A0F55F532C3B032B7C
:10CD10000FD8DFE803F00B080502C8B207F070BABD
:10CD2000C8B207F073BAC8B207F06EBAC8B207F05B
:10CD300069BA43F2E07220F0030393420DD0B0F5DC
:10CD4000645F0DDB0B4AD2F8083C002BDBD00A4BAA
:10CD5000D2F80C2C034499547047C8B207F058BA63
:10CD600043F2E8729342CED1084606F085BC00BF7C
:10CD7000940B0020EC150020446A0020024BA0F523
:10CD800070501860704700BF940B0020054B1B6863
:10CD9000184483B2B3F5406F3ABF034B185CFF20D1
:10CDA000704700BF940B0020EC150020074B1B6858
:10CDB00003449AB2B2F5406F06D2054AD05C88426D
:10CDC00002D00120D154704700207047940B0020FE
:10CDD000EC150020054B1B68184483B2B3F5406F77
:10CDE0003ABF034BC0180020704700BF940B0020CF
:10CDF000EC15002010B50446072805D8DFE800F040
:10CE00000C04152204042D380146204802F0AEFC23
:10CE10001F4B83F81C4C10BD00221D4B83F81C4C8B
:10CE2000C3F80C2CC3F8102C10BD0021184BD3F8FC
:10CE3000182C83F81C4CA2F50042C3F8102CC3F840
:10CE40000C1C10BD0022124BD3F8181C83F81C4C8C
:10CE5000C3F8101CC3F80C2C10BD00220C4BD3F8E7
:10CE6000181C83F81C4CC3F80C1CC3F8102C10BD04
:10CE70000021074BD3F8182C83F81C4C02F5004214
:10CE8000C3F80C2CC3F8101C10BD00BF8C3B021063
:10CE9000EC15002028B3012814D0174A401002EBEB
:10CEA0008000C0F8081CD2F8143CD2F8100CD2F85C
:10CEB0000C1C1B0443EA00230B4303F58033C2F828
:10CEC000183C70470C4A0D48D2F8183C83420ED8E3
:10CED0000B4810B45C1CC154C2F8184C5DF8044BEC
:10CEE0007047054BD3F8183CB3F5003F00D37047AB
:10CEF000034AD154704700BFEC150020FEFF01002B
:10CF0000446A002080B1012806D00F4B401003EB8B
:10CF1000800393F8080C70470B4A0C49D2F8183C70
:10CF20008B420AD9FF207047074BD3F8183CB3F562
:10CF3000003FF7D2064AD05C70470548591CC05CD8
:10CF4000C2F8181C704700BFEC150020FEFF01005E
:10CF5000446A00200B4B1A68824211D070B50A4D0A
:10CF600018606C1E05F2FF76C5F1010594F85110AA
:10CF7000281904F8011F06F09DFAB442F6D170BDDD
:10CF8000704700BF940B0020EC150020024608B546
:10CF9000064B1020C3F8202C02F06CFC02F0A2FF1C
:10CFA000BDE80840002006F045BA00BFEC1500209F
:10CFB000030413F4E02303D0000300F40040034310
:10CFC000024AC2F8183CC2F80C3C7047EC1500202D
:10CFD000072811D001210C4B00F0070CD3F8202CAE
:10CFE00001FA0CF100074CBF0A438A431821C3F829
:10CFF000202CC3F8241C704710210022024BC3F8D8
:10D00000241CC3F8202C7047EC15002038B5194DAE
:10D01000D5F8283C834212D043400446980615D4E4
:10D02000D9060DD4A20703D4D5F8283C9B0716D403
:10D03000A30203F44033C5F8284CC5F8183C38BDAA
:10D04000600100F4007007F0BFF8EBE7200100F486
:10D05000007007F0AFF8D5F8283C6340E0E706F031
:10D0600081FAA30203F44033C5F8284CC5F8183CF4
:10D07000E5E700BFEC15002038B51A4DD5F8283C7F
:10D0800098420ED043400446980621D4D90619D4BC
:10D09000A20710D5A30203F44033C5F8284CC5F805
:10D0A000183C114B114A20201A6002F0E3FBBDE846
:10D0B000384002F017BFD5F8283C9B07EAD506F0A8
:10D0C00051FAE7E7600100F4007007F07DF8DFE750
:10D0D000200100F4007007F06DF8D5F8283C63409B
:10D0E000D4E700BFEC150020940B002000C4FFFF24
:10D0F000094A92F81C3C83420CD0830403F4402379
:10D1000010F0800FC2F80C3C08BF002382F81C0C02
:10D11000C2F8103C704700BFEC15002038B5134D25
:10D12000D5F8203C834209D043409907044606D4F1
:10D130005A070DD41B0614D4C5F8204C38BD00F096
:10D14000020007F02DF8D5F8203C63405A07F1D5CE
:10D1500004F0040003F098F8D5F8203C63401B0667
:10D16000EAD504F0800006F0F9FFE5E7EC150020B1
:10D1700038B5224C000494F81C5C00F4F810C4F894
:10D18000180C072D05D8DFE805F00B04141E040465
:10D19000262E29461A4802F0E9FA84F81C5C38BDAC
:10D1A0000023184A84F81C5CC4F8103C42F8043C84
:10D1B00038BD0023A0F5004084F81C5CC4F8100CB6
:10D1C000C4F80C3C38BD002384F81C5CC4F8100C77
:10D1D000C4F80C3C38BD002384F81C5CC4F80C0C6B
:10D1E000C4F8103C38BD002300F5004084F81C5CF6
:10D1F000C4F80C0CC4F8103C38BD00BFEC1500207E
:10D200008C3B0210FC210020024BB3F81A0C00F0FA
:10D210001F007047EC15002038B5224C00F01E00AE
:10D22000023094F81C5CC003C4F8180C072D05D814
:10D23000DFE805F00B04141E0404262E29461A48C4
:10D2400002F094FA84F81C5C38BD0023174A84F875
:10D250001C5CC4F8103C42F8043C38BD0023A0F527
:10D26000004084F81C5CC4F8100CC4F80C3C38BDB9
:10D27000002384F81C5CC4F8100CC4F80C3C38BDC6
:10D28000002384F81C5CC4F80C0CC4F8103C38BDB6
:10D29000002300F5004084F81C5CC4F80C0CC4F8B2
:10D2A000103C38BDEC1500208C3B0210FC21002006
:10D2B00038B5194DD5F8282C82422CD0D5F8201C31
:10D2C0004302044603F400438807C5F8103C10D419
:10D2D000E301124903F48063A3F570530B60210747
:10D2E00007D50F4B1B6823B9012006F01DF9D5F8AF
:10D2F000282C624053070CD54FF0000284F0040341
:10D30000C3F38003074963F3070263F30F22A1F815
:10D310001B20C5F8284C38BDEC150020940B0020CC
:10D32000608302204013002000280CBF1021192127
:10D33000054BC20202F40042C3F8102CC3F8200CC3
:10D34000C3F8241C704700BFEC15002000B971B170
:10D3500021F0C00303EB8013084A01F0C00104333D
:10D3600009029B03C2F82C3CC2F8301C70470B46E4
:10D37000024AC2F82C3CC2F8301C7047EC15002061
:10D3800038B5134D0446D5F8203C434059070AD51B
:10D3900043070ED44FF470520E4B082004F04001A6
:10D3A0001A6006F0B5F81723C5F8204CC5F8243CE0
:10D3B00038BD094B1B68042B07D010F0020F0CBFBF
:10D3C0004FF470424FF43042E6E74FF46452E3E723
:10D3D000EC150020940B0020B00B002000F0070398
:10D3E0001033162BA8BF1023134A00F00101C2F816
:10D3F000243C10F0080382F81C0C0ED0C00200F48C
:10D40000F020A1B100F580300346C2F8180C0021CD
:10D41000C2F80C3CC2F8101C7047C2F8183C002936
:10D42000F5D10023C2F8101CC2F80C3C704700F57F
:10D430000041C2F8181CF4E7EC15002010F0200F92
:10D440000CBF01230023054AC00300F47820DB034E
:10D45000C2F8340CC2F8383C704700BFEC1500200D
:10D46000054AD2F8383CD2F8340CB3FA83F3C0132F
:10D470005B0940EA43107047EC15002070B5354D4C
:10D48000D5F8203C83421BD0D5F8242C0446103A12
:10D490000E2A13D8DFE802F0081212120812121A2C
:10D4A000121212120F23360010F0100F0CBF1022B0
:10D4B0001422C5F8242C6340DB0702D4C5F8204CA5
:10D4C00070BD04F0010002F0DFFEF7E7441004F045
:10D4D000080403F007031C43C5F8204C70BD43400B
:10D4E0001E061DD498072CD4D907E7D514F00106E1
:10D4F00012D0194B1B68002BE0D13146082006F0F2
:10D5000007F8DBE743409A0713D45B07D6D504F04E
:10D51000040002F0B9FED1E7304606F005F8E8E76E
:10D52000022004F0800105F0F3FFD5F8203C6340B1
:10D53000D8E700F0020006F00FFED5F8203C63406B
:10D54000E3E704F0020006F007FED5F8203C634054
:10D55000CAE700BFEC15002060830220014BC3F82E
:10D56000200C7047EC150020014BD3F8200C7047BD
:10D57000EC150020014BD3F8280C7047EC15002067
:10D5800000F0300300F00C0203EB430302EB420215
:10D590009B03054903EB821303F58033C1F8183C64
:10D5A00081F81C0C704700BFEC15002038B50A4DFF
:10D5B000D5F8203C834208D043401B06044605D4DE
:10D5C0003423C5F8204CC5F8243C38BD022004F0B3
:10D5D000800105F09DFFF3E7EC150020084B89035F
:10D5E00003EB80024328C2F8081B05D1D3F8142CA2
:10D5F000C3F80C2CC3F8102C1622C3F8242C704747
:10D60000EC150020034B03EB8003D3F8080B8013C9
:10D61000704700BFEC15002070B54FF48033002533
:10D620004FF400420646724C7249C4F8183C0D6033
:10D63000C4F8382CC4F8105CC4F8145CC4F8305C2E
:10D64000C4F82C5C84F81C5CC4F8345CC4F8285C16
:10D65000C4F8205CC4F80C5C06F072FD304606F09D
:10D6600071FD304606F070FD06F070FD06F0C0FA60
:10D6700002F03EFF284602F0E9FA002E40F08380D7
:10D680005D4DEB68022B25DD4FF4406220215848A8
:10D690000AF05CFE03F0A0F9002002F0EBF805F0C0
:10D6A000EFFE012005F0C6FE02F01CFC534B1B6888
:10D6B000002B40F08380FFF707F9002005F034FFCE
:10D6C000EB68052B1AD0032B1BDC022B27DC012B6C
:10D6D0003DD070BD4A4B1E6816F02806D4D10120FB
:10D6E00002F012FA4FF4FA623146464802F0BAFEEE
:10D6F000002005F019FFEB68052BE4D10123C4F8E5
:10D70000203C0021842003F06FF9D4F83C3C002B2E
:10D710005FD00022EB68C4F8182C022BD7DD002460
:10D72000394B204683F85B4006F012FD204602F09C
:10D7300071FB204602F084FBEB68032BC7D106F097
:10D7400009FD204602F096F8EB68012BC1D10020BC
:10D7500006F002FD02F02CFB00210A2005F0D8FEA5
:10D760002A4B1B68062B36D0072B39D0052BB0D19E
:10D77000502006F0F3FC082002F07CF8BDE8704071
:10D78000002005F057BE4FF0FF11214B03F500328A
:10D7900043F8041B9342FBD1174DFF214FF49042F5
:10D7A0001C480AF0D3FDEB681B4A1B012A60C4F831
:10D7B000243C06F0CDFB05F08DFA65E74FF0FF3114
:10D7C000084605F025FF4FF0FF31084605F022FF1F
:10D7D00071E7EB6879E74020BDE8704002F04AB895
:10D7E000802002F047F8BDE87040002005F022BE1E
:10D7F000EC1500206C830220940B00207C92022008
:10D800004C6A022009FB001044AA0020B00B002043
:10D81000446A00204022002000C4FFFF014B93F81F
:10D820001C0C7047EC150020014BD3F8240C7047FA
:10D83000EC150020034A044BD26800EB0210C3F839
:10D84000240C7047940B0020EC150020B0F5904F8D
:10D85000BCBF014B195470474022002008B5164B3D
:10D860005A68824213DDB0F5804F12DAB0F5705F6E
:10D8700015DAB0F5605F17DA43F2E87220F00101C3
:10D88000914215D00D4AD2F8042C824204DCFF20CC
:10D8900008BD0B4A105C08BD0A4A105C08BDA0F523
:10D8A000705006F097FC08BDBDE8084006F0B0B91E
:10D8B000BDE8084005F0E2BE940B0020EC15002006
:10D8C000446A002040220020B0F5003FBABF024B5E
:10D8D000185CFF20704700BF446A0020B0F5003F8D
:10D8E000BCBF014B19547047446A0020994B024653
:10D8F000D3F8301C80B231B1814204DC01F57F5194
:10D900003F3181426CDAD3F8401C10B549B1D3F8ED
:10D91000341C31B1D3F8384C80EA040C1CF4004FAD
:10D9200066D0D3F8241CA1F1100CBCF1430F55D8DC
:10D93000DFE81CF0EF01D900B90082008600860004
:10D9400056020D0233022202BC018D017D015501F8
:10D950003701540054005400540054005400540043
:10D960005400540054005400540054005400540017
:10D970005400540018019D009D009D00E4005400D7
:10D9800054005400540054005400540054005400F7
:10D9900054005400F4014400AD00790054005400D8
:10D9A00054005400540054005400540054005400D7
:10D9B00054005400A200A200AD007900A0F560520E
:10D9C000B2F5006F2FD2B0F5705FC0F29E81624A4F
:10D9D0001268024491B2B1F5406F2BD3FF2010BD05
:10D9E0005E49D3F82C3CC2F30D021144C85C704769
:10D9F0005A4BC2F30E020B44985C10BDB0F5404F79
:10DA000011DB890740F1BB82B0F57C4F80F2A48224
:10DA1000B0F5794F80F2C282B0F5784F80F275810F
:10DA2000B0F5774F64DAC1134C4A03EB8103D3F8A6
:10DA30000C3C0244D05C10BD4FF2DF71884257DCD1
:10DA4000454949688842C9DAD3F8081C61B193F89E
:10DA50001C1C4FEAE03C03EB8C0C01F00703062B87
:10DA6000DCF80C1C38D008443C4B185C10BD3B4B18
:10DA70003B4A01F0B5FF10BDD3F8202C002A9DD001
:10DA8000D3F8042C824299DD354B185C10BDB0F5FB
:10DA9000744FC8DBB0F5784FC0F237810344A3F56B
:10DAA0007843187810BDA0F55F512039B1F5026FA9
:10DAB00020D329494968884290DAD3F8081C002904
:10DAC000D2D093F81C1CC41303EB840401F00703A9
:10DAD000062BD4F80C1CC6D1B0F5404FA8BFC2F33A
:10DAE0000D000844C0E7A0F57741E0391F29E0D8D0
:10DAF000C2F30D00BDE81040FFF78CB8D3F8201C2E
:10DB00004C0603D5B0F5404FC0F2CA814C0702D491
:10DB1000B0F5784FC2DA12F4404FA5D1CC0606D446
:10DB2000CC0740F10182B0F5605FC0F24D820C0776
:10DB300003D5B0F5705F80F2B6818C0704D4A0F5F0
:10DB40006053FF2B40F2E180CB078DD412F4704F6D
:10DB50008AD199E7EC150020940B0020446A00203C
:10DB600040220020AC4949688842BFF637AF12F422
:10DB7000404F7FF479AFB0F5705F80F2BC81B0F5B3
:10DB8000605F80F2C2804FF6FE7143F2E87411408C
:10DB9000A14200F0D881D3F8043C9842BFF61EAFF2
:10DBA00072E7D3F8201C0C0640F12C81B0F5404FF1
:10DBB00080F22881CC0700F1C08112F4404F40F080
:10DBC000D6810B0700F16881B0F5505F92DA4B0700
:10DBD0003FF54AAFB0F5405FBFF646AF54E7D3F824
:10DBE000201C090703D512F4404F00F05581D3F8EB
:10DBF000281CCC073FF502AF01F0100C02F44042A4
:10DC00005CEA020C7FF40FAFB0F5705FBFF6DFAED9
:10DC1000A0F55F52203AB2F5907FFFF46BAF8C070E
:10DC20003FF501AFB0F5405FBFF6FDAE2CE7D3F88E
:10DC3000201C8C063FF518AFB0F5405F80F21681CE
:10DC40008C0700F16A814B073FF50EAF1CE712F419
:10DC5000404FD3F8201C40F0E380CC0700F1F48063
:10DC6000CC0640F13F81B0F5605F80F29A814FF6BB
:10DC7000FC7443F2E07C1440644500F0A881A0F5F8
:10DC80005F52283A072A7FF635AF4A0740F1DE8017
:10DC9000D3F8282CD40740F1D180604AD3F80C4C3B
:10DCA000D3F8181C13182344585C10BDB0F5884FE6
:10DCB000BFF6B9AED3F8201C0F293FF4B4AECC07A1
:10DCC00004D4D3F8044C84423FF7DEAE8C0705D46D
:10DCD000A0F57054B4F5806FC0F0E5804C0703D414
:10DCE00012F4404F40F0DF800A073FF59CAEB0F5DC
:10DCF000705FBFF698AEA0F55F52203A0F2A7FF60C
:10DD0000F9AEB0F5605FFFF68EAEBDE8104005F0ED
:10DD10007FBF12F4404F7FF4CCAEEBE612F4404FDD
:10DD20007FF481AEB0F5705FBFF651AEB0F5605FC5
:10DD3000EBDA4FF6FE7143F2E8741140A14200F0B5
:10DD40000281D3F8043C83427FF748AE9CE6D3F8C7
:10DD5000201CCC0708D5304C2468844204DC04F62F
:10DD6000FF7C844580F2D48001F0080102F4404237
:10DD700011437FF479AEBDE612F4404F7FF453AE09
:10DD8000D3F8203C590678D543F2DF7290427FF7F2
:10DD90006BAE9A063FF568AEACE612F4404F7FF4E6
:10DDA00063AED3F8203CDA0759D5B0F5405FFFF6F3
:10DDB0005BAE5C076AD5B0F5585FFFF655AEDA0684
:10DDC00076D5B0F5605FFFF64FAE990640F19880CA
:10DDD000B0F5705FFFF648AE5B063FF545AE89E6ED
:10DDE00012F4404F3FF486AE12047FF53DAEA0F52D
:10DDF0000042921303EB82030849D3F80C3C014420
:10DE0000C85C10BD12F4404F7FF42EAE0C0743D413
:10DE1000CA073FF529AED7E6940B0020446A0020DC
:10DE20000C0702D5110400F19280D3F8282CD207F8
:10DE30007FF533AFB0F5604FFFF62FAF694AD3F8E7
:10DE4000103C0244D05C10BD490703D4B0F5405FDC
:10DE5000FFF61AAED3F8282CD207EBD4EEE7590719
:10DE600014D5B0F5405FFFF645AEA4E70C0725D406
:10DE700012F4404F7FF4F8AD3CE69B067FF53AAED6
:10DE800043F2DF7398427FF735AEEDE5DC060FD540
:10DE9000B0F5585F95DA2DE6BDE8104006F0A0B960
:10DEA000514BC05C10BD0344A3F57053187810BDEE
:10DEB0009A0625D5B0F5605F8ADA1BE6B0F5784F93
:10DEC00076DAB0F5744FBFF620AFA0F56F43E03BB4
:10DED0000F2B40F28180B0F56C4FFFF6C5AD434B80
:10DEE000C05C10BDB0F5705F69DAA0F56054FF2C1E
:10DEF0007FF60BAFBBE6A0F5705006F06BF910BDD6
:10DF00005C067FF5F7ADB0F5705FBFF6ADADF1E53E
:10DF1000021BC2F30A02985C10BD3549C2F30A0322
:10DF200043F44053C85C10BD0C072ED5B0F5705FAC
:10DF3000B9DA8C077FF503AE08E62A4AD3F8183C15
:10DF40000244D05C10BDBDE8104005F097BBA0F5C1
:10DF5000004006F029F910BD2649C2F30D020968F8
:10DF60000A4491B2B1F5406FBFF438AD62E542F6B4
:10DF7000FF731F49134043F48053C85C10BDA0F5E4
:10DF80004040BDE81040FEF745BE8B073FF5DEADD3
:10DF9000A0F56053FF2B3FF6D9ADB6E6164BC05C3B
:10DFA00010BD144A12680244C2F30A02985C10BD04
:10DFB000104A1268821AC2F30A02985C10BD0D4A18
:10DFC00018441368C05C10BD0C4BC05C10BD01F060
:10DFD000F5FE06F0EBF810BDA0F53840BDE81040A6
:10DFE000FEF718BE446A0020446A01204066FF1F05
:10DFF00040220020940B002044EA00204032002000
:10E00000B0F5804F38B50D4602DB0C4B195438BDC6
:10E01000B0F5705FFBDBA0F57054204606F0DCF82D
:10E020000028F4D1064BE9B21A5D8A42EFD01955A7
:10E030002046BDE8384005F03DBA00BF446A0020E4
:10E04000EC15002030B5994C83B0D4F8303C1FFA61
:10E0500080FC33B1634504DC03F57F533F336345F4
:10E0600065DAD4F8403C43B1D4F8343C2BB1D4F851
:10E07000382C8CEA0202150461D5D4F8242CA2F1C4
:10E080001003432B51D8DFE813F0F40135019B0155
:10E09000440049004900F90186016001FE00DA00F0
:10E0A000B200A300B501D70150005000500050004D
:10E0B00050005000500050005000500050005000E0
:10E0C0005000500050005000500017016E006E00CC
:10E0D0006E004101500050005000500050005000B0
:10E0E00050005000500050005000600076008B003F
:10E0F000630050005000500050005000500050008D
:10E1000050005000500050005000600076008B001E
:10E1100063004FF2DF739C4500F3F180D4F8083CB4
:10E12000002B46D1624B03F80C1003B030BD604B9E
:10E13000D4F82C2CC0F30D0003449954F5E75C4A45
:10E14000C0F30E001A441154EFE710F4404F17D0FB
:10E150004FEAEC3204EB8202554BD2F80C2C6344AC
:10E16000995403B030BD6046514BC9B203B0BDE80D
:10E17000304001F061BCACF56053B3F5006FE7D2FD
:10E18000BCF5705FD1DB4B4B1868604483B2B3F5CC
:10E19000406FCAD2235CC9B28B42C6D02154A4E0DE
:10E1A000BCF5744FD4DBBCF5784FBEDBACF57840E2
:10E1B000F0E794F81C2C4FEAEC3304EB8303D3F81C
:10E1C0000C4C02F00703062B00F06B81A444A9E776
:10E1D000D4F8203C9806A5D41A0700F1DB81ACF5F1
:10E1E0005F53203BB3F5026F9CD2604689E010F488
:10E1F000404FD4F8203C40F0A181DD070BD4D80675
:10E2000040F11182BCF5605F80F27082ACF55F5224
:10E21000203A0F2AE9D99A0602D5BCF5405F84DB83
:10E22000D4F8283CDB0704D5C9B2BCF5604FC0F276
:10E2300092811F4BD4F8102C6344995475E7BCF5B8
:10E24000904F85DAD4F8203C0F2B81D0980704D466
:10E25000ACF57050B0F5806F9CD35A0709D4ACF57B
:10E260008042B2F5806FC0F03882BCF5884F80F2F2
:10E2700043821B073FF56CAFACF55F53203B0F2B80
:10E280003FF666AFB1E710F4404F7FF461AFD4F8CA
:10E29000203C1A0640F1B18143F2DF7294457FF7CA
:10E2A00041AF9D063FF53EAF9FE700BFEC15002054
:10E2B000446A0020940B002010F4404F7FF432AFEA
:10E2C000BCF5705FFFF631AFACF570552846019193
:10E2D00005F082FF00287FF428AF0199635DC9B281
:10E2E0008B423FF422AF2846615503B0BDE8304071
:10E2F00005F0E0B8ACF57743E03B1F2B67D8C0F3DF
:10E300000D0003B0BDE83040FEF7DCBCD4F8203C83
:10E310005A0640F1E680BCF5404FC0F278811D07F7
:10E3200003D510F4404F00F0E7805807C9B23FF51D
:10E33000F9AEBCF5784FFFF6F5AEACF57840235C4E
:10E340008B423FF4F2AE2154CFE710F4404F7FF4FC
:10E35000E9AED4F8203C980740F15D81BCF5405F00
:10E36000FFF6E0AE1A0740F16A81BCF5585FFFF690
:10E37000D9AEDC0640F18281BCF5605FFFF6D2AE1B
:10E380009A0640F19B81BCF5705FFFF6CBAE5C0650
:10E390003FF5C8AE29E7D4F8203CDD0708D5B44ADC
:10E3A0001268624504DC02F6FF7EE64580F27B815E
:10E3B00003F0080300F4404003437FF4B3AE14E7D6
:10E3C000ACF55F53203BB3F5026FFFF40EAFD4F80A
:10E3D000083C002B3FF4A6AE94F81C2C4FEAEC331B
:10E3E00004EB830302F00704062CD3F80C3C63D043
:10E3F0009C4497E6D4F8203C1B0740F1848010F43D
:10E40000404F00F0F480D4F8283CDA077FF5A0AE46
:10E41000BCF5774FFFF69CAE9D077FF570AFBCF55E
:10E420007C4F80F25781BCF5794F80F24F81BCF56B
:10E43000784FBFF68DAE62E7D4F8203C1A0645D57A
:10E44000BCF5404F42DADD0700F1018110F4404F86
:10E450007FF468AE1A0700F1CA80BCF5505FBFF6C2
:10E46000C4AE98067FF55EAEBCF5405FBFF65AAE0F
:10E470005BE610F4404FAAD1604642E710F4404FEB
:10E480003FF4B3AE0304C9B27FF54CAEACF5004324
:10E490009B13784A04EB8303D3F80C3C6244D154B9
:10E4A00043E6BCF5404FFFF691AE12077FF53DAE57
:10E4B000C0F30D0CA44435E6BCF5404F98DB1407BF
:10E4C0007FF533AEC0F30D0C9C442BE610F4404FA7
:10E4D0007FF428AE1D0700F18A80DC073FF522AEED
:10E4E000BBE71A077FF521AF10F4404F7FF41DAF53
:10E4F000BCF5705FFFF619AE9D06ACF5705040F1AB
:10E500009980215411E6D4F8283CDD0780D410F41A
:10E51000404F7FF41DAE1A0603D5BCF5405FFFF6F1
:10E5200004AEDB063FF514AEBCF5705FFFF6A4AE9B
:10E53000604603B0BDE83040FEF72CBB1D0713D585
:10E54000000400F18A80D4F8283C03F00103C9B22A
:10E55000002B7FF46AAE474BD4F80C0CD4F8182C7F
:10E56000634403449954E0E5D4F8283C9A077BD5EA
:10E57000050479D50A463E4BACF5004C1B684FEAC2
:10E58000EC21234403F57053187803B0BDE8304004
:10E5900005F004BEBCF5784F78DAACF56F43E03B8C
:10E5A0000F2B3FF6BFADACF56F42EC3AACF53843FC
:10E5B000032A00F2AD80DFE802F0140E0802C8B2B0
:10E5C00003B0BDE8304005F01BBEC8B203B0BDE8E3
:10E5D000304005F01BBEC8B203B0BDE8304005F0C6
:10E5E00013BEC8B203B0BDE8304005F00BBE6046B4
:10E5F00003B0BDE8304005F0F1BD9C067FF5F5ADF8
:10E6000043F2DF739C453FF78DAD604679E61A4BC8
:10E610000CF8031089E51D0711D5BCF5405FBFF666
:10E62000A4AE60466DE6BCF5705FFFF6EFAD104B33
:10E630001868604403B0BDE83040FEF79BBAD806C6
:10E640001CD5BCF5585FBFF697AE604659E6094B3E
:10E65000D4F8182C6344995467E5ACF5004003B036
:10E66000BDE8304005F09EBD03F001036FE700BF39
:10E67000940B0020446A0020446A01209D061DD5A9
:10E68000BCF5605FBFF67FAE60463AE62C4BC9B280
:10E690001B68ACEB0303C3F30A00235C8B423FF41B
:10E6A00044AD215421E6ACEB0202C2F30A00235C24
:10E6B000C9B28B423FF439AD215416E658067FF5B6
:10E6C00094ADBCF5705FBFF62DAD8EE51D4B0CF81B
:10E6D00003102AE5C0F30D002BE7ACF57050235C66
:10E6E000C9B28B423FF421AD2154FEE5144B1B68A7
:10E6F0006344C3F30A009DE70A46ACF58840001165
:10E700000CF00F01C03003B0BDE8304005F028BD6B
:10E7100043F2E07223F0030393420AD043F2E8721B
:10E7200093427FF402AD084603B0BDE8304004F0E8
:10E73000A3BFC8B203B0BDE8304005F069BD00BF5B
:10E74000940B002044EA002038B50546FFF7CEF8C8
:10E750000446681CFFF7CAF844EA002038BD00BF31
:10E7600038B50C460546C9B2FFF76CFC2112681C8F
:10E77000BDE83840FFF766BC0D4B5B6883420EDD99
:10E78000B0F5804F0DDAB0F5705F0DDA094BD3F8B4
:10E79000043C984203DA11B9074B18447047002033
:10E7A0007047064B18447047054B1844704700BF2C
:10E7B000940B0020EC15002040220020446A002029
:10E7C000ECD9FF1F70B5A34A0D46D2F8304C82B089
:10E7D00083B234B19C4204DC04F57F543F349C4244
:10E7E00059DAD2F8401C39B1D2F8341C21B1D2F830
:10E7F000384C5C40260456D5D2F8241CA1F11004F4
:10E80000432C45D8DFE814F09802D7006B02B20021
:10E8100055005500F6002E01D2013002F701AE017D
:10E820009B01440279014400440044004400440038
:10E8300044004400440044004400440044004400B8
:10E8400044004400440044006101800080008000D6
:10E8500000014400440044004400440044004400DB
:10E8600044004400440044001D026D008700A000E5
:10E870004400440044004400440044004400440078
:10E880004400440044004400930093008700A0002B
:10E89000002002B070BDD2F82C2C6F4BC0F30D00DD
:10E8A00010441844F5E76C4BC0F30E0008441844BC
:10E8B000EFE76A4949688B4280F26082D2F8081C0F
:10E8C00061B192F81C1CDC1302EB840401F0070216
:10E8D000062AD4F80C1C00F053820B445E481844FE
:10E8E000D7E7A3F56051B1F5006F36D2B3F5705F8D
:10E8F000C0F26082594909680B4499B2B1F5406F82
:10E9000080F0FD82D018C4E71846554A524B009556
:10E9100001F0C0F8BDE7B3F5744FC0F2BD82B3F5A6
:10E92000784FC0F2EE82A3F57843D018B1E7D2F861
:10E93000201C0029D5D0D2F8041C9942D1DD002D2D
:10E94000CFD147481844A4E7D91302EB8102D2F88B
:10E950000C2C41481A4410449BE7D91302EB810266
:10E96000D2F80C2C3C481A44104492E74FF2DF7165
:10E970008B429EDDC0F30D00B0F5705F80F2C48362
:10E98000D2F8043C984202DA002D00F0D984B0F5A8
:10E99000645FC0F28184D2F8083C002B00F07584DB
:10E9A0002E4B5B68984280F22585D2F80C2C2A4BBE
:10E9B000104418446DE7A3F57741E0391F291C4640
:10E9C00040F2A182254949688B4280F29583D2F8B2
:10E9D000081C61B192F81C1CDC1302EB840401F0EA
:10E9E0000702062AD4F80C4C00F0D0811C441A48C7
:10E9F00020444EE710F4404F00F05782050400F128
:10EA000073821548184444E7D2F8201C4E0603D5FB
:10EA1000B3F5404FC0F220834C0703D4B3F5784FD1
:10EA200080F23C8310F4404F10D111F0100440F0FC
:10EA3000F082CE0740F1AD83B3F5605FC0F2908401
:10EA4000090703D5B3F5705F80F2AA830248184422
:10EA50001FE700BFEC150020446A0020940B002043
:10EA600040220020D2F8201CCC0708D5AF4C2468E7
:10EA70009C4204DC04F6FF7C9C4580F2968301F006
:10EA8000080100F44040014340F09181B3F5705F0C
:10EA900080F26083D2F8041C8B4202DA002D00F071
:10EAA0005B84B3F5645FC0F22484D2F8080C0028BC
:10EAB0003FF4EFAE9D4949688B4280F2B284D2F8B0
:10EAC0000C2C9B481A441044E3E6984949688B4251
:10EAD00080F29D8210F4404040F01782B3F5705FE1
:10EAE00080F29182D2F8042C9342BFF6D2AE002D70
:10EAF0007FF4CFAE8F481844CBE6D2F8201C0C062A
:10EB000040F14A81B3F5404F80F2468111F0010493
:10EB100040F05C8310F4404C40F0C1830E0700F1DC
:10EB20004F84B3F5505F80F2908311F0040103D15C
:10EB3000B3F5405FC0F234847D481844A9E6D2F8AA
:10EB4000201C11F020040AD1B3F5405F80F21E8230
:10EB50008E0700F1308311F0040100F0B183744896
:10EB6000184496E610F4404F40F06C81D2F8201C17
:10EB7000CC0700F1FA81C80640F1A382B3F5605FCB
:10EB800080F2C8834E0703D4B3F5405FC0F24D83D3
:10EB9000D2F8281CCD0740F1F381D2F80C1CD2F832
:10EBA000180C1944624A0144881872E610F4404F68
:10EBB00040F02881D2F8201C11F0010000F0BB8148
:10EBC000B3F5405F14DB4E0740F11082B3F5585F98
:10EBD0000EDBCE0640F16782B3F5605F08DB880686
:10EBE00040F19782B3F5705F02DB4D0640F1288358
:10EBF0004F4818444DE6B3F5884F19DAD2F8201C77
:10EC00000F2915D011F0010404D1D2F8046C9E42F2
:10EC100000F350838E0705D4A3F57054B4F5806FCC
:10EC2000C0F06A834D0703D410F4404F40F08C834A
:10EC3000D91302EB8102D2F80C2C3D481A4410443F
:10EC400027E610F4404040F01E81B3F5705F80F27B
:10EC5000C381D2F8042C9A427FF71BAE002D7FF4BB
:10EC600018AE3448184414E610F4404F40F0C18008
:10EC7000D2F8201C11F0400000F04A8143F2DF700E
:10EC8000834202DD880640F1EA812948184400E603
:10EC9000D2F8201C0E0703D510F4404100F0738217
:10ECA000D2F8281CCC0700F1DC8000F4404001F0D1
:10ECB000100404430AD1B3F5705F80F2378311F07A
:10ECC000020103D1B3F5405FC0F28C83D91302EB8C
:10ECD0008102D2F80C2C16481A441044D9E5A3F549
:10ECE0005F512039B1F5026F1C4680F08E80B3F57C
:10ECF000705F80F2A181D2F8041C8B4202DA002DF1
:10ED000000F0C682B3F5645FC0F26A82D2F8080CE4
:10ED100000283FF4BEAD054949688B4280F24D831F
:10ED2000D2F80C2C02481A441044B2E5940B00208F
:10ED3000446A00204022002010F4404F3CD1B3F53B
:10ED4000705F80F28581D2F8041C8B4202DA002DBC
:10ED500000F0BC82B3F5645FC0F23F82D2F8080CC9
:10ED600000283FF496ADB64949688B4280F22B8368
:10ED7000D2F80C2CB3481A4410448AE5002088E5E8
:10ED8000B3F5404FA8BFC0F30D03A6E5B3F5404F60
:10ED9000A8BFC0F30D0329E610F440407FF4CCAEC9
:10EDA0000C073FF576ADC8073FF5C6AEB9E6A548F6
:10EDB00018446EE500206CE5A14949688B4280F259
:10EDC000DF81D2F8081C59B192F81C1CDC1302EB4D
:10EDD000840401F00702062AD4F80C1C03D00B446B
:10EDE0009848184455E5B3F5404FA8BFC0F30D034C
:10EDF000F5E7D91302EB8102D2F80C2C91481A44A2
:10EE0000104446E58F48184443E58D4949688B42D4
:10EE100080F2BC81D2F8081C59B192F81C1CDC139A
:10EE200002EB840401F00702062AD4F80C4C03D04C
:10EE30001C44844820442CE5B3F5404FA8BFC0F3E0
:10EE40000D03F5E7D2F8281CC9077FF5A6AEB3F588
:10EE5000604FFFF6A2AED2F8102C7A481A44104444
:10EE600017E5B3F5404FFFF631AF8E0740F1BB8198
:10EE7000B3F57C4F80F23182B3F5794FFFF626AFC0
:10EE80007148184405E5D91302EB8102D2F80C2C25
:10EE90006C481A441044FCE4D91302EB8102D2F806
:10EEA0000C2C68481A441044F3E4B3F5705F80F208
:10EEB0002681D2F8041C8B4202DA002D00F0328247
:10EEC000B3F5645FC0F20682D2F8080C00283FF464
:10EED000E0AC5B4949688B4280F29782D2F80C2CF7
:10EEE00058481A441044D4E4A3F50041891302EBB6
:10EEF0008102D2F80C2C53481A441044C9E4002073
:10EF0000C7E40020C5E40020C3E44E481844C0E430
:10EF1000890640F1A48043F2DF718B423FF7B5AE22
:10EF2000D2F8042C9342BFF6B4AC002D7FF4B1AC00
:10EF300046481844ADE44C0758D5B3F5405FBFF6DA
:10EF400045AE11F0300440F00F8111F0400140F067
:10EF50007682D2F8042C9342A8BF0846BFF699AC3B
:10EF6000002D00F00981084693E44C0703D4B3F563
:10EF7000405FC0F25A81D2F8281CC8073FF567AF3E
:10EF8000D2F8102C2F481A44104482E4090700F1EB
:10EF9000A28010F4404F7FF4E2ADB3F5705F80F2D1
:10EFA0002C82D2F8041C8B4202DA002D00F0518230
:10EFB000B3F5645FC0F25482D2F8080C00283FF425
:10EFC00068AC1F4949688B4280F24D82D2F80C2C04
:10EFD0001C481A4410445CE4194909680B4499B26E
:10EFE000B1F5406FBFF455ACD01852E4CC065AD5F9
:10EFF000B3F5585FBFF6F0ADD2F8042C9342C0F2DF
:10F00000E881002045E4A3F57053D01841E40020C6
:10F010003FE40E0703D5B3F5705F80F2C180CC07E3
:10F020003FF514AD10F470407FF410AD002D7FF467
:10F0300030AC064818442CE4A3F57053D01828E4EB
:10F04000940B0020446A002044EA00204022002063
:10F05000A3F57053D0181CE4CB48184419E4B3F559
:10F06000705F7CDAD2F8041C8B4202DA002D3FF488
:10F070005FAFB3F5645FC0F20282D2F8080C0028DB
:10F080003FF407ACC14949688B4280F2C781D2F88E
:10F090000C2CBF481A441044FFF7FBBBA3F5784380
:10F0A000D018FFF7F6BB8E0633D5B3F5605FBFF619
:10F0B00099ADD2F8042C9342C0F28B810020FFF767
:10F0C000E8BBB3F5705FFFF65DADB0490968194460
:10F0D0005018FFF7DEBBB3F5784F80F21081A3F52F
:10F0E0006C42B2F5006FBFF43AAD002D40F08A815A
:10F0F000A8481844FFF7CDBB0020FFF7CABBA3F513
:10F100007053D018FFF7C5BBA0F570501044FFF73F
:10F11000C0BB4C0640F19080B3F5705FBFF668ADA0
:10F12000D2F8041C8B42C0F2B381B3F5645FC0F225
:10F13000AC81D2F8080C00283FF4ABAB9349496886
:10F140008B4280F29F81D2F80C2C91481A441044D3
:10F15000FFF79FBBA3F57053D018FFF79ABBA3F539
:10F160007053D018FFF795BBD2F8042C9342BFF62A
:10F1700090AB002D7FF48DAB87481844FFF789BB17
:10F180000020FFF786BB0846FFF783BB0020FFF790
:10F1900080BB09077FF546AFB3F5705FFFF642AF5E
:10F1A000A3F57053D018FFF774BB1B1BC3F30A03FE
:10F1B000D018FFF76EBB002D40F0A980764BC0F34E
:10F1C0000A0040F440501844FFF763BBD2F8182CF3
:10F1D0006F481A441044FFF75CBB0020FFF759BB8F
:10F1E0000020FFF756BBC0F30D00B0F5705F80F252
:10F1F000BD80D2F8043C984202DA002D00F017815D
:10F20000B0F5645FC0F21081D2F8083C002B00F02A
:10F21000EE805E4B5B68984280F22881D2F80C2C1D
:10F220005B4B10441844FFF734BB002D40F0918035
:10F2300059481844FFF72DBBB3F5705FFFF670AF68
:10F24000A3F57053D018FFF724BBB3F5705F80F2BD
:10F25000AC80D2F8041C8B4202DA002D00F0EB8067
:10F26000B3F5645FC0F2D480D2F8080C00283FF4F4
:10F2700010AB464949688B4280F2FB80D2F80C2CD7
:10F2800043481A441044FFF704BB1846FFF701BB7C
:10F2900041481844FFF7FDBA0020FFF7FABA002DE5
:10F2A0006CD142F6FF733C4A184040F48050104441
:10F2B000FFF7EFBA002D5ED137481844FFF7E9BADF
:10F2C000002D5ED134481844FFF7E3BA32481844A1
:10F2D000FFF7DFBA0020FFF7DCBA2C4BC0F30D00BC
:10F2E0001B68184483B2B3F5406F63D21044FFF734
:10F2F000D0BA0020FFF7CDBA1019FFF7CABA2349D8
:10F3000009685B1AC3F30A03D018FFF7C2BA204694
:10F31000FFF7BFBA1D4909680B44C3F30A03D018AD
:10F32000FFF7B7BA1C481844FFF7B3BA1749096882
:10F330000B4499B2B1F5406F48D2D018FFF7A9BA83
:10F34000154B1844FFF7A5BAA3F57053D018FFF773
:10F35000A0BA0020FFF79DBA0F481844FFF799BAEA
:10F36000002D3CD10D481844FFF793BAA0F570501A
:10F370001044FFF78EBA2046FFF78BBA2046FFF7FE
:10F3800088BA0846FFF785BA446A0120940B00202A
:10F39000446A00204066FF1F4022002040320020C7
:10F3A000CDBB3D481844FFF774BAA3F57053D0188D
:10F3B000FFF76FBA0020FFF76CBA0020FFF769BAB9
:10F3C0006046FFF766BA0020FFF763BA2046FFF7F2
:10F3D00060BA002D3FF4D0AE0020FFF75ABA2046A5
:10F3E000FFF757BACDBB2C481844FFF752BA18465E
:10F3F000FFF74FBA0020FFF74CBAA3F57053D018AF
:10F40000FFF747BA2046FFF744BA0020FFF741BA9A
:10F410000020FFF73EBA0846FFF73BBA0020FFF78F
:10F4200038BA0020FFF735BA0020FFF732BA1A4B7E
:10F430001844FFF72EBA18481844FFF72ABAD2F832
:10F44000042C934218DA002D3FF496AE2046FFF7C5
:10F4500020BA11481844FFF71CBA0846FFF719BA3A
:10F460000020FFF716BA0020FFF713BA0020FFF7BD
:10F4700010BA0020FFF70DBA2046FFF70ABA0020A5
:10F48000FFF707BA0020FFF704BA0020FFF701BA20
:10F49000002D7FF44AAE6FE64022002070B504468E
:10F4A0004A4D4B4A4B4902F0ABFF4B4E204644F6C7
:10F4B00001024A4902F0A4FF2946204640F60142D3
:10F4C00002F09EFF204606F10C01012203F0A8F88D
:10F4D0002046311D012203F0A3F8204605F6044121
:10F4E000012203F09DF8204606F10801012203F0F5
:10F4F00097F8204605F62441012203F091F82046B2
:10F5000005F60C41032203F08BF831462046012218
:10F5100003F086F8204605F61841012202F0C2FFEA
:10F52000204605F61C41012202F06AFF204605F63E
:10F530003C41012203F074F8204605F644410122C3
:10F5400003F06EF8204605F54461012203F068F8E7
:10F55000204605F63441012203F062F8204605F604
:10F560003841012202F09EFF204605F608410122A3
:10F5700003F056F8204605F64841012203F050F802
:10F58000204605F64C41012203F04AF8204605F5D5
:10F590004361012203F044F8204605F62C41012284
:10F5A00002F080FF204605F54261012203F038F8A1
:10F5B000204605F62841012203F032F8204605F5E1
:10F5C00045610122BDE8704003F02AB8EC15002027
:10F5D00001000200446A0020940B00204022002019
:10F5E00070B504464A4D4B4A4B4902F00FFF4B4E53
:10F5F000204644F601024A4902F008FF2946204607
:10F6000040F6014202F002FF204606F10C01012201
:10F6100003F048F82046311D012203F043F820464C
:10F6200005F60441012203F03DF8204606F10801E9
:10F63000012203F037F8204605F62441012203F0A9
:10F6400031F8204605F60C41032203F02BF8314631
:10F650002046012203F026F8204605F61841012233
:10F6600002F05AFF204605F61C41012202F0CEFEB0
:10F67000204605F63C41012203F014F8204605F629
:10F680004441012203F00EF8204605F544610122B1
:10F6900003F008F8204605F63441012203F002F891
:10F6A000204605F63841012202F036FF204605F6D5
:10F6B0000841012202F0F6FF204605F648410122EA
:10F6C00002F0F0FF204605F64C41012202F0EAFF6D
:10F6D000204605F54361012202F0E4FF204605F6CD
:10F6E0002C41012202F018FF204605F5426101225B
:10F6F00002F0D8FF204605F62841012202F0D2FF91
:10F70000204605F545610122BDE8704002F0CABF00
:10F71000EC15002001000200446A0020940B002038
:10F72000402200200FB470B50D4D0E4A2B6882B0F8
:10F7300006AC12680C49D86854F8046B0DF032FB23
:10F740002B6822463146D86801940AF073F92B6879
:10F75000D8680AF0C3FA02B0BDE8704004B0704740
:10F76000200C0020DC0B0020A83B02100FB470B569
:10F77000104C114A236882B006AD12680F49D86850
:10F7800055F8046B0DF00EFB23682A463146D86805
:10F7900001950AF04FF923680A20D9680AF07EFB28
:10F7A0002368D8680AF09AFA02B0BDE8704004B045
:10F7B000704700BF200C0020DC0B0020B43B02107F
:10F7C0000FB400B50F4C104A236883B004AD126823
:10F7D0000E49D86855F8046B0DF0E4FA23682A4600
:10F7E0003146D86801950AF025F923680A20D968BE
:10F7F0000AF054FB2368D8680AF070FA0120F3F786
:10F8000031FF00BF200C0020DC0B0020C03B0210A9
:10F810000FB470B5134C144A236882B006AD126859
:10F820001249D86855F8046B0DF0BCFA23682A46D3
:10F830003146D86801950AF0FDF82368DD680AF0C2
:10F84000B1FA00680EF0A6FA0949024628460DF002
:10F85000A9FA2368D8680AF041FA02B0BDE87040FE
:10F8600004B07047200C0020DC0B0020B43B0210D9
:10F87000CC3B021038B5114C236883421AD00028C3
:10F88000206018DD10F0010302D014E0C20703D499
:10F89000401003F10103F9D1094A0A4D02EB0313A9
:10F8A0000FCB85E80F0003F089FE2069BDE83840E2
:10F8B000FDF7C0BF38BD0023EEE700BF486A022055
:10F8C000104B02104C6A02200122014902F0A8BE2E
:10F8D000486A022030B5134C83B0012201A902F01E
:10F8E000E1FE2268019B934218D0002B236017DDB4
:10F8F00013F0010202D013E0D90703D45B1002F128
:10F900000102F9D1084B094D03EB02130FCB85E837
:10F910000F0003F053FE2069FDF78CFF03B030BDEC
:10F920000022EFE7486A0220104B02104C6A0220C6
:10F93000202810B5044616DC002818DB202816D82D
:10F94000DFE800F040151515152E151515151515C0
:10F950001515151515151515151515151515151557
:10F960001E1E1515260045281AD0852818D0194BBB
:10F970001948D9895A780239FFF7F8FE002010BDDE
:10F980000220FDF757FF0420FFF774FF002010BD91
:10F990000120FDF74FFF0220FFF76CFF002010BD94
:10F9A0000E4BE21003201A60FDF744FFA011800205
:10F9B000FDF7E4F90420FFF75DFF012003F0B4FD3B
:10F9C000002010BD0020FDF735FF0220FFF752FF99
:10F9D000002010BD401300205C3C02105C6A022035
:10F9E000322919D0332908B50BD0312912D1A0F50D
:10F9F0004053B3F5006F13D240F4006C12F80C00C2
:10FA000008BDB0F5804F09DAB0F5705F10DAB0F5D7
:10FA1000605F09DAFF2008BD185C7047185C08BDFC
:10FA2000FDF71CFFC0B208BD04F0F2F8C0B208BD7B
:10FA3000BDE80840FDF7AAB9322A38B504460D469C
:10FA40000ED0332A05D0312A09D1BDE83840FEF75F
:10FA5000D7BAB0F5804F03DAB0F5705F02DA38BD7F
:10FA60001D5538BDFDF7A2F90028F8D0084BA4F5C4
:10FA700070541B6804F07F0003EBE41303EB830373
:10FA8000294600EB0310BDE8384003F013BD00BF6A
:10FA90005C6A022010B432298446019C18D03329B4
:10FAA0000CD0312919D1A0F54053B3F5006F18D20D
:10FAB0009CB940F4006C02EB0C000BE0B0F5804FF9
:10FAC00006DAB0F5705F08DB5DF8044BFDF782B92C
:10FAD00003EB0C005DF8044B704700205DF8044B0D
:10FAE000704721465DF8044BFEF746BE01220149EE
:10FAF00002F096BD5C6A02200122014902F0D2BDEB
:10FB00005C6A0220000000000B4B1B68012B0AD02E
:10FB10000A4A137860B903F0DF03517813700B427F
:10FB200014BF01200020064B586200B9986270474C
:10FB300043F02003F1E700BFA00B0020A40B00203E
:10FB40004013002010B40A4A0A4C1178537801F08F
:10FB5000010023F001030343194214BF01210021D6
:10FB60005370216200205DF8044B04F0FFBA00BF1F
:10FB7000A01300204013002010B40A4A0A4C117848
:10FB8000537801F0020023F002030343194214BF2B
:10FB9000012100215370216200205DF8044B04F024
:10FBA000E5BA00BFA01300204013002038B5164C62
:10FBB000164922684B78012A23D00A7843F00403BF
:10FBC000134214BF01220022114D4B702A6204F02F
:10FBD000E3FA2368012B0DD00E4A137870B903F0B5
:10FBE000BF03517813700B40002B12BF012200227B
:10FBF000AB626A62BDE8384004F000B843F04003ED
:10FC0000EFE743F08003DFE7A00B0020A013002004
:10FC100040130020A40B0020064A074953781078AF
:10FC200003F0FC03034214BF01200020537008625C
:10FC3000704700BFA013002040130020024B18782B
:10FC400000F00300704700BFA01300200F4B104AC4
:10FC50001968537801290ED050B903F0FB031078CE
:10FC60000C49034214BF0120002053700862704702
:10FC700043F00403F3E728B1064863F07F035370B1
:10FC80000162704703F07F0353707047A00B0020A0
:10FC9000A013002040130020134B1B68012B16D02B
:10FCA00010B412490B7878B903F07F034A781048F2
:10FCB0001A40002A14BF012400240B70446208BFBC
:10FCC00082625DF8044B704743F08003EEE7094918
:10FCD0004A7828B1064842F040024A7003627047F1
:10FCE00022F040024A707047A00B0020A40B0020B5
:10FCF00040130020A01300200D4B1B68012B16D0D1
:10FD000010B40C490B7878B903F0BF034A780A485D
:10FD10001A40002A14BF012400240B70446208BF5B
:10FD200082625DF8044B704743F04003EEE7704792
:10FD3000A00B0020A40B002040130020704700BF40
:10FD40000A4B1B68012B0CDD094A537850B903F0AC
:10FD5000DF0310780749034214BF012000205370CD
:10FD60000862704743F02003F3E700BFA00B0020B8
:10FD7000A0130020401300200A4B1B68012B0CDD50
:10FD8000094A537850B903F0EF031078074903424A
:10FD900014BF0120002053700862704743F0100325
:10FDA000F3E700BFA00B0020A013002040130020A9
:10FDB0000022014B5A707047A0130020114B124AC9
:10FDC0001B685078012B18D0032B02D0C043C0B25F
:10FDD00070470E4B1B685B07F8D510B4117800F024
:10FDE000FB030B4214BF01240024C0430849537095
:10FDF0000C62C0B25DF8044B704700230449537095
:10FE00000B627047A00B0020A01300204C6A022058
:10FE100040130020044B054A59781870084214BF5B
:10FE20000121002111627047A0130020401300201F
:10FE3000024B1878C043C0B2704700BFA40B00202B
:10FE400010B4094A00F0C000137840F020000340CD
:10FE5000002B14BF01240024044950704C6208BFD9
:10FE60008B625DF8044B7047A40B00204013002008
:10FE700038B503F0DBFA174B174C1B6BABB1656859
:10FE8000E3682B44834215D803F0D0FA134B19686A
:10FE9000E368EA1803EB4503834238BF0246E26099
:10FEA00079B90F4B5B684BB938BDA568E3682B4443
:10FEB0008342E9D9181A03F0BBFAE5E7BDE83840F8
:10FEC00074E60021084603F0A3FB0021084603F076
:10FED000A1FBE6E740130020A01300207C92022043
:10FEE000A40B00202DE9F0419A4E8CB03368012B11
:10FEF0006CD0032B41D11E22974DDFF878826B69BD
:10FF0000AA60964F964C3B642369002B3CDC00238F
:10FF10000022C4E906236B68002B54D1236A002B0E
:10FF200011DB4FF47A71AA6891FBF2F3636004D09D
:10FF3000EB6903FB02F291FBF2F3A360894B1B68B0
:10FF4000002B40F0048103F039FBDFED877AD7ED19
:10FF5000106A95ED027A66EEA76AB8EEC77AC6EE29
:10FF6000877AFCEEE77AD8F80000C4ED097A10F041
:10FF7000300041D00CB0BDE8F0813C22764DDFF876
:10FF8000F481AB69AA60BCE700200FF03BFD24229E
:10FF9000CDE90001002102A808F0D8F902A96846BD
:10FFA0000EF028FA236902A8A3F26C7307930DF0F0
:10FFB00043FB009BC01A019BA06161EB03016B68CE
:10FFC000E161002BAAD0FFF7F1FDA7E72822DFF8B7
:10FFD000A481614DD8F80030AA60102B00F03A815E
:10FFE000202B00F0B280EB68062B00F04381072B3A
:10FFF00000F033812B6984E70FF004FDA369E26907
:020000041001E9
:100000001B1842EB010202A8CDE9023209F054FDAF
:1000100033680446012B016900F0AE80642701318A
:1000200044F22F4081F05001FDF758FC44F2574054
:10003000E168FDF753FC616944F213405039FDF764
:100040004DFCA52144F2CB20FDF748FC216944F288
:10005000D1200131FDF742FC44F2D020E168FDF7E8
:100060003DFC424D616944F2CF2085FB0132CB1744
:10007000C3EB621307FB1311FDF730FC44F2CE20F3
:10008000A168FDF72BFC44F2CD206168FDF726FC4A
:1000900044F2CC202168FDF721FC3368032B7FF765
:1000A00069AF2169A9200131FDF718FCE168A8209A
:1000B000FDF714FC6169A72085FB0132CB17C3EB68
:1000C000621307FB1311FDF709FCA168A620FDF7D9
:1000D00005FC6168A520FDF701FC2168A420FDF75F
:1000E000FDFB216935200131FDF7F8FBE168342083
:1000F000FDF7F4FB61693320FDF7F0FB216944F261
:1001000056100131FDF7EAFBE16844F25510FDF7A6
:10011000E5FB616944F2541085FB0135CB17C3EB55
:10012000651307FB1311FDF7D9FBA16844F25310C7
:10013000FDF7D4FB616844F25210FDF7CFFB44F2A7
:1001400051102168FDF7CAFB14E7094BD9E603F00B
:1001500063FAF8E6A00B0020A40B00204013002057
:10016000A01300207C920220002474491F85EB51CB
:100170006666E6404C6A0220013144F2063081F0A6
:100180005001FDF7ABFB44F20730E168FDF7A6FB39
:10019000616944F266405039FDF7A0FB216944F2E1
:1001A00046000131FDF79AFB44F24500E168FDF796
:1001B00095FB64216269304D44F2440085FB0235B1
:1001C000D317C3EB651301FB1321FDF787FB44F243
:1001D0004300A168FDF782FB44F242006168FDF72D
:1001E0007DFB44F241002168FDF778FBA52144F234
:1001F000AB30FDF773FB214B21691B680A2B2ED016
:1002000044F2B1300131FDF769FB44F2B030E168EE
:10021000FDF764FB642162691748D31780FB025025
:10022000C3EB601301FB132144F2AF30FDF756FB23
:10023000A16844F2AE30FDF751FB616844F2AD3085
:10024000FDF74CFB44F2AC302168FDF747FB0CB0E6
:10025000BDE8F0814FF0814353E6094B51E644F28B
:10026000B0300131FDF73AFB44F2B130E168FDF7FF
:1002700035FBCFE7034B44E61F85EB516483022037
:100280003333AB40E3C2814038B54D4C4D4BE2684F
:100290001B68032A16D0012B05D0032B3DD0002864
:1002A00033D0A26914E0484B1B68402B48D040DC97
:1002B000102B56D0202B4DD1002843D0434B444D1A
:1002C0002B640EE0434AC0F3811102EB81021268F5
:1002D0003F4D032B2A6404DD10F0C00F1AD03C23DD
:1002E000A36003F06BF9DFED3C7AD5ED106A94ED75
:1002F000027A66EEA76AB8EEC77AC6EE877AFCEE97
:10030000E77A364BC3ED097A38BD6269304D032B6D
:100310002A64E6DD1E23A360E3E7022A04D020B1AD
:100320002F4B2B4D2B64DCE780B96369284D2B6480
:10033000D7E7802B0ED128B12A4B254D2B64D0E76F
:100340000028EDD1284B224D2B64CAE7274B204DC6
:100350002B64C6E7022A1DD00ADC012A0BD01C4DF3
:10036000BFE70028EED04FF08143194D2B64B8E76A
:10037000043A012AF3D800F00100013007EE900A98
:1003800094ED047AF8EEE77A67EE877A104DC5EDC2
:10039000107AA6E7043000F007000230F1F78CFB7A
:1003A00002460B4604A1D1E90001F1F729FBF1F760
:1003B00075FB074D286494E7448B6CE7FB492540A7
:1003C000A40B0020A00B00204C6A02206666E640C9
:1003D00040130020904B021000247449A013002009
:1003E000E3C281403333AB400E15E33F9C33A24060
:1003F000002838B526DB4FF47A71154D154CAA68E4
:10040000206291FBF2F3636004D0EB6903FB02F21C
:1004100091FBF2F3104AA3601368B3B903F0CEF86E
:100420000E4BDFED0F7AD3ED106A95ED027A66EE92
:10043000A76AB8EEC77AC6EE877AFCEEE77AC4ED13
:10044000097A38BD034C024DE8E703F0E5F8E5E72B
:10045000A40B0020A01300207C9202204013002057
:10046000002474492DE9F84F144C8146A36A88464C
:10047000174603B300264FF0000A4FF0000B104D53
:10048000C5E912ABE06AA6629847A36A002BF7D1D0
:10049000AB6BEA6BFB1842EBE77253EA020104BF55
:1004A0004FF0FF331A46C5E91232C4F82890C4F859
:1004B0002C80BDE8F88F024DEAE700BFA0130020B2
:1004C00040130020084B9A6A42B100219FED047B43
:1004D0000648996280ED127BD86A1047704700BFCA
:1004E0000000000000000000A013002040130020C6
:1004F0009FED057B00220649064B81ED127B9A6237
:10050000704700BFAFF30080000000000000000053
:1005100040130020A0130020014B986A704700BFD1
:10052000A0130020012230B5002304463C4D83B0C7
:10053000A918019301F064FF01222946204601F029
:100540005FFF01222046374901F05AFF0122204671
:10055000354902F065F80122204605F1240101F039
:10056000A1FF01222046314902F05AF8304AAB6A15
:10057000934234D02F4A934223D02F4A934234D00F
:100580002E4A934234D02E4A93422BD02D4A934286
:1005900031D02D4A934234D02C4A934234D02C4A45
:1005A00093422BD02B4A934231D02B4A934231D0E5
:1005B0002A4A934231D02A4A934204BF0D23019321
:1005C00001E002230193204601A9012202F028F84C
:1005D00001222046234902F023F803B030BD012355
:1005E0000193F0E705230193EDE703230193EAE785
:1005F00004230193E7E706230193E4E7092301932A
:10060000E1E707230193DEE708230193DBE70A23F1
:100610000193D8E70B230193D5E70C230193D2E78D
:10062000A0130020A40B0020AC0B0020A80B00207E
:10063000794101107D41011081410110714101108A
:1006400079FB001045FB00106D4101108541011040
:10065000894101108D41011009FB001091410110E9
:1006600095410110CC13002030B5044683B001221F
:10067000294901F0CBFE01222046284901F0C6FE9F
:1006800001222046264901F0C1FE012220462549CB
:1006900002F008F801222046234901F03DFF012223
:1006A0002046224901F0FEFF0122204601A901F067
:1006B000F9FF019B013B0C2B2BD8DFE803F012075D
:1006C0001416181A222426281E201C00184D134B1D
:1006D0000122204603F12C019D6201F0E3FF03B0EB
:1006E00030BD144DF3E7144DF1E7144DEFE7144D11
:1006F000EDE7144DEBE7144DE9E7144DE7E7144D32
:10070000E5E7144DE3E7144DE1E7144DDFE7144D41
:10071000DDE70025DBE700BFA1130020A0130020C8
:10072000A40B0020AC0B0020C4130020A80B002059
:100730007D41011079410110814101107141011089
:1007400079FB001045FB00109541011009FB0010DA
:10075000914101106D410110854101108941011045
:100760008D41011030B5584C83B02368013B0E2BEE
:1007700010D8DFE803F0210F0F0F0F310F634C5338
:100780003B087588110094F82030000200F47C507A
:100790001843206203B030BD2569E268C0B205F499
:1007A0007F4505439542636925617DD0002B71D15A
:1007B000D4E90112E56023E020F01003402B06D1BC
:1007C00000231A461946019003F0CEFC019803B0AD
:1007D000BDE8304003F0C2BCA36903B1400020284B
:1007E000D8DC002301461A46184634E0E36900F0DD
:1007F0001F029A42A8BF1A46256961686369A26010
:10080000206A281A03B0BDE8304003F0ABBC0F28C3
:1008100052DDD4E9011225696369F1E7E26900F06C
:10082000600300F01F01203B18BF01239142A8BFC5
:1008300011462569A26863616160E1E7002200F06A
:10084000030003280EBF012010460223A06108BF49
:1008500001231146104603B0BDE8304003F084BCCC
:100860001A4A236A126803F47F43C0B21843082A65
:1008700020621CD0202A8DD1C0F5806003B0BDE875
:100880003040FCF77BBA237C000200F47C50184314
:1008900020617FE70023206A1946101A1A4603F0E8
:1008A00061FCD4E9045383E7D4E90112A8E703B05B
:1008B000BDE83040FCF74EBB0023421CE061194606
:1008C000184603F051FCA4E7606A02204C6A02203B
:1008D00010B5044682B000200FF094F83C4AD2E9EB
:1008E00000321B1842EB01016846CDE9003109F0E6
:1008F000E3F804F00F030C2B68D8DFE803F01926A7
:100900002E30383A444648585C6507004169314A00
:10091000CB1782FB0101C3EBA10382FB0312D817A3
:10092000C0EBA20000EB8000A3EB400002B010BDC2
:100930000368284AD81782FB0312C0EBA20000EB21
:100940008000A3EB400002B010BD0368214AD81715
:1009500082FB0323C0EBA300E8E74368E9E74368B1
:100960001C4AD81782FB0323C0EBA300DEE7836891
:10097000DFE78368174AD81782FB0323C0EBA30085
:1009800040F00800D2E78069D0E7C368D1E7426948
:10099000C36812F0030F0CBF012100210D4AD817C4
:1009A00082FB0323C0EBA30040EA8100BEE703699A
:1009B000084A0133B1E70069064B013083FB00238D
:1009C000C017C0EBA300B1E74369B2E7FF20ADE772
:1009D000B81300206766666620220021014807F0F0
:1009E000B5BC00BF646A022070B5364C0D46236862
:1009F000012B32D0032B21D0A0F184021B2A75D801
:100A0000DFE812F00303030303030303740074001D
:100A1000740074009A039F03A40374002B01310136
:100A2000310131019003740074007400740074008B
:100A30007400740018031803180318035F2800F0EB
:100A4000238345DC3D2800F01C853F2800F02183EE
:100A50003C284BD11C4B1D6070BD1C4B1B68202BD0
:100A600000F0748114DD402B00F0C282802B40F036
:100A7000BB81FE2800F0078400F3BF845B2800F0F0
:100A800019857E28E8D1BDE870400846FCF778BD9E
:100A9000082B00F0EE80102B40F0A681FD28DBDC57
:100AA000DF2800F3FB828328D6DC7F2840F374879D
:100AB0008138022800F25F85DFE810F06D047204CF
:100AC000820400BFA00B0020606A02204C6A022052
:100AD000E62800F0EF8400F3C582A0F18003032B29
:100AE00000F21286974B1B68002BB5D1A0F1500382
:100AF000AF2B00F2A882DFE813F0680468046804F2
:100B0000A602A602A602A602A602A602A602A602A5
:100B1000A602A602A602A602A60268046804680449
:100B2000A602A602A602A602A602A602A602A60285
:100B3000A602A602A602A602A602A602A602A60275
:100B4000A602A6024905A602A602A6024305A6021F
:100B5000A602A602A602A602A6023E054E04530461
:100B60006304A602A602A602A602A602A602A60286
:100B7000A602A602A602A602A602A602A602A60235
:100B8000A602A602A602A602A602A602A602A60225
:100B9000A602A602A602A602A602A602A602A60215
:100BA000A602A602A602A602A602A602A602A60205
:100BB000A602A602A602A602A602A602A602A602F5
:100BC000A602A602A602A602A602A602A602A602E5
:100BD000A602A602A602A602A602A602A602A602D5
:100BE000A602A602A602A602A602A602A602A602C5
:100BF000A602A602A602A602A602A602A602A602B5
:100C0000A602A602A602A602A602A602A602A602A4
:100C1000A602A602A602A602A602BA04BA04BA0452
:100C2000BA04BF04BF04BF04BF04A602A602A60202
:100C3000A6029004900490049004E604E104F004F9
:100C4000EB0444044404440444042F042F042F04FC
:100C50002F04C102C102C102C1023B4B1B6813B188
:100C60002846FCF7D9FA05F00100BDE8704002F013
:100C70000DBDA0F1D0032F2B00F2E58101A252F8A7
:100C800023F000BF791201107912011079120110BE
:100C900079120110791201107912011079120110E4
:100CA0007912011047100110471001104710011070
:100CB0004710011047100110471001104710011094
:100CC0004710011047100110471001104710011084
:100CD0004710011047100110471001104710011074
:100CE0004710011047100110471001104710011064
:100CF0004710011047100110471001104710011054
:100D00004710011047100110471001104710011043
:100D10004710011047100110471001104710011033
:100D20004710011047100110471001104710011023
:100D300047100110550A0110831401108712011089
:100D40008D1401109071022030220020FF283FF7FF
:100D500083AEDF2840F30583E0381F283FF67CAEE2
:100D600001A353F820F000BF831301108313011077
:100D70008313011083130110590A0110590A01103D
:100D8000590A0110590A0110591301105913011081
:100D90005913011059130110C7140110BD1401108B
:100DA000DB140110D1140110590A011003150110B0
:100DB000590A0110590A0110590A0110590A011063
:100DC000550A011083140110590A0110F914011079
:100DD000EF140110E5140110590A01105913011004
:100DE0000114011001140110432840F3B481A0F153
:100DF00085037A2B3FF630AE7A2B00F2248101A2D4
:100E000052F823F065160110471001104710011029
:100E10004710011047100110471001104710011032
:100E20004710011047100110471001104710011022
:100E30004710011047100110471001104710011012
:100E40004710011047100110471001104710011002
:100E500047100110471001104710011047100110F2
:100E600047100110471001104710011047100110E2
:100E700047100110471001104710011047100110D2
:100E800047100110471001104710011047100110C2
:100E900047100110471001104710011047100110B2
:100EA00047100110471001104710011047100110A2
:100EB0004710011047100110471001104710011092
:100EC000471001108D150110471001104710011037
:100ED0004710011081150110471001104710011033
:100EE0004710011047100110471001104710011062
:100EF0005116011047100110471001104710011042
:100F00004710011047100110471001104710011041
:100F10004710011047100110471001104710011031
:100F20004710011047100110471001104710011021
:100F3000550A0110831401106B160110471001109F
:100F40004710011047100110471001104710011001
:100F500047100110471001104710011047100110F1
:100F600047100110471001104710011033160110EF
:100F700047100110471001104710011047100110D1
:100F800047100110471001104710011047100110C1
:100F900047100110471001104710011047100110B1
:100FA0001D160110071601108D130110F315011005
:100FB000E3130110E3130110E3130110E313011015
:100FC000E3130110E3130110E3130110E313011005
:100FD0004710011099150110D31501104710011089
:100FE0005913011047100110B91501108D1401108B
:100FF000FE2800F04881FF2800F048821F2822D1F7
:10100000BDE870400846FCF753B9E84E746A6C407E
:10101000200600F15C8314F0700F40F05383210729
:1010200000F14A83620700F14283A30740F03A834C
:10103000756270BD052B7FF40FAD05F00100BDE8B2
:101040007040FCF78BBA432840F02281D84A05F063
:101050001F0312689342BFF6FFAC2846BDE87040FC
:10106000FCF7ECB9A0F1FC03032B00F24D838C06D6
:1010700004D5D04B1B68002B40F09A8405F0030088
:10108000BDE8704002F0FEBA0846BDE87040FFF7C8
:10109000FBB80846BDE87040FCF788BAE0381D2868
:1010A0003FF6DAAC01A353F820F000BFB5140110ED
:1010B000590A0110590A0110590A0110590A011060
:1010C000590A0110590A0110590A0110590A011050
:1010D000590A0110590A0110590A0110590A011040
:1010E000590A0110590A0110590A0110590A011030
:1010F000590A0110590A0110590A0110590A011020
:1011000015150110550A011083140110590A011018
:10111000590A011009150110590A0110590A011044
:1011200059130110A44B1B68002B3FF495AC2846C3
:10113000BDE87040FCF71CB82846BDE8704003F0DD
:1011400041B82846BDE8704003F03EB82846BDE8E7
:10115000704003F03BB80028FFF67EAC432800F255
:10116000978001A353F820F06F1501106F1501103F
:1011700075160110931601109112011085160110B9
:10118000911201109112011091120110911201108F
:10119000911201109112011091120110911201107F
:1011A0009112011091120110550A011083140110BF
:1011B000911201109112011091120110911201105F
:1011C000911201109112011091120110911201104F
:1011D000911201109112011091120110911201103F
:1011E000911201105B150110911201109112011062
:1011F000911201109112011091120110911201101F
:10120000911201109112011091120110911201100E
:1012100091120110911201109112011091120110FE
:1012200091120110911201109112011091120110EE
:1012300091120110911201109112011091120110DE
:1012400091120110911201109112011091120110CE
:1012500091120110911201109112011091120110BE
:10126000911201105B15011091120110231501104C
:101270002315011023150110C9B200F00700BDE8C5
:101280007040FBF707BE2846BDE87040FCF7F6B893
:10129000A0F1C0032B2B3FF6DFAB2B2B3FF6DCABD3
:1012A00001A252F823F000BF791301107913011045
:1012B000590A0110590A0110590A0110590A01105E
:1012C000590A0110590A01107913011079130110FC
:1012D000791301107913011079130110791301109A
:1012E0007913011079130110590A0110590A0110DC
:1012F000590A0110590A0110590A0110590A01101E
:10130000590A0110590A0110590A0110590A01100D
:10131000590A0110590A0110590A0110590A0110FD
:10132000590A0110590A0110590A0110590A0110ED
:10133000590A0110590A0110590A0110590A0110DD
:10134000590A0110590A01105315011049150110CD
:101350003F150110351501102846BDE8704002F018
:101360008BB9572800F3A3804F287FF775ABBDE8F2
:101370007040783002F0AABF2946BDE8704002F004
:10138000A5BFE8B2BDE8704002F042BF0B4B1B683E
:10139000002B3FF461AB2846BDE8704002F00ABF65
:1013A0002846BDE8704002F007BF00BF606A022017
:1013B0002C2200209071022028220020347202206A
:1013C0002846BDE8704002F0C3BEC44B1B68002B2A
:1013D0003FF442ABE9B200F00F00BDE87040FBF70C
:1013E000B5BFBF4B1B68002B3FF436AB2946BDE8A9
:1013F000704000F0070002F06DBFFF287FF42CABB7
:10140000B84BC5F3C0010120596202F081F805F024
:101410000300BDE8704002F035B9B34B1A68AA4228
:101420003FF41AABC5F340001D6002F029F9C5F383
:101430008001012002F06CF815F0080F0CBF0121AB
:101440000021042002F064F82368032B09D1A74B84
:101450001B68022B3FF400ABA54B1B68042B3FF429
:10146000FBAA05F0C000BDE87040FEF70DBFE8B272
:10147000BDE87040FEF7CEBCE8B2BDE87040FEF7B4
:10148000DFBC2846BDE87040FFF76CB9954BC5F34B
:10149000C0010120596202F03BF8C5F3800002F060
:1014A000EFF805F00300BDE8704002F0EBB85B28F0
:1014B0007FF4D2AA8B4B2D119D6270BDE8B2BDE8BE
:1014C000704002F0A1BEE8B2BDE8704002F09ABEE2
:1014D000E8B2BDE8704002F093BEE8B2BDE87040EB
:1014E00002F094BE0846BDE87040FBF701BE084616
:1014F000BDE87040FBF712BE0846BDE87040FBF740
:1015000085BD794B196070BD01F00F00BDE87040DA
:10151000FCF724B80220BDE8704001F0010101F0A1
:10152000F7BF744B1B68002B40F0508243283FF4F8
:101530008DAD70BD2846BDE8704002F0D5BE28468E
:10154000BDE8704002F0CEBE2846BDE8704002F013
:10155000C7BEBDE8704002F0C1BE674B1B68002BE0
:101560003FF47AAA2846BDE87040FBF737BFBDE8D4
:10157000704002F0F1BD2846BDE8704002F018BE90
:101580002946BDE87040012002F0F4BD2946BDE8BF
:101590007040022002F0EEBD544B1B68032B3FF756
:1015A0005BAA564B1B68B3F5005F3FF755AA284668
:1015B000BDE87040FBF760BD4C4B1B68002B3FF44F
:1015C0004BAA032B28467FF760ADBDE87040FBF7C0
:1015D00055BF464B1B68032B3FF73EAA474B1B6882
:1015E000B3F5005F3FF738AA2846BDE87040FBF727
:1015F000CDBC434B1B68002B3FF42EAA2846BDE808
:10160000704002F0F3BD3E4B1B68002B3FF424AA50
:1016100005F03F00BDE8704002F0CABD384B1B68C2
:10162000002B40F0CF81314B1B68032B3FF419AFE7
:1016300070BD2E4B1B68032B3FF70EAA314B1B6866
:10164000002B7FF409AA2846BDE87040FBF7C0BC18
:101650002C4B1B68002B3FF4FFA92846BDE87040C7
:10166000FBF762BE1F4B9D6270BD2846BDE870400F
:10167000FBF786BE1B4AE9B2D36A03F47F430B43F0
:10168000D36270BD174B2946BDE87040D86A02F09E
:10169000A5BD144A2B0292F82C1003F47C530B4383
:1016A000D36270BD05F00300FCF7C4F8C0E4C5F3D5
:1016B000800001F039FFB8E40220C5F3C00101F059
:1016C00027FFAFE4C5F30210FBF794FBA7E4E800A3
:1016D00000F48060FBF752FB9DE400BF382200203D
:1016E0001C830220606A0220C40B0020B00B002083
:1016F0004C6A02203C220020F4210020F02100202E
:101700003472022034220020A0F160039F2B3FF6A8
:10171000BFAD01A252F823F0CB130110CB1301107F
:10172000CB130110911201109112011091120110AE
:1017300091120110911201109112011091120110D9
:1017400091120110911201109112011091120110C9
:1017500091120110911201109112011091120110B9
:101760009112011091120110911201108D150110AA
:1017700091120110911201109112011081150110A6
:101780009112011091120110911201109112011089
:101790009112011091120110771501109713011089
:1017A000A1130110C1130110911201109112011027
:1017B0009112011091120110911201109112011059
:1017C0009112011091120110911201109112011049
:1017D0009112011091120110911201109112011039
:1017E0009112011091120110911201109112011029
:1017F0009112011091120110911201109112011019
:101800009112011091120110911201109112011008
:1018100091120110911201109112011091120110F8
:1018200091120110911201109112011091120110E8
:1018300091120110911201109112011091120110D8
:1018400091120110911201109112011091120110C8
:1018500091120110911201109112011091120110B8
:1018600091120110911201109112011091120110A8
:101870009112011091120110911201109112011098
:101880009112011091120110911201109112011088
:101890009112011091120110911201109112011078
:1018A0009112011091120110911201109112011068
:1018B0009112011091120110911201109112011058
:1018C0009112011091120110911201109112011048
:1018D0009112011091120110911201109112011038
:1018E0009112011091120110911201109112011028
:1018F0009112011091120110911201109112011018
:101900009112011091120110911201109112011007
:1019100091120110911201106F1401106F14011037
:101920006F1401106F140110791401107914011053
:101930007914011079140110911201109112011003
:1019400091120110911201101B1401101B140110AF
:101950001B1401101B140110C7140110BD14011039
:10196000DB140110D1140110831301108313011033
:10197000831301108313011059130110591301101F
:1019800059130110591301107D1001107D10011021
:101990007D1001107D10011028280ED0A0F1480301
:1019A000072B3FF659A8BDE87040803002F08EBC8E
:1019B0000846BDE8704002F00BBC0846BDE8704028
:1019C000FBF7F6BA284602F00FFC2CE605F01F01E3
:1019D000BDE87040FBF702BE10B58A4B04461B6899
:1019E00082B0012B00F08B80FF2800F3C280812899
:1019F00040F3B680A0F182027D2A00F25581DFE833
:101A000012F02B02530153015301530153015301AF
:101A10005301530153015301530153015301530126
:101A20005301530153014002530153015301530128
:101A30005301530153015301530153015301530106
:101A400053015301530153015301530153015301F6
:101A500053015301530153015301530153015301E6
:101A600053015301530153015301530153015301D6
:101A700053015301530153015301530153015301C6
:101A800053015301530153015301530153015301B6
:101A900053015301530153015301530153015301A6
:101AA0005301530153015301530153015301530196
:101AB0005301530153015301530153015301C70112
:101AC000C701C701C7015602530153012102530147
:101AD000530153015301C301C301C301C3013C02BC
:101AE0003802340230024D02530153015301BB014D
:101AF000BB01BB01BB01E601E6015301E601424B1C
:101B00001B68202B00F0848012DD402B62D0802BDC
:101B100033D1FE2800F0738100F32F825A2800F0A1
:101B200094817E2825D102B0BDE81040FBF776BE37
:101B3000082B5ED0102B20D1E02800F0868100F326
:101B40006F81822800F0888100F32182A0F1480390
:101B5000072B0ED8803002B0BDE8104002F0B8BBB1
:101B60003D2800F0C9813F2840F03981032B00F067
:101B70004681FF24204602B010BDFF2CF9DCDE2C8C
:101B800040F31281A4F1DF03202B00F28D80DFE807
:101B900013F0E6018B008B008B008B008B008B0019
:101BA0008B008B008B008B008B008B00E1018B0086
:101BB0008B008B003B013B013B013B013B013B01A7
:101BC0003B013B018B008B008B008B008B004C0199
:101BD0008B002600FE2800F01281FF2864D10B4BF9
:101BE0005B6A002B0CBF7F243F2401F04DFD0443B2
:101BF000C0E7D72840F3D080FF28F0D0EB2859DD8C
:101C0000B7E700BFA00B00204C6A0220606A0220E8
:101C1000FF28AEDCDF2840F30D81A0F1E0041F2C8B
:101C2000A7D801A353F824F0B71E0110B71E011066
:101C3000B71E0110B71E0110731B0110731B01109A
:101C4000731B0110731B01102B1E01102B1E0110A2
:101C50002B1E01102B1E01107B1E0110731E011084
:101C60006B1E0110631E0110731B0110451F011034
:101C7000731B0110731B0110731B0110731B0110E8
:101C8000731B0110FF1E0110731B01104B1F01106D
:101C9000FF1D0110271B0110731B01102B1E0110CB
:101CA000EB1E0110EB1E0110EB2C3FF762AFBF2CB7
:101CB00040F39580A4F1C0032B2B3FF65AAF01A24D
:101CC00052F823F0751D0110751D0110731B0110D2
:101CD000731B0110731B0110731B0110731B011088
:101CE000731B0110751D0110751D0110751D01106C
:101CF000751D0110751D0110751D0110751D011058
:101D0000751D0110731B0110731B0110731B011053
:101D1000731B0110731B0110731B0110731B011047
:101D2000731B0110731B0110731B0110731B011037
:101D3000731B0110731B0110731B0110731B011027
:101D4000731B0110731B0110731B0110731B011017
:101D5000731B0110731B0110731B0110731B011007
:101D6000731B0110C31E0110D71E0110CD1E0110E0
:101D7000E11E01102046EEE601F080FCB54B5C6AE6
:101D800004F00F040443F5E60020FDF75FFFF0E6E2
:101D9000FEF714F80446EDE6CF2888DD00F00700D2
:101DA000FBF7B0F80446E5E6432C00F3F880402C3E
:101DB00000F30181012C00F03E81042C40F0E18011
:101DC000A44BD86A02B0BDE8104002F009BAA24B99
:101DD0001C6801F059FC04F07E040443CAE6002CA0
:101DE00000F0D080432C40F0E0809C4B1B68002B1F
:101DF0003FF4BFAE02B0BDE81040FBF731BB02B00C
:101E0000BDE81040FBF7B0BB954B1B68002B3FF4BF
:101E1000B0AE04F0070002B0BDE8104002F05CBABA
:101E2000F7286CD0FD287FF4A4AE02B0BDE81040C6
:101E300001F024BC572800F302814F287FF799AEA8
:101E4000783088E6032B7FF494AE824B986A02B018
:101E5000BDE81040FEF73CBD02B0BDE8104002F006
:101E6000ADB902F0C5F9044684E602F0C7F90446AC
:101E700080E602F0C1F904467CE602F0BBF90446B4
:101E800078E6032B7FF775AE764B1B68002B3FF48B
:101E900070AE02B0BDE81040FBF7B6B9032B7FF47B
:101EA00068AE714B5878FDF743FD044662E6FDF7D6
:101EB000BFFF04465EE6FDF781FF02F077F90446B6
:101EC00058E602B0BDE8104002F010BA02B0BDE81A
:101ED000104002F00FBA02B0BDE8104002F008BA9C
:101EE00002B0BDE8104002F007BA5A4B5B6A002B03
:101EF0003FF43FAEBF243DE6032B7FF43AAE554B93
:101F00001A680A3A052A3FF634AE01A151F822F0C8
:101F1000351F0110311F0110731B0110731B0110BD
:101F20002D1F0110291F01101C7C23E65C7C21E67B
:101F30009C681FE65A695C68B2FA82F35B0944EA5E
:101F4000431417E6444B1C6814E602B0BDE8104089
:101F5000FBF710BB02B0BDE8104002F043B9434BA1
:101F60001B68032B3FF705AE414B1C68002C7FF428
:101F700000AE0720FBF72CF8FCE5FF283FF42FAE5E
:101F8000F7E594B902B0BDE8104002F0D7B8832855
:101F90007FF4EFAD02B0BDE8104002F011B9842C1F
:101FA0003FF453AFBF2C3FF785AEA4F170030C2B69
:101FB00066D820464BE72F4B1B68002B43D1432CA0
:101FC0003FF413AFA4F16803052B3FF6D2AD002018
:101FD0000DF018FD284A693CD2E900321B1842EB8B
:101FE00001026846CDE9003207F066FD042C4DD8A9
:101FF000DFE804F01F1D14120300036901331F49B9
:10200000DA1781FB0301C2EBA10202EB8201A3EB11
:10201000410303EB0214ADE5C368F0E764224369B2
:1020200003F26C7393FBF2F102FB1133E7E7836871
:10203000E5E74368E3E7204602F08EF899E55A2881
:102040003FF403AF95E5204602B0BDE81040FBF732
:10205000D9BA00BF606A0220C40B00202C220020E5
:102060001C8302202822002040130020B00B0020F7
:10207000342200203C220020B813002067666666E8
:10208000A4F1B0030C2B9DD82046E0E60368B6E728
:1020900070B50446264D012205F12C0100F0C0FA6E
:1020A000204605F12401012200F0BAFA204601225F
:1020B000204900F0B5FA2E1D29462046012200F0E5
:1020C000AFFA31462046012200F0AAFA204605F177
:1020D0000801012200F0A4FA204605F10C010122BA
:1020E00000F09EFA204605F11001012200F098FA56
:1020F000204605F11401012200F092FA204605F174
:102100001801012200F08CFA204605F11C01012281
:1021100000F086FA204605F12001012200F080FA45
:10212000204605F128010122BDE8704000F078BA90
:10213000606A0220C40B002070B50446264D0122BF
:1021400005F12C0100F0AEFA204605F12401012230
:1021500000F0A8FA20460122204900F0A3FA2E1D23
:1021600029462046012200F09DFA314620460122F0
:1021700000F098FA204605F10801012200F092FAD9
:10218000204605F10C01012200F08CFA204605F1F1
:102190001001012200F086FA204605F11401012207
:1021A00000F080FA204605F11801012200F07AFAC9
:1021B000204605F11C01012200F074FA204605F1C9
:1021C0002001012200F06EFA204605F128010122CB
:1021D000BDE8704000F066BA606A0220C40B0020BF
:1021E00030B5354983B005460DF004FC00285CD0BD
:1021F000044603460122162130480BF01BFE012243
:102200000D2123468DF807100DF1070011460BF044
:1022100011FE01220025114623460DF107008DF81D
:1022200007500BF007FE0122234611460DF107006F
:102230008DF807500BF0FEFD0122234611460DF1EB
:1022400007008DF807500BF0F5FD204601F0E6FF82
:10225000204601F0E7FF2046FDF736FB2046FDF75C
:1022600045FC204601F0E2FF204601F0E3FF204656
:1022700001F0E4FF2046FEF755F92046FFF708FF7E
:102280002046FDF70BF9204601F0C4FF204601F07F
:10229000D9FF2046FAF732FB204601F0D7FF20464F
:1022A0000AF038FC284603B030BD05482946FDF742
:1022B000AFFA4FF0FF30F6E7903C0210A04B02104F
:1022C000943C021070B5494996B006460DF092FB59
:1022D000002800F08680034601221621044602A849
:1022E00006F030F91622424902A807F01BFD054608
:1022F00000286ED10122234611468DF804008DF886
:1023000005008DF806008DF8070001A806F01AF9FF
:102310000122234611460DF1050006F013F90122B2
:10232000234611460DF1060006F00CF90122234662
:1023300011460DF1070006F005F99DF806109DF80D
:102340000730090441EA03619DF8043019439DF800
:10235000053041EA03210D290BD026483246FDF70E
:1023600005FA20460AF0D6FB4FF0FF35284616B096
:1023700070BD204601F054FF204601F055FF204675
:10238000FDF7A8FA2046FDF7B7FB204601F050FF05
:10239000204601F051FF204601F052FF2046FEF793
:1023A00063F92046FFF7C8FE2046FDF719F92046DD
:1023B00001F032FF204601F047FF2046FAF73CFBD0
:1023C000204601F045FF20460AF0A4FB284616B03F
:1023D00070BD31460848FDF7C9F920460AF09AFB5E
:1023E000C2E731460548FDF713FABDE7A83C0210E5
:1023F000A04B0210D43C0210AC3C0210003D021075
:1024000003460846114601220BF014BD0346084658
:102410001146012206F096B8002A1EDDF0B50646E8
:102420000D4683B001EB4207012235F8024B1146FD
:1024300033460DF107008DF807400BF0FBFC01223D
:1024400033461146240A0DF107008DF807400BF0C2
:10245000F1FCBD42E8D103B0F0BD7047002A1FDD9A
:1024600070B505460C4682B001EB420601222B46B0
:1024700011460DF1060006F065F801222B461146C3
:102480000DF1070006F05EF89DF807309DF8062074
:1024900042EA032224F8022BB442E7D102B070BD15
:1024A000704700BF2DE9F041B2F1000882B030DD85
:1024B00005460F460026012257F8044B11462B46CD
:1024C0000DF107008DF807400BF0B4FC01224FEA34
:1024D000142C11462B460DF107008DF807C00BF0A8
:1024E000A9FC01224FEA144C11462B460DF10700BE
:1024F0008DF807C00BF09EFC01222B461146240EDE
:102500000DF1070001368DF807400BF093FCB04544
:10251000D1D102B0BDE8F081F0B5002583B0171E1F
:102520008DF804508DF805508DF806508DF8075041
:102530002FDD04460E4601222346114601A806F06F
:1025400001F80122234611460DF1050005F0FAFFBE
:102550000122234611460DF1060005F0F3FF01228A
:10256000234611460DF1070005F0ECFF9DF806200B
:102570009DF807009DF8041012049DF8053042EA0A
:1025800000620A43013542EA0322AF4246F8042BB7
:10259000D1D103B0F0BD00BF2DE9F047B2F1000A80
:1025A00082B01CDD074688464FF00009082658F81F
:1025B000084B58F8045C01223B4611460DF1070018
:1025C0008DF807400BF036FC240A013E44EA05640E
:1025D0004FEA1525EFD109F10109CA45E6D102B04C
:1025E000BDE8F0872DE9F043B2F1000983B014DDB6
:1025F00005468846002702AE6C46012220462B463F
:102600001146013405F09EFFB442F6D1DDE9002306
:102610000137B945E8E80223EED103B0BDE8F08305
:102620002DE9F043B2F1000983B037DD0546884655
:102630000027012258F8044B1146002CB8BF644211
:102640002B460DF10700B4BF802600268DF8074009
:102650000BF0F0FB01224FEA142C11462B460DF132
:1026600007008DF807C00BF0E5FB01224FEA144C80
:1026700011462B460DF107008DF807C00BF0DAFB71
:1026800001222B46114646EA14640DF1070001377A
:102690008DF807400BF0CEFBB945CAD103B0BDE8B9
:1026A000F08300BFF0B5171E83B038DD04460E4638
:1026B000002501222346114601A805F043FF01220F
:1026C000234611460DF1050005F03CFF012223468B
:1026D00011460DF1060005F035FF01222346114693
:1026E0000DF1070005F02EFF9DF805209DF806105E
:1026F0009DF807309DF80400120242EA01420243AD
:1027000003F07F0142EA01621B0605F1010548BFA3
:102710005242AF428DF8071046F8042BC9D103B0DE
:10272000F0BD00BF2DE9F047B2F1000888B01ADD16
:1027300081460D460024DFF834A055F8040B11F053
:102740005FF806460F4652461521CDE9006702A8FC
:10275000F0F7BAFE01344B460122142102A80BF017
:1027600069FBA045E9D108B0BDE8F087143D02102F
:102770002DE9F041161E86B014DD07460C460025F3
:10278000DFF828803B4601221421684605F0DAFE76
:10279000013522464146684607F096F9AE4204F1FB
:1027A0000404EFD106B0BDE8F08100BF1C3D02106B
:1027B00070B5054682B008460E460BF03DFF01227B
:1027C00004462B4611460DF107008DF807400BF02B
:1027D00031FB0122C4F3072311468DF807300DF1B8
:1027E00007002B460BF026FB2B4601223046A1B2F8
:1027F00002B0BDE870400BF01DBB00BF30B5012238
:10280000044683B00D46234611460DF1060005F03F
:1028100099FE0122234611460DF1070005F092FEB4
:102820009DF807109DF806C023464CEA01240122BA
:102830002146284605F086FE00232B5503B030BD07
:102840002DE9F84305468846174612B14FF0FF338D
:102850001360284604F0F4FC421C064635D0284696
:1028600004F0EEFC431C044600F09E80002808BFE4
:102870004FF480741F2E1CD8DFE806F01056432555
:102880001B101B101B1B1B1B1B1B1B1B2B1B1B1B9E
:102890001B1B1B1B1B1B1B1B1B1B1B10002CD8DD1E
:1028A000284604F0CDFC013004F1FF34F6D14FF09E
:1028B000FF363046BDE8F883284604F0C1FC0130FD
:1028C00004F1FF34F3D0002CF6DC00263046BDE8DE
:1028D000F883284604F0B4FC0130E8D0284604F020
:1028E000AFFC0130E3D0A31E002B55DD1C46002CAD
:1028F000AFDD284604F0A4FC013004F1FF34F6D12A
:10290000D5E7022CD5D1284604F09AFC421C044697
:10291000CDD0284604F094FC431CC8D0002FD4D05E
:1029200004EB00243C60D0E7284604F089FC06460E
:10293000701CBCD0284604F083FC411CB7D006EBC9
:102940000026022CB6B22ADDE31E1E441C46B6B297
:10295000B8F1000F05D115E0611C08F809003FF43B
:1029600078AF331B28461FFA83F904F069FC431C37
:1029700004F1FF34F0D19AE74846FBF763FB013CD2
:10298000FFF467AF301B1FFA80F9284604F058FCAB
:10299000421C0146F0D18AE704F1FE03A6E704F1E8
:1029A000FD03FD34D1DA54E7033E18BF4FF0FF3684
:1029B0007FE700BF2DE9F04F0378ADF5803D87B08C
:1029C000002B00F01581A149804604F017FC064653
:1029D000002800F0368104F033FC3A2801464AD042
:1029E0009B4B1B68022B1BDC00209A4C4A1C20606E
:1029F00001D10AE02068431C2360FAF727FF304624
:102A000004F01EFC431C0146F4D1304604F06AFC7D
:102A10004FF0000948460DF5803D07B0BDE8F08F46
:102A200020F00403012BDFD14FF4803706AD0021E5
:102A30003A46284605F08AFC304604F04DFC002258
:102A400029463046FFF7FCFE8146002840F0EB8027
:102A5000804C3A46276007460DF580331833002A2C
:102A600000F0C98013F8011D0127501E002940F015
:102A7000C3800246F3E7304604F02EFC002306AD87
:102A8000009305F10903059332464FF480712846FF
:102A900004F0EEFB002800F09D802B783A2BF3D158
:102AA0006B7895F802A0392B8CBF37223022BAF10F
:102AB000390F8CBF37213021EC789B1A2A79392CB9
:102AC00068790AEB031A8CBF4FF037094FF03009D1
:102AD000AB79392A8CBF3727302739288CBF4FF084
:102AE000370E4FF0300E392B8CBF4FF0370C4FF0B4
:102AF000300CBAEB010AC7D0A4EB0904A946A0EB3D
:102B00000E0002EB041403EB0013A3EB0C03E41B15
:102B100043EA0424DFB207EB242704EB0A0B5744F3
:102B2000CDE9034520463D465C46CB460AF1FF32DF
:102B3000CDE901629BF809909BF80AC0B9F1390F01
:102B40008CBF37213021A9EB01090CEB0919BCF12D
:102B5000390FA9F1300700F10106A9F1370909D8A9
:102B60003946FAF773FEB4423D440BF1020B0AD02A
:102B70003046DFE7461C4946FAF768FEA6424D4458
:102B80000BF1020BF4D1DDE90162039C009B0134DF
:102B900022449342B8BF13460093059B2F4613F877
:102BA0001A2003EB4A0A392A8CBF372130219AF8C0
:102BB0000130521A392B03EB02138CBF372230221B
:102BC0007F42FFB29B1ABB42049D3FF45DAF4FF0C2
:102BD000FF330093009B1F4C3046236004F082FBC0
:102BE000236801337FF414AF41461B48FCF7BEFD58
:102BF0004FF0FF390EE707B12260304604F072FB58
:102C00002768B7F5605F16DC002FD8BF002708DD06
:102C10000026304615F8011B0136FAF717FEB742B9
:102C2000F7D12760F6E6304604F056FB304604F054
:102C300007FB0146D8E63A4641460848FCF796FDB0
:102C4000D6E741460648FCF7E3FDD1E7A83C021071
:102C5000A00B0020F0210020343D02105C3D02104A
:102C6000203D021070B5164982B0064604F0C6FA3F
:102C700000B3002101AA0546FFF7E2FD04462846FD
:102C80007CB904F02FFB019D31462B462A460D48A6
:102C9000FCF748FD002D01DB0B4BDD81204602B027
:102CA00070BD04F01FFB31460848FCF75FFD4FF094
:102CB000FF34F3E731460648FCF7AAFDF7E700BF0B
:102CC000A83C0210883D021040130020A83D0210CD
:102CD000C43D0210F8B52E4B1B68042B36DC022BCA
:102CE0001EDC012B38D12B48FFF764FE002863D18E
:102CF000294B1B68002B40F08C8343F2E072274D78
:102D00002B68934240F3878325490968002900F026
:102D10007A83244B2A601B68002B40F08380F8BD27
:102D20002148FFF747FEB8B1204D6C1E05F5E67649
:102D3000C5F10105281914F8011FFAF787FDB442FF
:102D4000F8D140F2CD12154B1A60F8BD052B03D116
:102D50001748FFF72FFE40B9104D2B68B3F5605FA1
:102D6000C4BF4FF460532B60F8BD124D6C1E05F2CA
:102D70000526C5F10105281914F8011FFAF766FDAB
:102D8000B442F8D140F20622044B1A60F8BD00BFED
:102D9000A00B0020F87402201C830220F0210020E8
:102DA00068830220906A0220F8780220B84B021053
:102DB000F87C022008550210154D6C1E05F5E676CC
:102DC000C5F10105281914F8011FFAF73FFDA642C5
:102DD000F8D140F2CD120F4B0F4D1B682A60002B2B
:102DE00000F019830D4EC6F54057741E013706F2E8
:102DF0007F76381914F8011FFAF728FDB442F8D18C
:102E00004FF45E52064B2A601B68002B87D009E006
:102E1000B84B02101C830220F0210020884D0210C4
:102E2000906A0220AF216620FAF710FD3D2167204D
:102E3000FAF70CFD18216820FAF708FD982169209F
:102E4000FAF704FDD3216A20FAF700FDCF216B20A9
:102E5000FAF7FCFCDB216C20FAF7F8FCCF216D209F
:102E6000FAF7F4FCE6216E20FAF7F0FCC0216F209F
:102E7000FAF7ECFCEE217020FAF7E8FC4021712013
:102E8000FAF7E4FC20217220FAF7E0FCF821732025
:102E9000FAF7DCFCC9217420FAF7D8FC112175205F
:102EA000FAF7D4FC80217620FAF7D0FC4021772075
:102EB000FAF7CCFC2121B520FAF7C8FCFB21B6209B
:102EC000FAF7C4FC2F21B720FAF7C0FC2121FC201F
:102ED000FAF7BCFC7321FD20FAF7B8FC0421FE20B0
:102EE000FAF7B4FCCD2140F20510FAF7AFFC6C21E3
:102EF0004FF48370FAF7AAFC002140F20710FAF7AA
:102F0000A5FC01214FF48470FAF7A0FCCE2140F219
:102F10000910FAF79BFC06214FF48570FAF796FC2E
:102F2000ED2140F20B10FAF791FC79214FF48670F5
:102F3000FAF78CFC0D2140F20D10FAF787FC1021F6
:102F40004FF48770FAF782FCFB2140F20F10FAF77A
:102F50007DFC3E214FF48870FAF778FC202140F286
:102F60001110FAF773FCCD214FF48970FAF76EFC5B
:102F70006A2140F21310FAF769FC00214FF48A70BD
:102F8000FAF764FC212140F21510FAF75FFC0021EA
:102F90004FF48B70FAF75AFC422140F21710FAF7FF
:102FA00055FCE5214FF48C70FAF750FCED2140F20E
:102FB0001910FAF74BFCB2214FF48D70FAF746FC6A
:102FC000C92140F21B10FAF741FC182140F2714070
:102FD000FAF73CFC0A2140F27240FAF737FC522122
:102FE00040F27340FAF732FC2F2140F27440FAF7B6
:102FF0002DFC532140F27540FAF728FC202140F2C5
:103000007640FAF723FC4C2140F27740FAF71EFC99
:1030100032214FF48F60FAF719FC2E2140F27940EB
:10302000FAF714FC2E2140F27A40FAF70FFC0D213A
:1030300040F27B40FAF70AFC002140F27C40FAF7AC
:1030400005FCCD2140F27D40FAF700FC412140F221
:103050007E40FAF7FBFB052140F27F40FAF7F6FBD2
:103060004D2142F6FB70FAF7F1FB652142F6FC7048
:10307000FAF7ECFB6D2142F6FD70FAF7E7FB2E2123
:1030800042F6FE70FAF7E2FB002142F6FF70FAF713
:10309000DDFB082140F27460FAF7D8FBAF2140F263
:1030A0007560FAF7D3FBD32140F27660FAF7CEFBD6
:1030B000FF2140F27760FAF7C9FB21214FF4CF607E
:1030C000FAF7C4FBD22140F27960FAF7BFFB062180
:1030D00040F27A60FAF7BAFB112140F27B60FAF70E
:1030E000B5FB002140F27C60FAF7B0FB402140F2D2
:1030F0007D60FAF7ABFB012140F27E60FAF7A6FB98
:10310000362140F27F60FAF7A1FB00214FF4D06036
:10311000FAF79CFBED2140F28160FAF797FBB021B2
:1031200040F28260FAF792FB3D2140F28360FAF7A9
:103130008DFB202140F28460FAF788FBF22140F2F7
:103140008560FAF783FB062140F28660FAF77EFB82
:10315000272140F28760FAF779FB12214FF4D16002
:10316000FAF774FB132140F28960FAF76FFB102124
:1031700040F28A60FAF76AFBFC2140F28B60FAF7B2
:1031800065FB312140F28C60FAF760FB7D2140F253
:103190008D60FAF75BFB402140F28E60FAF756FB38
:1031A0003A2140F28F60FAF751FB40214FF4D26090
:1031B000FAF74CFB382140F29160FAF747FBCB213C
:1031C00040F29260FAF742FB572140F29360FAF71F
:1031D0003DFB202140F29460FAF738FB322140F2A7
:1031E0009560FAF733FB172140F29660FAF72EFB51
:1031F000382140F29760FAF729FB06214FF4D3609B
:10320000FAF724FBDB2140F29960FAF71FFBCF218C
:1032100040F29A60FAF71AFB3C2140F29B60FAF701
:1032200015FBC22140F29C60FAF710FB052140F229
:103230009D60FAF70BFB012140F29E60FAF706FB56
:10324000212140F29F60FAF701FBEC214FF4D4609A
:10325000FAF7FCFA372140F2A160FAF7F7FA7E217B
:1032600040F2A260FAF7F2FA3C2140F2A360FAF7CA
:10327000EDFA282140F2A460FAF7E8FA222140F2A0
:10328000A560FAF7E3FA3E2140F2A660FAF7DEFA0B
:10329000012140F2A760FAF7D9FA32214FF4D56044
:1032A000FAF7D4FAE12140F2A960FAF7CFFA372110
:1032B00040F2AA60FAF7CAFA112140F2AB60FAF7BD
:1032C000C5FAEE2140F2AC60FAF7C0FA372140F2BD
:1032D000AD60FAF7BBFA362140F2AE60FAF7B6FA03
:1032E000032140F2AF60FAF7B1FACD214FF4D66076
:1032F000FAF7ACFA602140F2B160FAF7A7FA0021C0
:1033000040F2B260FAF7A2FACB2140F2B360FAF7CA
:103310009DFA462140F2B460FAF798FA202140F273
:10332000B560FAF793FAFC2140F2B660FAF78EFA2C
:10333000122140F2B760FAF789FA13214FF4D760EF
:10334000FAF784FA062140F2B960FAF77FFA4221CF
:1033500040F2BA60FAF77AFAC52140F2BB60FAF798
:1033600075FA362140F2BC60FAF770FA8C2140F20F
:10337000BD60FAF76BFACB2140F2BE60FAF766FA4D
:103380004E2140F2BF60FAF761FA28214FF4D8606D
:10339000FAF75CFAFC2140F2C160FAF757FA1A21F9
:1033A00040F2C260FAF752FA022140F2C360FAF723
:1033B0004DFA0C2140F2C460FAF748FA202140F29D
:1033C000C560FAF743FAF72140F2C660FAF73EFA11
:1033D000C92140F2C760FAF739FA08214FF4D960E1
:1033E000FAF734FACA2140F2C960FAF72FFA7521C8
:1033F00040F2CA60FAF72AFA002140F2CB60FAF7ED
:1034000025FA2B68AAE4074A1268002A3FF4A6AC02
:1034100008E5054DE6E4034B1B68002B7FF402AD85
:10342000F8BD00BF906A0220F02100200020704704
:10343000704700BF0D4B70B51A680D4E002A0BBFC8
:1034400040245024102518250A4B4FF470620021A7
:1034500009481D60346004F079FF2946204600F0D9
:10346000EFFF0122054B1A6070BD00BF6083022090
:10347000CC0B0020C80B0020748302207492022021
:1034800008B54FF470620021064804F05FFF064A59
:10349000064B1168186800F0D3FF0122044B1A6034
:1034A00008BD00BF74830220C80B0020CC0B002095
:1034B00074920220B0F5F06F14D2104B10B51C6856
:1034C0000F4BB0FBF4FC0F4A1B7802F8101002EB14
:1034D000400253700C4A1268624504DC01220B4B17
:1034E0001A6010BD70470A4604FB1C00614600F0DC
:1034F000B1FF0122054B1A6010BD00BFCC0B0020AC
:103500007892022074830220C80B0020749202205B
:10351000044A136811B103431360704723EA0003A0
:10352000136070477892022003460A49002810B5BC
:1035300008BF40200B6016BF502010211821064AFA
:10354000064C1160206000F07BFF0122044B1A60E2
:1035500010BD00BF60830220C80B0020CC0B0020F0
:10356000749202202DE9F041104B114F1D6838680C
:1035700000FB05F5002D12DD0E4E002406F1FF388C
:1035800000E0386894FBF0F116F8143000FB1140AD
:1035900018F81420013400F05DFFA542F1D100F0CD
:1035A00071FF0022044B1A60BDE8F081C80B0020B7
:1035B000CC0B00207583022074920220704700BF5C
:1035C00070B500F09BFE0D4B0D4E1A680D4B002A96
:1035D0000BBF40245024102518254FF470620021A1
:1035E00009481D60346004F0B1FE2946204600F011
:1035F00027FF0122054B1A6070BD00BF60830220C7
:10360000CC0B0020C80B002074830220749202208F
:1036100000F03ABF00F03ABF034B186B003818BFF8
:10362000012000F035BF00BF40130020014600B567
:10363000003983B018BF012101A800F077FE10B94E
:1036400003B05DF804FB019800F08CFC03B05DF85A
:1036500004FB00BF044608B5054B22461B6805491C
:10366000D86809F09FFBB4FA84F04009EFF7FAFF3D
:10367000200C0020D83D0210704700BF002070478A
:10368000704700BF704700BF00207047704700BF01
:10369000A1F580720346112A46D8DFE802F02C25F6
:1036A00010171709091E103910172C25091E3F3352
:1036B000DC4A92E8030083E8030018467047DA4AC0
:1036C00092E8030083E8030018467047D74A92E85F
:1036D000030083E8030018467047D54A92E80300C8
:1036E00083E8030018467047D24A92E8030083E853
:1036F000030018467047D04A92E8030083E80300AD
:1037000018467047CD4A92E8030083E80300D4E7E7
:10371000CB4A92E8030083E80300CEE7C94A92E867
:10372000030083E80300C8E78AB2083A762A00F269
:10373000F18001A050F822F0BF36011015390110B8
:103740001539011015390110DB3601101137011040
:1037500015390110153901101539011015390110ED
:1037600015390110153901101539011015390110DD
:1037700015390110153901101539011015390110CD
:1037800015390110B1360110153901101539011024
:1037900015390110153901108D3B0110813B0110C5
:1037A000753B0110693B01105D3B0110513B01105D
:1037B000453B0110393B01102D3B0110213B01100D
:1037C000153B0110093B0110FD3A0110F13A0110BF
:1037D000E53A0110D93A0110CD3A0110C13A011071
:1037E000B53A0110A93A01109D3A0110913A011021
:1037F000193A01100D3A0110013A0110F539011082
:10380000E9390110DD390110D1390110C539011034
:10381000B9390110AD390110A33901101539011062
:10382000153901101539011015390110153901101C
:10383000153901101539011015390110153901100C
:1038400015390110153901101539011015390110FC
:1038500015390110153901101539011015390110EC
:1038600015390110153901101539011015390110DC
:1038700015390110153901101539011015390110CC
:10388000153901101D370110973901100537011046
:103890008B3901107F39011075390110153901106C
:1038A000153901101539011015390110153901109C
:1038B000153901101539011015390110153901108C
:1038C000153901101539011015390110153901107C
:1038D000153901101539011015390110153901106C
:1038E000153901101539011015390110153901105C
:1038F000153901101539011015390110153901104C
:1039000015390110693901105D3901105139011063
:1039100031390110A1F14102192A0FD9A1F1610237
:10392000192A10D9484A92E8030083E80300C4E644
:10393000464A92E8030083E80300BEE6922240393B
:10394000C3E90012B9E693226039C3E90012B4E674
:103950003F4A92E8030083E80300AEE63D4A92E85E
:10396000030083E80300A8E63B4A92E8030083E8EB
:103970000300A2E600219222C3E900129DE6374A25
:1039800092E8030083E8030097E6354A92E80300D3
:1039900083E8030091E6334A92E8030083E80300DA
:1039A0008BE600219322C3E9001286E62E4A92E8B4
:1039B000030083E8030080E62C4A92E8030083E8D2
:1039C00003007AE62A4A92E8030083E8030074E6DB
:1039D000284A92E8030083E803006EE6264A92E84C
:1039E000030083E8030068E6244A92E8030083E8C2
:1039F000030062E6224A92E8030083E803005CE6E3
:103A0000204A92E8030083E8030056E61E4A92E843
:103A1000030083E8030050E61C4A92E8030083E8B1
:103A200003004AE6305702102057021028570210B0
:103A30003857021018570210105702105057021032
:103A40004057021048570210905802108858021030
:103A500080580210785802107058021068580210EE
:103A6000605802105858021050580210485802105E
:103A700040580210385802103058021028580210CE
:103A8000205802101858021010580210085802103E
:103A9000414A92E8030083E803000EE63F4A92E8B9
:103AA000030083E8030008E63D4A92E8030083E848
:103AB000030002E63B4A92E8030083E80300FCE5CA
:103AC000394A92E8030083E80300F6E5374A92E8B2
:103AD000030083E80300F0E5354A92E8030083E839
:103AE0000300EAE5334A92E8030083E80300E4E5D3
:103AF000314A92E8030083E80300DEE52F4A92E8AA
:103B0000030083E80300D8E52D4A92E8030083E828
:103B10000300D2E52B4A92E8030083E80300CCE5DA
:103B2000294A92E8030083E80300C6E5274A92E8A1
:103B3000030083E80300C0E5254A92E8030083E818
:103B40000300BAE5234A92E8030083E80300B4E5E2
:103B5000214A92E8030083E80300AEE51F4A92E899
:103B6000030083E80300A8E51D4A92E8030083E808
:103B70000300A2E51B4A92E8030083E803009CE5EA
:103B8000194A92E8030083E8030096E5174A92E891
:103B9000030083E8030090E500580210F857021074
:103BA000F0570210E8570210E0570210D8570210E1
:103BB000D0570210C8570210C0570210B857021051
:103BC000B0570210A8570210A057021098570210C1
:103BD0009057021088570210805702107857021031
:103BE00070570210685702106057021058570210A1
:103BF0000022014B1A6070479C710220024A136830
:103C000001331360704700BF9C7102200000000068
:103C1000A54B2DE9F04F1B68A44DDFF8B0B2D5E9F4
:103C20000E8EB3EB0803A04B04465B688BB063EBCE
:103C30000E09DBF80030022B33DD9D4B196800299B
:103C400040F37D819B4A0020CDE901489FED947BA4
:103C50009046994BD2F800A01B68984E039003F150
:103C6000010CDCF1000456F8232004F01F040CF0D2
:103C70001F0358BF6342002A01F1FF314DDA8C4E19
:103C8000424631608C49019CDDF808800B6018B118
:103C9000049BC2F800A02B63039B13B1884B059AC9
:103CA0001A60B9F1000F77DB002314F00100CBF8A4
:103CB00000301CBF834B1868A10702D5814B5B689D
:103CC0001843620702D57F4B9B681843230702D530
:103CD0007C4BDB681843E70602D57A4B1B69184317
:103CE000A60602D5774B5B691843650602D5754B6E
:103CF0009B69184321060DD5714A724B1268DB6926
:103D0000932A00F0C880912A03D09A0708BF43F095
:103D1000010318430BB0BDE8F08F942A26DC902AEB
:103D200062DD059201220392002998D1604E42463D
:103D300031606149019CDDF808800B6018B1049B7B
:103D4000C2F800A02B63039B002BAAD05C4B059A02
:103D5000B9F1000F1A60A7DA5B480368524913EB08
:103D600008024EEBE3730A604B609DE7952A5CD135
:103D7000544A012082ED007B82ED027B82ED047BC0
:103D800082ED067B912400220594924604920390D2
:103D900000297FF464AFC9E74B48454903680A68C6
:103DA00013EB08064EEBE373002AD6DD3E48013ADA
:103DB000C0E9006340480A600368404A52F8232083
:103DC0000133594201F01F0103F01F0358BF4B425A
:103DD000002A0360FFF668AF942A4DDC902A40F376
:103DE0009580374B1A605FE7364F1411069457F8E9
:103DF000244002F00F0244FA02FC1CF0010F079766
:103E0000274691D10120904038430AF1010ADDE9AB
:103E1000062444F82200BAF1000218BF0122012052
:103E2000049200297FF41BAF80E712F480340CBFAA
:103E30004FF0010C4FF0000C224FCDF820C0C2F320
:103E4000031C099457F82C4002F00F020797CDF895
:103E500018C0274644FA02FC089C0CF0010C64458B
:103E60003FF462AF0120099C9040002CCCD027EA9F
:103E700000000AF1FF3ACAE7952A29D12022002141
:103E8000104804F063FA912100230D4A2B6311605E
:103E9000084A136008E723F003033AE7AFF3008012
:103EA00000000000000000007015002040130020FA
:103EB000207202202C72022024720220A0710220A3
:103EC000D80B002090150020D40B00209C710220FC
:103ED00012F4803C0CBF012100211B4EC2F30310E1
:103EE00056F8207002F00F0247FA02F303F00103C4
:103EF00099423FF4D9AE01219140144A1368BCF1B4
:103F0000000F12D027EA0101013B10E00E4E101104
:103F100056F8207002F00F0247FA02F3DB073FF574
:103F2000C3AE01219140094A13683943013313603C
:103F3000003B18BF012346F820102B63B4E6B9F10B
:103F4000000FBFF6B1AE07E7901500202C720220DB
:103F500000230249024A0B6013607047247202205A
:103F6000207202202DE9F043B0F5803F85B000F0CB
:103F700092800446014602A8FFF78AFBDDE9025958
:103F8000902D04F4803733D0684B6948D3F800E0B3
:103F90000268DFF8A4C10EEB02014E4206F01F06D4
:103FA00001F01F03DCF8008058BF7342002F4AD194
:103FB000B8F1940F00F09D80C14500F09A805D4EED
:103FC0001F2ACCF8009046F8239000F3A580013218
:103FD00002600EEB02014F4201F01F0307F01F01C8
:103FE00058BF4B421F2A46F823504BDC0132026077
:103FF00034F4803344F4803100F091806846FFF758
:1040000047FBDDE90037902B1AD0484A484814682E
:104010000168484E6218554205F01F0502F01F0264
:1040200043F4803358BF6A4246F82230424A1F297F
:104030001368DCBF01310160912B01D09F425AD03F
:1040400005B0BDE8F0831F2AD8BF0132394E45F4D0
:104050008035D8BF0260B8F1910F46F82350C7D021
:10406000C145C5D191259644DEF1000101F01F0143
:104070000EF01F0358BF4B421F2ACCF8005046F8E1
:104080002350B3DD34F4803244F48031B6D195222C
:1040900046F8232027E09525244B25481968026817
:1040A000244E8B185C4204F01F0403F01F0358BF1A
:1040B00063421F2A46F8235013DC01320260114488
:1040C0004B4203F01F0301F01F0158BF59429523D3
:1040D0001F2A46F8213004DC0132DFF85CC00260A0
:1040E00001E0DFF854C09123CCF8003005B0BDE802
:1040F000F083104E6FE791250C44634203F01F03D9
:1041000004F01F0458BF5C421F29156046F8245074
:1041100096DC0131016093E746F82350B2E704488A
:10412000024B02681968034EC9E700BF24720220DF
:1041300020720220A0710220D00B0020FF207047C7
:10414000704700BF704700BF704700BF704700BF97
:10415000704700BF704700BF704700BF704700BF87
:10416000704700BF704700BF704700BF704700BF77
:10417000704700BF704700BF704700BF704700BF67
:10418000704700BF704700BF704700BF704700BF57
:10419000704700BF704700BF00207047704700BFE6
:1041A000704700BF704700BF00207047704700BFD6
:1041B000704700BF704700BF704700BF00207047C6
:1041C00000207047704700BF704700BF704700BFB6
:1041D000704700BF0020704700207047704700BF45
:1041E0000020704700207047704700BF704700BF35
:1041F0000020704700207047002070470020704763
:10420000704700BF704700BF704700BF704700BFD6
:10421000704700BF704700BF704700BF704700BFC6
:10422000704700BF704700BF704700BF704700BFB6
:10423000704700BF704700BF704700BF704700BFA6
:10424000704700BF704700BF704700BF704700BF96
:10425000704700BF00207047002070470020704763
:10426000002070474FF0FF30704700BF00207047BC
:104270004FF0FF30704700BF4FF0FF30704700BF76
:104280004FF0FF30704700BF00207047002070479C
:104290004FF0FF30704700BF002070474FF0FF30F5
:1042A000704700BF4FF0FF30704700BF4FF0FF3046
:1042B000704700BF002070474FF0FF30704700BFCD
:1042C0004FF0FF30704700BF00207047704700BFBD
:1042D000FF207047704700BFFF207047704700BF46
:1042E000704700BF704700BF704700BF0020704795
:1042F00000207047002070470020704710B5094C1F
:10430000237803B110BDEFF735FB02F0FBFB064845
:1043100001F01AFBFA20ECF799FE01F043FD0123AE
:10432000237010BDAB920220EC58021010B5044669
:1043300019B901F0A3F800B910BD01F0ADF80D28CE
:1043400039DDA0F18103562B31D8562B2FD8DFE869
:1043500003F06B6865622E2E2E2E2E2E2E2E2E2E04
:104360002E2E2E2E2E2E2E2E2E2E2E2E2E2E2E2E6D
:104370002E2E2E2E2E2E2E2E2E2E2E2E2E2E2E2E5D
:104380002E2E5F2E2E2C74715C2E2E2E2E2E2E2E67
:104390002E2E2E2E2E2E2E2E2E2E2E2E2E2E2E2E3D
:1043A0002E592E562E4A53506E004FF4817004B190
:1043B0002060012010BD0728F9DDA0F10803052BBE
:1043C000F5D801A252F823F0E7430110ED430110A4
:1043D000E1430110AF430110AF430110E14301106D
:1043E00040F20910E3E74FF48470E0E74FF4827085
:1043F000DDE74FF48670DAE740F20B10D7E74FF4B1
:104400008570D4E74FF48370D1E740F20310CEE714
:1044100040F20510CBE740F21110C8E74FF4887066
:10442000C5E740F20F10C2E74FF48770BFE740F2D4
:104430000D10BCE740F20110B9E74FF48070B6E709
:10444000024A034B1060196001F0ACBCE40B002081
:10445000E00B002050EA01030ED4084B1B68834296
:104460000ADD074B1B688B4206DD002A08BF2022AD
:10447000C9B2C0B201F02EBF704700BFE40B0020EC
:10448000E00B0020704700BF704700BF704700BFBF
:10449000704700BF00B3F0B50378064689B083B11A
:1044A0000825104F314601A800F05CFD044660B1BC
:1044B000FA203C70ECF7CAFD013DF3D1002009B0B1
:1044C000F0BD0822074B1A70F8E701A800F094FD30
:1044D00001203C7009B0F0BD0822024B00201A7088
:1044E000704700BFAA920220014B1878704700BFA6
:1044F000AA920220014B187800F0B2BEAA920220C4
:104500004FF050435868C0F38050704702F01ABB18
:1045100010B502F017FB80B9094B1A786AB1012176
:10452000084C18702060084B084C18602060084A3E
:10453000084C094B206018601170012010BD00BFAD
:10454000A092022088920220046F02208C6F022029
:10455000A89202204C6E0220306F02202DE9F04F0D
:1045600089468046202200214846C9B003F0EEFE6D
:1045700098F80130002B40F0A4814FF0FF3BDFF8AA
:10458000FCA25C4600938DF8203016E0012288F8EA
:1045900001202033B3FBF6F2C8F8103006FB1233CB
:1045A000002B00F06D8198F80130002B40F08981DC
:1045B00099F80030002B40F08481AB4FD8F81030D0
:1045C0003E682146B3FBF6F4D8F8082006FB143405
:1045D000901EA64A640A557BA54A05FB0044126852
:1045E00014448C420BD0A34B51461868204402F06F
:1045F000B1FA002840F06681D8F810303E68C3F365
:1046000008051AF805705544002FBFD0EA7A0F2A22
:1046100000F05B81E52FBCD06B7829790193EB79B1
:104620009DF8202003936B7A02910493AB7A95F85E
:1046300002B095F803E06879A97995F808C0059368
:10464000002A43D0019BFA0142EA57021A44C2F3FE
:10465000460343EAC2135BFA83F3C3F3460242EA1A
:10466000C3125EFA82F2C2F3460343EAC213029A0D
:1046700052FA83F3C3F3460242EAC31250FA82F2BB
:10468000C2F3460343EAC21351FA83F3C3F346026B
:1046900042EAC312039B53FA82F2C2F3460343EA8F
:1046A000C2135CFA83F3C3F3460242EAC312049BCB
:1046B00053FA82F2C2F3460343EAC213059A52FA4E
:1046C00083F3009ADBB29A4200F0A181202F00F020
:1046D000B081694BDB5D03F00303012B04BF20377E
:1046E000FFB289F800706B78202B00F0A781624A36
:1046F000D25C02F00302012A04BF2033DBB289F846
:104700000130AB78202B00F0A1815B4AD25C02F033
:104710000302012A04BF2033DBB289F80230EB78B0
:10472000202B00F09B81544AD25C02F00302012A44
:1047300004BF2033DBB289F803302B79202B00F043
:1047400095814D4AD25C02F00302012A04BF203356
:10475000DBB289F804306B79202B00F08F81464A58
:10476000D25C02F00302012A04BF2033DBB289F8D5
:104770000530AB79202B00F089813F4AD25C02F0F2
:104780000302012A04BF2033DBB289F80630EB793B
:10479000202B00F08381384A0921D25C02F0030209
:1047A000012A04BF2033DBB289F807300A239E4672
:1047B00095F808C009F10802BCF1200F00F019813A
:1047C0002E2717702A7A2C4F17F802C00CF0030C12
:1047D000BCF1010F00F0048109F801206A7A202A57
:1047E00000F0F6800EF1010E714617F802C00CF0D1
:1047F000030CBCF1010F01D12032D2B209F8032021
:10480000AA7A202A00F000810EF10103B85C00F0C2
:104810000300012801D12032D2B209F8012009EBAE
:10482000030200231370EB7A89F80C31AA8A6B8B90
:1048300043EA0243C9F80831EB69C9F800316A7EDE
:104840002B7E43EA0223A9F80431EA7DAB7DC9F847
:10485000104143EA0223A9F80631D8F81030C3F317
:104860000802C9F8142194E64C6E0220F06D022073
:104870008C6F022088920220F965021018810220B4
:10488000D8F80830012B28D9884A9B00D089884A5B
:1048900051461268C3F30805104400EB532002F0A0
:1048A00059F978B95AF80530824A23F07043934297
:1048B00000F2BB80C8F8083098F80130002B3FF4B4
:1048C00077AE002049B0BDE8F08F7A0609D46A7B44
:1048D00000998A427FF45DAE0DE0102049B0BDE83A
:1048E000F08F4FF48072002108A8019303F02EFD91
:1048F0006B7B0093019BB5F801B0B5F80310BBF1D9
:10490000800F28BF4FF03F0B802928BF3F21019126
:10491000B5F8051007F03F07802934BF08463F204F
:104920000290B5F807107A1E802934BF0F463F2742
:104930000397B5F80910802928BF3F210491E98920
:10494000802934BF08463F200590298A802934BF3A
:104950000F463F270697B5F812E0B5F814C0EF8A66
:10496000BEF1800F288B28BF4FF03F0EBCF1800FA7
:10497000A98B28BF4FF03F0C802FED8B28BF3F271E
:10498000802828BF3F20802928BF3F21802D28BFB5
:104990003F25079502EB420502EB850508AA02F8C0
:1049A00005B01544019A6A70029AAA70039AEA70D7
:1049B000049A2A71059A6A71069AAA71079A85F86B
:1049C00007E085F808C06F72A872E9722A73E0E503
:1049D000AA7A202A3FF423AF19460EF1010315E706
:1049E0002032D2B209F801206A7A202A7FF4FAAE86
:1049F000EEE76F7A202F0FD01F460B462E21117045
:104A00006A7A39462C4FF0E609EB010209E748467D
:104A100008A90AF0ABFE06E7A87A20283FF401AF08
:104A20002E201070AA7A244FF0E6012388F8013076
:104A300047E702234A4601219E46BDE603230221A1
:104A40009E4695F808C009F10102B5E6042303214A
:104A50009E4695F808C009F10202ADE6052304213F
:104A60009E4695F808C009F10302A5E60623052134
:104A70009E4695F808C009F104029DE60723062129
:104A80009E4695F808C009F1050295E6082307211E
:104A90009E4695F808C009F106028DE60923082113
:104AA0009E4695F808C009F1070285E6F06D0220E0
:104AB00088920220F7FFFF0FF9650210F8B502F0A7
:104AC00041F8002800F0A480764C237813B100232D
:104AD0001846F8BD02F0DCF803460028F8D1724D04
:104AE000294602F037F803460028F1D195F8FE3147
:104AF000552B40F0CD8095F8FF31AA2B40F0C880AF
:104B000095F8C27195F8D21195F8E22195F8F2C1A5
:104B100047EA010313435CEA030340F08B802B78E0
:104B200003F0FD03E92B40F0B380B5F80B30B3F58B
:104B3000007F09D0B3F5806F06D0B3F5006F03D0C6
:104B4000B3F5805F40F0A48000231D46574A1360F0
:104B5000574B5A221846544907F0F4FFB0F80B207F
:104B60000346B2F5007F40F09380427B511E080659
:104B700000F18E80114240F08B80187C411E01298B
:104B800000F28680DE89002E00F08280D98A00291A
:104B90007ED15F6A002F7BD0196A002978D007FB8D
:104BA00000F0091AB1FBF2F130444FF6F476414FB0
:104BB00052023A60404AB1421060404A116067D9DF
:104BC000D96A188E3E4A28441160374901F0C2FF65
:104BD000034600287FF47CAF3A4B4FF40072324911
:104BE000184607F0AFFF384A0168914250D102F1F0
:104BF000FF52D0F8E41102F500522032914247D121
:104C0000324AD0F8FC31934242D1012323705EE74F
:104C10000122264B234C1860284B20701860284B2B
:104C2000254C186013462A492060224C0A702060E7
:104C30001846F8BD1D4E95F8BE313060580602D1B9
:104C40000B3F012F29D995F8CE315B0602D10B39E4
:104C5000012925D995F8DE315F0602D10B3A012AE8
:104C600019D995F8EE315D0612D1ACF10B0CBCF1FF
:104C7000010F0DD8174DA8680B49306001F06AFF8D
:104C8000034600287FF424AF3568002D7FF460AF21
:104C900005231846F8BD104DEDE705F5DF75EAE789
:104CA0000E4DE8E7A092022018810220889202208F
:104CB000F06D02204C6E02208C6F0220046F0220E7
:104CC000306F0220906F022052526141000055AABD
:104CD000A892022006830220F6820220E6820220A9
:104CE0002DE9F04FADF5117D002900F0A7800C46AD
:104CF0004FF48C720021814603F028FB2278DFF804
:104D0000F8A12F2ADAF800B00FD162786AB9714B96
:104D1000D3F82CB010220026C9F808B189F80C216C
:104D200030460DF5117DBDE8F08F2278002AF1D0D4
:104D30002E2A54D16178002951D16649C96A594552
:104D4000E8D02F2A03D1634B0134D3F82CB00026CE
:104D5000214640F2031209A803F0B0FA5E4909A8FF
:104D600001AA8DF82761019606F052FD044600283D
:104D70005AD0DFF87081594F01AA0020564906F039
:104D800047FD574A05461023CDE90566CDE907667C
:104D9000CDE903BB0292002860D0D9062FD501F0DF
:104DA000D1FE30B398F80030002B43D0387830BBB8
:104DB0004AA902A8FFF7D2FB08BB9DF82831F3B13E
:104DC00021464AA804F0F4FF18B99DF83432DA06F7
:104DD0003AD49DF8083093B19DF80A30DDE7217888
:104DE0002E29AED161782E29ABD1A1780029A4D08B
:104DF000A7E73C4A137823B90122384B1A700C26D6
:104E00008EE700234FF0010C374E384C38483949B3
:104E1000324F137087F800C03360236003600B606B
:104E2000CAF80030002DEAD1072630460DF5117D75
:104E3000BDE8F08FFFF742FE3870B8E71026304625
:104E40000DF5117DBDE8F08FDDF830B2BBF1000F3C
:104E500002D1204BD3F82CB02C468DE7DFF88480AC
:104E60001E4FDB06E0D501F06DFE38B398F8003038
:104E700063B338780028D7D14AA902A8FFF76EFBA0
:104E800006460028D0D19DF82831002BCCD02146F1
:104E90004AA804F08DFF50B94FF48C7248464AA9D5
:104EA00007F050FE30460DF5117DBDE8F08F9DF8FE
:104EB0000830002BB8D09DF80A30D2E7094A1378A1
:104EC000002B9ED10122054B1A70ADE7FFF7F6FDCE
:104ED0003870CFE7F06D0220E83D0210A892022062
:104EE00001001000A0920220889202208C6F022004
:104EF000046F02204C6E0220306F022010B5002398
:104F00000446C6B0684623606360A360E360236123
:104F10006361A361FFF7E4FEA0B99DF80C3113F0C3
:104F200008001AD1D906429A0ED440996260C4E9A9
:104F30000221A3700022DDE94413C4E90513012313
:104F40002261237046B010BD12B100216260EEE70D
:104F5000034A0021D26A6260E9E70A2046B010BD28
:104F6000F06D0220002834D038B50C46002932D02C
:104F70000546084609F060FBB0F5827F22D801F0B3
:104F8000E1FD034658B1154B1B78EBB1144B187873
:104F9000B8B921462846BDE83840FFF7AFBF0F4AF1
:104FA000117851B10F4913700B600F4C0F48104925
:104FB000104A236003600B60136001231846084AFF
:104FC000137038BD082038BDFFF778FD044B18700A
:104FD000DEE710207047102038BD00BFA0920220ED
:104FE000A8920220889202208C6F0220046F022077
:104FF0004C6E0220306F022008B103780BB90020FC
:1050000070470023036043608360C36003614361B2
:1050100083610020704700BF2DE9F04F87B0CDE9D4
:105020000003002855D003781546002B51D089463F
:1050300000294ED08378DB0650D401F083FD784BF5
:10504000002850D11A7852B1764A18701060764C08
:105050007649774A774B206008601060186001221B
:105060001346184674490A7007B0BDE8F08F704FB8
:1050700058683B689A4250D301282AD90026DFF8A5
:10508000A4A1B2FBF3FB6D4C6D4BCDE90219049565
:10509000D14635469A462646DFF8AC810592BAF8E5
:1050A0000E108400D9F8000001EB54210844634934
:1050B00001F050FDC4F30804013528BB315921F03B
:1050C0007040404500F2A780AB4522D95D4B1942A4
:1050D000E5D11023184607B0BDE8F08F0A23184623
:1050E00007B0BDE8F08F1B78002B00F08F80524B8B
:1050F000187848B9019B03B11860009BD3E90312EB
:105100008A42B4D30023E5E70346184607B0BDE85A
:10511000F08FDDE90219DDE90452A1EB020BAB458A
:1051200028BFAB46009B9860BBF1000F75D00026EE
:105130001A6998464B464249B14600911E461146AF
:105140003E4CDFF8E0A03A68374BB1FBF2F502FBCA
:1051500015151968DAF80020009B0A44597B02EB08
:105160005522023801FB0020344901F0F3FC864649
:10517000C5F30805C5F5007C61197546ABEB09025E
:1051800006EB0900002D3FD1624528BF6246154657
:1051900007F0D8FCD8F8101038682944B1FBF0F2B9
:1051A00000FB1212A944C8F8101052BBCB4505D819
:1051B0004E46019B002BA5D01E60A3E7D8F808201F
:1051C000012A4FEA820284D9009BDAF80010D889BC
:1051D000084400EB52201949C2F30802029201F080
:1051E000B9FC054680B9029A174BA25822F07042CA
:1051F0009A42DDD8D8F81010C8F80820D8F808006E
:10520000A1E7CB45FAD8D3E72B4663E7FFF756FC77
:10521000094B18706DE70F235CE75E46C9E700BFD6
:10522000A0920220889202208C6F0220046F02203C
:105230004C6E0220306F0220A892022018810220BA
:10524000F06D0220FEFFFF0FF7FFFF0F034620B1B6
:10525000027812B10020196170471020704700BF1A
:1052600014289ABF024B53F820000248704700BF31
:1052700098580210EC3D021070B5114D84B02C7896
:10528000E4B9012601F002FF0E4A0F4B14701E70A4
:105290000E4A0F4B0F4914601C600F4A0F4B0C60F5
:1052A00014601C60EBF7CCFD0D4B0E4ACDE90143B9
:1052B000009200230C4AEBF73DFF2E7004B070BD46
:1052C0009F920220A0920220A89202208C6F0220BE
:1052D000046F0220889202204C6E0220306F022060
:1052E000B81500201145011020A1070010B501F0EC
:1052F000FDFE08B9012010BD01F002FFC0F30F232D
:10530000002BF7D0012BC0B20CD0032BF2D1A52873
:1053100000F086805E30C0B20128EBD80022514BED
:105320001A70E7E7D0286AD8A02840F28980A0F157
:10533000A1032F2B63D801A252F823F0F5520110DC
:105340002954011029540110FF5301103954011040
:10535000FF530110FF530110FF530110FF530110C1
:10536000FF530110FF530110FF530110FF530110B1
:10537000FF530110FF530110FF530110FF530110A1
:10538000FF530110FF530110FF530110FF53011091
:10539000FF530110FF530110FF530110FF53011081
:1053A000FF530110FF530110FF530110FF53011071
:1053B000FF530110FF530110FF530110F55201106C
:1053C000FF530110FF530110FF530110FF53011051
:1053D000FF530110FF530110FF530110FF53011041
:1053E000FF530110FF530110FF530110FF53011031
:1053F000FF530110FF530110315401100D201A4AC0
:105400001A4C13881188013389B26054184903F08B
:105410001F0313800B68002B3FF46CAF984769E7BC
:105420000022144B1A7065E701220E4B1A7061E7D7
:105430000122114B1A705DE701220E4B1A7059E7D9
:105440000A28DBD0A0F16103192BD8D8094B1B78AF
:105450000BB100F01F00034B1B78002BCFD000F0E6
:10546000DF00CCE7A492022094920220F880022070
:1054700028720220A3920220B5920220044A054B12
:1054800010881B8880B29BB2C01A18BF01207047D9
:1054900094920220969202200848094902880B88BB
:1054A00092B29BB29A42F9D00B88064A9BB2D05C6A
:1054B0000B88013303F01F030B8070479492022086
:1054C00096920220F8800220014B1860704700BFBE
:1054D0002872022080B130B5002485B0EBF7B0FC13
:1054E000074D08494FF0FF33CDE90145064A0091C9
:1054F000EBF720FE05B030BD0148EBF7ABBE00BFB7
:1055000078150020ED5201106079FEFF10B5044CB3
:10551000237803B110BD01F04DFE0123237010BDAF
:10552000A59202200FB470B582B007AC01940E238F
:105530004FF0010242EC40300D234FF0000242ECEC
:1055400040300C4E0DAD54F8043B012230460DF1B5
:1055500003018DF803300EF06FF9AC42F3D10D2347
:105560004FF0010242EC403002B0BDE8704004B0A0
:10557000704700BF008008400FB4012230B583B0EF
:1055800007AB019315460E2342EC40300D244FF03B
:10559000000343EC4040079B0DF1030105488DF8E3
:1055A00003300EF049F945EC404003B0BDE830400F
:1055B00004B07047008008400FB42DE9F04182B07C
:1055C0000DF1240801240E23CDF8048044EC403072
:1055D0000D254FF0000343EC40500D4F099B224630
:1055E0000DF1030138468DF803300EF025F9D8F897
:1055F0000430224638460DF103018DF803300EF0D9
:105600001BF944EC405002B0BDE8F04104B07047D3
:10561000008008400FB470B582B007AC01940E232F
:105620004FF0010242EC40300D234FF0000242ECFB
:1056300040300C4E0BAD54F8043B012230460DF1C6
:1056400003018DF803300EF0F7F8AC42F3D10D23CF
:105650004FF0010242EC403002B0BDE8704004B0AF
:10566000704700BF008008402DE9F04F2A2487B022
:105670001E464FF00E0B4FF00005074602910392B5
:105680008DF8174045EC40B00D2445EC4040DFF864
:1056900080900DF117030122194648460EF0CCF810
:1056A0004FF0010A4AEC4040039B0420DAB200921A
:1056B0001B0AFAB2390AFFF7ADFF2B238DF817301A
:1056C00045EC40B045EC40400DF1170352461946F9
:1056D00048460EF0B1F84AEC40400299F3B200930C
:1056E000CAB2330A0420090AFFF794FF2C238DF86D
:1056F000173045EC40B045EC4040524648460DF16D
:1057000017010EF099F84AEC404007B0BDE8F08F61
:10571000008008402DE9F84F0B461546EFF3108244
:1057200072B6324E3260324A1188994205D8314AF7
:105730001288C2F5A07293423EDB6A1E02441946EB
:1057400092B2FFF791FF4FF0020A2B4CDFF8BC90AA
:105750006268C9F804A02368DFF8B480274F83F09B
:105760000F0302EA0A0203F0CF03C8F800300E214B
:105770004FF0010B7A604BEC40100D234FF000020C
:1057800042EC40301E492A4620460EF04DF80D23CB
:105790004BEC40306268C9F804A0236802EA0A02B0
:1057A00083F0070303F0CF03C8F800307A60336852
:1057B00083F31088BDE8F88F124A12881A44124BFE
:1057C0001B88B2FBF3F403FB14220B44114489B28F
:1057D000994205F1FF32A8BF03F1FF330244B4BF81
:1057E0000B469BB292B2FFF73FFFACE798710220E5
:1057F000909202208E9202200080084000A0084073
:105800005872022092920220F20B002000B0084051
:1058100000900840F8B5304B1B78002B32D02F4B4E
:105820002F4A1B7812682F482F4D013303EB830159
:105830001278007849002C78013902FB00F089B217
:1058400014B32A4B1C88BAB1012A3ED0284F002637
:105850004FEA520C07EB8C0E3B46BC4664F30F0636
:1058600064F31F464CF8046BE645FBD1D60703D51D
:1058700002F0FE0C23F81C40FFF74CFF2B7883F05E
:1058800001032B700120F8BD1A4BB3F800E0002A89
:10589000F2D0012A1DD0164B56089C466EF30F0419
:1058A00003EB86066EF31F444CF8044B6645FBD1B0
:1058B000D407E1D502F0FE0C23F81CE0FFF72AFF25
:1058C0002B7883F001032B70DCE74FF0000C084BC2
:1058D000D0E7A446064BEFE7E80B00209D9202209C
:1058E000EC0B00209C9202209E9202208C920220BF
:1058F00058720220F00B00200A4B1A7812B918B91E
:10590000187070470028FBD100B5074A0749B2F864
:1059100000E0B1F800C01870A1F800E0A2F800C0E3
:105920005DF804FBAC920220F00B00208C92022068
:10593000014B1870704700BFB4920220014B1870E1
:10594000704700BF9A920220014B1860704700BF59
:10595000EC0B00204FF4A070034B1B681B78B0FBCE
:10596000F3F0C0B2704700BFEC0B0020044B1B7873
:1059700013B1044B18807047034B1880704700BF69
:10598000AC9202208C920220F00B0020044B1B787A
:1059900013B1044B18807047034B1880704700BF49
:1059A000AC920220F00B00208C9202202DE9F04FE7
:1059B00083B000901D460846BDF830B01146EFF3A5
:1059C000108372B6324ADFF8E4901288C9F80030CA
:1059D0008A420BF1FF339BB205D82E4C2488C4F5C4
:1059E000A074A14241DB0B449BB26A1E024492B2F6
:1059F000FFF73AFE0222284CDFF8B4806168C8F84D
:105A000004202268254F264E82F00F0201F0020189
:105A100002F0CF023A600E204FF00103716043ECB8
:105A200040004FF00D0A4FF00002019342EC40A0FD
:105A300020460BFB05F200990DF0F6FE019B43ECAE
:105A400040A002236268C8F80430236802F0020212
:105A500083F0070303F0CF033B607260D9F8003096
:105A600083F3108803B0BDE8F08F0E4C24880C44FB
:105A70000D490988B4FBF1F601FB1646541832446F
:105A800091B20B449BB2A342AFDB013CA3B2ACE7A3
:105A9000909202208E9202200080084000900840E0
:105AA00000A0084092920220F20B00209871022080
:105AB00000B0084043182DE9F04F9BB2C3F59F7228
:105AC000013292B2B2F5F07F89B05ED2C3F5A07810
:105AD000C8F30722C3F5F0739BB205925FFA88F80A
:105AE0002E4A2F4F13802F4B38801980EFF31082EE
:105AF00072B633212C4C4FF0000B4FF00E0A8DF88C
:105B00001F1022604BEC40A00D254BEC40500122B1
:105B10000DF11F0125480DF08FFE4FF0010949ECF2
:105B20004050204BCDF800801A883988D0B2120A34
:105B3000059B029001920620CAB2090AFFF7F2FC07
:105B4000236883F310881A4B3F88A3F800B0EFF363
:105B5000108372B6236037238DF81F304BEC40A0C2
:105B60004BEC405001220DF11F0110480DF064FE76
:105B700049EC40500220FAB2390AFFF71DFD2368B4
:105B800083F3108809B0BDE8F08F0123002105934D
:105B90004FF0E0084FF4F0730846A1E7F20B002045
:105BA000909202208E92022098710220008008407C
:105BB00092920220002370B5134A144982B00D88D6
:105BC0001380EFF3108272B63721114C8DF8071055
:105BD00022600E2243EC40200D2643EC406001225F
:105BE0000DF107010B480DF027FE4FF0010343ECC8
:105BF00040600220EAB2290AFFF7DEFC236883F343
:105C0000108802B070BD00BF9292022090920220D4
:105C10009871022000800840284B1A8802B970470A
:105C2000274928480B8870B50A330488B3FBF2F083
:105C300002FB10339BB21C4482B00B80A4B2EFF382
:105C4000108372B63721204D0E222B608DF807107D
:105C50004FF0000343EC40200D2643EC406001224E
:105C60000DF1070119480DF0E7FD4FF0010343EC7A
:105C700040600220E2B2210AFFF79EFC2B6883F30A
:105C800010884FF49B75124B124C1E880022124B49
:105C900066F30F0266F31F4243F8042BA342FBD1C5
:105CA000294601354FF4A0720020ADB2FFF732FD56
:105CB000B5F5A07FEAD102B070BD00BFF20B0020A5
:105CC0009292022090920220987102200080084057
:105CD0008C920220D874022058720220294B1A8814
:105CE00002B970472849F0B50B88284D0A3B134488
:105CF00093FBF2F002FB10332C889BB21C4483B060
:105D00000B80A4B2EFF3108372B63721204E0E221F
:105D100033608DF807104FF0000343EC40200D274F
:105D200043EC407001220DF107011A480DF084FD8B
:105D30004FF0010343EC40700220E2B2210AFFF76A
:105D40003BFC336883F31088134B2C881E8804F1C6
:105D50000A07124DBFB20022114B66F30F0266F321
:105D60001F4243F8042BAB42FBD1214601344FF4D0
:105D7000A0720020A4B2FFF7CDFCBC42EBD103B06F
:105D8000F0BD00BFF20B0020929202209092022000
:105D900098710220008008408C920220D874022062
:105DA000587202202DE9F04F00278F4B87B01D88D5
:105DB0008E4B1F80EFF3108372B637228C4C8DF818
:105DC000172023600E2247EC40200D2647EC406050
:105DD00001220DF1170187480DF02EFD4FF0010B48
:105DE0004BEC40600220EAB2290AFFF7E5FB23688A
:105DF00083F310883D46BA467F4B804E1B887D4C0E
:105E00000293002202997E4B61F30F021FFA8AF877
:105E100061F31F4243F8042BB342FBD1EFF310832D
:105E200072B6714A1788724AB8451360C0F09A80FA
:105E3000744B1B88C3F5A0739A4580F293806B4A1C
:105E4000714B12881B885244B2FBF3F103FB112201
:105E50003B441744BFB29F42A2BF03F1FF339BB242
:105E600003934FF02A03B8BF03978DF817304FF014
:105E70000E0945EC40904FF00D0845EC40800122A2
:105E800020460DF117010DF0D7FC4BEC40800022AD
:105E90003F230420009311460123FFF7BBFB2B2374
:105EA0008DF8173045EC409045EC408001222046AB
:105EB0000DF117010DF0C0FC4BEC4080039A04205B
:105EC000D3B20093390A130AFAB2FFF7A3FB2C23CB
:105ED0008DF8173045EC409045EC4080012220467B
:105EE0000DF117010DF0A8FC4BEC40800223DFF808
:105EF00020916268C9F804302368DFF81881434FA5
:105F000083F00F0302F0020203F0CF03C8F8003061
:105F10000E217A604BEC40100D2345EC40304FF4DD
:105F2000A072374933480DF07FFC0D234BEC403015
:105F300002236268C9F804301A40236883F007031B
:105F400003F0CF03C8F80030294B7A601B6883F355
:105F500010880AF1010ABAF5F07F7FF452AF07B05A
:105F6000BDE8F08F2A234FF00E098DF8173045EC6D
:105F700040900D2745EC4070012220460DF117019D
:105F80000DF05AFC4BEC407000223F23042000939C
:105F900011460123FFF73EFB2B238DF8173045EC0C
:105FA000409045EC4070012220460DF117010DF0A4
:105FB00043FC4BEC40704FEA18235FFA88F2194615
:105FC00004200092FFF726FB2C238DF8173045ECB8
:105FD000409045EC4070012220460DF117010DF074
:105FE0002BFC4BEC407081E79092022092920220B1
:105FF00098710220008008408C920220D874022000
:10600000587202208E920220F20B002000A008405D
:1060100000B00840009008402DE9F04F4FF0000616
:10602000A04BA2EB010C1B680CF1010C1B78421C6D
:106030001CFB03FC02EB82028FB01FFA8CFC5200A7
:10604000994F03FB01F104924FEA5C0207EB8202D5
:1060500009922CF0010292B2944C4B1E0B920A0A48
:1060600063440592CAB200EB800007922488C3F310
:1060700007228F4DDBB24FEA400B06920893CDF812
:106080000CC0039B9BB1012B00F00A810022864BC0
:1060900064F30F02099964F31F4243F8042B8B4207
:1060A000FBD1039BDB0702D50B9B27F813401FFA9C
:1060B0008BF9EFF3108372B67E4A13607E4BB3F810
:1060C0000080C84500F2A6807C4B1B88C3F5A073F6
:1060D0009B4580F29F807A4B4FF00E091A88794BCE
:1060E0005A441B88B2FBF3F103FB11224344904452
:1060F0001FFA88F89845A2BF03F1FF339BB20A93B9
:106100004FF02A03B8BFCDF828808DF8373046EC21
:1061100040904FF00D0A46EC40A0012228460DF1B8
:1061200037010DF089FB012343EC40A0089B0420BC
:1061300000930599DDE90632FFF76CFA2B238DF801
:10614000373046EC409046EC40A0012228460DF145
:1061500037010DF071FB012343EC40A00A9A0420A3
:10616000D3B200934FEA1821130A5FFA88F2FFF7BF
:1061700051FA2C238DF8373046EC409046EC40A085
:10618000012228460DF137010DF056FB012343ECA7
:1061900040A00223DFF830A16A68CAF804302B68F7
:1061A000DFF82891DFF8288183F00F0302F0020264
:1061B00003F0CF03C9F800300E210123C8F80420F2
:1061C00043EC40100D2346EC40303749039A3848E1
:1061D0000DF02AFB01231A460D2342EC4030022326
:1061E0006A68CAF804301A402B6883F0070303F08A
:1061F000CF03C9F800302F4BC8F804201B6883F385
:106200001088049B0BF1010B5B457FF43AAF0FB094
:10621000BDE8F08F2A234FF00E0A8DF8373046EC98
:1062200040A04FF00D0846EC4080012228460DF1B9
:1062300037010DF001FB012343EC4080089B042053
:1062400000930599DDE90632FFF7E4F92B238DF879
:10625000373046EC40A046EC4080012228460DF144
:1062600037010DF0E9FA012343EC40804FEA19238E
:106270005FFA89F2194604200092FFF7CBF92C232C
:106280008DF8373046EC40A046EC4080012228468D
:106290000DF137010DF0D0FA012343EC408078E78F
:1062A000002302E7EC0B0020587202208C9202209F
:1062B0000080084098710220909202208E92022065
:1062C00092920220F20B002000B00840009008409B
:1062D00000A00840F0B50A269C4B83B01C689C4B7C
:1062E00006FB024C1D889B4B0CF1010CB3F800E03F
:1062F0002378082B00F08580974A0CF10A07664640
:106300000CF1010C3478674504F0100429D0002CFE
:1063100014BF76462E4616801CF8014C0A3214F043
:10632000080F14BF74462C4622F8084C1CF8014C88
:1063300014F0040F14BF74462C4622F8064C1CF8C7
:10634000014C14F0020F14BF74462C4622F8044C82
:106350001CF8014CE60754BF22F8025C22F802EC5C
:10636000CDE744BB7D4C2478002C40D0A2F800E05F
:10637000A2F802E03478670734D5A2F804E0347854
:10638000A40702D4754C247834B3A2F806E034781C
:10639000E40702D4714C247814B3A2F808E00A246C
:1063A00001EB8102520000FB03F100946A48FFF701
:1063B000FDFA03B0F0BDA2F800E034782407D7D48A
:1063C000664C2478002CD3D1558034786707D4D418
:1063D00095803478A707D8D4D5803478E707DCD403
:1063E000AE46DAE75D4C2478002CC6D1F0E7158084
:1063F00034782407E8D5A2F802E034786407BCD4E6
:10640000E6E7574A544C1278002A00F0AB80624607
:106410000CF10A070CF1010CBC4592F900604CD05C
:106420001EEA260238BF2A4622801CF8012C560696
:1064300000F11A8112F0800F14BF72462A46628062
:106440001CF8012C103412F0600F0CBF2A46724663
:1064500024F80C2C1CF8012C12F0300F0CBF2A462B
:10646000724624F80A2C1CF8012C12F0180F0CBFED
:106470002A46724624F8082C1CF8012C12F00C0F46
:106480000CBF2A46724624F8062C1CF8012C12F088
:10649000060F0CBF2A46724624F8042C1CF8012C67
:1064A000920762460CF1010C14BF24F802EC24F8A8
:1064B000025CBC4592F90060B2D1002EC0F2A98006
:1064C000264E3678002E00F0D180A4F800E0A4F823
:1064D00002E01678B60604D4204E3678002E00F07E
:1064E000A880A4F804E01678F70604D41B4E36788A
:1064F000002E00F0A380A4F806E01678370704D435
:10650000164E3678002E00F09E80A4F808E016782B
:10651000770704D4114E3678002E00F09980A4F845
:106520000AE01678B70704D40C4E3678002E00F037
:106530009480A4F80CE01278D20704D4074A1278A9
:10654000002A00F08F80A4F80EE028E7EC0B002072
:106550008C920220F00B0020506E0220B492022098
:106560009A92022062460CEB06070CF1010C67457B
:1065700092F90060A1D035EA260228BF7246228037
:106580001CF8012C103412F0400F14BF72462A463A
:1065900024F80E2C1CF8012C12F0200F14BF7246A8
:1065A0002A4624F80C2C1CF8012C12F0100F14BFF2
:1065B00072462A4624F80A2C1CF8012C12F0080F07
:1065C00014BF72462A4624F8082C1CF8012C12F03D
:1065D000040F14BF72462A4624F8062C1CF8012C1E
:1065E00012F0020F14BF72462A4624F8042C1CF83D
:1065F000012CD20762460CF1010C54BF24F8025C56
:1066000024F802EC674592F90060B4D1002EBFF681
:1066100057AFA4F800E0167877063FF558AF194E4B
:106620003678002E7FF453AF65801678B6063FF5B6
:1066300058AFA5801678F6063FF55DAFE580167871
:1066400036073FF562AF2581167876073FF567AFCD
:1066500065811678B6073FF56CAFA5811278D7072C
:106660003FF571AFAE466EE77246E8E625801678D4
:106670007706D9D5A4F802E01678B6063FF531AF13
:10668000D7E700BFB4920220014B1870704700BFDB
:10669000E80B00204FF4A07310B40B4A0B4C1268A7
:1066A00092F800C00A4AB3FBFCF3013BDBB2834221
:1066B00028BF03461F29237088BF1F23117088BF7E
:1066C00013705DF8044B7047EC0B00209C92022085
:1066D0009D9202201A4B1B7803B9704770B5194B75
:1066E000194A1B7819491268013303EB83030878B0
:1066F000174C12785900013902FB00F0B4F800E0A1
:1067000089B2AAB1012A17D0124E00243346550887
:106710006EF30F0406EB85056EF31F4443F8044B3C
:106720009D42FBD1D30703D502F0FE0326F813E008
:10673000BDE87040FEF7EEBF0023064EF6E700BF4F
:10674000E80B00209D920220EC0B00209C9202207E
:10675000F00B0020587202201A4B1B7803B97047C7
:1067600070B5194B194A1B7819491268013303EBAC
:1067700083030878174C12785900013902FB00F0A6
:10678000B4F800E089B2AAB1012A17D0124E002451
:10679000334655086EF30F0406EB85056EF31F4470
:1067A00043F8044B9D42FBD1D30703D502F0FE030F
:1067B00026F813E0BDE87040FEF7ACBF0023064E9C
:1067C000F6E700BFE80B00209D920220EC0B0020B2
:1067D0009C9202208C920220587202202DE9F04FE8
:1067E000A04F89B03D7815B109B0BDE8F08F0A20FF
:1067F000E9F77EFE0B20E9F77BFE0C20E9F778FE37
:106800000D20E9F775FE0E20E9F772FE0F20E9F77B
:106810006FFE4FF001084FF00A0948EC44900B2638
:1068200048EC44600D2448EC44404FF00E0B48EC1B
:1068300044B00F2348EC44308B498C48EDF73EFCC4
:1068400041464846E9F722FE41463046E9F71EFE3A
:1068500041460C20E9F71AFE48EC40400F2348EC73
:106860004030EFF3108272B6814E326045EC40301A
:1068700014200021EAF77CFD0F2348EC4030002172
:106880007C48EAF775FD8DF81F8045EC40B045EC7B
:106890004040764842460DF11F010CF0CDFF48EC18
:1068A000404042F210700021EAF762FD3A238DF871
:1068B0001F3045EC40B045EC40406C4842460DF17D
:1068C0001F010CF0B9FF48EC404055214046FEF74F
:1068D00053FE36238DF81F3045EC40B045EC404068
:1068E000624842460DF11F010CF0A6FF48EC404003
:1068F00048214046FEF740FE21238DF81F3045EC2D
:1069000040B045EC4040594842460DF11F010CF0A3
:1069100093FF48EC4040B7238DF81F3045EC40B062
:1069200045EC4040514842460DF11F010CF084FFF8
:1069300048EC4040C6214046FEF71EFE33238DF84A
:106940001F3045EC40B045EC4040484842460DF110
:106950001F010CF071FF48EC404040232A46009391
:10696000294643460620CDE90155FEF7DBFD1123FC
:106970008DF81F3045EC40B045EC40403B48424666
:106980000DF11F010CF058FF48EC4040336883F3D1
:10699000108842F210700021EAF7EAFC364B1D80A5
:1069A000364B1B880593EFF3108272B632603722A4
:1069B0008DF81F2045EC40B045EC40402B48424646
:1069C0000DF11F010CF038FF48EC4040059B022000
:1069D000DAB2190AFEF7F0FD336883F31088284B0A
:1069E000284CB3F800800022274B68F30F02A9B2AD
:1069F00068F31F4243F8042BA342FBD14FF4A0726B
:106A000000200135FEF786FEB5F5F07FEBD1EFF300
:106A1000108272B62923326000250E228DF81F30B5
:106A200045EC40204FF00D0845EC408001220DF16F
:106A30001F010E480CF000FF012444EC4080336835
:106A400083F31088EAF7FCF9104B114ACDE90153A2
:106A500000924FF0FF330F4AEAF76CFB3C7009B02D
:106A6000BDE8F08FA6920220C0687804008008403C
:106A700098710220C0D401009292022090920220CC
:106A80008C920220D874022058720220D013002069
:106A900015580110E05EF8FF704700BF024A034B33
:106AA00010601960704700BFF46E0220FC6E022077
:106AB000034B1B6813B1034A10681847704700BFA7
:106AC000F46E0220FC6E022070B50E1E09DD441E1D
:106AD000A519FEF7E1FC04F8010FAC42F9D13046EC
:106AE00070BD0026304670BD002909DD38B5441E52
:106AF000651814F8010F00F06DFCAC42F9D138BDF7
:106B0000704700BF10B500F055FB0C4C01F0C2FB04
:106B1000FEF7FCFC0A48FEF7D7FC0120FEF7DAFC82
:106B200000F0EEFBFEF7A8FB20460121ECF70AFF80
:106B30002046BDE810400121ECF722BFF40B0020F5
:106B4000B16A01104FF05043586880F48000C0F3E0
:106B5000805070472DE9F041494B0F461B7884B0B7
:106B600003B940025121FF26030E8DF80930030CB2
:106B70008DF80A30030A8DF80B304FF00002112314
:106B80008DF80C008DF808108DF80D6042EC403047
:106B900008223C493C480CF04FFE06223A4802A924
:106BA0000CF04AFE4024DFF8E08002E013F0FF041E
:106BB00057D0012340460DF107020DF106018DF873
:106BC00006600CF02DFE9DF907C09DF80750BCF142
:106BD000000F04F1FF33E9DB002D42D1FF262B4CDF
:106BE000DFF8A48001E0002C3BD00123404602AA3C
:106BF0000DF107018DF807600CF012FE9DF80830CA
:106C0000013CFE2BEFD164B34FF40072FF213846F4
:106C100001F09CFB3A4639464FF400731A480CF0D9
:106C2000FFFD02AA0DF10701012317488DF8076047
:106C30000CF0F6FD02AA01230DF1070112488DF8B0
:106C400007600CF0EDFD11234FF0010242EC4030E3
:106C500008220C490C480CF0EFFD284604B0BDE8B2
:106C6000F08111234FF0010242EC4030032508224D
:106C7000044905480CF0E0FD284604B0BDE8F08169
:106C8000A29202200C0C002000000840A086010007
:106C90002DE9F043BB4985B0BB48EDF70FFA11234E
:106CA0004FF0010242EC40300822B849B6480CF0DF
:106CB000C3FD42F210700021EAF75AFB5024FF2670
:106CC000B14D0123284602AA01A98DF804600CF0F9
:106CD000A7FD013CF5D142F210700021EAF748FB14
:106CE0000A272546DFF8A482A74E40244FF4154218
:106CF00011230294ADF80C2045EC403008224146A7
:106D000030460CF099FD0622304602A90CF094FDA5
:106D10004FF0FF0902E013F0FF0429D0012301AA7C
:106D200030460DF103018DF803900CF079FD9DF9CB
:106D30000420631E002A9DF80440ECDB4FF011098B
:106D40004FF0010343EC40900822414630460CF0DE
:106D500073FD012C17D0013F04D10225284605B050
:106D6000BDE8F08342F210700021EAF701FBBCE7B6
:106D700011234FF0010242EC4030082241463046D8
:106D80000CF05AFDE7E748F2AA72814BADF80C20EF
:106D900002934FF0000343EC409008227B497A486D
:106DA0000CF04AFD0622784802A90CF045FD40246B
:106DB000FF26754D02E013F0FF0412D0012301AA53
:106DC00028460DF103018DF803600CF029FD9DF9B3
:106DD0000420631E002A9DF80440ECDB012C00F027
:106DE0009D8011234FF0010242EC40300822674998
:106DF00065480CF021FD4FF47A774FF00008634EA0
:106E0000614D77214FF47F4211230291ADF80C20A0
:106E100048EC40300822314628460CF00DFD062291
:106E2000284602A90CF008FD40244FF0FF0902E0BB
:106E300013F0FF045CD0012301AA28460DF10301E1
:106E40008DF803900CF0ECFC9DF90420631E002AE1
:106E50009DF80440ECDB4FF011094FF0010343ECC7
:106E600040900822314628460CF0E6FC012C3FF603
:106E700074AF44F269024FF47F430292ADF80C30D4
:106E800048EC40900822314628460CF0D5FC0622FA
:106E9000284602A90CF0D0FC40244FF0FF0902E084
:106EA00013F0FF042FD0012301AA28460DF103019E
:106EB0008DF803900CF0B4FC9DF90420631E002AA9
:106EC0009DF80440ECDB4FF011094FF0010343EC57
:106ED00040900822314628460CF0AEFC002C3BD0F6
:106EE0004FF47A700021EAF743FA013F89D134E781
:106EF00011234FF0010242EC40300822234922487E
:106F00000CF09AFC29E711234FF0010242EC4030CB
:106F10000822314628460CF08FFCE1E74FF0FF35A0
:106F200002AA04231146184802950CF079FC11239B
:106F300044EC40300822154913480CF07DFC9DF8C4
:106F40000A3003F00F03012B7FF407AF9DF80B30DD
:106F5000AA2B3FF450AF00E77A2302934FF47F430C
:106F6000ADF80C3044EC40900822084906480CF07B
:106F700063FC0622044802A90CF05EFC4024FF27B3
:106F8000014E0AE0801A0600000008400C0C0020A8
:106F90004800000113F0FF04AAD0012301AA3046E3
:106FA0000DF103018DF803700CF03AFC9DF90420FB
:106FB0009DF80450002A04F1FF33EBDB002D97D13C
:106FC00004234FF0FF340DEB030211462A480194CD
:106FD0000CF026FC11244FF0010343EC4040082242
:106FE000264925480CF028FC9DF80430244A03F07B
:106FF0004003002B14BF01230023137037D1214B12
:1070000002934FF47F43ADF80C3045EC404008222A
:107010001A4919480CF010FC0622174802A90CF076
:107020000BFC4024FF27144E03E013F0FF043FF451
:107030005FAF01230DF1030230460DF102018DF81F
:1070400002700CF0EDFB9DF90320631E002A9DF8F1
:107050000340EADB11234FF0010242EC40300822EA
:10706000064905480CF0E8FB002C7FF476AE064993
:107070000148EDF79DF871E6000008400C0C002077
:10708000A29202205000000240787D0170B5164E99
:10709000357805B170BD1020E9F72AFA1120E9F71B
:1070A00027FA1220E9F724FA1320E9F721FA16202B
:1070B000E9F71EFA0124112344EC4430162045EC74
:1070C00044002A462146E9F7FFF921461020E9F756
:1070D000DDF921461220E9F7D9F921461320E9F715
:1070E000D5F9347070BD00BFB2920220034BD3E8D3
:1070F0008F0FC0B280F00100704700BFB092022035
:1071000030B52A4C87B00123C4E88F3F09238DF89E
:107110001430EAF723F942F210734FF0FF3C6FF09E
:107120000042C01841F10001844572EB01033CBFED
:10713000114660460025CDE9020101231F211C48AC
:1071400005AA0095ECF77EFF831C01D2012805D02B
:107150000023C4E88F3F184607B030BDEAF7FEF8B9
:1071600044F620634FF0FF356FF00042C01841F144
:107170000001854272EB01033CBF28461146002501
:10718000CDE9020102231F21094805AA0095ECF769
:1071900077FF831C012BDBD90228D9D1C4E88F5F8C
:1071A000BDF8140040BA80B2D6E700BFB09202200A
:1071B000840B002038B50F4D2C7804B138BD42F255
:1071C00010710D48ECF718FF03210720E9F75EF96D
:1071D00003210620E9F75AF9224601210720E9F7A1
:1071E00073F9224601210620E9F76EF901232B707D
:1071F00038BD00BFB1920220840B002070B5E0B111
:10720000D9B10B78722B18D14B78622B15D18B78B2
:107210009BB906461C20EAF75DFE054668B10824C6
:1072200031462846FDF79EFE40B1FA20E9F70EFFF1
:10723000013CF5D12846EAF75FFE0025284670BDDF
:10724000002300B583B0019370B1012201AB0DF1B1
:107250000301FDF7E1FE38B9019B012B04D19DF834
:10726000030003B05DF804FB4FF0FF30F9E700BF07
:1072700078B301292DDD2DE9F043174683B022B301
:1072800000248146A046451E4E1E01E0B44213D0A4
:107290000122384601AB0DF10301CDF80480FDF762
:1072A000BBFE80B9019B012B0DD19DF80330013449
:1072B0000A2B05F8013FE9D10023484609F80430BC
:1072C00003B0BDE8F083002CF6D1002003B0BDE888
:1072D000F0830020704700BF10B10021FDF7B6BF5A
:1072E000704700BF40B110B50446FDF785FE20464B
:1072F000EAF702FE002010BD4FF0FF30704700BFDC
:107300002DE9F04F2E4F87B03C78002C54D1DFF898
:10731000C0802C49D8F80000ECF798FF01250646FC
:107320004FF4803A4FF44029D8F800B01A200BF1FE
:107330002F4101F56001090D0631C9B2E9F7A6F840
:1073400021461A222B4658460095ECF7FBFF1E4BB0
:1073500021460593F401B31D44EA033424F0C044EC
:10736000324602AB44F080445846CDF808A0CDF830
:1073700010900394EDF72CF8D8F800801B2008F14A
:107380002F4101F56001090D0631C9B2E9F77EF818
:107390001B222B46294640460095ECF7D3FF0B49AC
:1073A000324605914046294602ABCDE902A4CDF80C
:1073B0001090EDF70DF83D7007B0BDE8F08F00BFFD
:1073C000999202201C63021000680040006C00408B
:1073D000140C00202DE9F04786B08046FEF7BAFA7B
:1073E000DFF89CA200F1FF39FFF7B6F99AF80030F8
:1073F000013B072B00F29C86DFE813F03100870089
:10740000BA00EF0004011B012E010800B8F1700F53
:1074100000F0D2840023934F934D3E782C78B046F1
:107420008AF80030C14505DA00231E460134E4B273
:107430002C703B701F2C08D821463046FFF72AF9E4
:1074400006B0BDE8F047FFF745B9FEF7E5FB2C783D
:10745000013CE4B21F2C2C70F7D83E78ECE70023F7
:10746000A8F118008AF800304B2800F2B080DFE85D
:1074700010F0EC01AE00EC011B01AE00AE00AE005E
:10748000AE00AE00AE00AE00AE00AE00AE00AE008C
:10749000AE0041021E02AE00AE00AE00AE00AE0075
:1074A000AE00AE00AE00AE00AE00AE00AE00AE006C
:1074B0000A021402AE00AE00AE00AE00AE00AE0096
:1074C000AE00AE00AE00AE00AE0020023502AE004F
:1074D000AE002902AE00AE00AE00AE004302AE0028
:1074E000AE00EA01AE00AE00AE00AE00AE00AE00EF
:1074F000AE00EA01AE00AE007C02AE00EA01EA0195
:10750000EA01AE00AE00AE004F02584A5849136877
:1075100001F8038001331360A8F11B03242B00F250
:10752000C580DFE813F0C100C300C300C300C3007F
:10753000C300AC01C300C300C300C300C300C30049
:10754000C300C300C300C300C300C300C300C30023
:10755000AF00AF00AF00AF00AF00AF00AF00AF00B3
:10756000AF00AF00C3009F01C300C300C300AE0162
:107570003E4A3F491368B8F11B0F01F8038003F13D
:107580000103136000F09080A8F13003DBB2092BF7
:1075900078D9B8F13B0F00F065810020B8F16C0F8D
:1075A0008AF8000000F03584B8F16D0F0FD0B8F103
:1075B000680F40F027842F4B1B88192B00F03F8465
:1075C00041F2A802934202D12B48FEF7BDF9254FA4
:1075D000254D3E782C78B04624E70023214F224DDC
:1075E000B8F1410F3E782C788AF8003000F0CE8355
:1075F000B8F1420F00F0DA83B8F1300F00F01E81CD
:10760000B0460FE70023174F174DB8F1410F3E78F2
:107610002C788AF8003000F0C483B8F1420F00F0F3
:10762000BA83B8F1300FEBD10222144BB0461A7076
:10763000F8E60C4F0C4DB8F11B0F3E782C7800F09B
:107640009F83B8F1070F02D0B8F19C0FD8D1002367
:10765000B0468AF80030E5E6B8F15C0F14BF0623A7
:107660000023D8E69B920220AD920220346F0220C4
:107670003C6F022038720220EC580210180C0020D7
:10768000B3920220C84BC94A1978C94F32F8113059
:10769000C84D03EB830308EB4303303B22F8113062
:1076A0003E782C78B046BDE60123B4E60023A8F16D
:1076B00018008AF800305D2800F2C78001A353F853
:1076C00020F000BF4B7801104B7801104B7801106F
:1076D0004B7801104B7801104B7801104B7801105A
:1076E0004B7801104B7801104B7801104B7801104A
:1076F0004B7801104B7801104B7801104B7801103A
:107700004B7801104B7801104B7801104B78011029
:107710004B7801104B7801104B7801104B78011019
:107720004B7801104B7801104B7801104B78011009
:107730004B7801104B7801104B7801104B780110F9
:107740004B7801104B7801104B7801104B780110E9
:107750004B7801104B7801104B7801104B780110D9
:107760004B7801104B780110877B01107D7B011055
:10777000617B0110437B0110C97B0110A17B0110CB
:107780001D7B0110DD7A01104B780110C17A0110C8
:107790009F7A01104B7801104B7801104B78011043
:1077A0004B7801104B7801104B7801104B78011089
:1077B0007F7A01105F7A01104B7801104B7801102D
:1077C0004B7801104B7801104B7801104B78011069
:1077D0004B7801104B7801104B7801104B78011059
:1077E0004B7801104B7801104B7801104B78011049
:1077F0004F7A01102B7A0110037A0110DD7A011003
:10780000DD790110CF7501104B7801104B78011014
:107810004B780110CF750110CB7C01108D7C0110CD
:107820004B7801104B7801102B7C0110EB7B011081
:1078300087780110CF7501109B78011002225E4BF2
:10784000B0461A70EEE50623E5E50222584F594D81
:107850003878431C3B702978FEF73CFD3E782C7845
:10786000B046DFE5504A524F1378524D1E2B3E78FA
:107870002C783FF6C5AE0133B0461370D2E508232D
:10788000C9E50323C7E54A4F4C4B3E78494D1E706E
:107890002C784B4BB0461C70C4E5484A484B1678D0
:1078A000434F1C78434DB0463E702C70BAE505231B
:1078B000B1E5404D3E4F2C783E780134E4B2B046FD
:1078C0002C70AFE53A4F3B4D3E782C783F2EB046BA
:1078D0003FF6A8AD01223B4B9A55A3E54FF00008B7
:1078E000344D334F2C7846460134E4B22C7087F87F
:1078F000008097E504238EE52E4D2B78002B00F0B9
:1079000096822B4F013B3E78DCB2B0462C7089E565
:107910000024284D264F20462C703C70FDF7ECFFCC
:107920004FF6FF70FEF722F82046FEF72FF82046AC
:10793000FDF7FEFF0120FEF7A7FE01231E4A2146A8
:107940001370214A20461370FEF7B4F8FEF72AFAA6
:107950001E4B1F4A1B681470002B00F0B18120469B
:1079600098473E782C78B0465CE500240E4B2146C3
:1079700020220E481C7000F0E9FC164B21463E22E6
:10798000184600F0E3FC0222034645F61B31084F7F
:1079900011483E78074DB0462C788AF800200260E6
:1079A00023F8021C3EE500BFA99202203872022093
:1079B0009B920220AD920220190C0020AE92022070
:1079C000AF92022020830220180C00207C6F02203E
:1079D000A79202203E6F0220346F0220984B994FED
:1079E0001B883E78984D032BB0462C7800F013830B
:1079F000002B7FF417AD3F2E3FF614AD934A9355FD
:107A000010E58F4E33880BB9012333808E4D3288B9
:107A10002B7813441F2BA8BF1F238A4F2B703E784F
:107A20002C784E453FF700AD06E5854A1388002BBC
:107A300040F0B18201210B461180013BDCB2814F45
:107A4000814D3E782C70B145FFF6EEACF4E4804BEE
:107A50001B68002B3FF4BBAD7E489847B7E5784ED6
:107A600033880BB9012333803388013B3380FEF721
:107A700035F933885A1E3280002BF8D1A7E5704EB5
:107A800033880BB9012333803388013B3380FEF701
:107A9000C3F833885A1E3280002BF8D197E5684B23
:107AA000694D1B882C78002B00F06982012B00F0B7
:107AB000CC82022B00F00783624F3E78B046B1E4DF
:107AC0005F4B1B88002B00F04182012B00F0AA8243
:107AD000022B7FF47CADFEF765F978E5584E3388CC
:107AE0007288002B40F0128201233380002A40F07C
:107AF0000A820123738033881F2B40F204821F24E3
:107B00007388514D4B454F4FDABF03F1FF33DEB25F
:107B10005FFA89F6B0462C703E7083E4484E338895
:107B20000BB9012333803388464F4B45464DDABFAE
:107B300003F1FF33DEB25FFA89F6B0462C783E706F
:107B400070E4404F3E4B97F800801B883E4DA8EBF9
:107B5000030828EAE8785FFA88F62C783E7061E43A
:107B6000384F374B3E781B88374D1E444E45A8BFD3
:107B70004E46F6B2B0462C783E7053E4324D304A51
:107B80002B78128845E7304D2D4B2C781B882D4FD4
:107B9000E41A3E7824EAE474E4B2B0462C7041E47E
:107BA000274E33880BB9012333804FF00008264D50
:107BB00033882C78234FE41A24EAE474E4B246466E
:107BC0002C7087F800802DE41D4E33880BB90123FB
:107BD00033801D4D31882B7800220B441F2BA8BF0A
:107BE0001F23184F2B703A7019E7154E348872888E
:107BF000002C40F04B8101233380002A00F03781B4
:107C00001F2A134640F23A811F23C3F11F03204667
:107C100099B2FDF74FFF4FF000080B4D094F464654
:107C20002C7087F80080FFF7FDBB00230A4A0B4841
:107C300092F800C001271C4619460278004E1DE04C
:107C4000387202209B920220AD92022020830220F3
:107C5000806F0220A43F0210A9920220A792022066
:107C600007FA01F589B2072945EA020501D801247E
:107C7000EAB20133D9B28C45C0F0EE8036F811502B
:107C8000691E002DECD101242A46F2E7A14B1B8886
:107C9000052B00F00781A04FA04D3E78062BB04683
:107CA0002C787FF4BFAB0136631C10219C4A0096F0
:107CB00002A8EBF709FC9B4B1B680BB102A8984785
:107CC0003E782C78B046FFF7ADBB0024964D914E20
:107CD0002A7836F81430262B28D8DFE813F08A01EA
:107CE00085017F0127007A01270027007501270001
:107CF000270027002700270027002700270027004C
:107D0000270027002700270027006C0127006701B4
:107D10002700270062012700270049004900490089
:107D200049004900490049004900F300272B00F0B1
:107D3000D681A3F1280188B2072840F2BC80302BFD
:107D400040F0A281E11C914204F1010304DA36F80B
:107D50001300022800F0C9819A4204DD36F813208E
:107D6000052A00F098812A78DCB2A242B1D22EE432
:107D70006E4A1E3B32F81300FDF7F8FD631CF2E774
:107D80000723B0468AF80030FFF74CBB684AB0467C
:107D90001370FFF747BB0122664BB0461A70FFF71E
:107DA00041BB644AB0461370FFF73CBB0122604BF5
:107DB000B0461A70FFF736BB0020FDF79DFD4FF669
:107DC000FF70FDF7D3FD0020FDF7E0FD0020FDF77B
:107DD000AFFD0120FEF758FC012300215548544A0D
:107DE000037008461370FDF765FEFDF7DBFF00200A
:107DF000514B524A1B681070002B3FF40BAB984755
:107E0000FFF708BB444F01223878444D431C3B70B8
:107E100021E5404B1B88192B18D041F2A802934250
:107E20007FF4D5AB4648FDF78FFDFFF7D0BB3A4F47
:107E3000FDF754FF3E782C78B046FFF7F3BA0120E7
:107E4000FEF722FCFEF746FCFFF7C1BBFEF71CFC69
:107E5000FEF782FCFFF7BBBB04B10270364B1B6818
:107E6000002B3FF4B4AB00789847FFF7B0BB012379
:107E7000328873801F2A40F24C811F24013BDBB201
:107E8000A3423FF6C2AEFDF795FEC4E6002AEED04F
:107E90001F2C134633D8013C1F2A88BF1F23E4B28E
:107EA000EED8EBE71F4B1B68002B3FF490AB254847
:107EB0009847FFF78CBB1D4B33F81100FDF766FDAB
:107EC000631C50E7E11C914204F1010304DA36F827
:107ED0001300022800F0C4809A427FF744AF36F8BE
:107EE0001320052A7FF43FAF0234174B16F81420F5
:107EF000E4B233F81200FDF739FD631C33E71F2AA3
:107F0000BBD91F24BFE7013BDCB2F9E5002A3FF4EF
:107F1000F0ADF0E5387202209B920220AD92022073
:107F2000B43F0210806F0220A99202204465021023
:107F3000190C0020180C00207C6F0220A792022050
:107F4000045E0210AC3F021034630210C04DC14FFA
:107F50005FFA89F8424639782878FEF75DF82C7880
:107F6000661CF6B21F2E3FF6A8AD304601364246DB
:107F70000021F6B2FEF750F8202EF6D1A0E6B54F5C
:107F8000204639785FFA89F2FEF746F83E782C7879
:107F9000B046FFF747BA1F2B88BF1F243FF64FADEF
:107FA0004BE50020FDF7A8FC631CDCE60020FDF794
:107FB000BFFC631CD7E64FF6FF70FDF7D7FC00202F
:107FC000FDF7BCFC631CCEE60120FDF795FC631CAD
:107FD000C9E60120FDF7ACFC631CC4E648F2104082
:107FE000FDF7C4FC631CBEE60120FDF7A7FC631C83
:107FF000B9E64FF6FF70FDF7B9FC0020FDF7C6FCAF
:108000000020FDF795FC0020FDF776FC0020FDF731
:1080100095FC631CA7E6402200218F4800F096F9EA
:10802000FFF700BA8A4D2B7863B1002420465FFA2F
:1080300089F632460021FDF7EFFF01342B78E0B2DC
:108040008342F6D81846834F01E02046814F002135
:108050003A78FDF7E1FF3E782C78B046FFF7E2B9B9
:1080600016F81130A21C16F8122004349B0816F8DA
:108070001400D2085B0143EAC22343EAD000E4B211
:10808000FDF774FC631C6EE6312B0FD10020FDF769
:108090007DFC631C67E60234704B16F81420E4B2D2
:1080A00033F81200FDF772FC631C5CE6A3F15A0280
:1080B00091B2072930D86A4BD2B233F81200FDF7DB
:1080C00055FC631C4FE6634F204600215FFA89F29E
:1080D000FDF7A2FF3E782C78B046FFF7A3B94FF624
:1080E000FF70FDF743FC631C3DE616F81130A21C3F
:1080F00016F8122004349B0816F81400D2085B010D
:1081000043EAC22343EAD000E4B2FDF73FFC631C1C
:1081100029E6013AD4B2B1E6643B9AB2072A05D8FF
:108120004F4ADBB232F81300FDF730FC631C1AE64D
:10813000A8F10703142B2DD801A252F823F000BF99
:108140003F8201102982011007820110B3780110CB
:10815000B3780110B3780110F3810110E5810110AB
:10816000D181011095810110958101109581011037
:108170009581011095810110958101109581011063
:108180009581011095810110958101109581011053
:10819000A9760110A8F120032E4F2D4DDBB25E2BE6
:1081A0003E782C783FF62CAA2E4B1B78E3B92E4B49
:1081B0001B78002B60D1B8F1230F08BF4FF01E08C9
:1081C000731C4246214630463B70FEF783F877E544
:1081D0000022204F234B3E781D4DB0462C781A705C
:1081E000FFF720B90122F4E7204B1B78002B43D185
:1081F000E1E74FF00008174F154D46462C7887F8F9
:108200000080FFF70FB9FDF7A5FB124F431E3E7824
:10821000083626F00706B34238DD0D4DF6B2B046FB
:108220002C783E70FFF7FEB80A4F3E7816B3013E39
:10823000F6B2B046064D3E702C78FFF7F3B80C4B03
:108240001B68002B3FF4C3A99847FFF7C0B900BFD4
:10825000AD9202209B920220208302203463021000
:108260003465021098920220190C0020180C00208E
:10827000386F0220B046DDE7022BA1D1B8F15E0FC6
:1082800084BFA8F15F005FFA80F899E7FDF762FB11
:10829000461EC2E708B5FEF7A1FA0122064BDA70C6
:1082A000DA72DA74DA7683F8232083F82B2083F8E5
:1082B000332083F83B2008BD2083022040EA0103DD
:1082C0009B0730B501D1032A17D8844601F1FF3E40
:1082D00007E01EF8011F541E03F8011B29B12246B6
:1082E0009C466346002AF4D130BD002CFCD0944457
:1082F00003F8011B6345FBD130BD0C46844625685D
:1083000021460434A5F1013323EA050313F0803F2D
:10831000DCD1043A4CF8045B032AF0D82146D5E7B7
:10832000024B0A460146186804F026BE200C0020C5
:1083300000B583B0044B014601AA186804F01CFE86
:1083400003B05DF804FB00BF200C002070B5860769
:1083500047D0541E002A3ED0CAB2034601E0013C79
:1083600039D303F8012B9D07F9D1032C2CD9CDB2B9
:108370000F2C05EB052505EB054535D9A4F1100CAF
:1083800003F1100E1A462CF00F064FEA1C1CB644DF
:10839000C2E90055C2E9025510327245F8D10CF11C
:1083A000010214F00C0F04F00F0C03EB021213D0B7
:1083B000ACF1040323F003030433134442F8045BD9
:1083C0009342FBD10CF003042CB1C9B21C4403F856
:1083D000011BA342FBD170BD64461346002CF4D1AF
:1083E000F9E703461446C0E71A46A446E0E700BF93
:1083F0002DE9F04F02FB03FB83B00C9CBBF1000F97
:1084000045D09246994680460E4610B1436B002BEC
:1084100041D0B4F90C20636E900405D442F40052AC
:1084200023F40053A28163669904C3F340322ED42F
:108430006568002D32DBA3892A4621689B0733D467
:10844000CDF800A05F46C24610E004F07BFB226836
:10845000214650462A442E44A7EB0508226004F02A
:108460000FFD002857D1656847462168BD422A465E
:108470003046EAD33A4604F065FBD4E90032D21B19
:108480003B44C4E90032484603B0BDE8F08F002009
:1084900003B0BDE8F08F05F0FBFDBAE7A3891546F0
:1084A00021689B076260CBD55A45304628BF5A46A3
:1084B000154604F047FB2368216BABEB05072B4403
:1084C000236063685B1B636051B1002FDBD004F154
:1084D0004003994202D0404603F06CF80023236326
:1084E0003544CDE900A947B3D4F810A02146266849
:1084F0004046D4F814902560C4E9045704F0C0FC49
:108500006368002226601D446260FA1AC4E904A967
:1085100058B91746E7E705EB0B00DDF800A0C01BD4
:10852000B0FBFAF003B0BDE8F08F03EB0B00DDF811
:1085300000A0C01BB0FBFAF0AAE7DDF804904846A3
:10854000A2E700BF94460A46014630B51C4683B0F8
:10855000034D634628680094FFF74AFF03B030BD1F
:10856000200C0020000000002DE9F04FC3B01C4695
:108570009046054608910D930C9008F08DF903681C
:108580001846149306F058F813901DB16B6B002B2E
:1085900000F0ED870899B1F90C204B6E900405D4DA
:1085A00042F4005223F400538A814B669F0401F188
:1085B0006581089AB2F90C301E0740F1BA80126941
:1085C000002A00F0B68003F01A030A2B00F0C080E6
:1085D0000023C3469C46CDE9263332ABE046CDF8B6
:1085E00028C09A4625939FED6E7BCDE915CC8DED85
:1085F000107B9BF800305C46DBB1252B19D025465B
:1086000014F8013F0BB1252BF9D1B4EB0B0610D0B8
:10861000279B33442793269B0133072B2693CAE9D4
:1086200000B600F3A4800AF1080A0A9B33440A93B7
:108630006B78002B00F0A4804FF0000304F1010BD5
:1086400065784FF0FF398DF8773000230993069352
:108650000BF1010BA5F12003582B00F2A580DFE8F8
:1086600013F00D02A300A3000602A300A300A300C1
:10867000A300A300A3009D010002A300A801C5015F
:10868000A300F90159005900590059005900590037
:10869000590059005900A300A300A300A300A300A0
:1086A000A300A300A300A300A300E0011901A300FD
:1086B0001901A300A300A300A3006102A300A3006B
:1086C0004C02A300A300A300A300A3001802A30070
:1086D000A3008206A300A300A300A300A300A3009D
:1086E000A300A300A300A300B6016A0119011901A8
:1086F0001901AF016A01A300A300B702A300A902F8
:10870000A50696028F02A3006802A300A806A30094
:10871000A300AB06A5F13003002202EB82021BF896
:10872000015B03EB4202A5F13003092BF5D9099255
:1087300090E7089D0C98294602F07EFE002841F043
:108740009D80B5F90C3003F01A030A2B7FF440AF7B
:10875000089BB3F90E30002BFFF63AAF2346424692
:1087600008990C9843B0BDE8F04F01F06FB925AA05
:1087700008990C9807F070FA30B90DF1C80A54E75F
:10878000279B002B40F0C487089B9B895B0601F167
:1087900075800A9843B0BDE8F08F00BFAFF300804A
:1087A00000000000000000000E95002DE8D000231E
:1087B00028AE8DF8A0508DF87730012307930B93E6
:1087C0004FF000094B46CDF83C90069A279C12F0DA
:1087D000840505D1099A0799571A002F00F37F8362
:1087E0009DF8772082B1269A0DF17701013401328C
:1087F000CAF8001001212794072A2692CAF804100B
:1088000000F3AD830AF1080A7BB1269A1EA902344F
:108810000132CAF8001002212794072A2692CAF8CA
:10882000041000F3AA830AF1080A802D00F03682B2
:108830000B9BA9EB0307002F00F37882069BDF0553
:1088400000F1D0810B9BCAF800601C44CAF80430C8
:10885000269B27940133072B269300F3E8820AF125
:10886000080A069B5A0705D5099B079A9D1A002DF1
:1088700000F38F830799DDE909238A42ACBF9B1877
:108880005B180A93002C40F0BC8200230DF1C80A4B
:108890002693AEE60D9B4FF0FF320E95073323F083
:1088A0000701B44BB1EC027B55EC174B0D9125F051
:1088B00000418DED187A1991DDE918678DED107B77
:1088C00030463946E9F740F9002840F0B1844FF0CE
:1088D000FF32A84B30463946E9F76EF9002840F0E0
:1088E000A7840022002320462946E9F751F90028F1
:1088F00040F0A2869DF87730069A9F4E22F08002C3
:1089000006929E4A0E994FF000094729D8BF164695
:108910000322CDF83C9007920B9213B1079B0133D1
:108920000793069B13F002033FF44FAF079B0233FC
:108930000793022349E7069B0E959D0679D50D9B6B
:10894000073323F007031A46596852F8083B0D9283
:108950000A460029C0F24D84B9F1000F08DB0699E0
:1089600021F0800003D153EA020100F0BF8006909D
:108970000A2B72F1000180F0FF8530330DF1C7063C
:108980008DF8C73001230B930B9A9DF877304A4539
:10899000B8BF4A46079200220F92BEE70D9B53F8DC
:1089A000042B002A099280F23184099A0D935242D5
:1089B0000992069B9BF8005043F00403069347E698
:1089C000069B9BF8005043F04003069340E60D9B46
:1089D000002228AE0E958DF8772053F8042B0D93C6
:1089E00001238DF8A02007930B93E9E65A4612F86D
:1089F000015B2A2D00F0EA87A5F13003092B00F274
:108A000042874FF0000909EB890912F8015B03EB7B
:108A10004909A5F13003092BF5D949EAE9799346CB
:108A200018E6069B0E9543F010030693069B9D06E1
:108A300085D40D9A52F8043B0D92069AD40600F1A3
:108A4000D383069A500640F1CF8343F3C0321BB262
:108A500011467EE7069B9BF8005043F08003069387
:108A6000F6E52B239BF800508DF87730F0E5069B58
:108A70009BF8005043F001030693E9E59DF8773039
:108A80009BF80050002B7FF4E3AD20238DF8773066
:108A9000DEE5069B0E9543F010030693069B13F04C
:108AA000200200F081830D9B0121073323F007038F
:108AB00018465A6850F8083B0D900020B9F1000F95
:108AC0008DF87700C0F26B81069853EA020420F01B
:108AD000800040F06381B9F1000F40F05F8129B957
:108AE000069B13F001030B9340F0FE824FF0000948
:108AF00032AE0690CDF82C9046E7069B0E9543F0DB
:108B000010030693069B13F0200200F05D830D9B7B
:108B10000021073323F0070318465A6850F8083B32
:108B20000D90CAE7069B9BF8005043F0080306939C
:108B30008EE50D9C00270E9554F8046B8DF8777028
:108B4000002E00F05284B9F1000FC0F25A854A4657
:108B50003946304607F030FE002800F08486821B3C
:108B6000B9469DF877300B9222EAE2720D94079293
:108B70000F97D2E6FFFFEF7FC43F0210C03F021005
:108B8000069B9BF8005043F02003069360E5069B8C
:108B900078200D9A43F00203AB490E90069347F6F6
:108BA000300316910221ADF8783052F8043B0D9253
:108BB000002282E7069B9D0640F12D830D9B0A9AB9
:108BC0001B681A60D2175A600D9B04330D9310E591
:108BD0009BF80050069B6C2D00F0FE8343F01003C1
:108BE000069335E50E9B652B40F33481002200236C
:108BF000DDE91001E8F7BAFF002800F00882269BA3
:108C00000134924A01332794CAF800200122072B2D
:108C10002693CAF8042000F39D840AF1080A1F9BDA
:108C2000434580F2EE82139B149A1C44CAE9002348
:108C3000269B27940133072B269300F3C1830AF167
:108C4000080A08F1FF35002D7FF70BAE102D269B8B
:108C500040F3CF867E49224610260C9FDDF82090F7
:108C60000C46129103E0103D102D40F3D3800133E8
:108C70001032072BCAE90046CDE926320AF1080A6C
:108C8000F1DD25AA4946384606F0E6FF00287FF4C4
:108C90007BAD0DF1C80ADDE92632E4E7099B079AAE
:108CA0009F1A002F7FF7C4AD694A102F269B12929E
:108CB00028DD52462046C2461025B04619460C9C77
:108CC000634E02E0103F102F17DD013110300729ED
:108CD000C2E90065CDE9261002F10802F2DD25AAFD
:108CE0000899204606F0B8FF00287FF44DAD103FEC
:108CF00032AA102FDDE92610E7DC46460446D046AE
:108D00000B4692460133129A3C44CAF80470072B72
:108D1000CAF80020CDE9263400F366840B9B0AF1E3
:108D2000080AA9EB0307002F7FF788AD484A102FE8
:108D3000269B129223DD22464FF010090C9D089CC1
:108D400002E0103F102F19DD013310324049072B8C
:108D5000CAE90019CDE926320AF1080AF1DD25AA8F
:108D6000214628460DF1C80A06F076FF00287FF458
:108D70000BAD103F102FDDE92632E5DC1446013340
:108D8000129A3C44CAF80470072BCAF80020CDE9B7
:108D9000263400F3F7810AF1080A4FE5069001290D
:108DA0003FF4E6AD022932AE10D1169803F00F0160
:108DB0001B09415C43EA0273120906F8011D53EADC
:108DC0000201F3D132AB9B1B0B93DDE503F00701EE
:108DD000DB08304643EA42733031D20806F8011D01
:108DE00053EA0204F2D13029ECD0069BDB07E9D527
:108DF0003023023806F8013C32AB06461B1A0B93AF
:108E0000C2E525AA08990C9806F026FF00283FF431
:108E10003CADB9E41446129A2C44CAF80450CAF87E
:108E200000200133072BCDE926347FF718AD25AAA2
:108E300008990C9806F010FF00287FF4A5AC279C39
:108E40000DF1C80A0DE500BFE03F0210CC3A021058
:108E500064650210269DB8F1010F04F101040AF1C6
:108E6000080705F1010540F347810123072DCAF8E2
:108E70000060CAF80430CDE9265400F31383139B35
:108E80000135149A1C44072DC7E90023CDE9265467
:108E900000F3148308370022002308F1FF39DDE9CD
:108EA0001001E8F763FE002840F0408101350136EB
:108EB0004C44C7F80490072D3E60CDE9265400F3DA
:108EC00029810837159B01351C447B60072D21AB98
:108ED000CDE926543B60AADC07F1080AC1E4B04999
:108EE000102F269A12912BDD51462046C2460C9C2B
:108EF000B04617932E46AA4D02E0103F102F19DD01
:108F00000132103010230D60072A01F1080141F8E9
:108F1000043CCDE92620F0DD089925AA204606F07C
:108F20009BFE32A900287FF42FAC103F102FDDE903
:108F30002620E5DC3546179B46460446D0468A4641
:108F4000013212993C44CAF80470072ACAF800108A
:108F5000CDE9262400F3BE820AF1080A40E425AADE
:108F600008990C98129306F077FE00287FF40CAC59
:108F7000279C0DF1C80A129B46E425AA08990C9873
:108F800006F06AFE00287FF4FFAB279C0DF1C80AAB
:108F90004BE4102D269B40F37B848149224610260A
:108FA0000C9FDDF820900C46129102E0103D102D30
:108FB00018DD01331032072BCAE90046CDE926320D
:108FC0000AF1080AF2DD25AA494638460DF1C80A19
:108FD00006F042FE00287FF4D7AB103D102DDDE9EE
:108FE0002632E6DC14460133129A2C44072BCAE9D8
:108FF0000025CDE926347FF73DAC25AA08990C98C9
:1090000006F02AFE00287FF4BFAB279C32E41F9AAB
:10901000002A40F36E820F9F4745A8BF4746002FA6
:109020000BDD269B3C4401332794072B2693CAE98A
:10903000006700F3E0830AF1080A0F9D002FA8BF24
:10904000ED1B002D00F3DB811F9B4345C0F2018225
:10905000069AD00700F1FD810F9AA8EB0303A8EB55
:1090600002059D42A8BF1D46002D0EDD1644269A1E
:109070002C44CAF804500132CAF800602794072A29
:10908000269200F3CB830AF1080A002DACBF5E1BC9
:109090001E46002E7FF7E5AB102E269B40F3B884CA
:1090A0004049224610250C9FDDF820900C46129175
:1090B00003E0103E102E40F3608301331032072B83
:1090C000CAE90045CDE926320AF1080AF1DD25AAF0
:1090D0004946384606F0C0FD00287FF455AB0DF137
:1090E000C80ADDE92632E4E7302389460DF1C706D8
:1090F00006908DF8C73047E4069BD9073FF5B5AE1B
:109100000123072DCAF80060CAF80430CDE92654BF
:109110007FF7D8AE25AA08990C9806F09DFD002887
:109120007FF432AB32AFDDE92654CBE6B8F1010F64
:109130007FF7C8AE1B4BB8F1110F129340F370824A
:1091400022461026DDF830A01C4605E0A9F11009E2
:10915000B9F1100F40F3638201351032072DC7E9D2
:109160000046CDE9265207F10807EFDD25AA089948
:10917000504606F071FD00287FF406AB32AFDDE902
:109180002652E3E725AA08990C9806F065FD002809
:109190007FF4FAAA279C0DF1C80AFFF74FBB00BF66
:1091A00054650210646502100D9951F8043B0D914D
:1091B000069911F0100105D1069A12F0400201D073
:1091C0009BB20A46012178E40D9951F8043B0D91B8
:1091D000069911F0100105D1069A12F0400201D053
:1091E0000A469BB2114668E4DA1711460029BFF619
:1091F000B3AB5B424FF02D004FF0010162EB420236
:109200005CE4069BDE077FF52CAB0CE59BF8005079
:109210000D93FFF71DBA069BDC0600F12981069B22
:10922000580640F125810D9B0A9A1B681A80CBE4F1
:10923000DDE9100102460B46E8F786FC002840F005
:109240009D830E9BB9F1FF3F23F02003079300F0AD
:10925000CF82B9F1000F03D1472B08BF4FF00109AE
:10926000069ADDE9100142F480750029C0F29B8264
:1092700000279DED107B8DED1A7B0E9B652B00F07A
:109280004E8200F3C482452B00F0498223AB0C9838
:10929000CDF80490049320AB03931FAB02930223F9
:1092A0000093DDE91A2301F057F9069B0646D9071A
:1092B00000F1F281239BA3EB00081F9B0F930F9BF0
:1092C000DA1C02DB994580F274820E9B023B0E93FE
:1092D0000E9B8DF884300F9B591E00291F91C0F200
:1092E00021832B2309298DF8853040F308830DF164
:1092F000930CDFF864E36446AEFB01390A4620466E
:10930000013C4FEAD909632A09EB8903A1EB430326
:10931000494603F1300300F8013CEDDC831E303197
:10932000634504F8011C80F076830DF1850213F883
:10933000011B634502F8011FF9D142AB181AA0F1D5
:1093400071031593159BB8F1010F43440B9340F340
:10935000DF820B9B139A134400220B9323EAE373DF
:109360000F920793CAE1B74B0E951693069B13F025
:10937000200200F086800D9B073323F00703194677
:109380005A6851F8083B0D910698C10776D553EA03
:10939000020173D040F0020106910E998DF8791008
:1093A00030218DF878100221FFF787BB0E95FFF76B
:1093B000A9BB0E95FFF772BBA34B0E951693D5E78D
:1093C00025AA08990C9806F047FC00287FF4DCA930
:1093D000279C0DF1C80A34E443F020039BF80150A8
:1093E0000BF1010B0693FFF733B94B46974E0D94E3
:1093F000062B28BF06230B930793FFF7E1B9102D27
:10940000269B40F3F382924821460B9610271A467A
:10941000DDF83090089C0646129003E0103D102DB8
:1094200040F31C8101321031072ACAE90067CDE9F7
:1094300026210AF1080AF1DD25AA2146484606F050
:109440000BFC00287FF4A0A90DF1C80ADDE9262154
:10945000E4E7139A14991444CAE90012269A27944F
:109460000132072A269200F391810AF1080AF3E5F6
:109470000D9B0A9A1B681A60FFF7A6BB0221FFF733
:109480001CBB0D9951F8043B0D91069911F0100188
:109490007FF47AAF069A12F040023FF475AF9BB2A8
:1094A0000A4671E725AA08990C9806F0D5FB002812
:1094B0007FF46AA932AFDDE92654E0E425AA0899D1
:1094C0000C9806F0C9FB00287FF45EA932AFDDE9F5
:1094D0002654E0E425AA08990C98129306F0BCFBE8
:1094E00000287FF451A9279C0DF1C80A129BFFF7B1
:1094F00077B9269B0134574901332794CAF80010E5
:109500000121072B2693CAF8041000F3B8800AF152
:10951000080A58EA020300F09481139B14991C4432
:10952000CAE90013269B27940133072B269300F3E7
:1095300051810AF1080A002AC0F2AE810133444485
:10954000CAF80060072BCAF80480CDE926347FF7FB
:1095500086A96CE425AA08990C9806F07DFB0028E2
:109560007FF412A9279C0DF1C80AFFF758BB0C988D
:1095700004F08EFDFFF70EB832AE37484FF0CC3E08
:109580000527CDF81C9099181D46144641F100019D
:10959000A0FB01C929F0030C0CEB990CA1EB0C0109
:1095A0005B1A62F1000C0EFB03F200FB0C22A3FB22
:1095B00000C31A440CF001034FEA5C0CA3FB07390B
:1095C00059180A2D4CEAC27301F1300174F10004FC
:1095D0004FEA520206F8011DD5D232ABDDF81C90DD
:1095E0009B1B0B93FFF7D0B925AA08990C9806F09E
:1095F00033FB00287FF4C8A8279C0DF1C80AFFF7A9
:1096000017B93046B94605F017F820EAE0729DF820
:1096100077300D940B900F970792FFF77EB91446A1
:109620000135129B4C44C7F80490072D3B60CDE9EF
:1096300026547FF746AC6DE52D238DF87730FFF784
:109640005BB900BFCC3F0210E03F0210F43F0210B4
:1096500064650210CC3A0210CDCCCCCC0B9E0C46EB
:1096600013460133129A2C44CAF80450072BCAF847
:109670000020CDE926346FDC0AF1080AE4E425AACB
:1096800008990C9806F0E8FA00287FF47DA81F9A44
:109690000DF1C80A279C3CE700EB090400220023D7
:1096A000DDE91A01E8F762FA002840F0C680239B42
:1096B000A34206D230215A1C23921970239B9C424C
:1096C000F9D81F9A0F92A3EB0608079B472B3FF48C
:1096D000F6AD0E9B662B7FF4FBAD069B0F9A03F055
:1096E0000103002A43EA090340F38781002B40F07D
:1096F0005C810F9B07930B9366230E930695002FB7
:1097000036D02D234FF000098DF87730FFF706B9DA
:1097100025AA08990C9806F09FFAFFF735B809F1C9
:10972000010802230C98CDE9003823AB049320AB49
:1097300003931FAB0293DDE91A2300F00DFF0E9B8C
:10974000064600EB0804662BA8D13378302B00F0D6
:1097500007811F9B1C44A1E725AA08990C9806F0D5
:109760007BFA00287FF410A8279C0DF1C80A6BE44F
:10977000B9469DF87730FFF7D0B81446129A3444B2
:10978000CAF80460CAF80020FFF74BBB25AA089965
:109790000C9806F061FA00287EF4F6AF1F9B0DF1DD
:1097A000C80A279C58E401F100432D271A901B9307
:1097B00063E50F9B984500F39680069B13F0010F1D
:1097C0000F9B40F0FC8023EAE3720B936723079220
:1097D0000E9393E725AA08990C9806F03DFA002805
:1097E0007EF4D2AF1F9A0DF1C80ADDE92634A2E655
:1097F0004FF0060934E525AA08990C9806F02CFAD2
:1098000000287EF4C1AF279C0DF1C80A15E40E9B19
:10981000662B7FF43BADC846032383E725AA08994E
:109820000C9806F019FA00287EF4AEAF1F9B0DF1DC
:10983000C80A279CA8EB030327E41F9A23460F922C
:1098400041E7069BDD077FF50CA8139B149A1C4487
:10985000CAE90023269B27940133072B2693B9DC02
:109860000AF1080A6AE6CDF81C90CDF82C908146E2
:109870009DF877300D940F90FFF74FB84FF0FF33FE
:109880000A93FEF786BF93464FF00009FEF7E2BE4B
:10989000644A1292FFF7A7BB5542103280F2BE8095
:1098A0006148214610271A46DDF830900446129090
:1098B00002E0103D102D39DD01321031072ACAE9CE
:1098C0000047CDE926210AF1080AF2DD25AA089908
:1098D000484606F0C1F900287EF456AF0DF1C80ADB
:1098E000DDE92621E5E7139B0F9A4344002A0B93F9
:1098F00051DD23EAE373079367230E93FEE63023DB
:1099000030318DF8863004238DF88710159319E5D2
:10991000069A12F001020F927FF41BAD23EAE37363
:109920000793EBE6C3F101012D23DBE40C4613465C
:109930000133129A2C44CAF80450072BCAF80020AD
:10994000CDE926348CDD25AA08990C9806F084F917
:1099500000287EF419AF0DF1C80ADDE92634EDE5E3
:1099600000220023DDE91A01E8F700F9002838D0C9
:109970001F9B1C440F93A4EB0608AEE6119B002B23
:1099800020DB9DF87730069A284E22F0800206925E
:10999000274AFEF7B7BF0F9B0B9AC3F101031A4486
:1099A000134667220B930E92B8E7139B4B44134464
:1099B00066220B9323EAE3730E9207939EE6139AB3
:1099C0001344EEE72D238DF87730DCE70D9B9BF8F1
:1099D0000150934653F8049B49EAE9790D93FEF749
:1099E00037BEC8F101031C441F9357E60E4A12927A
:1099F00037E60D4A1292FFF70EBA2BB90123662201
:109A000007930E920B9379E6139B01334B44CFE7F8
:109A1000054A1292B2E60223159393E4024A129287
:109A200086E700BF5465021064650210F03A021028
:109A3000C83F021010B4044C13460A460146206881
:109A40005DF8044BFEF790BD200C002070B5ADF51D
:109A50008D6D0C4606461AA900910491A18921F04A
:109A60000201ADF80C104FF4806102910591616E16
:109A70001991E189ADF80E10E1690791616A0991C8
:109A8000002106916946FEF76FFD051E07DB69465A
:109A9000304600F00DF9002818BF4FF0FF35BDF833
:109AA0000C305B0603D5A38943F04003A38128460D
:109AB0000DF58D6D70BD00BF024B1968703104F05B
:109AC00099BC00BF200C00200EB470B59DB00025DD
:109AD0004FF4017221AC1B95ADF8142054F8046BBF
:109AE0000290069004F0A8FD0B4903464FF6FF7064
:109AF00032460A910949ADF81600039307932346AD
:109B0000086802A90E951395019401F085FE1DB019
:109B1000BDE8704003B0704715CD0110200C002047
:109B20000CB4F0B59DB000254FF40173064622AC8D
:109B30000846ADF8143054F8047B1B950291069149
:109B400004F07AFD0B4903460E953A4613954FF6FD
:109B5000FF7503933046079323460A9102A9ADF897
:109B60001650019401F058FE1DB0BDE8F04002B05F
:109B7000704700BF15CD0110B1F90C202DE9F0415F
:109B800016070C4680464ED4496842F4006300290B
:109B9000A38163DDA56A002D42D0002112F480521A
:109BA000D8F80060C8F80010E16964D1012340468C
:109BB000A847451C02466DD0B4F90C30A56AE1698E
:109BC000580705D56368D21A236B0BB1E36BD21A21
:109BD00000234046A847431C4FD1D8F80010B4F9E1
:109BE0000C301D2940D8314ACA40D7073CD523F450
:109BF0000062DD04A2814FF00002626022692260EF
:109C000001D5002944D0216BC8F8006041B104F1AE
:109C10004003994202D0404601F0CCFC002323636C
:109C20000020BDE8F0810E69002EF9D092070D6882
:109C30000E600CBF4B690023AD1B8B600BE02B4605
:109C40003246E1694046676AB847B0F1000CA5EBBF
:109C50000C05664406DD002DF1DCE1E7E16B00292F
:109C600098DCDDE7B4F90C3043F040034FF0FF30EF
:109C7000A381BDE8F081226DA2E7B4F90C30002287
:109C8000626023F40062DB04A28122692260BAD5FB
:109C90002065B8E7D8F80030002B8DD01D2B01D0FF
:109CA000162BDFD1C8F80060BAE700BF01004020E2
:109CB00010B5044682B008B1436B53B1B1F90C0042
:109CC00008B902B010BD204602B0BDE81040FFF751
:109CD00053BF019104F0DCF90199EFE7A0B138B569
:109CE0000C4B04461D680DB16B6B4BB1B4F90C0005
:109CF00000B938BD21462846BDE83840FFF73CBFD3
:109D0000284604F0C5F9F1E7034A0449044806F07F
:109D10009FBD00BF200C002058110020B19C0110F5
:109D2000280C0020CAB384460B4630B504460843CD
:109D3000800719D09CF800000C78A04212D150B3D3
:109D4000012A28D0E64603E01CEB030F23D010B312
:109D50001EF8010F11F8014FA2EB0E03A04203F110
:109D6000FF33F1D0001B30BD032A07D8E2E7043AE5
:109D700011D01EF0803F0ED1032A10D92068194659
:109D800053F8045BA446A0F1013E0434A8422EEA35
:109D9000000EECD0CEE7002030BD10467047A44640
:109DA0001946C7E7014B1868704700BF200C002018
:109DB00010B48446104C1CF8013B11F8010BE25C16
:109DC00002F00302012A225C02F0030208BF2033E2
:109DD000012A06D01B1A0AD10028ECD15DF8044BE9
:109DE00070472030181AE6D05DF8044B70471846CB
:109DF0005DF8044B704700BFF965021038B5A1FB50
:109E0000021434BB00F068F8054630B350F8042C57
:109E100022F00302043A242A0CD8132A0FD91B2A51
:109E2000C0E9004412D9242AC0E9024418D000F144
:109E3000100205E02146FEF789FA284638BD0246A1
:109E400000232846C2E90033936038BD00F10802C0
:109E5000F6E7FFF7A7FF0C2303600025284638BD6F
:109E600000F11802C0E90444EAE700BF10B5044657
:109E700082B008B1436B2BB1204602B0BDE8104060
:109E800002F0D6BECDE9001204F002F92046DDE969
:109E9000001202B0BDE8104002F0CABE0D4B0A46E7
:109EA00010B50446186882B008B1436B2BB1214647
:109EB00002B0BDE8104002F0BBBECDE9000104F0E5
:109EC000E7F82146DDE9000202B0BDE8104002F0EB
:109ED000AFBE00BF200C002001F10B03162B2DE9B3
:109EE000F04F074683B023D8102900F2AF8003F06B
:109EF000E1FF102518230220C24E33445C68A3F111
:109F00000802944200F078816368384623F0030326
:109F1000D4E902122344CA6091605A68083442F0BE
:109F200001025A6003F0C8FF204603B0BDE8F08F7D
:109F3000002B23F00705C0F28980A94200F2868039
:109F400003F0B8FFB5F5FC7FC0F0B2816B0A00F0FA
:109F50008180042B00F27C81AB0903F1390003F10D
:109F6000380EC300A74E3344A3F1080C5C68A44527
:109F700007D10DE0002AE16880F238818C450C465B
:109F800006D0636823F003035A1B0F2AF2DD7046E4
:109F9000DFF874823469444500F0EA80636823F096
:109FA000030CACEB05030F2B00F39281002BC6E9E9
:109FB000048880F28181BCF5007FD6F804E080F04F
:109FC00027814FEADC0301224FEA5C1C013302FACD
:109FD0000CF256F833104EEA020E06EBC302083AB2
:109FE000C6F804E0C4E9021246F83340CC6083109E
:109FF0004FF0010C0CFA03FCF44531D81CEA0E0FAB
:10A0000007D120F003004FEA4C0C04301CEA0E0F7D
:10A01000F9D006EBC00A8146D646DEF80C300BE0DC
:10A020005A681C46DB6822F00302511B0F2900F31B
:10A030001B81002980F22F819E45F1D109F1010990
:10A040000EF1080E19F0030FE7D165E10C233B6018
:10A05000002469E74FF4007340204FF03F0E81E782
:10A06000B468636823F00309A9EB05030F2B02DD35
:10A07000A94580F0AA80DFF894B104EB0903082019
:10A08000DBF800200093103202EB050802F022FEFC
:10A09000D6F808140246013105D008F1FF384142D4
:10A0A000804401EA080841463846019205F04CFB1D
:10A0B000B0F1FF3F8246019A7CD0009B83425AD97F
:10A0C000B44277D1DBF8040002F1FF3C4044CBF806
:10A0D0000400D6F80814013100F06B81009BAAEB54
:10A0E00003010144CBF804101AF00703009300F0B9
:10A0F0003D81C3F1080138468A440A44D04408EA45
:10A100000C01521A02EA0C01019105F01DFB421CE0
:10A1100000F06781A0EB0A00019900EB010848F00C
:10A120000102C6F808A0B442CAF80420DBF80420F3
:10A130001144CBF8041031D0B9F10F0F40F2058172
:10A140006068A9F10C02052322F0070200F001006B
:10A1500010430F2A606004EB0200C0E901331DD9EF
:10A1600004F10801384601F025FADBF8041015E087
:10A17000D6F804E03BE7DBF8041002F1FF3C414471
:10A180000846CBF80410A4D1009B13EA0C0FA0D111
:10A1900009EB0802B06842F001024260DBF82C20B3
:10A1A0008A42DBF8302038BFCBF82C108A4238BF07
:10A1B000CBF83010B468626822F00302531B0F2BF7
:10A1C00040F3C680954200F2C380621945F0010554
:10A1D00043F00103083444F8045C3846B26053602D
:10A1E00003F06AFE204603B0BDE8F08FA268234466
:10A1F0003846D1608A6090E6DC68A3427FF484AE82
:10A200000230C5E6480D0020500D0020946A02205F
:10A21000BCF5206F4FEA5C226CD3142A00F2B680A2
:10A2200002F15C035B32DB00F118F3580839994204
:10A2300003D191E09B68994204D05A6822F003024E
:10A240006245F7D8D968C4E902318C60DC60CEE69B
:10A25000142B56D9542B00F2A2802B0B03F16F0064
:10A2600003F16E0EC3007DE6D4F808C038466719C6
:10A2700045F001056560CCF80C30C3F808C041F02A
:10A280000103C6E90477C7E902887B60A15008345E
:10A2900003F012FE48E622443846516841F00101BD
:10A2A000516054F8082FD3609A6003F005FE3BE636
:10A2B000E80805F108031FE6A44438460834DCF832
:10A2C000043043F00103CCF8043003F0F5FD2BE635
:10A2D000621943F0010145F0010538466560C6E9A1
:10A2E0000422C2E90288516044F80C30083403F0BB
:10A2F000E3FD19E64FEA9C1202F139033832DB0024
:10A3000092E703F15C0003F15B0EC3002AE65AF802
:10A310000839534540F0828010F0030F00F1FF3000
:10A32000F5D1736823EA0C0373604FEA4C0C0CF10F
:10A33000FF329A4204D393E64FEA4C0C09F1040928
:10A340001CEA030FF8D0484663E60123CAF804303C
:10A35000384603F0B1FD7BE692104FF0010C0CFA89
:10A3600002F24EEA020EC6F804E06CE70AEB0801BE
:10A37000384601EA0C01521A02EA0C01019105F07B
:10A38000E3F9431C7FF4C6AE0099C8E6542A13D8FB
:10A390004FEA1C3202F16F036E32DB0044E7B3F583
:10A3A000AA7F13D8EB0B03F1780003F1770EC300FB
:10A3B000D8E5C6F808A497E6B2F5AA7F19D84FEAFF
:10A3C000DC3202F178037732DB002DE740F25452A1
:10A3D000934219D8AB0C03F17D0003F17C0EC3004E
:10A3E000C0E5009B0021A3F108029044A8EB0A08F5
:10A3F00095E640F254539A420CD84FEA9C4202F13F
:10A400007D037C32DB000FE74FF47E737F204FF03B
:10A410007E0EA7E54FF47E737E2205E7736884E71E
:10A420002DE9F04F036985B00C69A342C0F290801A
:10A43000013C01F1140500F11408814655F824305F
:10A440004FEA840C58F8242005EB8407013308EB0D
:10A45000840B9A42B2FBF3F642D30020AA46C646CA
:10A46000CDF80C8003468846CDE901C505465AF86B
:10A47000042BDEF8001090B257454FEA124C06FB51
:10A4800000508AB24FEA104580B206FB0C55A2EB91
:10A4900000021A44ABB24FEA1545C3EB224392B215
:10A4A00003EB114342EA03424FEA23434EF8042BE5
:10A4B000DDD24146DDF80C80DDE901C558F80C30ED
:10A4C00073B9ABF1040BD84504D307E0D84504F1C8
:10A4D000FF3403D25BF80439002BF7D0C9F81040E1
:10A4E000484605F0A9FE00282EDB0022414694468E
:10A4F00055F8040B0B681FFA80FEAF429AB24FEA80
:10A500001040A2EB0E026244C0EB224092B200EB7C
:10A51000134042EA00424FEA204C41F8042BE7D2B4
:10A5200058F8242008EB84036AB9043B434504D857
:10A5300007E0984504F1FF3403D253F80429002AB8
:10A54000F7D0C9F810400136304605B0BDE8F08FAD
:10A55000002005B0BDE8F08F2DE9F04F816B9DB074
:10A5600016461F460446299DCDE9046741B1C26BDA
:10A57000012393404A608B6005F0A8FB0023A3638E
:10A58000B7F10009C0F2B48000232B607C4B33EAA2
:10A59000090300F0B880002200239DED047B51ECFC
:10A5A000170B8DED027BE7F7E1FA804668B10123D6
:10A5B000289A13602A9B13B1724B2A9A1360DFF812
:10A5C000D08140461DB0BDE8F08F1AAB2046019304
:10A5D0001BAB0093DDE9022305F098FF83465FEA99
:10A5E000195540F0A780DDE91A85454405F232434C
:10A5F000202B40F34982C3F1400309FA03F905F225
:10A60000124326FA03F349EA0300E7F767FA013D2C
:10A610000123A1F1F871149300225B4BE7F7B6F91F
:10A6200051A3D3E90023E7F7C5F951A3D3E90023E8
:10A63000E7F798F906460F462846E7F73DFA4EA396
:10A64000D3E90023E7F7B6F902460B463046394610
:10A65000E7F788F906460F46E7F752FA00228146E7
:10A660000890002330463946E7F792FA002840F078
:10A67000FD81A8EB0508089D162D08F1FF3A00F2B0
:10A68000A481424B03EBC503DDE90201D3E90023BA
:10A69000E7F77EFA002800F081806B1EBAF1000F08
:10A6A00008934FF000031193C0F2958100230A93A1
:10A6B000089B002B78DA089B0A9A0B93D21A0A920D
:10A6C0005A42002310920893269B092B74D8052B1D
:10A6D00040F3DF81043B00252693269B023B032B9E
:10A6E00000F28786DFE813F0FF03FC03F203D803D0
:10A6F000012329F000492B60214BCDF8149033EA57
:10A7000009037FF448AFC9F3130942F20F73289A83
:10A7100059EA060913601DD02A9BDFF87880002BC8
:10A720003FF44FAF08F103032A9A404613601DB06F
:10A73000BDE8F08FDDE90212CDF85080A5F2FF35BB
:10A74000C2F313030846DDF8688043F07F5141F4FB
:10A75000401161E72A9BDFF84080002B3FF431AFC6
:10A7600008F10803E0E700BF61436F63A787D23FAA
:10A77000B3C8608B288AC63FFB799F501344D33FF0
:10A780000000F07FCD3A02100000F83F3067021061
:10A79000CC3A021008400210FC3F0210B8F1000F42
:10A7A00040F31A8511900A90089B9A440B9300235A
:10A7B0001093269B092B8AD900230125CDE9263346
:10A7C0004FF0FF330C9509930021099BE16315932A
:10A7D000204605F055FA0790002800F01286099BE4
:10A7E0000E2B8CBF002505F00105079BA363002DF0
:10A7F00000F01E810B99002940F35C81A64B01F00B
:10A800000F02C8054FEA211503EBC203D3E9006725
:10A8100040F12183A14B05F00F054FF00308D3E968
:10A820000823DDE90201E7F7EBF8CDE90E018DB170
:10A83000DFF86892E90709D53046394608F1010882
:10A84000D9E90023E7F7B6F806460F466D1009F17F
:10A850000809EFD132463B46DDE90E01E7F7D0F8B3
:10A86000CDE91201119B53B100228D4BDDE9126736
:10A8700030463946E7F78CF9002840F0B48440466A
:10A88000E7F71AF9DDE91223E7F794F8854B002280
:10A89000E7F768F8099B0646A1F15077002B00F016
:10A8A000AE800B9B0E93099B18937B4AB046189B76
:10A8B000B94602EBC303DDE9126713ED027B3946AB
:10A8C00030468DED167BE7F71BF90546E7F7F4F800
:10A8D00002460B46304639463035E7F757F8079BB6
:10A8E0000F460C995A1C0646EDB21292DDE916236A
:10A8F000002900F0FB8200206B49E7F781F842460F
:10A900004B46E7F743F8079B324680461D703B46AF
:10A910008946E7F779F9002840F05385CDF864A01F
:10A920000025CDF858B0DDF848A0DDF860B01894E7
:10A930002AE001355D4580F2CD844046494600223B
:10A940005A4BE7F737F80022584B80468946304685
:10A950003946E7F72FF80F460646E7F7D1F80446E1
:10A96000E7F7AAF802460B46303430463946E7F797
:10A970000DF842464B460AF8014B06460F46E7F7EC
:10A9800007F9002840F0AD8432463B460020444998
:10A99000E6F7FCFF42464B46E7F7FAF80028C8D036
:10A9A000DDF858B05546189C079902E0A94200F01E
:10A9B0006D842A4615F8013D392BF7D00133DBB2FF
:10A9C0002B70DDF81C8007921BE10123BAF1000F08
:10A9D0001193BFF66BAEC8F101034FF0000A0A9362
:10A9E00066E64046E7F768F8DDE91223E6F7E2FF9E
:10A9F00000222C4BE6F7B6FF0646A1F15077002265
:10AA00002B4BDDE91201E6F7C1FF32463B4680469B
:10AA10008946E7F7F9F8002840F01884404649468F
:10AA2000324607F10043E7F7B3F8002840F085818C
:10AA30001B9B002B03DB0B9A0E2A40F361810C9ABF
:10AA4000002A68D0269A012A40F3F583099B109AC0
:10AA50005D1EAA42C0F22C83002BA2EB050580F2FA
:10AA60007D84DDE90923A3EB02082EE34846E7F7DE
:10AA700023F832463B46E7F779F800287FF4F9AD32
:10AA800009F1FF330893F4E5C3F1200306FA03F05C
:10AA9000BBE5012521E600BF3067021020680210E7
:10AAA0000000F03F00001C400000E03F0000244098
:10AAB0000000144000F0F4820B9B5E42B24B06F0A3
:10AAC0000F0203EBC203DDE90201D3E90023E6F73D
:10AAD00071FF3611CDE90E0100F06584AB4F002304
:10AAE0004FF00208CDE91201F20706D508F101087E
:10AAF000D7E90023E6F75EFF2B46761007F108073B
:10AB0000F2D1CDE91201002B7FF4ACAE9DED0E7BAE
:10AB10008DED127BA6E60023109DDDF828801E46F1
:10AB20000C93B8F1000F0DDDBAF1000F0ADDD0452E
:10AB300043460A9AA8BF5346D21AA8EB0308AAEBC9
:10AB4000030A0A92109B53B10C9B13B1002D40F0E5
:10AB5000D0825946109A204605F0A0FA834601217A
:10AB6000204605F0BBF9089B0746002B40F05E81AC
:10AB7000269B012B40F376810123534413F01F03DE
:10AB800008D0C3F12002042A00F3688208D0C3F180
:10AB90003C0300E01C230A9A98449A441A440A92FF
:10ABA0000A9B002B05DD59461A46204605F0D0FACF
:10ABB0008346BAF1000F05DD39465246204605F0BE
:10ABC000C7FA0746269B022B119BD4BF00250125FF
:10ABD000002B40F0B580099B002B26DC2DB3099B90
:10ABE000002B00F03E82279BDDF81C80DB430E9398
:10ABF0003946204605F06AF81EB13146204605F078
:10AC000065F85946204605F061F800220E9B079929
:10AC100001330A70289A13602A9B002B3FF4D1ACB1
:10AC2000404619601DB0BDE8F08F0C9B002B00F072
:10AC3000A480B8F1000F05DD31464246204605F0FC
:10AC400087FA0646089B002B40F02D83B146079DEE
:10AC5000099A6B1E02971A44049B03F001030992A0
:10AC60000A9302995846FFF7DBFB31468246584665
:10AC700005F0E2FA029980464A4620460AF130077A
:10AC800005F0FCFAC3680146002B40F04D820890A5
:10AC9000584605F0D1FA08990890204605F016F8B4
:10ACA000269B089A134340F07B820A9B002B00F0FE
:10ACB0005E83B8F1000FC0F25783099BA846AB42F0
:10ACC00008F8017B00F03D83594600230A22204604
:10ACD00005F006F84E45834631464FF000034FF02D
:10ACE0000A02204600F0568204F0FAFF4946064662
:10ACF00000230A22204604F0F3FF45468146B0E7D0
:10AD0000214B03EBC203D3E9009A279B002B80F26F
:10AD10000682099B002B00F3028273B900221C4BB0
:10AD200048465146E6F746FE02460B46DDE902017B
:10AD3000E6F742FF002800F0898200273E4652E7EE
:10AD40003946584605F078FA0028BFF644AF0B9B09
:10AD500059460A222046013B0B93002304F0C0FF12
:10AD60000C9B8346002B40F00D83159B002B159BFD
:10AD7000099302DC002D7FF432AFDDF81C80012541
:10AD8000DDF824900EE000BF30670210206802104A
:10AD900000001440594600230A22204604F0A0FF78
:10ADA0000135834639465846FFF73AFB4D4500F1D9
:10ADB000300308F8013BEDDB099A0025002ACCBFDF
:10ADC00090464FF00108079A9044594601222046C8
:10ADD000029305F0BDF93946834605F02DFA0028A7
:10ADE00040F33982079A02E0904500F0438218F858
:10ADF000013CC24608F1FF38392BF5D0013388F801
:10AE000000300B9B0E933946204604F05FFF002E66
:10AE100000F037822DB1B54203D02946204604F018
:10AE200055FFDDF81C80CDF81CA0E6E601461A4669
:10AE3000204605F033F9269B0746012B40F34B8152
:10AE4000002308933B6907EB8303186904F0F2FFC2
:10AE5000C0F1200391E69DED027B4FF002088DEDDD
:10AE60000E7BE4E4049B002B7FF486AEDDE9041244
:10AE7000C2F31303002B7FF47FAEC24B13402BB100
:10AE80000A9B0AF1010A01330A930123089A0893E5
:10AE9000002A3FF471AED5E701230C93279B0B9A50
:10AEA000134415930133012B1E460993B8BF0126A5
:10AEB000172E40F39482012204235B0011460132D5
:10AEC00003F11400B042F8D9E16381E401230C934B
:10AED000279B002B40F37B811E4615930993E7E7E0
:10AEE00000230C93DAE700230C93F1E74046494630
:10AEF000E6F760FD079B1D70189B012BCDE90C0147
:10AF000000F03E82189D079BDDF848801D4400221A
:10AF10009D4B30463946E6F74DFD0F460646E6F7AF
:10AF2000EFFD8146E6F7C8FD02460B4609F1300900
:10AF300030463946E6F72AFD08F8019B45450646A6
:10AF40000F46E4D10022914BDDE90C894046494689
:10AF5000E6F708FD32463B46E6F71AFE002840F0C9
:10AF60009F8142464B4600208849E6F70FFD324656
:10AF70003B46E6F749FE002840F08C801B9B002BE7
:10AF8000FFF6C9AD0B9B0E2B3FF7C5AD804B0B9A5F
:10AF9000DDF81C8003EBC203D3E9009ADDE9026708
:10AFA0004A46534630463946E6F72AFDE6F7A8FDFD
:10AFB0000546E6F781FD4A465346E6F7FBFC0246A6
:10AFC0000B4630463946E6F7E1FC05F13003079AB7
:10AFD0001370099B012B129B00F0F881C3F1010251
:10AFE000CDF808B0CDF81080984608941446DDF8E6
:10AFF00024B01DE04A46534630463946E6F700FD88
:10B00000E6F77EFD0546E6F757FD4A465346E6F766
:10B01000D1FC0B46024639463046E6F7B7FC05F14F
:10B02000300308F8013B08EB04035B4500F0638143
:10B030000022554BE6F7BEFC0022002306460F46D1
:10B04000E6F794FD0028D5D0CDF81C80DDF808B0D7
:10B05000DDF81080089C0B9B0E93D2E5C3F11C0316
:10B0600099E539460522204604F03AFE074658463F
:10B07000394605F0E1F800287FF7B5ADDDF81C8012
:10B08000079B013307930B9B01330E93312388F801
:10B090000030ADE52A4615F8013D302BFAD090E49A
:10B0A0009DED027B4FF002088DED127BFFF7DABBBE
:10B0B000109B089AEB1A109500251A44099B0892D8
:10B0C0009A440A9A90461A440A920121204604F0B2
:10B0D00005FF064625E5049B002B7FF4B1AEDDE9B4
:10B0E0000401C1F313030A46002B3FF4C6AE0890D7
:10B0F000A8E631462A46204604F0D0FF06465A46C6
:10B100002046314604F018FF59468346204604F095
:10B11000DDFD109B5B1B10933FF421AD19E5079BF0
:10B120005A1C9846129239E720460897029F04F06D
:10B13000CDFDB8F1000F089B08DB049A269902F0B8
:10B14000010241EA080852EA08023AD159460122AE
:10B150002046029304F0FCFF3946834605F06CF864
:10B160000028029B40F32781392B00F0EF800AF181
:10B170003103AA460AF8013B35460B9B4E460E9317
:10B1800041E600BF0000F07F000024400000E03FE7
:10B190003067021004F0A4FD45460646814660E58E
:10B1A000B8F1000FC0F21F81269B43EA08080A9BF2
:10B1B00053EA080800F01781002A7FF77EAD3B466E
:10B1C000029F392B00F0C280AA460133D2E7012347
:10B1D00027930993FFF7F8BAC8F10103824611904B
:10B1E0000A93FFF7E1BA099B002B3FF4FAAB159DD8
:10B1F000002D7FF71DAC0B9B304639460022013BEA
:10B200000E93894BE6F7D6FB02460F4608F1010084
:10B210001646CDE91267E6F74FFC32463B46E6F7A5
:10B22000C9FB0022814BE6F79DFB18950646A1F16C
:10B230005077FFF73ABB149A72B303F233430A9A7A
:10B240009A44109D90461A440A923EE70027DDF882
:10B250001C803E4614E703D1029BDB073FF5C2ADDD
:10B2600018F8013CC24608F1FF38302BF8D00B9B90
:10B270000E93C8E50B9B079A01330E93312313708D
:10B28000C1E5DDF81C80CDF81CA0BAE40E9B0133AB
:10B290000E933123FFF794BB1A9BC3F13603CEE71D
:10B2A0000799FFF786BB7168204604F0E9FC054664
:10B2B000002800F08D80336906F10C010C30023358
:10B2C0009A0001F03FFC29460122204604F040FF8D
:10B2D0008146BCE4DDF864A0DDF858B0189CFFF7A7
:10B2E000A7BBDDF81C80DDF858B0189CCDF848A04D
:10B2F000CDF81CA085E4CDF81C80DDF808B0DDF8A1
:10B300001080089C02460B46E6F72CFB4A46534643
:10B3100006460F46E6F778FC58B94A46534630468B
:10B320003946E6F723FC00283FF495AEE9077FF5A0
:10B3300092AE0B9B4146079D0E93CDF81C80FFF704
:10B3400038BB3B463546029F4E463EE5A84639236C
:10B350003546079A4E4608F8013B48E50A9A9A4452
:10B3600090461A440A92B0E63B46029F01E73B46EC
:10B37000029F392BEAD0B8F1000F3FF7F8AEF8E69C
:10B38000129DDFE5314600230A22204604F0A8FC86
:10B39000159B0646002B159B09933FF74AAC002DE1
:10B3A0007FF41DAC45E49DED0E7B4FF002088DED62
:10B3B000127BFFF757BA7FF4DCAEDA077FF5D9AE20
:10B3C000D2E6129BDDF81C8007931AE4079399E7F5
:10B3D0000246174B40F2EF211648E8F747F90021E3
:10B3E000E163FFF7F5B9002A3B46029F3FF7AEAE97
:10B3F000BFE6002520462946E56304F041FC07909E
:10B4000030B90B4B002240F2AF110A48E8F72EF991
:10B41000079B01222795A3634FF0FF330C921593EE
:10B420000993FFF705BB00BF0000244000001C404B
:10B430000C4002102040021038B52F4B05460C4638
:10B440001B6813B15A6B002A45D0B4F90C301807A9
:10B4500016D52269F2B113F0010107D0616900200D
:10B460004942A060A1613AB1002038BD980758BF99
:10B470006169A160002AF7D1190638D4104638BD99
:10B48000D9062CD55A0712D4226943F00803A381A8
:10B49000002AE0D103F42071B1F5007FDBD0214612
:10B4A000284606F09FFAB4F90C302269D3E7216BE5
:10B4B00051B104F14002914204D0284600F07AF8DC
:10B4C000B4F90C30002222630021226923F0240306
:10B4D000C4E90021D9E7184602F0DAFDB5E70922F0
:10B4E00043F040032A60A3814FF0FF3038BD43F0A2
:10B4F0004003A381F8E700BF200C00202DE9F843AA
:10B500000646DFF8AC800820894601F0E3FB0546DB
:10B51000304602F0CFFCD8F808305F6827F0030708
:10B52000A7F11104A4EB09042C44B4FBF5F4013C8D
:10B5300005FB04F4A54208DC0021304604F004F9C0
:10B54000D8F808303B44984205D0304602F0B4FCAD
:10B550000020BDE8F8836142304604F0F5F8013080
:10B560000FD03F1B104AD8F80830304647F001078B
:10B570005F6013681B1B136002F09EFC0120BDE896
:10B58000F8830021304604F0DFF8D8F80820831A49
:10B590000F2BDADD43F0010303495360034B1B68B3
:10B5A000C01A0860D1E700BF986A0220501100203D
:10B5B000480D002000297CD02DE9F0410C46804642
:10B5C00002F078FC764F54F8043CA4F10805BE68FC
:10B5D00023F0010168184268864222F0030200F05D
:10B5E0008380DE0700EB020C426033D454F8084C31
:10B5F000DCF8043007F1080C2D1B214403F0010393
:10B60000AC68644564D0D5F80CE0C4F80CE0CEF822
:10B610000840002B00F0818041F001036B60016065
:10B62000B1F5007F22D2CB080122490901338A40BB
:10B6300079680A4357F833107A6007EBC302083A77
:10B64000C5E9021247F83350CD604046BDE8F041ED
:10B6500002F032BCDCF80430DB072BD541F00103EB
:10B66000B1F5007F44F8043C0160DCD3B1F5206FF4
:10B670004FEA512353D28B0903F1390003F1380209
:10B68000C300F818FB580838984203D161E09B6862
:10B69000984204D05A6822F003028A42F7D8D86848
:10B6A000C5E9023085604046DD60BDE8F04102F04A
:10B6B00003BC7047114407F1080C836863453FD011
:10B6C000C268DA60936041F001036B606950A7E7DC
:10B6D000002B5FD10A44D0E90213CB60996042F09D
:10B6E00001036B60AA50B0E7DB070A4407D454F8A3
:10B6F000083CED1A1A44D5E90213CB60996042F078
:10B7000001036B60274BBD601B6893429DD8264B9D
:10B7100040461968FFF7F2FE97E71144CDE7142B76
:10B7200008D9542B1DD80B0B03F16F0003F16E02E7
:10B73000C300A6E703F15C0003F15B02C300A0E7CE
:10B7400041F00103C7E90455C5E902CC6B606950BB
:10B750007BE70121921001FA02F279680A437A60CC
:10B760009EE7B3F5AA7F06D8CB0B03F1780003F16F
:10B770007702C30085E740F25452934206D88B0CFF
:10B7800003F17D0003F17C02C3007AE74FF47E737E
:10B790007E2276E741F001036B60016055E700BF50
:10B7A000480D002054110020946A022018B3F0B410
:10B7B00007468C4617F8015B01E0A54214D01CF83F
:10B7C000014B002CF9D1DDB13E460C4616F8015B69
:10B7D00000E063B114F8013B9D42FAD14DB1002362
:10B7E0003B701660F0BC704773B13846E0E73746EF
:10B7F000EAE72E46F5E710680028D8D10020704708
:10B8000000201560F0BC704717600370EAE700BFC6
:10B810000123FFF7CBBF00BF2DE9F04F8946B1F9F7
:10B820000C10ADF5317D834688040893D9F8643057
:10B8300007D441F4005123F40053A9F80C10C9F8BF
:10B8400064309F04C3F3403100F1C380174617F8FA
:10B85000013B1393002B00F013878E46714C8A46F0
:10B860000B91069105910991CDF80CB014F803B035
:10B870001BF0080B70D1252B5ED13A785D465E46F1
:10B88000A2F12503791C532B61D8DFE813F0540093
:10B890006000600060006000F00360006000600015
:10B8A00060006000A600A600A600A600A600A600F4
:10B8B000A600A600A600A600600060006000600070
:10B8C000600060006000600060006000FA03B1008A
:10B8D0006000B1006000600060006000BB036000B9
:10B8E0006000DA03600060006000600060006000DB
:10B8F00060006000840360006000E303600060009B
:10B900006000600060006000600003040804B10093
:10B91000B100B1000A04130460006000AC036000D1
:10B92000C3037506B70360006000F7036000770685
:10B930006000600084030F46D9F80430002B3CDD22
:10B94000D9F8003017F8012C1978914222D00598C7
:10B950000DF5317DBDE8F08FD9F80420039D0FE08F
:10B96000D9F800301A780133A25C160710D5D9F83F
:10B9700004200AF1010AC9F80030013AC9F804208C
:10B98000002AEDDC4946284602F0C2FE0028E7D036
:10B9900004970AE001330AF1010A0497C9F800305C
:10B9A000D9F80430013BC9F80430049F17F8013B73
:10B9B0001393002B7FF45AAFC9E74946039802F06E
:10B9C000A7FE0028BCD0059B1BB1B9F80C305B0664
:10B9D000BDD54FF0FF330593B9E715F08F0FB6D102
:10B9E00006EB860602EB46067A780F46303E47E7BE
:10B9F00004270491D9F80430002B00F367834946EB
:10BA0000039802F085FE0028DDD16B0640F15E83CD
:10BA10007B1E032B00F2C986DFE813F0A801660144
:10BA2000A9000600F9650210039845F4F06504F0DA
:10BA300033FF03680D93731EB3F5AE7F40F282842B
:10BA40006FF4AE71731840F25D161093002758AB77
:10BA50004946CDF844B09846BB46B9460A930C9780
:10BA6000CDE90E770B681878A0F12B0CBCF14E0FC6
:10BA700050D8DFE81CF019024F0019024F004F00A8
:10BA80008102740074007400740074007400740007
:10BA9000740074004F004F004F004F004F004F00E4
:10BAA0004F001F027200720072002C020E024F0043
:10BAB0004F00C0014F004F004F004F006B024F007E
:10BAC00068024F004F004F0063024F004F004F00CD
:10BAD0004E0249024F004F004F004F004F004F00F1
:10BAE0004F001F027200720072002C020E024F0003
:10BAF0004F00C0014F004F004F004F006B024F003E
:10BB000068024F004F004F0063024F004F004F008C
:10BB10004E0249020D9A92F800C0844514D1AA053C
:10BB200012D525F42075CDF830B008F8010B013E90
:10BB300048680AF1010A01380028486040F3FB8296
:10BB400001330B60002E8DD15A464B468946002AA0
:10BB500000F0648125F4807560E12A05F4D519EBC5
:10BB6000070CF1D1674625F4C075E146DDE7731E89
:10BB700045F45865B3F5AE7F40F20B836FF4AE72B7
:10BB800006EB020B40F25D1658AB4FF00008CDF803
:10BB90001CB01F460A934B46DDF818B0C1469846C4
:10BBA000D8F800201078A0F12B034D2B63D8DFE8E4
:10BBB00013F014026200140262006200B2021C015F
:10BBC0001C011C011C011C011C011C01FF01FF01C7
:10BBD00062006200620062006200620062004E0069
:10BBE0004E004E004E004E004E00620062006200A9
:10BBF0006200620062006200620062006200620035
:10BC0000620062006200620062006200070262007D
:10BC100062006200620062006200620062004E0028
:10BC20004E004E004E004E004E0062006200620068
:10BC300062006200620062006200620062006200F4
:10BC40006200620062006200620062000702BBF1F3
:10BC50000A0F10DD25F4386507F8010BD8F8043019
:10BC6000013B002BC8F8043040F371820132C8F860
:10BC70000020013E94D14346E905C846CDF818B0EE
:10BC8000994607D50A9B9F4200F2BE840A9B9F42B9
:10BC90003FF45DAE15F0100240F06882069B099EED
:10BCA0000A9903983A70B047089BAA0603F1040664
:10BCB00000F156826B0700F16E8415F0010240F02E
:10BCC0004E82AD0740F14B82B74B099903989942D8
:10BCD000069B0A9900F04C8503F0A4FF0B46089AD6
:10BCE0001168C1E900033DE2D9F80020002E05F0FB
:10BCF0001008137808BF4FF0FF36EF07E35C03F03E
:10BD0000080300F16D82B8F1000F00F02583002BCD
:10BD10007FF44BAED9F804300132012E03F1FF332A
:10BD2000C9F80020C9F8043000F009850125039FF7
:10BD300012E0D9F800301A780133A25C100713D44E
:10BD40000135C9F80030D9F80430AE4203F1FF33B1
:10BD5000C9F8043000F07D84002BEADC49463846FF
:10BD600002F0D6FC0028E4D0AA441EE6002E05F01E
:10BD7000100308BF4FF0FF36E9070C9300F1308342
:10BD8000D9F8001018AD0C9A0B78EB5C002A00F083
:10BD90009282002B3FF4DBADD9F804300131012E43
:10BDA00003F1FF33C9F80010C9F804301BD0DDF8E7
:10BDB0000C8010E0D9F800301A780133AA5C92B1F7
:10BDC0000137C9F80030D9F80430BE4203F1FF331F
:10BDD000C9F8043007D0002BECDC4946404602F09D
:10BDE00097FC0028E6D0BA44DFE5704B25F43865AF
:10BDF00033F91BB030E7002F40F0C481BBF1000FD6
:10BE000040F0C08105F4E062B2F5E06F00F01C8400
:10BE10004B46DDF844B089465F460022013B012BCA
:10BE200040F278847B1E062B40F25683E80540F1F1
:10BE3000B381690500F1878418F8011C01F0DF0364
:10BE4000452B40F0EA8308F1FF360AF1FF3A4A46F3
:10BE5000039802F01FFC15F010037FF4A6AD3370B9
:10BE60000E9B002B40F0A28300220A99039805F054
:10BE7000E7FC089BEA070746884603F1040640F101
:10BE800057831B68C3E90078059B08960133059327
:10BE90008BE52A0503D519EB070C3FF463AE022F9F
:10BEA0007FF452AE032740E62A067FF54DAE25F01B
:10BEB00080053AE62A0503D519EB070C3FF452AE8C
:10BEC000B9F1010F7FF440AE4FF002092DE62A05CB
:10BED0003FF545AE05F4A06CBCF5806F06D06A0551
:10BEE0007FF532AEBBF1000F00F0F683AA0504D453
:10BEF0000C9AABEB0202CDE90E2825F478654FF0E1
:10BF0000000B45F4C07510E6072F7FF41DAE08271F
:10BF10000BE605F4186CBCF5807F7FF415AEBBF121
:10BF2000010F7FF411AE25F480753022013E4FF0F1
:10BF3000000B45F4006508F8012BF6E5062F7FF4A9
:10BF400003AE0727F1E52A05C4D4FDE5B9F1000FDA
:10BF500040F01181BBF1000F40F00D8105F4E06C61
:10BF6000BCF5E06F00F06A83012F02D0042F7FF44C
:10BF7000EBAD0137FFB2D8E5EA057FF5F0AD109AD9
:10BF800025F080050BF1010B002A3FF4D0AD109A8B
:10BF9000013A1092CCE545F400750491024B032759
:10BFA00009931023069325E5E52402107465021019
:10BFB000874B33F91BB0BBF1080F3FF74BAE5AE686
:10BFC00005F4C063B3F5007F7FF455AE25F400752A
:10BFD0004FF0100B45F4A0653EE62B067FF54BAE07
:10BFE00025F0800538E628077FF4B1AC7A786C2A12
:10BFF00000F01E8345F001050F4641E445F4087545
:10C000000491CBE72A077FF4A2AC7A7845F00205C9
:10C010000F4635E4EE0604913FF5C7AC089A680771
:10C0200052F8043B089200F1BD82E90700F12B832E
:10C03000AA0740F128834FEAEA72C3F800A05A60C9
:10C04000B3E445F001050491624B032709930823EB
:10C050000693CFE445F04005012718A804F05CFBE7
:10C060000490D9F80430002B3FF7D2ACC7E42E433C
:10C070007FF46DAC7A7810250F4601E40227049115
:10C08000B8E445F001050491534B032709930A23B3
:10C090000693AFE445F0400500270491E1E70491E1
:10C0A000F2E72B077FF453AC7A7845F004050F468E
:10C0B000FFF7E6BBD9F8043003270491002B464B69
:10C0C00009934FF0000306937FF799ACD9F800204D
:10C0D0001378E35C18077FF59BACDDF80C8006E075
:10C0E000C9F800201378E35C19077FF591ACD9F803
:10C0F00004300AF1010A0132013B002BC9F8043077
:10C10000EEDC4946404602F003FB00287FF45BACBE
:10C11000D9F80020E6E72B057FF59EADBBF1000FB7
:10C1200003D145F400754FF0080B690540F1F58126
:10C1300025F4B06590E50398079102F0E9FA0799B4
:10C1400000287FF401AD002E7FF48CACFCE4414666
:10C15000039802F0DDFA00283FF48BAD8BE5089BD5
:10C160001B681860059B0896013305930A9BFF1A0C
:10C170004744BA4419E4B9F1020F7FF4F5AE4FF029
:10C180000309D2E4032F3FF4F4AE052F3FF4F1AEE0
:10C19000DAE44FF0000BF7E415F010037FF405AC80
:10C1A00088F8003005F4C063B3F5806F7FF458AEB3
:10C1B0000C9B93423FF458AE9A1A0DF2B3230749F1
:10C1C000984528BF0DF2B2284046E7F767F94BE6DD
:10C1D00074650210E524021025CA01104C400210BB
:10C1E000B8F1000F00F0B781002B7FF4DEABDDF873
:10C1F00020B00DF14C0CCDF820B00027CDF81C80FC
:10C20000E346DDF82C8005F0ABFCB8423FF4DBAB35
:10C2100058ABB8F1030F16ADD9E9002112F8010BA4
:10C2200001F1FF31D85507F10107C9F80410C9F829
:10C23000002002D12B68042B04D0082200212846BC
:10C24000FCF784F83B4658AA59460398009500F03D
:10C25000C1FDB0F1FF3F80463FF4B5AB002840F090
:10C26000FB81CBF8000000F0B1FD002840F03982DE
:10C27000BA44013E079B002B40F009820BF1040BEE
:10C280001F46D9F80420002A40F31682D9F800206E
:10C290001278A25C150701D4002EB4D1DC46CDF88B
:10C2A0002C80DDE9078BB8F1000F00F05B81CDF841
:10C2B00020B0FFF77ABBDDF820B05BF8042B002B31
:10C2C0003FF445ABD9F804309046012E03F1FF331B
:10C2D000C9F8043001F10103C9F800300B7808F8FF
:10C2E000013B24D016443746164611E0D9F8001019
:10C2F0000B78EB5C53B3D9F80430013BC9F8043038
:10C300004B1CC9F800300B7808F8013BB8451DD02C
:10C31000D9F80430002BE9DC4946039802F0F8F91B
:10C320000028E3D046453FF44EABA8EB0607059B3B
:10C33000BA44CDF820B001330593002388F80030CB
:10C34000FFF733BB00231093FFF780BBA8EB060772
:10C35000002FECD1FFF7FBBADDF8208058F8047B02
:10C36000002B40F0EA81D9F804303D46012E03F15C
:10C37000FF33C9F8043002F10103C9F80030137823
:10C3800005F8013B00F0D6813E44DDF80CB012E028
:10C39000D9F800301A78A25C110716D4D9F8042015
:10C3A000013AC9F804205A1CC9F800201B7805F886
:10C3B000013BB54209D0D9F80430002BE8DC4946EE
:10C3C000584602F0A5F90028E2D0EF1BBA44059BBD
:10C3D000CDF820800133059300232B70FFF7E5BAD9
:10C3E000002B00F0D3800DF14C0B00270B9DCDF8F6
:10C3F00028A0079605F0B4FBB8423FF4E4AA032D49
:10C400000DF15008D9E9003202F1FF3213F8011B97
:10C41000C9F8042058AAC9F80030D15507F101071E
:10C4200003D1D8F80030042B04D008220021404664
:10C43000FBF78CFF58AA3B4659460398CDF800807D
:10C4400000F0C8FC421C05463FF4BDAA002840F09D
:10C45000B8808246CBF8000016AB082200211846AF
:10C460000B93FBF773FFC04952460B9BD1F8E010CA
:10C4700003980E4612A9B04701280CBF9DF848A0AA
:10C480004FF0000A18AB13F80A30002B00F00181BE
:10C490000A9B032D3B440A9300F09C80079B013BC1
:10C4A00007930C9B0BB90BF1040BD9F80430002750
:10C4B000002B40F39A80079B002B9BD1DDF828A02E
:10C4C0000B950C9B002B7FF470AACBF80030059BDA
:10C4D00001330593FFF769BA022F40F25581032F0C
:10C4E0003FF4A4AC043F0795DDF80CB04546FFB21D
:10C4F000FE434644B846174615F8011D4A465846BD
:10C5000002F0C8F8B542F7D13A460AF1FF3A474679
:10C51000A846079DAAEB070A88E4079B25F46075E7
:10C5200013B1013B0136079309F10109FFF796BBEF
:10C53000089BAA07D3F800B031D402460B46E5F7B2
:10C5400003FB002840F0198138464146E5F7A6FA7A
:10C55000CBF8000098E4DDF820B05BF804CB002BAA
:10C560003FF449AE059BCDF820B00133059300237D
:10C57000CCF80030FFF719BA049165E57B4B03272F
:10C58000049109930A230693FFF734BA089B53F8E2
:10C5900004BB089329E7089B1B681880E2E5CBE9F8
:10C5A000007871E4A3F800A0FFF7FFB90F9E0A23FB
:10C5B00000220398711CB04600F034FA0E9BC21A98
:10C5C000FBE5831C0CD0DBF800A0BAF1FF3F7FF441
:10C5D00043AF57E7D8F80030042B7FF45FAF60E734
:10C5E000D9F80430002B3FF705AF4946039802F015
:10C5F0008FF800283FF45FAFDDF828A00B95002FDF
:10C600003FF45FAFFFF7DFB917F8011C4A46039804
:10C61000013F02F03FF8FFF739BB4A46039802F0AA
:10C6200039F8AAF1020AA8F1020618F8021C0EE471
:10C63000BA7845F002050237FFF722B925F4F06514
:10C640004FF00109FFF771BA25F4F0650127FFF7F4
:10C650006CBAB244FFF7A9B910F1020F3FF411AE62
:10C66000DBF8000000F0B2FB00283AD1B8F1030F6C
:10C67000BA447FF4FEAD2A68042A7FF4FAADF9E5E6
:10C680000593FFF764B9C3F800A0FFF78EB9002740
:10C69000F7E5DDF828A00B95002F3FF412AF58AB5B
:10C6A000039EDD19013F4A4615F8011D304601F091
:10C6B000F1FF002FF6D104E74946039802F028F86D
:10C6C00000283FF4E3ADDC46CDF82C80DDE9078B94
:10C6D000002F7FF478A9E6E54B46BB468946FFF775
:10C6E0009BBBDC46CDF82C80DDE9078B002F3FF4A7
:10C6F000DAAD58AB039ECDF81CC0DD19013F4A46A8
:10C7000015F8011D304601F0C5FF002FF6D1DDF808
:10C710001CC0C8E50A9CDDF80CB0A0457FF617A93F
:10C7200018F8011D4A46584601F0B4FFA045F7D15C
:10C73000FFF70DB90AF1010A49E63D4647E60AF15D
:10C74000010AFFF732B90A9CDDF80CB0A0457FF66C
:10C75000FEA818F8011D4A46584601F09BFFA04567
:10C76000F7D1FFF7F4B800BF64110020E5240210F0
:10C7700006F046F80B46FFF7B2BA664803F09AF99E
:10C78000CBF80000FFF780BB0A9BDDF80CB09845A2
:10C790007FF6DDA818F8011D4A46584601F07AFFD9
:10C7A0000A9B9845F6D1FFF7D2B8012E05F0100884
:10C7B00038BF012615F00105374616D1B8F1000F34
:10C7C0006DD1089D33460122039855F8041BCDF81E
:10C7D000009001F0B9FF00283FF4F5A8059B8244C2
:10C7E000089501330593FFF7E0B8B8F1000F48D082
:10C7F0004FF0000B00260B9B4546079305F0B0F960
:10C80000B0423FF4E0A858AB0DF15808D9E9002137
:10C8100012F8010B013998550136079BC9F804102D
:10C82000032BC9F8002003D1D8F80030042B04D022
:10C83000082200214046FBF789FD334658AA594695
:10C840000398CDF8008000F0C5FA421C03463FF47F
:10C85000BAA8002839D1B244013F1DB9CBF8005025
:10C860000BF1040BD9F804200026002A3EDD002F2E
:10C87000C3D1A8460B93B8F1000F3FF428AEFFF7E1
:10C8800094B8089B53F804BB0893B3E7C9F80010A9
:10C89000494603981D44FF1A01F03AFF78B9D9E9D7
:10C8A00000239F4202EB0301F0DCDB1B3A443D44D2
:10C8B000C9F80430AA44C9F80020FFF776B8002D63
:10C8C0003FF481A8AA44FFF770B8981C0AD0032B44
:10C8D000B24403D1D8F80020042A00D0013F002D33
:10C8E000BED0BFE7D9F80420002A86DC4946039869
:10C8F000079301F00DFF079B0028B8D0A8460B93C3
:10C90000002E7FF460A8B8F1000F3FF4E0ADFFF710
:10C910004CB800BF083B02102DE9F04F82468E460E
:10C920003F4875461EF801BB10F80B4014F0080490
:10C93000F7D1BBF12D0F5BD0BBF12B0F6FF000498E
:10C9400004BF9EF800B005F1020E33F0100010D1C4
:10C95000BBF1300F04D0002B5ED10A231F4609E043
:10C960009EF8000000F0DF0058284ED0002B53D175
:10C9700008231F460025B9FBF7F6284607FB169843
:10C980000EE0ABF1370C63451DDD002D04DB864264
:10C9900002D321D1E0451FDA4FF0FF351EF801BB6D
:10C9A000ABF1300CBCF1090FEDD9ABF1410CBCF18E
:10C9B000190FE6D9ABF1610CBCF1190F03D8ABF13B
:10C9C000570C6345E1DC6B1C0AD004B140420AB14C
:10C9D000CDB91160BDE8F08F07FB00C00125DDE790
:10C9E0002223CAF800305AB10EF1FF314846F0E771
:10C9F0009EF800B04FF0004905F1020E0124A4E7B3
:10CA00004846BDE8F08F8146EEE710239EF801B05E
:10CA10000EF1020E1F46ADE710231F46AAE700BF26
:10CA2000F9650210242B02D8012B00D074E710B551
:10CA3000FDF7B8F916230360002010BD10B5242AB5
:10CA4000084C1346246807D8012A05D00A46014637
:10CA50002046BDE810405FE7FDF7A4F91623036008
:10CA6000002010BD200C002010B5242A084C1346CD
:10CA7000246807D8012A05D00A4601462046BDE8A9
:10CA8000104049E7FDF78EF916230360002010BD22
:10CA9000200C002070B539B106460C4608B1436B36
:10CAA00083B3B4F90C3013B90025284670BD214674
:10CAB0003046FDF761F8E36A054633B1E169304677
:10CAC00098470028B8BF4FF0FF35A3891B061CD438
:10CAD000216B41B104F14003994202D03046FEF788
:10CAE00069FD00232363616C21B13046FEF762FDCE
:10CAF0000023636401F0DCFA0023A38101F0DAFA79
:10CB0000284670BD01F0C4FACBE721693046FEF734
:10CB100051FDDDE7024B01461868FFF7BBBF00BFC0
:10CB2000200C0020024B01461868FDF7D5B900BF64
:10CB3000200C0020024B01461868FEF73BBD00BFE9
:10CB4000200C0020844641EA000313F0030349D17E
:10CB5000403A23D30B6803604B6843608B68836063
:10CB6000CB68C3600B6903614B6943618B69836167
:10CB7000CB69C3610B6A03624B6A43628B6A83624F
:10CB8000CB6AC3620B6B03634B6B43638B6B836337
:10CB9000CB6BC36340304031403ADBD230320BD3F1
:10CBA0000B6803604B6843608B688360CB68C3602D
:10CBB00010301031103AF3D20C3205D351F8043B47
:10CBC00040F8043B043AF9D2043208D0D2071CBF23
:10CBD00011F8013B00F8013B01D30B88038060464C
:10CBE000704700BF082A13D38B07B1D010F003039E
:10CBF000AED0C3F10403D21ADB071CBF11F8013B0E
:10CC000000F8013BA4D331F8023B20F8023B9FE738
:10CC1000043AD9D3013A11F8013B00F8013BF9D2AB
:10CC20000B7803704B7843708B7883706046704745
:10CC300030B5054683B0144608B1436BCBB1A36849
:10CC4000013B002BA36012DAA269934208DBC8B251
:10CC50000A2805D023685A1C2260197003B030BD21
:10CC60002246284603B0BDE8304000F0CDB9C8B236
:10CC7000F0E7019101F00CFA0199E0E7144B70B56F
:10CC80001E6805460C460EB1736BE3B1A368013B09
:10CC9000002BA36011DAA269934207DBE8B20A28ED
:10CCA00004D023685A1C22601D7070BD224629469C
:10CCB0003046BDE8704000F0A7B92368E8B25A1CBE
:10CCC00022601D7070BD304601F0E2F9DEE700BF62
:10CCD000200C0020082802D14FF48050704708B57E
:10CCE000FDF760F8162203464FF0FF301A6008BDCA
:10CCF00010B50C46B1F90E1005F09CFD002803DBC1
:10CD0000236D0344236510BDA38923F48053A381BD
:10CD100010BD00BF002070472DE9F0410C46B1F96D
:10CD20000C101F460546CB0516460BD421F4805146
:10CD30003B4632462846A181B4F90E10BDE8F041C9
:10CD400000F078BBB4F90E100223002205F01CFE9F
:10CD5000B4F90C10EAE700BF10B50C46B1F90E109B
:10CD600005F012FE421CB4F90C3004D043F4805399
:10CD70002065A38110BD23F48053A38110BD00BFA3
:10CD8000B1F90E1002F05ABE0CB400B583B004AB7A
:10CD900053F8042B0193FBF7E7FB03B05DF804EBBA
:10CDA00002B070470EB410B583B0074C014605AB16
:10CDB000206853F8042B0193FBF7D6FB03B0BDE8C2
:10CDC000104003B0704700BF200C0020002105F088
:10CDD00043BC00BF70B50D4C82B00546D4F8E4608A
:10CDE000069C2AB10094B047431C08D002B070BD25
:10CDF00011460123064A0094B047431CF6D1002295
:10CE00008A2322602B6002B070BD00BF6411002035
:10CE1000083B021070B51C460F4B82B01D680F4BCB
:10CE2000D3F8E46051B1944600940A460146634643
:10CE30002846B047431C08D002B070BD0123084A01
:10CE400028460094B047431CF6D100228A23226072
:10CE50002B6002B070BD00BF200C002064110020C8
:10CE6000083B02108B8903F00903092B01D0002035
:10CE70007047024B1868FCF71BBF00BF200C002056
:10CE800070B505460C4610B1436B002B56D0B4F973
:10CE90000C3000229E06626059D4580719D4D90676
:10CEA00058D51A0739D443F00403A3812369002B12
:10CEB0003FD0B4F90C60B3071ED122692846266A18
:10CEC0006369E1692260B0470028606039DD0020B5
:10CED00070BD216B0029E9D004F14003994202D0D2
:10CEE0002846FEF767FB0022E36B22636360002B9A
:10CEF000DCD0A36B2360EAE701231C4A1C49A38111
:10CF00001C4803F0A5FC06F00903A681092BD4D127
:10CF100021462846FCF730FECFE721462846FCF79D
:10CF2000C7FEA0B9B4F90C30A06023F00803A061DB
:10CF3000B9E72146284604F055FDBAE701F0A8F804
:10CF4000A5E7B4F90C300BD143F02003A3814FF0D7
:10CF5000FF3070BD092243F040032A60A381F6E749
:10CF6000002243F040036260A381F0E758110020E3
:10CF700065CE0110280C00202DE9F047DFF87490F1
:10CF800080460E46174602F077FED9F800504DB1A4
:10CF90003378344663B13D2B0AD014F8013F3BB1DE
:10CFA0003D2BFAD1404602F069FE0020BDE8F08733
:10CFB0003D2BF7D02868A41B0028F3D02246314629
:10CFC000FCF7B0FE28B92868035D00EB040A3D2B8E
:10CFD00004D055F8040F0028F0D1E3E7D9F8003069
:10CFE0004046ED1AAD103D6002F048FE0AF1010026
:10CFF000BDE8F087D012002000B583B001AAFFF78A
:10D00000BBFF03B05DF804FBF8B50D4606461446B9
:10D0100010B1436B002B4AD0B4F90C30A269180749
:10D02000A2601FD52269EAB1EDB29904626E2F4663
:10D0300024D592042FD4226823696169D31A9942B6
:10D040002CDD0133A1680139A160511C21601570EC
:10D0500062699A4219D00A2D02D1A389DB0714D440
:10D060003846F8BD21463046FEF7E6F998B9B4F9DE
:10D070000C30EDB2626E99042F46DAD443F40053BB
:10D0800022F40052A3816266D3E721463046FCF7C2
:10D090000FFE0028E4D04FF0FF37E1E7214630468D
:10D0A000FCF706FE0028F6D122680123CAE700F04B
:10D0B000EFFFB1E7024B0A4601461868FFF7A4BF2D
:10D0C000200C00202DE9F04F164683B0002900F017
:10D0D0009E800C4606F10B05804600F0EBFE54F8EE
:10D0E000040C162DA4F1080920F0030762D81022C1
:10D0F00000231546B542C0F0A280002B40F09F806F
:10D10000974261DADFF828B309EB0701DBF8083052
:10D11000D1F804C08B4200F097802CF001030B443F
:10D120005B68DB0768D42CF0030C07EB0C0393421D
:10D1300045DAC30712D454F8083CA9EB030ADAF81D
:10D14000043023F0030084440CEB070B5A4540F3F2
:10D15000FE8007EB000B5A4540F3D4803146404631
:10D16000FCF7BAFE0646002800F0298154F8043C7A
:10D17000A0F1080223F001034B44934200F0B18078
:10D180003A1F242A00F2DF80132A00F2B0800346FF
:10D190002246116819605168596092689A60214668
:10D1A0004046FEF707FA404600F086FE304603B0E0
:10D1B000BDE8F08F25F007052A46EB0F9AE71F46DA
:10D1C000D1E90223D3609A60781BD9F8043009EBC7
:10D1D00007020F2803F001031FD83B43C9F80430AE
:10D1E000536843F0010353602646404600F064FE56
:10D1F000304603B0BDE8F08FC307AFD454F8083C05
:10D20000A9EB030ADAF8043023F00300A1E7114682
:10D2100003B0BDE8F04FFCF75FBE2B4309EB0501FF
:10D2200040F00100C9F80430083141F8040C4046D0
:10D23000536843F001035360FEF7BCF9D4E70C23B5
:10D24000C8F800300026D3E72CF0030C05F11001DC
:10D250000CEB07038B4280F29280C0073FF57EAF54
:10D2600054F8083CA9EB030ADAF8043023F0030071
:10D2700084440CEB070399423FF76BAF3A1F5646C5
:10D28000DAF80C1056F8080F242AC160886000F202
:10D29000B080132A40F2AB8021681B2ACAF808101C
:10D2A0006168CAF80C1000F2AB8008340AF1100271
:10D2B0002168116061685160A16891605B1B0AEB95
:10D2C0000502404643F00103CBF808205360DAF82A
:10D2D000043003F001032B43CAF8043000F0ECFDE6
:10D2E00086E750F8043C23F003031F446CE72368EF
:10D2F0001B2A03606368436036D804F1080200F11A
:10D30000080346E73A1F5646DAF80C30242A56F846
:10D31000081FCB60996022D8132A1ED923681B2AC4
:10D32000CAF808306368CAF80C303CD808340AF1EF
:10D33000100322681A6062685A60A2689A603446D4
:10D340005F46D14640E7214605F006F927E7D1E9D7
:10D3500002133A1FCB609960D5E73346E9E72146CF
:10D36000304605F0F9F8EAE7A368242A8360E36809
:10D37000C36028D004F1100200F1100309E75B1B21
:10D3800009EB05024046264643F00103CBF808208E
:10D39000536054F8043C03F001032B4344F8043C6D
:10D3A00000F08AFD24E7A368242ACAF81030E36855
:10D3B000CAF8143010D010340AF11803B9E7404607
:10D3C00000F07AFD3EE7236904F118020361636906
:10D3D000436100F11803DCE623691834CAF81830F9
:10D3E00054F8043CCAF81C300AF12003A1E7324685
:10D3F0005EE721463046019305F0AEF8019B5DE7FC
:10D40000A168242ACAF81010E168CAF8141003D0E1
:10D4100010340AF118024BE722691834CAF81820B0
:10D4200054F8042CCAF81C200AF1200240E700BF7F
:10D43000480D002038B50C4684461146074D1A4663
:10D440000023204664462B60E6F7E4F8431C00D036
:10D4500038BD2B68002BFBD0236038BD106C022038
:10D4600001683B29F0B5044683B000F2B180416801
:10D470003B2900F2A080A168172900F28F80216962
:10D480000B297ED863699A073AD16648664A674D88
:10D4900000FB0326B5EBB60F66D2E3681D20002B18
:10D4A00032DC634D5F4F604EDFF880C107E0012939
:10D4B00014BF55F8212002461344002B1CDC01390F
:10D4C000F5D261694A1E12F0030F626157D107FB62
:10D4D0000262BCEBB20FC0F0888001F26B71554A5A
:10D4E00007FB0161B2EB311F2CBF1D201C201F2246
:10D4F0000B211344002BE2DDC4E9033103B0F0BD7E
:10D500001C20E368002BCCDD0226494D012905D102
:10D510009842F3DA1B1A0221C4E9033655F8212098
:10D5200001319A42A3EB0203E8DA0C29C4E9033182
:10D53000ECD161694FF0000EDFF8E8C01C204A1CF6
:10D54000394FC4F810E012F0030F62610CFB027255
:10D5500008D101F26D711D200CFB01773349B1EB4D
:10D56000B20F44D20021D9E703F26C7300FB03220F
:10D57000304BB3EB321F2CBF1D201C20C1E71C20F9
:10D58000B5E70C22684604F011FB6369DDE9002170
:10D5900013440029636136DB216174E71822684671
:10D5A00004F004FBE368DDE900120B44002AE360A9
:10D5B00024DBA26063E73C22684604F0F7FAA16826
:10D5C000DDE900231144002BA16026DB636053E7F3
:10D5D0003C22684604F0EAFA6168DDE90023114460
:10D5E000002B616014DB236042E71D207FE7114AB6
:10D5F0000021B2EB371F38BF1C208FE71832013BE8
:10D60000C4E902233BE70C31013BC4E904133AE7C8
:10D610003C330139C4E900312AE73C330139C4E91C
:10D62000013129E7295C8FC250B81E05285C8F02A2
:10D63000986502100AD7A3002DE9F04F064685B081
:10D6400005F086F980463046FFF70AFF3169F46835
:10D65000B268012904F1FF347769D6E90053C3EBBE
:10D66000031305EB8305B74B03EB81031B6B1C44D2
:10D670004FF4616303FB025502DDB80700F09A80A6
:10D6800042F2107344F62062F4613B44934200F28C
:10D690005481462F6DDC3DD0452F00F03781452366
:10D6A00040F26D1ADFF8A4C2A748DFF8A4E2DFF861
:10D6B000A49213F0030F0CFB030140F26D120CD186
:10D6C000BEEBB10F03F26C714FF4B7720CFB0101AA
:10D6D00003D3B9EB311F38BF5246013BA41ABB42FA
:10D6E000E7D1B90740F01281984A974B984902FB5D
:10D6F0000730B1EBB00FC0F00F8107F26C7102FB85
:10D700000133944AB2EB331F40F26D1328BF4FF43C
:10D71000B773E41A904B4FEAE579C4FB035900F064
:10D72000DFFC05F0F3F88D4BD3F800B0BBF1000F30
:10D7300000F0C680D6F820A070695246D8F80430B0
:10D7400000F26C70012AA8BF0122834201923CD0F2
:10D7500005F090FAC8BBDDF804B0BBF1010F40F052
:10D76000AF80D8F850704FF0010B7D1949EBE77787
:10D77000ABE0462340F26D1A7448DFF8D4E1DFF8DD
:10D78000D49113F0030F00FB03FC40F26D120CD197
:10D7900003F26C71BEEBBC0F4FF4B77200FB01F1EA
:10D7A00003D3B9EB311F38BF524601331444BB4297
:10D7B000E7D1AFE7654A644B654902FB0730B1EB3F
:10D7C000B00F80F0998001345AE7D8F84830D8F883
:10D7D0002810D8F82000B3EB010C0290D8F82400F0
:10D7E000D8E913E203906EEBE1709B1A4FEAE27BFB
:10D7F0006EEBE27E9D4279EB0E0E03DA654579EB26
:10D800000003A8DA029B9B1A0293039B63EB0B0EA7
:10D81000029B9D42D8F8003079EB0E0EACBF4FF062
:10D82000010E4FF0000E654579EB0000B4BF0120FA
:10D830000020002B6DD00EEA000BBAF1000F8CDB3C
:10D84000019B8BEA030ABAF1010F86D1F3683068B5
:10D850000193BBF1000F62D1521A10445519306088
:10D86000304649EBE279FFF7FBFDF268019BD21AE3
:10D8700026D0012A40F38E804FF0FF3AF2691AEB6E
:10D8800002026FD4BB0740F08A8030482E49304BEB
:10D8900000FB071EB3EBBE0FC0F0878007F26C776A
:10D8A00000FB07112B48B0EB311F40F26D1128BF70
:10D8B0004FF4B7718A42A8BF521A5444F2614CE740
:10D8C000D8F828707D1949EBE777043400F00AFC9A
:10D8D000234981FB0421E2172144C2EBA102C2EBE0
:10D8E000C202A21A00D50732C6F820B0B26128469B
:10D8F000394605B0BDE8F08F07F26C7102FB0133C9
:10D90000144AB2EB331FFFF4BBAE5CE740F26D1379
:10D91000FFE64EEA000B90E74FF4B773F9E6891A79
:10D9200008444D193060304649EBE179FFF798FD26
:10D93000F268019BD21A9CD113E74FF0FF352F46B6
:10D94000D5E700BF9865021050B81E05295C8FC24C
:10D95000285C8F020AD7A300805101000C6C0220C2
:10D9600093244992791E8A071CD11348134A144BF9
:10D9700000FB0121B3EBB10F1AD307F26B7711490A
:10D9800000FB0722B1EB321F40F26D1238BF4FF49B
:10D99000B67292E7B2F1FF3FA8BF92466EE740F23F
:10D9A0006D1187E74FF4B67287E74FF4B77181E7DF
:10D9B00040F26D1281E700BF295C8FC250B81E058E
:10D9C000285C8F020AD7A3008C461146BCF18E0F4B
:10D9D00000F29180DFE81CF03A0138013601340191
:10D9E000320130012E012C012A01280126012401D7
:10D9F000220120011E018F001C011A0118011601CD
:10DA00001401120110010E010C010A0108010601A6
:10DA1000040102010001FE00FC00FA00F800F6001B
:10DA2000F4008F008F008F008F008F008F008F0019
:10DA30008F00F200F0008F008F008F008F008F00AA
:10DA40008F008F008F008F008F008F008F008F005E
:10DA5000EE00EC00EA00E8008F008F008F00E60087
:10DA60008F008F008F00E4008F008F00E2008F0096
:10DA70008F00E0008F008F008F008F008F008F00DD
:10DA80008F008F008F008F00DE008F00DC00DA0037
:10DA9000D8008F008F00D6008F008F008F008F007E
:10DAA0008F008F008F008F00D400D200D000CE00F6
:10DAB000CC00CA008F00C800C600C400C200C0006D
:10DAC000BE00BC00BA00B800B600B400B200B0009E
:10DAD0008F00AE00AC00AA00A8008F008F008F005E
:10DAE0008F008F00A6008F008F008F00A400A2007F
:10DAF000A0009E009C00002B14BF1A460246604600
:10DB000008B504F0B5FD524B002808BF184608BD03
:10DB100050487047504870475048704750487047C9
:10DB200050487047504870475048704750487047B9
:10DB300050487047504870475048704750487047A9
:10DB40005048704750487047504870475048704799
:10DB50005048704750487047504870475048704789
:10DB60005048704750487047504870475048704779
:10DB70005048704750487047504870475048704769
:10DB80005048704750487047504870475048704759
:10DB90005048704750487047504870475048704749
:10DBA0005048704750487047504870475048704739
:10DBB0005048704750487047504870475048704729
:10DBC0005048704750487047504870475048704719
:10DBD0005048704750487047504870475048704709
:10DBE00050487047504870475048704750487047F9
:10DBF00050487047504870475048704750487047E9
:10DC000050487047504870475048704750487047D8
:10DC100050487047504870475048704750487047C8
:10DC200050487047504870475048704750487047B8
:10DC300050487047504870475048704750487047A8
:10DC40005048704750487047504870475048704798
:10DC5000083B02109C4602108446021070460210D7
:10DC6000D4460210E0430210184302103C46021052
:10DC7000544602105442021000460210884402101A
:10DC8000FC4602102C410210F4400210EC4102103C
:10DC9000EC420210DC410210104702103042021028
:10DCA0000444021018460210E8450210B84502105C
:10DCB000A045021080450210604502103045021058
:10DCC0000C450210CC450210B0460210F44402107C
:10DCD000D8440210D43E0210BC440210B0440210DA
:10DCE0009C44021078440210604402104C4402101C
:10DCF0003444021028450210244402101C4402102F
:10DD0000F8430210CC430210B04302109C430210AF
:10DD10006C4302106043021050430210384302105B
:10DD20002843021000430210DC420210CC420210D1
:10DD3000B442021094420210744202101C420210BB
:10DD40000C420210B83E0210CC410210B841021041
:10DD5000AC4102109441021088410210744102103B
:10DD6000604102104C41021020410210104102108B
:10DD7000E0400210CC400210B0400210A44002105B
:10DD80008C4002107C40021060400210544002108F
:10DD9000FC3D0210034A0023014610681A46FFF7B3
:10DDA00013BE00BF200C0020034A00230146106868
:10DDB0001A46FFF709BE00BF200C00202DE9F041F4
:10DDC00086B002FB03F81C46174601AB0C9E0546C5
:10DDD000019103930123CDF80880CDF814800493BA
:10DDE00008B1436B13B3B6F90C20736E910405D4DC
:10DDF00042F4005223F40053B28173669B0403D5AE
:10DE0000002006B0BDE8F0813146284603AA00F0A4
:10DE10006BF938B1059BA8EB0308B8FBF7F006B027
:10DE2000BDE8F081204606B0BDE8F08100F030F991
:10DE3000D9E700BF2DE9F0411D4C86B002FB01F788
:10DE40000E46D4F800801C4601AB154601900393A2
:10DE50000123029705970493B8F1000F02D0D8F878
:10DE600034300BB3B4F90C20636E910405D442F442
:10DE7000005223F40053A28163669B0403D5002063
:10DE800006B0BDE8F0812146404603AA00F02CF917
:10DE900030B1059BFF1AB7FBF6F006B0BDE8F08184
:10DEA000284606B0BDE8F081404600F0F1F8D9E719
:10DEB000200C0020704700BF704700BF0020704753
:10DEC000024A0349034802F0C3BC00BF58110020B6
:10DED00095CA0110280C00200C4B4168994210B5DE
:10DEE000044601D0FEF7D6FDA168094B994202D045
:10DEF0002046FEF7CFFDE168064B994204D020464C
:10DF0000BDE81040FEF7C6BD10BD00BFC86A0220C4
:10DF1000306B0220986B0220002070472DE9F843F7
:10DF20002A4900252A4C04230822DFF8B890C4F8B7
:10DF3000381104F15C002946DFF8AC80254F264EED
:10DF4000E36025606566A561C4E90155C4E904552F
:10DF5000FAF7FCF9214B0822294604F1C400636753
:10DF60002567C4F8CC50C4F88050E662C4E907497C
:10DF7000C4E90987C4E91A55C4E91E55FAF7E6F958
:10DF800004F1680329460822C4F8843004F5967029
:10DF9000134BC4F8D850C4F8DC30C4F83451C4F87A
:10DFA000E850C4E92298C4E92476C4E93455C4E9A8
:10DFB0003855FAF7CBF904F1D003C4E93C98C4E929
:10DFC0003E76C4F8EC30BDE8F88300BFC1DE011036
:10DFD000C86A022059CD011081CD0110090001004D
:10DFE00012000200F1CC011019CD0110F8B5254B3B
:10DFF0000646D3F83831002B3DD0234FD7E9013402
:10E00000013B04D51DE05A1C04F1680419D0B4F991
:10E010000C50013B002DF6D11C4B0822294604F17F
:10E020005C006566E3602560A561C4E90155C4E94B
:10E030000455FAF78BF9C4E90C55C4E9115520468B
:10E04000F8BD3D680DB12F46D8E74FF4D671304684
:10E05000FBF742FF044688B1042305600C302946D3
:10E06000254640F8083C4FF4D072A060FAF76EF9EC
:10E070003C602F46C2E7FFF751FFBEE70C23386034
:10E080003360DCE7C86A0220581100200100FFFF5E
:10E09000436B03B17047044B044AD3F838314263F1
:10E0A000002BF7D13AE700BFC86A0220D9DE011081
:10E0B000704700BF704700BF024A0020024902F0CB
:10E0C000C7BB00BF58110020BDDE0110024A00206E
:10E0D000024902F0BDBB00BF5811002019DF01103A
:10E0E000704700BF704700BF9368002B00F0F980B5
:10E0F000B1F90CC01CF0080F2DE9F04F904683B029
:10E1000081460C4631D00B697BB31CF00207D8F86E
:10E11000006038D00027D4F824B0E169DFF8C4A249
:10E120003D4655452B463A46484628BF5346C5B15D
:10E13000D847002840F3CB80D8F8083007442D1A80
:10E140001B1AC8F80830002B00F0B78055452B4645
:10E15000D4F824B03A46E16928BF53464846002D1A
:10E16000E6D1D6E900750836DBE721464846FDF7DB
:10E1700063F9002840F0B080B4F90CC0D8F8006012
:10E180001CF00207C6D11CF0010A64D1236857466F
:10E19000A16818468B46002F59D01CF4007F00F070
:10E1A000B680B9420A4600F2E2801CF4906F30D08B
:10E1B00021695D1A636913EB430348BF01334FEADA
:10E1C000630B6B1C3B445A465B4501D99B461A4680
:10E1D0001CF4806F00F0EA8011464846FBF77CFE95
:10E1E000002800F0F9802A4621690090FEF7AAFC79
:10E1F000A289009B22F4906242F08002A281581909
:10E20000C4F814B0ABEB05053A46BB462361A560E4
:10E2100020605146009204F09FF9A16823683D46B2
:10E22000009AA1EB0B0100271A44A1602260D8F8E4
:10E230000830AA445B1BC8F80830002B3DD0236887
:10E24000A168B4F90CC018468B46002FA5D1D6E9B9
:10E2500000A708369DE73846BB463D460097002D8F
:10E2600041D0002846D0009AA168AA42636920687C
:10E2700028BF2A4603EB010A2169884202D9524588
:10E2800000F38580934275DC5A46E1694846676A27
:10E29000B847B0F1000A1ADD009BB3EB0A03009304
:10E2A0000FD00120D8F80830D344A5EB0A05A3EB22
:10E2B0000A03C8F80830002BD1D1002003B0BDE814
:10E2C000F08F21464846FBF7F3FC0028EAD0B4F96A
:10E2D0000C3043F04003A3814FF0FF3003B0BDE8A2
:10E2E000F08F00207047756833460836002DFAD04D
:10E2F000D3F800B02A460A21584602F05DFA0028F9
:10E3000067D00130A0EB0B031A460093ACE72269FB
:10E310009A4214D36269BA4211D86FF00043656A19
:10E32000E1694846BB4228BF3B4693FBF2F302FB40
:10E3300003F35246A847051EC9DD7F1B77E7B942A4
:10E34000184628BF39460D4651462A4604F004F9BE
:10E35000A1682368491B2B44A16023600029ECD1EC
:10E3600021464846FBF7A4FC0028E6D0AFE7BB46B1
:10E370003A464EE75946019204F0EEF8019AA36836
:10E3800092469B1AA36023681344236084E759468E
:10E39000524604F0E1F8236821464846534423607E
:10E3A000FBF786FC00283FF477AF90E74846FEF77E
:10E3B00089FE034600287FF422AF21694846FDF715
:10E3C000F9F8B4F90C300C2223F08003C9F80020CE
:10E3D0007FE76A1C009247E70C22B4F90C30C9F8B9
:10E3E000002076E700FCFF7F002301461A4618460E
:10E3F00004F018BD2DE9F0410C46074604F0A8FAD8
:10E4000006462146384604F03FFD43690446990715
:10E4100003F26C780AD1804A804B02FB083302F188
:10E420008042013AB2EBB30FC0F0AB807C4A82FB72
:10E4300008324FEAE873C3EBE2134FF4C87202FBF1
:10E440001383002B0CBF30250025764B1D44FFF7AE
:10E4500047FE04F05BFA744B1B68A3B17368434535
:10E4600040F091803068D7E90013D6E9087200289F
:10E4700040F09380B94273EB0202C0F29C8001230A
:10E480002362376D01E02362B76A684AFE174FF4D2
:10E49000616C674982FB073220683A44C6EBE2238D
:10E4A000C6EBE2260CFB137381FB0312D9171A4447
:10E4B000C1EB62116268521AC1EB0111A3EB810337
:10E4C000C01AA3683B28A3EB0603C4E90002A360BB
:10E4D00050DD01323C38C4E900023B2A43DD013300
:10E4E0003C3AC4E90123172B1FDD183B2069D4E90E
:10E4F0000621A3600132E3680131072A03F1010319
:10E50000E161A8BF0022E360A26155F82020934298
:10E5100006DD9B1A0B2800F10102E36044D0226162
:10E52000FFF7E0FD2046BDE8F081002BF8DA183354
:10E53000D4E90621A360013AE36801F1FF3148BF45
:10E540000622013BE161A261E360002BE8D123696F
:10E55000013B3CD49A002361AB58E360FFF7C2FD56
:10E560002046BDE8F081002ABDDA013B3C32C4E917
:10E570000123B8E70028B0DA013A3C30C4E90002D0
:10E58000ABE7302561E7404604F074FB00287FF4D8
:10E5900069AF4FF0FF33236276E7B94273EB0202B3
:10E5A00009DA002323626FE76369002201332261E5
:10E5B000E2616361B4E7B26C9142F26C9341B4BF23
:10E5C000012300232362002B7FF45BAF5CE76369C8
:10E5D0000B215A1E216103F26B73626192070ED107
:10E5E0000D490E4A01FB032201F180410139B1EBD3
:10E5F000B20F04D240F26D132C22E361ACE7074A5C
:10E60000054901FB03230B4AB2EB331F2CBF012347
:10E61000002303F5B673EFE7295C8FC250B81E05DF
:10E620001F85EB51986902100C6C0220C5B3A291B2
:10E63000898888880AD7A30020F0030110F003001E
:10E64000C0F1000051F8043B00F1040C4FEACC0C7F
:10E650006FF000021CBF22FA0CF213434FF0010CC2
:10E660004CEA0C2C4CEA0C4CA3EB0C0222EA030201
:10E6700012EACC1204BF51F8043B0430F4D0C2F1CA
:10E68000000102EA0102B2FA82F2C2F11F0200EBBB
:10E69000D200704738B54B1C1AD093891446526883
:10E6A000CDB223F02003A381236BA3B1636B93420C
:10E6B00009DD23685A1E226003F8015C6368013398
:10E6C0006360284638BD214601F0AEF80028F0D03E
:10E6D0004FF0FF35F5E7236921682BB18B4203D258
:10E6E00011F8013CAB420ED0234604F14000C4E9CE
:10E6F0000E120321012220632846616303F8425F62
:10E70000C4E9003238BD01390132C4E90012D8E74A
:10E7100010B50C46096B69B104F14003994201D070
:10E72000FCF748FF0020E36B2063636013B1A36B29
:10E73000236010BDA289002123694FF0FF3042F011
:10E7400020026160A281F3E72DE9F04F834685B096
:10E7500002FB03F00E9C0193A0B388460646D4E961
:10E760000015A84223D94FF0000904F1400ACDE971
:10E77000020240462A46FEF7E5F92168236B584617
:10E780004F19A8441946C4F8049027603746761BF1
:10E79000DBB1534501D0FCF70DFFE06BC4F83090BE
:10E7A000606090B1A16BB04205462160E1D3324672
:10E7B0004046FEF7C7F90198D4E90032921B334472
:10E7C000C4E9003205B0BDE8F08FDDE90202A3899B
:10E7D000284443F02003C01BA3810023B0FBF2F0C8
:10E7E0002269C4E9002305B0BDE8F08F2DE9F04FA0
:10E7F0008A46B1F90C10DDB08C0407930390DAF867
:10E80000643007D441F4005123F40053AAF80C10EB
:10E81000CAF864309804C3F3403100F1AC83164663
:10E8200016F8013B0D93002B00F096868E46DFF81C
:10E83000A0848B46894606910591089118F80340FB
:10E8400014F008046ED1252B5DD131782746A1F153
:10E850002503721C532B61D8DFE813F054006000CD
:10E860006000600060002F026000600060006000D7
:10E870006000D000D000D000D000D000D000D00088
:10E88000D000D000D0006000600060006000600038
:10E8900060006000600060006000AC01600060002B
:10E8A000600060006000600060002702600060009F
:10E8B0003001600060006000600060006000600087
:10E8C0006000DB00600060001E026000600060000D
:10E8D000600060006000600039019D016000600020
:10E8E0006000A401B00160006000F501600000025A
:10E8F00011061702600060001B0260001406600031
:10E900006000DB001646DAF80430002B5BDDDAF835
:10E910000030197816F8012C914232D005985DB07C
:10E92000BDE8F08FDAF804200AF140050024039FC7
:10E9300010E0DAF800301A78013318F802201207D4
:10E940003FD5DAF8042009F10109CAF80030013A8C
:10E95000CAF80420002AECDCDAF8303038461946D0
:10E9600013B3AB4201D0FCF725FEDAF83C30CAF80D
:10E970003040CAF80430BBB1DAF83830CAF8003099
:10E98000D9E7013309F101090496CAF80030DAF831
:10E990000430013BCAF80430049E16F8013B0D9385
:10E9A000002B7FF44BAFB9E7BAF80C3043F02003EB
:10E9B000AAF80C30DAF81030CAF800300023CAF890
:10E9C00004300496E8E7DAF83010002900F0C1823C
:10E9D0000AF14003994202D00398FCF7EBFD0023B3
:10E9E000CAF83030DAF83C30CAF80430002B00F0B6
:10E9F000B082DAF83830CAF800308AE714F08F0FA6
:10EA00008CD107EB870701EB470771781646303F3B
:10EA10001DE744F400740492AB4B08931023069353
:10EA20000323DAF80410002900F3D580DAF8301057
:10EA3000002900F08E820AF14000814204D0039840
:10EA40000993FCF7B7FD099B0021CAF83010DAF8EA
:10EA50003C10CAF80410002900F07B82DAF8381064
:10EA6000CAF80010610640F1B680022B00F009825E
:10EA7000032B00F02F81012B33D0012F04F0100263
:10EA800038BF012714F001040A9240F03C840A9B2D
:10EA9000002B40F0D582079C3B460122039854F896
:10EAA000041BCDF800A0FFF74FFE002800F05C82A9
:10EAB000059B81440794013305936DE744F00104FD
:10EAC0000492814B0893082306930323A9E744F09B
:10EAD000400400230492DAF804100029A6DD012B7B
:10EAE000CBD1002F04F0100208BF4FF0FF3714F015
:10EAF00001040A9240F09883DAF800601CAD0A9A8B
:10EB00003178695C002A00F0DB8200293FF406AF0F
:10EB1000DAF804100136012F01F1FF31CAF8006064
:10EB2000CAF8041000F02E830AF14006CDF82490B4
:10EB3000B14626461C4613E0DAF800100878013189
:10EB4000285C002800F01B830134CAF80010DAF8B2
:10EB50000410A74201F1FF31CAF8041000F00F833E
:10EB60000029E9DCDAF8303003981946002B00F070
:10EB700025854B4501D0FCF71DFDDAF83C10CAF89D
:10EB80003060CAF80410002900F01885DAF838104F
:10EB9000CAF80010D2E704924C4B08930A2306935C
:10EBA00003233EE723077FF4B9AE717844F00404F1
:10EBB00016464CE644F001040492EDE7DAF804301E
:10EBC0000492002B414B08934FF0000306934FF043
:10EBD00003037FF72BAFDAF80000017818F8011073
:10EBE0000A077FF542AF0AF1400609940025344632
:10EBF0004E46994607E0CAF80000017818F801105F
:10EC00000B0740F1A281DAF8041001360130013916
:10EC10000029CAF80410EEDCDAF8303003981946FF
:10EC2000002B00F09681A34201D0FCF7C3FCDAF878
:10EC30003C10CAF83050CAF80410002900F089814D
:10EC4000DAF83800D7E720077FF468AE71786C29CE
:10EC500000F0658444F001041646F8E5E7060492E6
:10EC60003FF59AAE079A660752F8043B079200F107
:10EC70001584E50700F17384A00740F170844FEA22
:10EC8000E972C3F800905A6086E644F4087404926E
:10EC9000C2E602230492C4E611461CA801F03CFD22
:10ECA00044F040040123049015E721077FF436AEB9
:10ECB000717844F002041646C9E527437FF42EAE6E
:10ECC000717810241646C2E5E524021025CA011009
:10ECD000F96502107B1E44F45864262B40F24F81E4
:10ECE000A7F1270327270B93002312AE1A46099397
:10ECF0000AF1400335460A935B46CB46DDF818908F
:10ED0000DAF8001091F800C0ACF12B004D283BD888
:10ED1000DFE800F0823A823A3A8E7070707070705C
:10ED20007087873A3A3A3A3A3A3A272727272727E5
:10ED30003A3A3A3A3A3A3A3A3A3A3A3A3A3A3A3A33
:10ED40003A763A3A3A3A3A3A3A3A27272727272759
:10ED50003A3A3A3A3A3A3A3A3A3A3A3A3A3A3A3A13
:10ED60003A76B9F10A0F0FDD24F4386405F801CBC7
:10ED7000DAF8040001380028CAF8040067DD013120
:10ED8000013FCAF80010BBD1CDF81890D9469B4678
:10ED9000E10505D5B54200F2A283B5423FF4BEAD10
:10EDA00014F0100240F0CC80069B3146089F039877
:10EDB0002A70B847079BA20603F1040700F1BA8046
:10EDC000630700F1678314F0010240F0B280A107ED
:10EDD00040F1AF80B84B089903989942069B3146A1
:10EDE00000F0948400F01EFF0B46079A1168C1E9F9
:10EDF0000003A1E0B14824F4386430F91990B5E774
:10EE000004F4C060B0F5007FBED124F400744FF06C
:10EE1000100944F4A064A9E72006B5D524F08004C5
:10EE2000A4E7A64830F91990B9F1080F9CDCABE7CC
:10EE300020059BD5B9F1000F03D144F400744FF0C5
:10EE40000809600540F1B08224F4B0648EE7DAF876
:10EE50003010002900F08E830A98814205D0039873
:10EE60000693FCF7A7FB069B0022DAF83C10CAF8D1
:10EE70003020CAF80410002900F07C83DAF838103A
:10EE80007EE7DAF80000002F04F01006037808BFD0
:10EE90004FF0FF37E40718F8035005F0080571D468
:10EEA000002E00F07181002D7FF476ADDAF8043089
:10EEB0000130012F03F1FF33CAF80000CAF8043013
:10EEC00000F029840AF14006012432462E461546F8
:10EED00014E0DAF800301978013318F801100A0745
:10EEE00000F1E8800134CAF80030DAF80430A742B3
:10EEF00003F1FF33CAF8043000F01783002BE8DC7D
:10EF0000DAF8303003981946002B00F0AD83AB429D
:10EF100001D0FCF74FFBDAF83C30CAF83060CAF891
:10EF20000430002B00F0A083DAF83830CAF8003043
:10EF3000D1E7079B1B681860059B07970133059372
:10EF4000AD1B099B1D44A94426E54B46099CB146CF
:10EF50008BE5BAF80C300022DAF8101043F02003E9
:10EF6000CAE90012AAF80C30059B23B1BAF80C309C
:10EF70005B067FF5D3AC4FF0FF330593CEE400235F
:10EF80000B93B1E6002E00F02682002D7FF404AD35
:10EF9000079A0DF1340C079600253E466746099204
:10EFA00002F0DEFDA842DFD012ABBBF1030F10ACC4
:10EFB000DAE9002112F8010B01F1FF31585505F192
:10EFC0000105CAF80410CAF8002002D12368042BF6
:10EFD00004D0082200212046F9F7B8F92B4612AADE
:10EFE000394603980094FDF7F5FEB0F1FF3F8346E4
:10EFF000BAD0002840F09C823860FDF7E7FE002878
:10F0000040F06583A944013E079B002B40F0AB8292
:10F0100004371D46DAF80420002A40F3F982DAF8B2
:10F020000020127818F80220110701D4002EB7D161
:10F03000BC46099A079E002E00F0D3810792ABE4EC
:10F04000DAE900139F4240F35A83DAF83020184679
:10F050000AF14006254613460246CDE9099BA34620
:10F06000B14611445E463C460398CAF800109344EA
:10F070001946BF1A002B00F03A824B4501D0FCF72D
:10F0800099FADAF83C20CAF83050CAF80420002A6D
:10F0900000F02D82DAF8381097424FF00003CAF8DA
:10F0A0000010DEDCDDE9099B13463444DB1B3944E8
:10F0B000CAE90013A1446FE4E5240210FC660210C3
:10F0C000079A52F8040B00293FF428ACDAF8041030
:10F0D0000446012F01F1FF31CAF8041006F10101C5
:10F0E000CAF80010317804F8011B40D0C619CDF8D9
:10F0F0001C900AF140070990B1460B920A9E11E05C
:10F10000DAF800100878285C48B3DAF8040001380F
:10F11000CAF80400481CCAF80000097804F8011B6A
:10F120004C451CD0DAF804100029E9DCDAF830305C
:10F1300003981946002B00F05482BB4201D0FCF723
:10F1400039FADAF83C10CAF83060CAF8041000291D
:10F1500000F04782DAF83810CAF80010D2E70998B0
:10F16000DDF81C90231A0B9A002B3FF4D7AB99447F
:10F17000059B079201330593002323700CE4DDF80F
:10F1800024902346994407E4079951F8042B002D55
:10F1900040F0B782DAF804301446012F03F1FF3350
:10F1A000CAF8043000F10103CAF80030037804F80B
:10F1B000013B00F0A882D61907910AF14007099295
:10F1C00015E0DAF80010087818F80000030700F1DD
:10F1D000F680DAF804000138CAF80400481CCAF8BE
:10F1E0000000097804F8011BB44200F0E880DAF866
:10F1F00004100029E5DCDAF8303003981946002BBA
:10F2000000F02082BB4201D0FCF7D4F9DAF83C10C0
:10F21000CAF83050CAF80410002900F01382DAF856
:10F220003810CAF80010CEE7002A40F02581079B6D
:10F2300053F8042B0992079300255C4602F090FCDA
:10F24000A8423FF491AE032C0DF1380BDAE90032FD
:10F2500002F1FF3213F8011BCAF8042012AACAF8FF
:10F260000030515505F1010503D1DBF80030042BC6
:10F2700004D0082200215846F9F768F8099E2B4669
:10F2800012AA03983146CDF800B0FDF7A3FD411C4A
:10F2900004463FF469AE002840F004813060064621
:10F2A00010AB0822002118460B93F9F74FF8AF492D
:10F2B00032460B9BD1F8E0600CA90398B0470128B7
:10F2C0000CBF9DF8306000261CAB9B5D002B00F04E
:10F2D0006481032CA94400F0FC80013F0A9B13B910
:10F2E000099B04330993DAF804300025002B40F31E
:10F2F000A880002FA2D1A3460A9B002B7FF44CAB21
:10F30000099A13604BE0002A40F09380079951F866
:10F31000042B099207911C4612AE0B9302F020FCBD
:10F32000A0423FF421AEBBF1030F10ADDAE900219A
:10F3300012F8010B01F1FF31305504F10104CAF854
:10F340000410CAF8002002D12B68042B04D0082234
:10F3500000212846F8F7FAFF234632460999039818
:10F360000095FDF737FDB0F1FF3F83463FF4FCAD5C
:10F37000002840F09F800A9BA144013F23B9099ACD
:10F380001360099B04330993DAF804200B9C002ACC
:10F3900034DD002FC2D10A9B002B7FF4FDAA059B10
:10F3A00001330593FFF7F8BA0B9824F4607410B199
:10F3B000013801370B90099801300990D8E4099A77
:10F3C0000799A31A9944059B0791013305930023DC
:10F3D0002370FFF7E1BA079A52F804CB002D3FF4EF
:10F3E000DAAD059B0792013305930023CCF800307A
:10F3F000FFF7D2BADAF80420002A8FDCDAF83010EE
:10F40000002900F041810AF14002914202D00398A4
:10F41000FCF7D0F80023DAF83C20CAF83030CAF8FC
:10F420000420002A00F03081DAF83820CAF80020E1
:10F43000AFE7002209926EE7DAF80430002B3FF7BD
:10F44000FDAEDAF83010002900F02F810AF14003F8
:10F45000994202D00398FCF7ADF80023CAF8303087
:10F46000DAF83C30CAF80430002B00F01E81DAF8DC
:10F470003830CAF800303CE70DAB0993DCE6049263
:10F48000FFF71FBB3A4B049208930A23069303230A
:10F49000FFF7C7BA079B1B6818804DE5A3F80090DB
:10F4A000FFF77ABA821CC7D0099B1E68731C7FF4D1
:10F4B000F7AE09E710F1020F9CD00328A14402D156
:10F4C0002A68042A00D0013F0A9B002B3FF459AF61
:10F4D0005AE7DBF80030042B7FF4FFAEFEE615F8A8
:10F4E000011C52460398013DFFF7D4F855E4BAF8E1
:10F4F0000C305C46DDF8249043F02003DDF828B0A2
:10F50000AAF80C30DAF81030CAF800300023CAF834
:10F510000430002C3FF428ADA144FFF73DBAB17888
:10F5200044F002040236FFF792B9B944FFF734BA47
:10F5300010F1020F3FF46EAD3868FDF747FC00286C
:10F5400040F0C580BBF1030FA9447FF45CAD226895
:10F55000042A7FF458AD57E50593FFF7DFB9C3F8E8
:10F560000090FFF719BA002554E500BF6411002090
:10F57000E5240210CDF81890D9469B46BAF80C3015
:10F5800043F02003AAF80C30DAF81030CAF8003043
:10F590000023CAF80430FFF7FBBBA346002D3FF45D
:10F5A000ABAE12AB039E5C19013D524614F8011D2F
:10F5B0003046FFF76FF8002DF6D19DE6BAF80C2023
:10F5C0002346DDF8249042F020029944AAF80C204A
:10F5D000DAF81020CAF800200022CAF80420FFF749
:10F5E000DBB9BAF80C30099843F02003DDF81C9021
:10F5F000A0420B9AAAF80C30DAF81030CAF80030A2
:10F600004FF00003CAF804303FF4AEAC231AAEE565
:10F61000DAF83010002900F082800AF140029142AD
:10F6200002D00398FBF7C6FF0022CAF83020DAF8B0
:10F630003C20CAF80420002A71D0DAF83820CAF831
:10F640000020EEE4099A0799A31A9944BAF80C30FD
:10F6500043F02003AAF80C30DAF81030CAF8003072
:10F660000023CAF80430AEE6BAF80C30A14443F0E7
:10F670002003AAF80C30DAF81030CAF80030002362
:10F68000CAF80430FFF788B9BAF80C3043F0200309
:10F69000AAF80C30DAF81030CAF800300023CAF8A3
:10F6A0000430002C3FF477AE5EE4BAF80C30A34689
:10F6B00043F02003AAF80C30DAF81030CAF8003012
:10F6C0000023CAF80430002D3FF416AE4CE4BC46CB
:10F6D000099A079E002D3FF4AEAC12AB0996039E2B
:10F6E0005C190792013D524614F8011D3046FEF7A1
:10F6F000D1FF002DF6D1BC46079A099E9BE43C46FB
:10F70000D4E414465FE609F101095CE603F078F8F9
:10F710000B46FFF76ABB09F10109FFF73DB9BAF8DB
:10F720000C30BC46099A43F02003079EAAF80C301F
:10F73000DAF81030CAF800300023CAF80430002D7F
:10F740007FF412AC77E400BF38B50022064D0446C2
:10F7500008462A60E3F720FF431C00D038BD2B6821
:10F76000002BFBD0236038BD106C022080EA010220
:10F77000844612F0030F4FD111F0030F32D14DF830
:10F78000044D11F0040F51F8043B0BD0A3F10132EA
:10F790009A4312F0803F04BF4CF8043B51F8043BFD
:10F7A00016D100BF51F8044BA3F101329A4312F075
:10F7B000803FA4F101320BD14CF8043BA24312F07C
:10F7C000803F04BF51F8043B4CF8044BEAD0234679
:10F7D0000CF8013B13F0FF0F4FEA3323F8D15DF82B
:10F7E000044B704711F0010F06D011F8012B0CF8F3
:10F7F000012B002A08BF704711F0020FBFD031F86B
:10F80000022B12F0FF0F16BF2CF8022B8CF80020F1
:10F8100012F47F4FB3D1704711F8012B0CF8012B74
:10F82000002AF9D1704700BF2DE9F0410C46096B61
:10F8300004F14003994214D0666B77003A46FDF715
:10F8400041FC054630B300EB06080146324640460F
:10F85000FDF778F9C4F80080C4E90C570020BDE832
:10F86000F0814FF48061FAF737FB98B194F84220A9
:10F870004FF48061206300F2FD33616380F8FF2361
:10F8800094F8412080F8FE2394F8402080F8FD236E
:10F890002360E3E74FF0FF30E1E700BF70B54C1C99
:10F8A0002BD00D460646144610B1436B002B4CD0AE
:10F8B000B4F90C3023F020025807A28106D4D906EF
:10F8C0001BD51B0734D442F00402A281226BEDB297
:10F8D0006368AAB1626B9A4209DD23685A1E2260EE
:10F8E00003F8015C636801336360284670BD2146FC
:10F8F0003046FFF799FF0028EFD04FF0FF35F4E7CF
:10F90000226921682AB18A4203D211F8012CAA4245
:10F910001ED0224604F14000C4E90E130321012346
:10F9200020632846616302F8425FC4E9002370BD8A
:10F9300021463046FAF7BCF90028DED1B4F90C2094
:10F94000A06022F00802A061BDE7FEF7A1FBAFE7CF
:10F9500001390133C4E90013C7E700BF024B0A466F
:10F9600001461868FFF79ABF200C0020F0B5144636
:10F9700083B00F46064601AA214602F087FF70B306
:10F9800005463046FEF732FB044640B34FF4DB73C6
:10F990003946019A304600F077F8002819DB114B00
:10F9A0002DB2114A2362114BE081E461A581C4E9C3
:10F9B00009230F4BE362EB0502D4204603B0F0BDF0
:10F9C000022300222146304602F0B4FF204603B055
:10F9D000F0BDFEF76DFB0023A381FEF76BFB002457
:10F9E000EBE700BFF1CC011019CD011059CD01108A
:10F9F00081CD0110024B0A4601461868FFF7B6BFD9
:10FA0000200C002070B50C4B84B04FF0FF3604463C
:10FA1000002218686946CDE9006602F021FF00283F
:10FA200006DBDDE900010CB1C4E9000104B070BDE2
:10FA300030463146F7E700BF200C002038B50022E1
:10FA4000064D044608462A60E3F7FAFD431C00D041
:10FA500038BD2B68002BFBD0236038BD106C022012
:10FA600038B5074D074C2C1BA41005D0013C55F8A8
:10FA7000043D9847002CF9D1BDE8384003F0BEBEE4
:10FA8000883802108838021038B50C468446114672
:10FA9000074D1A460023204664462B60E3F7CAFD53
:10FAA000431C00D038BD2B68002BFBD0236038BD31
:10FAB000106C0220004870470000C07F2DE9F04F15
:10FAC000924685B089461E460D46554A0390294602
:10FAD00015F8014B135D13F00803F8D12D2C7CD0E1
:10FAE0002B2C4ED04FF0FF3102936FF00043CDE945
:10FAF000001336F0100851D037464FEAE6783A4600
:10FB00004346DDE9000103F07FFE002383468E4675
:10FB100018461946A44613E0ACF13704A6421FDD8F
:10FB2000002B09DB83457EEB010305D38E4508BF1F
:10FB300083453BD1A24239DA4FF0FF3315F801CBB0
:10FB4000ACF13004092CE9D9ACF14104192CE3D90A
:10FB5000ACF16104192C03D8ACF15704A642DFDCE8
:10FB60005A1C2FD0029A12B1404261EB4101BAF106
:10FB7000000F03D0002B48D1CAF8009005B0BDE8B3
:10FB8000F08F4FF0FF30029336F010086FF0004313
:10FB90002C7801F10205CDE90003ADD1302C25D040
:10FBA000002E3AD10A27B0463E46A8E700FB08F3EC
:10FBB00007FB0133A0FB07010B44201843EBE47162
:10FBC0000123BBE72223039A1360BAF1000F17D079
:10FBD00005F1FF39DDE90001CEE74FF00047009362
:10FBE00001232C788D1CCDE9017382E72B7803F07B
:10FBF000DF03582B0CD086B90827B0463E467EE777
:10FC0000DDE9000105B0BDE8F08FCDE90001DFE7D7
:10FC100010276C7802353E4671E710273E466EE7A6
:10FC2000F96502104AE700BF10B4044C13460A46B7
:10FC3000014620685DF8044B40E700BF200C00201F
:10FC400010B4044C13460A46014620685DF8044B84
:10FC500034E700BF200C0020936810B514461BB990
:10FC600018460023636010BDFEF73EFA0023A36030
:10FC70000023636010BD00BF704700BF704700BF26
:10FC800038B5436C05460C464BB153F8240080B19F
:10FC9000026843F824200023C0E9033338BD212241
:10FCA0000421FAF7ABF8034668640028EDD1002080
:10FCB00038BD0121284601FA04F56A1D9200FAF7C1
:10FCC0009DF80028F3D0C0E90145E4E731B1436C69
:10FCD0004A6853F82200086043F82210704700BFBA
:10FCE0002DE9F04107460E461C460D6901F1140E40
:10FCF0000020DEF8001001308BB285424FEA11413E
:10FD000002FB03434FEA134C9BB202FB01CC03EB13
:10FD10000C434FEA1C444EF8043BEADC3CB1B368A8
:10FD2000AB4207DD06EB850301355C61356130468A
:10FD3000BDE8F081716838460131FFF7A1FF8046C8
:10FD4000A8B1326906F10C010C3002329200FCF7C6
:10FD5000F9FE7B6C726853F82210316043F8226020
:10FD6000464606EB850301355C613561DFE70246F7
:10FD7000024BBA210248E3F779FC00BF0C400210A5
:10FD8000284702102DE9F8431E4617460833264A35
:10FD90000C46092E82FB03124FEAE3730546C3EBC0
:10FDA000620338DD4FF0010C00214FEA4C0C0131A9
:10FDB0006345FADC2846FFF763FF014668B3089BFA
:10FDC000092F43614FF00103036112DC0A34092754
:10FDD000BE420BDDF61B264414F8013B0A222846DE
:10FDE000303BFFF77DFFB4420146F5D10846BDE840
:10FDF000F88304F109093C44C84618F8013B0A227B
:10FE00002846303BFFF76CFFA0450146F5D1A7F12E
:10FE100008044C44DCE70021CCE70246034BD32125
:10FE20000348E3F723FC00BF398EE3380C4002108F
:10FE300028470210B0F5803F034618D20304102073
:10FE4000B3F1807F01D208301B02B3F1805F01D291
:10FE500004301B01B3F1804F03D3002B06DB0130CC
:10FE600070479B0005D45B0005D42020704700201C
:10FE7000E6E7023070470330704700BF0368014671
:10FE800013F0070207D0DA071FD4980721D55B08C3
:10FE900001200B60704798B2A0B11046DAB20AB9DF
:10FEA00008301B0A1A0701D104301B099A0701D137
:10FEB00002309B08DA0703D45B0800F1010006D08A
:10FEC0000B6070471B0C1020E8E7002070472020D3
:10FED00070479B0802200B60704700BF38B5436C29
:10FEE00004460D464BB15868B0B102685A60002212
:10FEF00001234561C0E9032338BD21220421F9F71C
:10FF00007DFF034660640028EDD1094B002240F2DA
:10FF100045110848E3F7AAFB1C2201212046F9F706
:10FF20006DFF0028F1D001220223C0E90123DEE7A2
:10FF30000C400210284702102DE9F04FD1F8108034
:10FF400085B015690E469246A84505DB2A465346FC
:10FF500045468A4690461E4605EB0804DAE9011339
:10FF6000A342B8BF0131FFF78BFE002800F08B8061
:10FF700000F1140707EB840E774505D23B460022BB
:10FF800043F8042B9E45FBD814360AF1140906EBFE
:10FF9000880809EB8505464568D2A5EB0A030AF1F6
:10FFA000150ACDF808E0AE46153B039423F0030391
:10FFB000043355452CBF9B464FF0040B824605E0A9
:10FFC000090C2CD1B04507F104074CD956F8041B95
:10FFD0008DB2002DF4D0CC463C46002301965CF84F
:10FFE000040B216886B2E6458AB24FEA104005FB51
:10FFF00006224FEA11411A4405FB001101EB1241A0
:020000041002E8
:1000000092B24FEA114342EA014244F8042BE6D887
:10001000019E47F80B3056F8041C090CD2D03B68FF
:10002000002248463D461C46944602889BB201FB8E
:1000300002C202EB144243EA024345F8043B50F883
:10004000043B2C684FEA134C7045A3B201FB0C3300
:1000500003EB12434FEA134CE7D3B04547F80B309C
:1000600007F10407B2D85046DDE902E4002C02DCB7
:1000700005E0013C03D05EF8043D002BF9D004619B
:1000800005B0BDE8F08F0246024B4FF4B171024853
:10009000E3F7ECFA0C4002102847021012F00303B9
:1000A0002DE9F041144607462CD10D46A4101CD072
:1000B0003E6C86B3E3074FF0000806D4641014D0FA
:1000C0003068A8B10646E307F8D5324629463846D7
:1000D000FFF732FF35B17B6C696853F821202A6045
:1000E00043F8215064100546EAD12846BDE8F08166
:1000F000324631463846FFF71FFF30600646C0F8EB
:100100000080E0E7013B0F4A52F823200023FFF76D
:10011000E7FD0546CAE701213846FFF7B1FD06466F
:1001200040B1012340F27122C0E904320023386457
:100130000360BFE70246044B40F245110348E3F772
:1001400095FA00BF206702100C40021028470210E9
:100150002DE9F0470C46904606464FEA621927699A
:10016000A36807EB621749687D1C9D4203DD5B00B5
:1001700001319D42FBDC3046FFF782FD002850D064
:10018000B9F1000F00F1140C0EDD09F10502634610
:1001900000214FEA820E00EB820243F8041B9342D7
:1001A000FBD1AEF114039C4404F11403216918F04F
:1001B0001F0803EB81012BD0C8F12009E6464FF060
:1001C000000A1A6802FA08F242EA0A024EF8042B00
:1001D00053F8042B994222FA09FAF2D80B1B04F1C6
:1001E0001502153B23F003030433914238BF042367
:1001F0004CF803A0BAF1000F00D13D46736C626861
:10020000056153F82210216043F82240BDE8F087D1
:10021000ACF1040C53F8042B99424CF8042FF9D894
:10022000EBE70246024B4FF4EF710248E3F71EFA88
:100230000C4002102847021084460B690069C01A5E
:1002400016D10CF1140C14310CEB830201EB830377
:1002500010B401E0944508D252F8044D53F8041D3F
:100260008C42F7D005D24FF0FF305DF8044B704759
:10027000704701205DF8044B704700BF2DE9F04F37
:1002800015460A6983B088462B69D21A002A40F0C5
:100290008B8001F1140605F1140101EB830106EBDB
:1002A000830302E09E4280F0828053F8044D51F8AF
:1002B000042D9442F6D078D32B4600244546984628
:1002C0006968FFF7DDFC002800F08C802E6905F1DD
:1002D000140B08F1140ED8F8103000F1140A05F1CF
:1002E00010020EEB83094FF0000C0BEB8601574612
:1002F000C460CDF804B05EF8044B52F8045F1FFAF6
:1003000084FBF145ABB24FEA1444A3EB0B03C4EBFF
:100310001544634404EB23449BB24FEA244C43EA64
:10032000044347F8043BE6D8A9EB080408F1150894
:10033000DDF804B0C145A4F1150434BF4FF0000846
:100340004FF00108A408B8F1000F04F101024FEAD0
:10035000820208BF04220BEB02055244A94231D9A4
:1003600017462C4654F8043B1FFA83F8A1424FEA83
:10037000134E6344C4449BB20EEB2C4C43EA0C4333
:100380004FEA2C4C47F8043BECD80139491B21F0CB
:1003900003010A4423B952F8043D013E002BFAD070
:1003A000066103B0BDE8F08F86DA012488E70021FA
:1003B000FFF766FC78B101220023C0E9042303B0F3
:1003C000BDE8F08FB8F1000F4FEA840408BF0024A5
:1003D0000AEB0402DEE70246064B40F237210648EC
:1003E000E3F744F90246034B40F245210248E3F7A4
:1003F0003DF900BF0C40021028470210114B0B4082
:10040000A3F15073002B03DD0022194610467047FC
:100410005B42B3F1A07F4FEA235106DA4FF4002389
:1004200000220B4110461946704714391E2904DD7D
:10043000012200231046194670474FF00042CA407F
:10044000F7E700BF0000F07F2DE9F041026900F1FD
:10045000140707EB820252F8046CA2F1040830463C
:10046000FFF7E8FCC0F120030A280B6035DD4745A3
:10047000A0F10B011BD252F8083C31B3C1F1200CA2
:100480008E40A2F1080023FA0CF48B40874246EA22
:10049000040646F07F5545F440151AD252F80C2C4C
:1004A000294622FA0CF213431846BDE8F0810B28C6
:1004B0000AD006FA01F1002341F07F55184645F4B1
:1004C00040152946BDE8F081002346F07F5545F4EC
:1004D000401518462946BDE8F081C0F10B03474599
:1004E00026FA03F141F07F5545F4401509D3002267
:1004F00000F11503294606FA03F313431846BDE835
:10050000F08152F8082CDA40F2E700BFF0B5012183
:1005100083B016461F46FFF7B3FB0546002849D0B7
:10052000C7F30A54C7F313030CB143F48013002E2E
:10053000019315D101A8FFF7A1FC0199012200F157
:10054000200369612A611CB3A4F23344C3F135006E
:100550001C44089B1C60099B1860284603B0F0BD32
:1005600068460096FFF78AFC019A034600B3C0F183
:10057000200102FA01F1C240009801920143002AD1
:10058000C5E905120CBF012202222A61002CDBD131
:10059000A3F23243089805EB820103600869FFF774
:1005A00049FC099BC0EB42101860284603B0F0BD1F
:1005B0000099E4E70246034B40F20F310248E3F7AB
:1005C00055F800BF0C400210284702102DE9F043F7
:1005D00083B0884681466946FFF736FF04460D46DC
:1005E000404601A9FFF730FFD9F81030D8F81020A5
:1005F000A3EB020CDDE900329B1A03EB4C13002B3A
:100600000BDD05EB03573D4602460B4620462946C7
:10061000E1F7F6F903B0BDE8F083C3EB033301EB78
:1006200003594946F0E700BF172870B506460ADDB2
:10063000002008490024084D22462B46E1F7BAF96C
:10064000013EF9D170BD054B03EBC003D3E90401B2
:1006500070BD00BF0000F03F000024402067021082
:10066000013902F114034FEA611C116903EB8101A6
:100670000CF1010C8B4200EB8C0C16D210B5A0F1E2
:10068000040E53F8044B99424EF8044FF9D88B1AD4
:10069000153B23F0030304331844844504D9002395
:1006A00040F8043B8445FBD810BD844505D90023A0
:1006B00040F8043B8445FBD87047704703694A11F2
:1006C0001430934209DA00EB830302E053F8042D5F
:1006D000AAB98342FAD80020704700EB8203F8DD04
:1006E00011F01F01F5D010B450F8224024FA01F2A5
:1006F0008A40944209D001205DF8044B70470120E4
:10070000704753F8042D002AF5D18342F9D8002010
:100710005DF8044B704700BF70B50C7884465E2CC2
:1007200024D00023481C9E4600220CF5807163F300
:10073000070263F30F2263F3174263F31F626346FA
:1007400043F8042B8B42FBD174B18EF00101451CA0
:100750000CF8041015F8013C2D2B0ED05D2B0AD09F
:100760001BB11C462846F2E7013870BD0123881CE6
:100770004C789E46D8E7284670BD90F801E0BEF15F
:100780005D0F15D0744513DC661C02300CEB0602BD
:1007900002F8011BA2EB0C03013B9E45F8DCAEEB1B
:1007A00004030235013B7445A8BF00239C19D1E71F
:1007B0002D242846CBE700BF5FFA81FC810744D097
:1007C0000346511E22B909E09A0709D0013905D321
:1007D0001846013302786245F6D170470020704711
:1007E000184603290CD80029F8D00346014401E03B
:1007F0008B42F3D0184613F8012B6245F8D17047AD
:1008000010B50CEB0C24024604EB044402E004395E
:10081000032915D9104652F8043B6340A3F1013E69
:100820002EEA030313F0803FF1D00346014401E0B8
:100830008B4208D0184613F8012B6245F8D110BD41
:1008400010460029F1D1002010BD1146C9E700BFB4
:100850002DE9F8434FF00009074688461646D6E9C9
:100860000154013D0FD4A389012B08D9B4F90E30EE
:1008700021463846013302D0C04749EA0009013D0C
:1008800068346B1CEFD13668002EE8D14846BDE8CD
:10089000F88300BFF03070470048704754120020C2
:1008A00000487047541200202DE9F04F88469FB051
:1008B00000218346079200221A910021CDE90412FB
:1008C00042461746199212F8019BB9F12D0F5FD8D5
:1008D00001A151F829F000BF250A02109109021068
:1008E0009109021091090210910902109109021058
:1008F000910902109109021091090210C308021017
:10090000C3080210C3080210C3080210C308021073
:100910009109021091090210910902109109021027
:100920009109021091090210910902109109021017
:100930009109021091090210910902109109021007
:1009400091090210910902109109021091090210F7
:100950009109021091090210C308021091090210B6
:1009600091090210910902109109021091090210D7
:1009700091090210910902109109021091090210C7
:1009800091090210930F021091090210AB0F02108F
:1009900000220892B9F1300F7ED000230A93A9F10A
:1009A0003003092B00F23484002538462E462C46AD
:1009B0000130082C05EB850204F1010406EB8601E9
:1009C000199090F80090CCBF03EB420503EB410671
:1009D000A9F13003092BEBD90122A349F9F7A2F9B8
:1009E00058BB199BA24609905A1C19925B78A3F137
:1009F0003002092A09D8013091461999002A40F09D
:100A0000D4844B1C19934B78F1E74FF0010923F084
:100A10002002452A40F0B78244EA00030A9A1343B1
:100A200040F05082079B002600270BB1C3F80080DE
:100A3000304639461FB0BDE8F08F29F02002002073
:100A40004B46A246452A8146099000F03B820E9013
:100A5000002C35D10A9A024340F08382B9F1000F8D
:100A6000E0D1692B00F0CC8400F31F83492B00F008
:100A7000C7844E2BD6D17D4919A802F00BFB002864
:100A8000D0D0199B1B78282B00F08385784802F082
:100A9000FBFB06460F4666E27A7802F0DF02582A30
:100AA00000F03F840137199797F80090B9F1300FA3
:100AB000F8D0B9F1000F00F0548201230A936EE7D9
:100AC000099ABAF1000F08BFA2460E9B102C3046BF
:100AD000A046A3EB0203A8BF4FF010080D93E0F768
:100AE000FDFF092C02460B46CDE9042317DD614BBF
:100AF00003EBC80353E91223E0F75CFF02460B4601
:100B00002846CDE90423E0F7E9FF02460B46DDE97C
:100B10000401E0F727FF0F2CCDE9040124DC0D9B35
:100B2000002B00F0B5830D9B40F3AD82162B40F3F4
:100B30008484C4F125030D9A934215DBC4F10F049C
:100B40004C4D05EBC401DDE90423D1E90001E0F7D8
:100B500031FF0D9B1C1B05EBC405D5E90023E0F715
:100B600029FF06460F46FEE1A4EB08030D9A9D18E7
:100B7000002D40F32B8215F00F000AD03D4901EB08
:100B8000C001DDE90423D1E90001E0F713FFCDE95D
:100B9000040135F00F034BD0B3F59A7F00F35A846C
:100BA000102B4FEA231540F3B385DFF8DCE04FF05C
:100BB000000C0A96F046E1467646DDE9042315F07E
:100BC000010F1046194607D0D8E90023E0F7F2FEDE
:100BD0004FF0010C02460B466D1009F1010908F1B6
:100BE0000808012DEBD1B6460A9EBCF1000F01D0DA
:100BF000CDE90423059B0EEBC901A3F154730593C2
:100C0000DDE90423D1E90001E0F7D4FE1A4B0A46DE
:100C10000B40CDE9040119498B4200F21B841849AD
:100C20008B4240F2C9844FF0FF32164BCDE90423CA
:100C300000230C9323465246394658460096FFF748
:100C4000A1F81590002800F005840E9A099B9B1AC4
:100C50000D9A002A22EAE272A8BF002314920E9392
:100C600000239A460993EBE0E8380210644702102B
:100C7000083B0210306702100000F07F0000A07CEB
:100C80000000907CFFFFEF7F20680210D21A1F2A1D
:100C9000A4EB020400F37C820123002593401E464E
:100CA000A0444C440C9BA14598444B46A8BF234606
:100CB0004345A8BF4346002B04DDE41AA8EB030814
:100CC000A9EB03090E9B002B00F30382002C00F319
:100CD00019820D9B002B00F34C82B8F1000F00F33A
:100CE0003C82B9F1000F08DD51464A465846FFF7ED
:100CF0002FFA8246002800F039823A461A9958465F
:100D0000FFF7BCFA0990002800F03082099A00230E
:100D1000D168D3600F915146FFF78EFA0028C0F2D8
:100D20007984DDF8149000F0E78351460998FFF7C5
:100D30004DFC00224FF0804304460D46E0F73CFF97
:100D4000002800F0B6810F9B002B40F02882049B06
:100D5000002B40F01283C9F31303002B40F09B8259
:100D60000022954B20462946E0F712FF002840F06C
:100D7000BA830022914B20462946E0F71BFE0A4623
:100D80000146109002F10043CDE912121193DFF8F1
:100D900034828B4B09EA08089845DDE9104500F0DC
:100DA0000A820C9B1BB3B8F1D46F20D880A3D3E97F
:100DB0000023DDE91201E0F7FFFEA0B1DDE9120139
:100DC000E0F7B0FE012838BF0120E0F787FE0F9B57
:100DD000CDE91201002B40F0E38201F100431690AF
:100DE0001793DDE9164505F1D663A3EB0805DDE9A8
:100DF0000A01FFF703FB02460B4620462946E0F7AF
:100E0000D9FDDDE90A23E0F7ADFD0C46CDE904018B
:100E10006C4B2340434503D10C9B002B00F05C82BC
:100E20001A995846FEF752FF39465846FEF74EFFCC
:100E300051465846FEF74AFF09995846FEF746FFC5
:100E4000159C58466168FEF71BFF0746002800F016
:100E50008D81226904F10C010C3002329200FBF703
:100E600071FE1CAB584601931BAB9DED047B0093B8
:100E700053EC172B8DED0A7BFFF748FB1A900028E7
:100E800000F0498101215846FFF728F882460028E2
:100E900000F06C811B9B002BC0F259810E9ADDF88B
:100EA000508003EB02090C9A1C9C9B1A464A23446F
:100EB000C4F13604013B9342FFF6E8AE012300255E
:100EC0001E46EDE6DDF8648008F10103199398F8F9
:100ED00001302B2B00F099812D2B57D14FF0010EB3
:100EE00008F10203199398F80230A3F1300CBCF119
:100EF000090F00F24881199A302B0C920BD1013264
:100F000019921378302BFAD0A3F131010C920829F1
:100F100039D8A3F1300C0C9B591C19915B78A3F1C3
:100F20003002092A00F2818201310CEB8C0C1991FC
:100F300003EB4C0C0B78ACF1300CA3F13002092A16
:100F4000F2D90C9A891A082940F36F8244F61F627D
:100F50000E92BEF1000F3FF47BAD0E9A52420E92FC
:100F600076E500260027079A0AB1199B1360089BB3
:100F7000002B3FF45DAD07F1004330461F46394674
:100F80001FB0BDE8F08F00220E9261E54FF0000E19
:100F9000ABE7002208927A1C199297F80190B9F1F8
:100FA000000F3FF43FAD1746F4E401220892F2E748
:100FB0000000C0FFFFFFDF410000F03F0000E03F06
:100FC0000000E07F0000F07F02FCFFFF3FF430AE46
:100FD0006D4215F00F020AD0B74B03EBC203DDE9F7
:100FE0000401D3E90023E0F70BFDCDE904012D1145
:100FF0003FF41EAE1F2D40DC15F01003DFF8D48245
:101000004FF0000C18BF6A230C93DDE9042315F0A0
:10101000010F1046194607D0D8E90023E0F7CAFCB3
:101020004FF0010C02460B466D1008F10808EED196
:10103000BCF1000F01D0CDE904230C9BA3B1DDE985
:101040000401C1F30A52C2F16B03002B0ADD1F2B0E
:1010500040F382830020342B049040F3B8834FF098
:101060005C7305936A230C9300220023DDE90401DD
:10107000E0F77CFD00283FF4DDAD222300260027A9
:10108000CBF800306FE71633FFF66EAD099B0E9A72
:101090009A1A894B03EBC203DDE90401D3E900236B
:1010A000E0F7AEFC06460F465DE76E2B3FF4E3AC7F
:1010B000B8E4824B204629460022E0F77BFC0F9BD8
:1010C000CDE91201002B71D101F100431090119371
:1010D0005DE651461A465846FEF7E0FF8246002874
:1010E00044D001461A9A5846FEF726FF00283DD004
:1010F0000F9058461A99FEF7E9FD0F9B002C1A93A2
:101100007FF7E7AD22461A995846FFF721F81A9063
:1011100000287FF4DEADB946054622230026684F3D
:10112000CBF8003029465846FEF7D0FD49465846D0
:10113000FEF7CCFD51465846FEF7C8FD15995846B6
:10114000FEF7C4FD09995846FEF7C0FD0BE7149A57
:10115000DDF83890A2EB0308A5E63946424658462A
:10116000FEF7F6FF074600287FF4BBADB9461A9D8F
:10117000D3E73946149A5846FEF790FF07460028F1
:101180007FF4ABADF2E70022CDF864800E925FE40D
:101190004C4AD31A012202FA03F5164680E59FED68
:1011A000427B8DED107B8DED127BF0E59DED127B8A
:1011B0008DED107BEBE5A9F15473DFF804910593F5
:1011C000DDE9044520462946FFF718F9DDE910233B
:1011D000E0F7F0FB2B462246E0F7C4FB3A4B01EA6E
:1011E00009099945CDE9040140F2D68003F1547311
:1011F000DDE90A01994202D106460136B6D04FF028
:10120000FF33324CCDE904340AE64FF0000E67E6B6
:1012100001222F493846F8F785FD824658B14FF034
:10122000000A4B465546564650465446D146CDF8E0
:1012300024A0FFF7ECBB19994B1C19934B78302B6A
:1012400040F04F818A1C1046199201320378302BEE
:10125000F9D0401A0138A3F13102082A0FD8199F9A
:101260000026A3F130090124431C39463546099371
:1012700006EB8606002009EB4606FFF7C2BB0022FC
:101280004FF001091646144615460992FFF7BFBBF9
:10129000DDE9046767E69FED067B8DED107B9FED32
:1012A000027B8DED127B72E5000000000000F03F34
:1012B000000000000000F0BF306702100000E03FB7
:1012C0000000F07FE2FBFFFFFFFF9F7CFFFFEF7F4F
:1012D000E838021070680210DDE9125628463146DF
:1012E000E0F7A8FDE0F7A0FC0B4602463146284691
:1012F000E0F74CFB049D0F9EC4F3130C04462E43F1
:101300000D4656EA0C0326D1C0A3D3E90023E0F72B
:101310003FFC00283FF484ADB946DDE904671A9D1F
:1013200000E7029319A9089B5846AF4A01931AABEC
:1013300000931BAB00F074FD10F00F0504463FF462
:1013400010AE062D40F08A807B1C0022002600276C
:101350000892199307E69CA3D3E90023E0F718FC51
:101360000028D9D12046294699A3D3E90023E0F7E4
:101370004BFC00283FF454ADCEE7049B012B8AD1EF
:10138000B9F1000F87D1B9461A9C222325460026C1
:101390000027CBF80030C5E601F15474059437E519
:1013A0009DED127B8DED167B1BE5012840F33B8202
:1013B00004EB000E0C900EF1FF3C02E04600644589
:1013C0000BD0082C06EB860004F10104F6DD05EBDA
:1013D0008503102CD8BF5D00F1E70C987446099B7B
:1013E000BCF1080F034409937FF742AF102C4FF074
:1013F0000000DCBF05EB850502EB4505FFF701BBEF
:101400007A4919A801F046FE00283FF40BAB199B5E
:1014100019A87749013B199301F03CFE10B9199BBB
:10142000013319930026734F9DE544F61F629445DE
:10143000A8BF9446CDF838C08BE50D986E4901EBF6
:10144000C001DDE90423D1E90001E0F7B3FA064663
:101450000F4688E52223CBF80030E3E71A9A3AB129
:1014600035211CA8FFF7FCF858461A99FEF72EFC08
:10147000013D1B9B042D00F2D981DFE805F0032C10
:10148000291E030003F233421C9B04931D9B23F48B
:10149000801343EA02530593E20502D543F000436B
:1014A0000593544A1A40DDE90467002A7FF45BADD6
:1014B000F8F778FC2223036055E54FF0FF326FF018
:1014C0000043CDE90423E3057FF5E2AE059BE5E7A4
:1014D000484B0593F7E7DDE91C121D9BCDE904128B
:1014E000DAE75046B7E69FED3C7B8DED107B9FED34
:1014F0003C7B8DED127B4AE44B460F98B646B946CD
:10150000AC463E49C3F31302DDE90A67002800F048
:10151000B5808A4200F00A81A5BB049A1EEA020F38
:1015200033D0304639460493FEF768FF0C9B002BFE
:1015300000F02581049BC3F30A53C3F16B0CBCF18B
:10154000000F40F365812E4C002204EB0C53E0F7B2
:1015500031FA02460B4630463946E0F703FA0646B2
:101560000F4630463946274B0022E0F723FA214B3D
:1015700006460F460B40002B7FF4D1AE2223CBF85A
:101580000030CCE61CEA030FCBD10C9B002BE8D13A
:10159000C5E619A81CAA1C4901F096FD05287FF490
:1015A00075AA1D9B43F0FF4343F4E00305931C9B86
:1015B0000493DDE90467D6E402F154730593FFF761
:1015C00037BB00BFAFF300809535A094FFFFDF3F2E
:1015D00035E5AF350000E03F000000000000E0BF4F
:1015E000000000000000E03F486802105847021069
:1015F0005C4702100000F07F30670210FFFF0F0011
:101600000000F03F000050395C6802109535A0944E
:10161000FFFFCF3F0F9BB946DDE90401DDE90A6713
:101620000343B2D1C1F31303002BAED121F0004428
:10163000240D2405B4F1D66F2546A6D9099A53691D
:1016400013B91369012BA0DD099901225846FEF751
:101650007FFD51460990FEF7EFFD002895DD0C9BBC
:10166000D3B1A5F580136FEA13536FEA03530593C3
:101670004FF0FF330493DDE9046772E7D2B9DDE987
:1016800004452246002C49D10C9A002A40F08E8055
:1016900025F00044240D2405A4F580141A9D6FEA5A
:1016A00014536FEA035305934FF0FF330493DDE9BE
:1016B000046737E5ADBB049A1EEA020F3FF465AF3D
:1016C000304639460493FEF799FE0C9B002B00F040
:1016D0008680049BC3F30A53C3F16B0CBCF1000F6B
:1016E00040F39E80524C002204EB0C53E0F762F969
:1016F00002460B4630463946E0F748F900220023FF
:1017000006460F46E0F732FA00283FF42AAF3BE6E0
:101710004FF00009DFF824E1FFF76CBABCF1000FCD
:10172000CAD01CEA030F3FF430AFC9E70C9A049CFF
:10173000D2B1404A1A40B2F1D46F15D8100D4FF013
:10174000FF31C0F16B0081408C4227D0002D62D068
:101750001D423FF406AFE4E64FF0FF3202FA03F316
:10176000049A1A4004927DE4621C12D0BCF1000F6E
:101770007FF408AF14EA0E0F3FF407AFD1E602463C
:101780000B4630463946E0F7EDF81A9D06460F46FF
:10179000C8E4294A934234D001321A4002F580133A
:1017A000059300230493DDE90467EEE6214D1D4017
:1017B000B5F1D66F3FF655AFB5F15C7F3FF6D1AED0
:1017C00022231A9D00260027CBF80030AAE4C2F19C
:1017D0004B024FF0FF3393400B40059342E4024627
:1017E0000B4630463946E0F7D1F81A9C0022002318
:1017F00006460F462546E0F7B9F900283FF492ACBB
:10180000C3E522231A9D00260A4FCBF8003089E455
:1018100002460B469FE614EA0E0F3FF4A2AE80E6A6
:1018200002460B4666E7A4460134D8E5002333E6BA
:101830000000F03F0000F07FFFFFEF7F2068021004
:10184000014BFFF731B800BF6411002010B4044C05
:1018500013460A46014620685DF8044BFFF724B89A
:10186000200C002010B4044C0A46044B01462068AA
:101870005DF8044BFFF718B8200C0020641100201D
:101880002DE9F041DFF8A48013460A460146D8F856
:1018900000002DED028BFFF707F802460B460446C9
:1018A0000D46E0F751F950BB20462946E0F7F6F81F
:1018B00008EE100ADFED1A7AB0EEC87AB4EE677A55
:1018C000F1EE10FA15DD25F000474FF0FF32154B11
:1018D00020463946E0F738F938B94FF0FF32114B5E
:1018E00020463946E0F768F918B1D8F800302222CE
:1018F0001A6018EE100ABDEC028BBDE8F081002DD5
:10190000094806DAFEF7D6F807EE900AB1EE678AC4
:10191000EFE7BDEC028BBDE8F041FEF7CBB800BFAE
:10192000FFFF7F7FFFFFEF7F083B0210200C0020AE
:101930002DE9F843254F0A46254B01463868FEF746
:10194000B3FF02460B4604460D46E0F7FDF888BBA0
:1019500020462946E0F7A2F807EE100ADFED1D7ACF
:101960000646B0EEC77AB4EE677AF1EE10FA17DDEC
:1019700025F000494FF0FF32174B20464946E0F76B
:10198000E3F838B9204649464FF0FF32124BE0F7F2
:1019900013F928B13B6822221A603046BDE8F8836B
:1019A00016F0FF4FF9D10D4B2B40002BF2D13046F2
:1019B000BDE8F883002D0A4804DAFEF77BF880F0D2
:1019C0000046EAE7BDE8F843FEF774B8200C0020B3
:1019D00064110020FFFF7F7FFFFFEF7F0000F07F9B
:1019E000083B0210B1F90C302DE9F0410C46990783
:1019F00096B008D504F1430301222360C4E9043200
:101A000016B0BDE8F081B4F90E100646002926DBB9
:101A10006A4601F017FB00281FDB019D4FF4806828
:101A20004FF4006705F47045A5F50055B5FA85F546
:101A30006D0941463046F8F74FFAE8B1B4F90C3079
:101A4000C4F8148043F0800320602061A3813DBB73
:101A50003B43A38116B0BDE8F081B4F90C3013F01C
:101A6000800519D04FF040080025304641462F46EA
:101A7000F8F732FA0028E1D1B4F90C309A05BFD456
:101A800023F0030304F14302012143F00203226027
:101A9000C4E90421A381B3E74FF480682F46C8E767
:101AA000B4F90E10304601F0E3FA10B9B4F90C3075
:101AB000CEE7A38923F0030343F001031BB2C7E77A
:101AC00070B50C46B1F90E1096B0154600291E46A9
:101AD00014DB6A4601F0B6FA00280FDB01994FF4D7
:101AE00080634FF4006001F47041A1F50051B1FA38
:101AF00081F1490931602B6016B070BDA18911F0E8
:101B0000800106D000214023084631602B6016B0CA
:101B100070BD4FF48063084631602B6016B070BD15
:101B200042B10C49104610B5144600F049F818B9F6
:101B3000094810BD084870470749204600F040F8A2
:101B40000028F5D00549204600F03AF80028EFD0EB
:101B5000002010BD6C47021068470210083B0210BD
:101B6000014B93F8280170476411002041B110B572
:101B70000C460B49204600F023F818B9094810BD5F
:101B8000084870470749204600F01AF80028F5D0A9
:101B90000549204600F014F80028EFD0002010BDC1
:101BA0006C47021068470210083B021010B491FB0A
:101BB000F2F402FB1411C0E900415DF8044B7047D8
:101BC00080EA010C1CF0030F37D110F0030C20F059
:101BD000030021F0030150F8042B08BF51F8043B27
:101BE0000ED08CF0030C6FF07F434FEACC0C23FA3D
:101BF0000CFC51F8043B42EA0C0243EA0C0300BF20
:101C0000A2F1013C9A4201BF2CEA020C1CF0803F79
:101C100050F8042B51F8043BF2D04FEA02604FEA2F
:101C20001222012828BFB0EB036F08BF1B0AF4D0B3
:101C300003F0FF03000EC01A704710F0030F0AD024
:101C400010F8012B11F8013B012A28BF9A42F4D069
:101C5000A2EB030070474DF8045D50F8042B01F02F
:101C6000030521F0030151F8043B022D26D04DD885
:101C700022F07F45B5EB132FA2F1013C2CEA020CB8
:101C80000DD11CF0803C08BF51F8043B0AD185EA15
:101C90000205B5EB036F0CD150F8042BE8E74FEACF
:101CA00013235BE03CF07F4C54D10B784FEA126574
:101CB00054E04FEA126503F0FF034FE04FEA02459C
:101CC000A2F1013C4FEA15452CEA020CB5EB134F8B
:101CD00018D11CF0803C08BF51F8043B07D185EABD
:101CE0000205B5EB034F09D150F8042BE6E75FEA94
:101CF0000C4C2FD10B884FEA12452FE04FEA0343DB
:101D00004FEA12454FEA134328E000BF02F0FF05F7
:101D1000B5EB136FA2F1013C2CEA020C0DD11CF0C3
:101D2000803C08BF51F8043B0AD185EA0205B5EBB7
:101D3000032F0AD150F8042BE8E74FEA13630DE0B4
:101D400012F0FF0F06D051F8043B4FEA122523F0A2
:101D50007F4303E04FF0000020BC704705F0FF0216
:101D600003F0FF00012828BF904204BF2D0A1B0A80
:101D7000F4D0A2EB000020BC704700BF2DE9F04179
:101D80000469B4EB611F05DC002303610023436198
:101D9000BDE8F08100F114054E1111F01F0C05EBA8
:101DA000840E05EB860321D0043355F82610CCF1C0
:101DB00020089E4521FA0CF12DD92F461A6802FA07
:101DC00008F20A4347F8042B53F8041B9E4521FAF6
:101DD0000CF1F3D8A31B9B00053B9B08013305EBDB
:101DE000830445F8231071B104340CE09E45CBD92F
:101DF00000F1100253F8041B9E4542F8041FF9D865
:101E0000A41B05EB8404631BAC424FEAA3030361EC
:101E1000BCD0BDE8F08141610029B5D02C46E3E794
:101E20002DE9F04F8A4685B0096803938B78302BF3
:101E3000CDE9002040F0EE81CA1C1378144601322F
:101E4000302BFAD0A4EB0109A9F10209DFF81083C5
:101E500018F80330002B00F0D3802378002718F8FF
:101E600003303D46002B00F06D81264616F8013FF9
:101E700018F80330002BF9D10122B8493046F7F7A2
:101E800051FF8346002843D03278002D00F0A38113
:101E9000AB1B4FEA830B02F0DF023546502A43D0DA
:101EA000CAF80060002F54D12A1B3946013A072A8C
:101EB00003DD52100131072AFBDC0198FDF7E0FE3B
:101EC0008246002800F06A8200F11406A5420296BC
:101ED00040F2CC810027B9460CE03A4604372B7813
:101EE000AC4218F8033003F00F0303FA02F349EA97
:101EF000030940D015F8013D2E2B01D1AC4231D958
:101F0000202FEAD1002246F8049B04279146E6E7F9
:101F1000002D00F070813278AB1B354602F0DF02F5
:101F20004FEA830B502ABBD16A782B2A00F05181EB
:101F30002D2A40F0C5800120AA78AE1C18F80210A6
:101F40004A1E182A40F2C4802E46CAF80060002FAC
:101F5000AAD0B9F1000F0CBF06250025284605B010
:101F6000BDE8F08F01227D492846F7F7DBFE002807
:101F7000C6D1AC42BED1029B484646F8049BF61A35
:101F8000B610CAF810607601FDF754FF009B361AB0
:101F90001C68A64277DCC0F220810027009B9A686B
:101FA0005A45C0F25881009B5A685A454BDDA2EB56
:101FB0000B0B5C4500F3A780DB68022B00F0F98077
:101FC000032B00F06A81012B40F0F7805C4540F064
:101FD000F480012C08D0611E5046FEF76FFB0028EC
:101FE00000F0EB80009B5A680399012362250A6088
:101FF000029ACAF8103013600E9BC3F800A0ADE738
:10200000012256492046F7F78DFE0746002840F08A
:102010009B806378651C18F80320002A00F09680E6
:10202000302B2C4640F0448114F8013F302BFBD07C
:1020300018F803304FF00109B3FA83F77F09002B3A
:102040007FF413AF7EE001259FB1009BDA68022A7E
:1020500000F08880032A00F08980012A07D1B9079F
:1020600005D5029B1A681743FA0700F1838045F0F3
:1020700010050E9B2846C3F800A0039BC3F800B0D0
:1020800005B0BDE8F08F361B50463146FEF716FB13
:10209000074678B1711E029B01274A1153F82200AE
:1020A00001F01F0207FA02F2024203D0B94200F324
:1020B000E780022731465046B344FFF75FFE6DE7E5
:1020C00018F802106E1C00204A1E182A3FF63CAF7A
:1020D00072781039013618F8022002F1FF3CBCF189
:1020E000180F0CD801EB810116F8013F02EB4102F9
:1020F000A2F1100118F80320531E182BF2D900B1D9
:1021000049428B44CCE60BF1FF36002F40F0AC8007
:10211000002E40F0AF807311029A06F01F06594658
:1021200052F8232001235046A4EB0B04B3400225B0
:10213000134218BF47F00207FFF720FE009BD3F8B9
:1021400004B081E7264697E62378254603F0DF03AF
:10215000502B00F09E80CAF80050FAE6E8380210D2
:10216000986802100F9BC3F101030F930F9B002B84
:102170003FF47DAF029B0026DAF8107098461A46AD
:102180004FEA870903EB870003E0904242F8046CB2
:1021900044D9944652F8041B4B1CF6D00131022D51
:1021A000CCF800107DD014F01F0440F0AB80212546
:1021B0005FE70F9B002B3FF417AF50250198514666
:1021C000FDF784FD00230E9A2846136005B0BDE894
:1021D000F08F0020B0E6AB465DE6A61B51460198A5
:1021E00000273246ABEB060BFDF7B2FF00F11403FC
:1021F00082460293D2E67278751C18F802102E46B9
:1022000000293FF448AE16F8012F18F80230002BD1
:10221000F9D13DE68C1C4FF0000917E6DAF80820EA
:10222000974248DA7A1C01210AEB8707022DCAF887
:102230001020DDF80880796133D0002A6FDC00229D
:10224000CAF810200022CAF81420009B0BF1010BE1
:102250009A685A45ABDA51460198FDF737FD0023DD
:102260000E9AA325136079E6012754E7029E4FF0EA
:10227000000980E631465046FEF720FA07464AE755
:10228000B11E5046FEF71AFA00283FF412AF03279A
:1022900010E74FF0000B012746E60F9B002B8CD078
:1022A000A2E6009B1A68013AA24263D02225E0E62A
:1022B0004FF00109D9E5DAF8041001980131FDF772
:1022C000DFFC064600286FD0DAF810200AF10C0176
:1022D0000C3006F1140802329200FAF733FC514632
:1022E0000198B246FDF7F2FC31690120022D01EBA5
:1022F000000206EB810132614861D2D09742BFF6FD
:1023000052AF9AE7C144C4F1200459F8040CFDF718
:1023100091FDA042BFF64BAFDAF810208DE708EB35
:1023200082000AF11804DAF81420A0424FEA52029F
:102330002CD94546236842EAC37245F8042B54F869
:10234000042BA0424FEA5202F4D8A0EB0A0119393B
:102350008908013148F8212008EB810102B10431DC
:10236000A1EB080241454FEAA202CAF810207FF40F
:102370006CAF67E7621104F01F0458F822100122C5
:10238000A2400A4214BF2125222572E6C8F8002087
:102390000AB14146E3E7CAF8102053E70246054B6D
:1023A000E4210548E1F762F90246024B8421024824
:1023B000E1F75CF90C400210744702102DE9F04778
:1023C00080460C464548264614F801EB10F80EC02E
:1023D0001CF0080CF7D1BEF12D0F5BD0BEF12B0F16
:1023E0003AD0654633F010003ED04FF0FF379A46A2
:1023F000B7FBF3F703FB07F96FEA0909002630463C
:102400000EE0AEF1370C63451DDD002E04DBB84253
:1024100002D833D1CC4531DD4FF0FF3614F801EB53
:10242000AEF1300CBCF1090FEDD9AEF1410CBCF1AD
:10243000190FE6D9AEF1610CBCF1190F03D8AEF15A
:10244000570C6345E1DC731C1CD005B140420AB156
:10245000F6B91160BDE8F08733F0100094F800E0A1
:10246000654606F10204C0D1BEF1300F17D06BBB38
:102470000A234FF005091A4F9A46BFE700FB0AC02E
:102480000126CBE722233046C8F80030002AE1D0ED
:10249000611EDEE794F800E00125B41CA2E7207875
:1024A00000F0DF00582807D083B908234FF0070950
:1024B0006FF060479A46A1E7102394F801E04FF0CF
:1024C0000F0902346FF070479A4697E710234FF0D8
:1024D0000F096FF070479A4690E700BFF965021048
:1024E000999999196AE700BF10B4044C13460A463B
:1024F000014620685DF8044B60E700BF200C002017
:1025000010B4044C13460A46014620685DF8044B9B
:1025100054E700BF200C002010B4034CD4F8E44072
:10252000A4465DF8044B60476411002082B049B1B5
:102530005AB16BB113780B601278101E18BF0120CE
:1025400002B0704701A9002AF3D1104602B07047CB
:102550006FF00100F4E700BF88420ED98B18834268
:102560000BD900EB020C002A6ED0624613F801CDA5
:10257000994202F801CDF9D170470F2A0FD80346CE
:1025800002F1FF3C002A5FD00CF1010C013B8C44AE
:1025900011F8012B614503F8012FF9D1704740EA8A
:1025A00001039B0751D1A2F1100301F1200C70B57A
:1025B00023F00F0501F1100E00F110041B09AC44CB
:1025C0005EF8105C0EF1100E103444F8205C5EF8DA
:1025D0001C5C44F81C5C5EF8185C44F8185C5EF8FF
:1025E000145CE64544F8145CEAD1013312F00C0F98
:1025F00002F00F0C01EB031100EB031329D0ACF137
:10260000040C1C1F8E462CF003064FEA9C0C1E4443
:102610005EF8045B44F8045FB442F9D10CF10104A4
:1026200002F0030203EB840301EB840102F1FF3C9F
:102630004AB10CF1010C013B8C4411F8012B6145AE
:1026400003F8012FF9D170BD704702F1FF3C03463A
:102650009AE76246EAE700BFFF2804D8034B185CFC
:1026600000F0080070470020704700BFF9650210B5
:10267000002070472DE9F04F85B08B461E460D4671
:1026800001925D4A0390294615F8014B135D13F042
:102690000803F8D12D2C00F082802B2C51D002930E
:1026A00036F0100A54D04FEAE67A32464FF0FF3047
:1026B0004FF0FF315346B14601F0A6F832460746C7
:1026C000884653464FF0FF304FF0FF3101F09CF841
:1026D000944600221046114613E0A4F137039E42AF
:1026E0001FDD002A09DB874278EB010205D3414553
:1026F00008BFB8423BD1634539DD4FF0FF3215F8D2
:10270000014BA4F13003092BE9D9A4F14103192BA2
:10271000E3D9A4F16103192B03D8A4F157039E4216
:10272000DFDC531C30D0029B13B1404261EB41010E
:10273000019B1BB182BB019BC3F800B005B0BDE893
:10274000F08F36F0100A2C78029301F10205AAD11D
:10275000302C29D0002E44D14FF00A09B2464FF058
:10276000050C4FF09937DFF894804E46B1E709FB2E
:1027700001F100FB0A11A9FB0002114418184FF0E7
:10278000010241EBE371BAE72223039910460B6083
:102790001146019B002BD1D005F1FF3BCBE7012374
:1027A0002C788D1C02937BE72B7803F0DF03582BEA
:1027B0000BD0B6B94FF00809B2464FF0070C4FF0F6
:1027C000FF376FF060484E4683E74FF010096C7892
:1027D0004FF00F0C02354FF0FF376FF070484E4648
:1027E00077E74FF010094FF00F0C4FF0FF376FF005
:1027F00070484E466DE700BFF96502109999991926
:1028000038E700BF10B4044C13460A46014620685E
:102810005DF8044B2EE700BF200C002010B4044CE0
:1028200013460A46014620685DF8044B22E700BFC4
:10283000200C002038B50C4684461146074D1A4638
:102840000023204664462B60E0F7D6FE431C00D0F0
:1028500038BD2B68002BFBD0236038BD106C0220E4
:1028600070B50C460346084D0026204611461C460E
:102870002E60E0F7A7FE431C00D070BD2B68002B34
:10288000FBD0236070BD00BF106C022010B50B7828
:10289000722B36D0772B06D0612B2BD00446162313
:1028A0000020236010BD4FF4C0644FF0010C0820DD
:1028B0004B7801316BB916E02B2B20F01C0E2CF05D
:1028C000030303D14EF0100043F0020C11F8013F56
:1028D0004BB1622B0BD0782BEED111F8013F4CF4A9
:1028E000006C002BF5D144EA0C04146010BD4CF4CC
:1028F000803CEBE74FF402744FF0010C4FF484700E
:10290000D6E700240420A446D2E700BF014B186894
:1029100000F0C0BC200C002008B5FBF7E1FB044B25
:10292000186800F0B7FCBDE80840FBF7DBBB00BF50
:10293000200C002000F03EB810B4044C13460A46A8
:10294000014620685DF8044B00F034B8200C0020EC
:1029500000487047D812002010B4034CD4F8E0406F
:10296000A4465DF8044B604764110020034649B15A
:10297000FF2A02D801200A7070478A224FF0FF30E8
:102980001A6070470846704738B50C4684461146B1
:10299000074D1A460023204664462B60E0F754FE9C
:1029A000431C00D038BD2B68002BFBD0236038BD02
:1029B000106C02202DE9F04F0C4697B090461E4651
:1029C000054618B1436B002B00F01181A38903F475
:1029D0008473B3F5847F00F0E280D4F82890B9F1D5
:1029E000000F00F03581012E42D036F0020706D0EC
:1029F00016232B604FF0FF3017B0BDE8F08F22692F
:102A0000BA46002A57D0B4F90C3040F61A021342E5
:102A100007D159056DD4904A914551D043F40063D4
:102A2000A38121462846F7F743F90028E2D133462F
:102A30004246E1692846C8470130DBD0216B41B1ED
:102A400004F14003994202D02846F8F7B3FD002371
:102A50002363A38900212069082223F40263C4E9C7
:102A60000001A38104F15C00F5F770FC0020C3E7CE
:102A700021462846F7F71CF9B4F90C3013F48052BC
:102A800040F092803346E1692846C847431C074618
:102A9000B0D0B4F90C3022695E0740F18A806368D7
:102AA000FF1A236B0BB1E36BFF1AB8444FF0010A16
:102AB0000026002AA7D121462846FEF793FFA2E769
:102AC000B4F90E100029A9DB6A46284600F0BAFACC
:102AD000002840F09F80019B03F47042B4F90C3051
:102AE000B2F5004F9AD143F48063A3814FF4806321
:102AF000E364002E67D1C346BAF1000F72D1A389F7
:102B0000DA047ED5206D6268216B871A002971D0A6
:102B1000E36BFF1A17442069A26B121ABF1A134401
:102B2000BB4502DBFA185A4577D8E76C0023E16908
:102B300028467F4207EA0B073A46C84701303FF470
:102B400070AF0023216B63602369236041B104F1FE
:102B50004003994202D02846F8F72CFD0023236356
:102B6000A389BBEB070B23F02003A38110D02146E0
:102B70002846FAF785F900287FF453AF63685B4570
:102B8000FFF44FAF2268A3EB0B035A44C4E90023C0
:102B90000822002104F15C00F5F7D8FB66E7214626
:102BA0002846F7F785F818E75E07276D22693FF595
:102BB00076AF18077FF579AF2368002B3FF475AF28
:102BC0009B1A1F4471E76A46B4F90E10284600F0BC
:102BD00039FA00287FF425AF049B08EB030BBAF108
:102BE000000F8CD0216B626821B1E36B92E7FBF799
:102BF0004FFAEBE62368002120691B1AFF1A1344E1
:102C00008EE701235246E1692846C847431C7FF4FA
:102C10007AAF06E7B4F90C3000E7ABEB07073844AE
:102C2000DB1BC4E9000341B104F14003994202D027
:102C30002846F8F7BFFC00232363A389082200215C
:102C400004F15C0023F02003A381F5F77FFB0DE77F
:102C50001D232B60CEE600BF59CD011010B4044CEB
:102C600013460A46014620685DF8044BFFF7A2BEF2
:102C7000200C00202DE9F0470446FFF769FE40F2E2
:102C8000B1739C4240F3AD806FF4F66786465E4AAE
:102C9000A4F26D7304EB070CA4F2B271446040F22D
:102CA0006D104FEAAC0C6FF4C8690EF1500500FBD3
:102CB00001CC82FB0301DB175448A3EB61139C4456
:102CC00004EB0903A2FB032372460CEBD31C117A1D
:102CD00053694A2922D044293FD16344916928325B
:102CE0001768CE17C3FB0016C91946EBE776954265
:102CF00042E90216EBD1DEF82000DEF84810DEF8DB
:102D000024308842DEF84C204FF001009341B4BFDC
:102D100003460023CEF80030BDE8F087A6070CEB91
:102D200003010ED13A4F3B4E07FB046607F1804783
:102D3000013FB7EBB60F04D23B2BC8BF01314B1E8E
:102D4000CCE7334F334E07FB0466334FB7EB361FE8
:102D5000F5D33B2BC8BF0131F1E7A10744D02A4E80
:102D600086FB0416E117C1EBE6114FF4C87606FBAB
:102D7000114100290CBF4FF030084FF000082749DF
:102D80008844D16801293CDD4FEA810A6646A8F1F2
:102D90000401AAF10809C14451F8047F89453E4461
:102DA000FAD1AAF104018844311D1D4F87FB017936
:102DB000CF178944C7EBA907C7EBC707C91BD8F8CA
:102DC0000070591A136903F1FF3348BF0731C3EB91
:102DD000C3030B44BB4202DB073BBB42FCDA334478
:102DE0007CE70020BDE8F087094E0A4906FB041184
:102DF00006F18046013EB6EBB10FB0D24FF030087D
:102E0000BDE76646D0E700BF1F85EB51805101004A
:102E1000295C8FC250B81E050AD7A300986902101A
:102E20009324499270B4164D2C681CB365681F2D0D
:102E300023DC38B96B1C00200235636044F8251090
:102E400070BC704704EB850C0228CCF888204FF04A
:102E50000102D4F8886102FA05F246EA0206C4F8D3
:102E60008861CCF80831E5D1D4F88C311343C4F82B
:102E70008C31DFE7034C2C60D8E74FF0FF30DFE701
:102E8000C06D0220146C0220F8B55B4A0C4600238A
:102E9000D0E9000100F0C0FC002AC0F2A580574D27
:102EA000054457494FF46163A1FB0201C90A03FBC2
:102EB0001122544BA160A3FB0213E91C5B09636060
:102EC000C3EB0313A2EB83024F4B226083FB01325F
:102ED000CB170A44C3EBA203C3EBC303CB1A78D4CA
:102EE000002DA36177DB494BE91783FB0523C1EB79
:102EF000E3314748474A00FB0150474E8308A2FB95
:102F00000352A6FB0353454D00EBD222A2EBD31292
:102F10000309A5FB0353424DA2EB1312A5FB023597
:102F20009308521BA6FB036305EB52023D4DDB09E0
:102F3000120AA5FB0265C3EB55133B4D034440F257
:102F40006D1000FB123303EB83000230A5FB00651C
:102F500040F2F956ED09B04205EBC5008CBF6FF0A9
:102F60000906022600EB00103544304E0230A6FB65
:102F700000604FF4C87606FB01215E1C012D98BF4E
:102F80000131B3F5997FA6EB90000BD3A3F59973AC
:102F9000A1F26C71E3610023E06020462362C4E982
:102FA0000451F8BD96070BD0214E06FB02F2214ECC
:102FB000B6EB321F2CBF012200223B331344E7E75C
:102FC0001B4E1D4F02FB06F6B7EBB60FECD20122EB
:102FD000F3E70733A36119490C4B294483FB012311
:102FE000C917C1EBE33184E702F5A832144D02F5AD
:102FF000C072054455E700BF805101006CFA0A0019
:10300000C5B3A2918988888893244992BD066B39FB
:103010004FC5FDFF7F206B39D97CC65941D6720060
:1030200061F319671F85EB51D7802BD6CDCCCCCC63
:10303000295C8FC20AD7A300285C8F0250C5FDFF10
:103040006BFA0A0070B50C460346084D0026204670
:1030500011461C462E60E0F7FBFA431C00D070BD01
:103060002B68002BFBD0236070BD00BF106C0220CA
:1030700038B50022064D044608462A60E0F7ECFA0F
:10308000431C00D038BD2B68002BFBD0236038BD1B
:10309000106C022010B504688646013409E014F86B
:1030A000013BA3F1410CBCF1190F98BF20339342AF
:1030B00007D111F8012B002AF1D10120CEF80040F0
:1030C00010BD002010BD00BF09682DE9F04F4B1165
:1030D00085B011F01F01044602EB8303029140F01A
:1030E0009A80181F19462568002641F8046C01359E
:1030F0002B78002B00F0A780B44601910646864647
:10310000DFF88081E1466746E346AA46014603941C
:1031100018F8030000285CD1202B00F28E804F4568
:1031200020DD76451AD9BCF1070F17DCCCF1080475
:10313000DEF800307046CDF800E0A400C4F1200CA9
:10314000A646446804FA0CF51D4324FA0EF3056004
:1031500040F8043F8642F4D8DDF800E0724551D3D0
:103160004FF0080C1AF8013F002BD1D10846019905
:10317000002F68D0B64502D2BCF1070F67DD72455B
:103180004CD2141F734653F8045B834244F8045F27
:10319000F9D9A0EB0E03441C0EF1010E23F003033A
:1031A0000433A64588BF04230024134443F8044B8A
:1031B0008342FBD951F8044C1CB106E050F8043DA1
:1031C0001BB98242FAD101230360052005B0BDE896
:1031D000F08F0CF1010C0137BCF1080F08DCDEF8B0
:1031E00000301B0100F00F001843CEF80000B9E7D3
:1031F0007245B7D24EF804BC0023AEF1040E4FF076
:10320000010CEFE7AEF104064EF804BCB9464FF0EE
:10321000000CB646A6E7191D184664E7029B51F854
:10322000044C002BC8D0C3F120034FF0FF3525FA22
:1032300003F31C4041F8044CBEE7292B08465546D1
:103240000199039C1BD0042005B0BDE8F08FCCF1A0
:103250000803DEF8004077469B002546C3F12008AE
:103260009C467B6803FA08F42C4323FA0CF53C6077
:1032700047F8045FBE42F4D8724582D3CEE70135E9
:10328000256075E79868021000200149704700BF6B
:103290000000F87F2DE9F04F05468FB0FFF758FB8F
:1032A000BE4904462846F9F7A7FE8046002800F0EC
:1032B0003181BB4E316821B1FEF782FC002841D03C
:1032C00031680846DEF718FE4046FBF7B5F90146BF
:1032D00028460131F6F700FE306010B14146FCF798
:1032E00045FAB04A0023B04DB04EB14F3360A362EF
:1032F00023653B60C5E900224A22C4E90333C4E9DF
:103300000533C4E90D33C4E90F332272002384F876
:1033100030200022C4E90823C4E9122398F80030C1
:103320003A2B12D03C2B16D00DF1300BA14AA249FA
:1033300040465B4600F00AFA002803DD0C98C21EE6
:10334000072A1ED90FB0BDE8F08F98F8013008F1B8
:1033500001083C2BE8D108F101090DF1300B954A29
:1033600096495B46484600F0F1F90028EADD0C98E2
:10337000C21E072AE6D819F800203E2AE2D108F139
:10338000020818F8002008EB00092D2A00F0E98057
:103390002B2A4FF0010808BF09F101090AAB0022EE
:1033A0008749484602930DF12603ADF82620009385
:1033B0005B46ADF8282009AACDF80CB0CDF804B0D2
:1033C00000F0C4F90028BDDDBDF826204FF4616C83
:1033D000BDF82400C2EB0211BDF8282002EB8102E7
:1033E0000C990CFB002208FB02F319F80120894418
:1033F0003C2A059300F0E8806E4B48466E490C333A
:103400001A4606935B4600F0A1F9002840F3FA80C3
:103410000C9AD11E072995D819F8021009EB020859
:103420002D2900F0A3802B294FF0010908BF08F1D6
:1034300001080AAB002262494046ADF82420ADF8ED
:103440002620ADF828200C9209AACDF80CB0CDE9C1
:1034500001B30DF1260300935B4600F077F90028D5
:1034600040F3E480BDF826204FF46160C2EB021106
:10347000BDF8282002EB8102BDF8241000FB0122D8
:1034800009FB02F20C990023A24607928844049398
:1034900098F80090B9F12C0F03D198F8019008F139
:1034A0000108B9F14D0F00F0C580B9F14A0F4FF096
:1034B0000A020DA90CBF08F101084FF0440940466B
:1034C000FFF71EF80D9BADF82E00434500F0A180DC
:1034D00080B28AF80890CAF8140098464FF00009A4
:1034E0004FF00203ADF82690ADF82430ADF82890E7
:1034F000CDF8309098F800302F2B00F0C8804FF4B2
:10350000E153CAF818300AF1280A049B9BBB012337
:103510000493BDE72B4A4A21234B2448204DC0F891
:103520000080C4F82880286884F83010C4F85080DF
:10353000C3E90022002200232172C4E90823C4E960
:1035400012231B4BC4E90388C4E90588C4E90D882C
:10355000C4E90F88C3F80080DEF7CEFCC5F8008010
:10356000F0E609F101094FF0FF3817E708F101080B
:103570004FF0FF395DE7059B079AA3620D4B22656B
:103580002B60069B60686B60FFF774FBA26A236D7B
:1035900032609B1A18BF01233B60D3E6AC47021090
:1035A000A46D0220083B021030130020086C02209A
:1035B0000C6C0220A86D0220C4470210B047021014
:1035C000D4470210A8470210514B09F1010A514992
:1035D0000C3350461A4606935B4600F0B7F80028B5
:1035E0000CDD0C9AD11E07293FF6ACAE1AF802107A
:1035F0003E297FF4A7AE09F102090DE799F80120F1
:103600003E2AEED1424BC5E90033059BA3623360ED
:1036100098E6049A002A5BD04D220B2184F83020D2
:103620000122C4E90D120022E26356E7059BA3F5CF
:10363000616227E70DF12E030DF12A02364940465B
:1036400002930BABCDF80CB000935B46CDF804B001
:1036500000F07CF803287FF475AEBDF82A305A1EBE
:103660000B2A3FF66FAEBDF82C20511E04293FF601
:1036700069AEBDF82E1006293FF664AE8AF80890B0
:10368000CAF81410CAE903320C9B984426E70AAB27
:1036900009AA22494046CDF80CB0CDE901B30DF19D
:1036A000260300935B4600F051F8484518DDBDF84D
:1036B00026304FF46161C3EB0312BDF8283003EBF1
:1036C0008203BDF8242001FB02330C9A904418E7D2
:1036D00062614D22032022720222C4E90302FCE649
:1036E0004A2100220023C4F82890217284F8301067
:1036F000C4F85090C4E90399C4E90599C4E90823C2
:10370000C4E90D99C4E90F99C4E912231AE600BF70
:10371000A86D0220B0470210E8470210FC470210D3
:1037200010B50446FAF7DCFC2046FFF7B3FDBDE810
:103730001040FAF7D7BC00BF024B13B10248FAF7AA
:1037400053BE70470000000061FA01100EB470B55E
:103750009DB000254FF4017221AC1B95ADF81420EB
:1037600054F8046B02900690FAF766FF0B49034683
:103770004FF6FF7032460A910949ADF816000393DF
:1037800007932346086802A90E9513950194FBF749
:103790002DF81DB0BDE8704003B0704715CD011085
:1037A000200C00200CB4F0B59DB000254FF401733F
:1037B000064622AC0846ADF8143054F8047B1B953D
:1037C00002910691FAF738FF0B4903460E953A46E7
:1037D00013954FF6FF7503933046079323460A91DE
:1037E00002A9ADF816500194FBF700F81DB0BDE832
:1037F000F04002B0704700BF15CD0110F8B500BF12
:103800005FF800F0790600205FF800F0C90700209B
:103810005FF800F0ED0100205FF800F029070020BC
:103820005FF800F0290200205FF800F0210300207B
:103830005FF800F0810100205FF800F091020020A5
:10384000B117001025170010591700104518001067
:1038500091170010A9160010D91700109516001026
:10386000C9090010DD170010410D0010F5160010F9
:10387000C51700107517001011060010390600104A
:08388000393702105502001057
:103888007069636F63616C635F7472735F736361A4
:1038980066666F6C640000005049434F43414C43D7
:1038A8005F5452535F524F4D00000000726F6D73AA
:1038B8002F6D6F64656C332E726F6D00496E69747D
:1038C80069616C697A696E67205069636F43616CDE
:1038D80063205452532073636166666F6C642E2EA6
:1038E8002E000000546172676574206D6163686919
:1038F8006E653A205452532D3830204D6F64656CF4
:103908002049494900000000524F4D2070617468F9
:103918003A2025730A000000524F4D2066696C65F5
:10392800206E6F7420666F756E643B2073686F77C6
:10393800696E67206F6E2D73637265656E20696EA0
:10394800737472756374696F6E732E005452532DBD
:103958003830204D6F64656C2049494920524F4DDD
:10396800204D697373696E670000000050757420FC
:1039780074686520524F4D2061743A002F726F6D44
:10398800732F6D6F64656C332E726F6D00000000CD
:10399800416C736F2061636365707465643A0000FD
:1039A800726F6D732F74727338306D332E726F6D42
:1039B800000000005344206465746563743A20670E
:1039C80070696F3D25642070726573656E743D255E
:1039D8006400000050726F62653A20257320282524
:1039E80064290000506F776572206379636C6520E5
:1039F800616674657220636F7079696E672E000066
:103A08004D6F64656C20494949207265736574205F
:103A18007061746820636F6D706C657465642E00E6
:103A28005374617274696E6720656D756C61746F2B
:103A3800722072756E206C6F6F702E2E2E00000033
:103A48007364636172642F726F6D732F6D6F646539
:103A58006C332E726F6D00000A2A2A2A2050414EBC
:103A68004943202A2A2A0A004861726477617265EC
:103A780020616C61726D20256420616C72656164DF
:103A88007920636C61696D65640000004861726447
:103A980020617373657274004F7574206F66206DB2
:103AA800656D6F727900000052656C656173650021
:103AB800626F6F74325F77323571303830000000D2
:103AC800322E322E300000007069636F3200000021
:103AD800417072202037203230323600666E692BF2
:103AE80000000000666E69006E616E00666E692DEA
:103AF800000000002C2066756E6374696F6E3A20B2
:103B080000000000617373657274696F6E2022256E
:103B18007322206661696C65643A2066696C652069
:103B2800222573222C206C696E6520256425732557
:103B3800730A00005541525420737464696E000082
:103B480055415254207374646F7574005541525432
:103B580020737464696E202F207374646F75740009
:103B6800756E737570706F72746564204544206952
:103B78006E737472756374696F6E3A203078255865
:103B880000000000756E6B6E6F776E206D656D5F5F
:103B980062616E6B20636F6D6D616E6420256400D9
:103BA8002573205B64656275675D20002573205B63
:103BB8004552524F525D20002573205B46415441C7
:103BC8004C5D2000203A2025730A000050726F6C6B
:103BD8006F676963612043502D3530300000000065
:103BE80050726F6C6F676963612043502D353030B8
:103BF800204D383000000000417374657220435432
:103C08002D3830004541434120454720333230307C
:103C18002047656E6965204949490000544353208F
:103C280047656E6965204949497300004C4E572025
:103C38005265736561726368204C4E5738302F495E
:103C4800490000005443532053706565644D617307
:103C5800746572005B50433D253034585D204350F5
:103C68002D3530303A20706F72743D3078463420EC
:103C7800413D30782530325820756E696D706C651D
:103C88006D656E7465640A0077620000736176651D
:103C98002053746174653A202725732700000000BB
:103CA800726200006661696C656420746F206765E4
:103CB800742053746174652042616E6E657220666B
:103CC800726F6D202725732700000000756E7375CD
:103CD80070706F727465642076657273696F6E2098
:103CE8002564206F662053746174652066696C656D
:103CF80020272573270000006C6F616420537461CE
:103D080074653A20272573270000000025323066A5
:103D180000000000256600006C6F616420524F4D62
:103D28002066696C653A202725732700524F4D207D
:103D380066696C652027257327206E6F7420696E6D
:103D480020496E74656C2068657820666F726D61B5
:103D5800740000004D4F44454C412F4949492066A5
:103D6800696C6520272573272073697A6520256487
:103D78002065786365656473203134204B42000008
:103D8800656E74727920706F696E74206F66202773
:103D98002573273A203078255820282564290A00D9
:103DA800756E6B6E6F776E20434D4420666F726D33
:103DB80061743A2027257327000000006C6F616446
:103DC80020434D442066696C653A202725732700F7
:103DD8007472735F65786974282564290A00000085
:103DE8002F000000556E6B6E6F776E206572726FD4
:103DF8007200000053756363657373004E6F205340
:103E08004420636172642070726573656E7400008B
:103E18005344206361726420696E697469616C69D6
:103E28007A6174696F6E206661696C656400000070
:103E380052656164206F7065726174696F6E206687
:103E480061696C65640000005772697465206F7061
:103E580065726174696F6E206661696C65640000E3
:103E6800496E76616C6964205344206361726420F2
:103E7800666F726D6174000046696C6520737973B2
:103E880074656D206E6F74206D6F756E7465640057
:103E980046696C65206E6F7420666F756E640000ED
:103EA800496E76616C696420706174680000000076
:103EB8004E6F742061206469726563746F72790053
:103EC8004E6F7420612066696C65000044697265F4
:103ED80063746F7279206E6F7420656D70747900E9
:103EE8004469726563746F7279206E6F7420666FAF
:103EF800756E64004469736B2066756C6C00000015
:103F080046696C6520616C726561647920657869C1
:103F180073747300496E76616C69642066696C65B8
:103F280020706F736974696F6E000000496E766166
:103F38006C696420706172616D657465720000005F
:103F4800496E76616C696420736563746F7220735F
:103F5800697A6500496E76616C696420636C757373
:103F68007465722073697A6500000000496E766195
:103F78006C6964204641542073697A65000000002A
:103F8800496E76616C6964207265736572766564E2
:103F980020736563746F7273000000001B5B3F3110
:103FA8003B6300001B5B306E000000001B5B256458
:103FB8003B25645200000000494E4600696E6600C9
:103FC8004E414E003031323334353637383941427C
:103FD800434445460000000030313233343536372B
:103FE800383961626364656600000000286E756C8C
:103FF8006C290000496E66696E69747900000000DA
:104008004E614E0042616C6C6F632073756363652B
:1040180065646564000000002E2E2F2E2E2F2E2E94
:104028002F2E2E2F2E2E2F2E2E2F6E65776C696237
:104038002F6C6962632F7374646C69622F64746F88
:10404800612E630065256C64000000004E6F7420CB
:104058006F776E65720000004E6F2073756368207D
:1040680066696C65206F72206469726563746F722B
:10407800790000004E6F20737563682070726F635B
:1040880065737300496E7465727275707465642027
:1040980073797374656D2063616C6C00492F4F20D0
:1040A8006572726F720000004E6F2073756368202E
:1040B800646576696365206F7220616464726573F4
:1040C80073000000417267206C69737420746F6F0D
:1040D800206C6F6E670000004578656320666F721C
:1040E8006D6174206572726F72000000536F636BAC
:1040F800657420616C726561647920636F6E6E65AA
:1041080063746564000000004261642066696C6540
:10411800206E756D626572004E6F206368696C640D
:1041280072656E0044657374696E6174696F6E20A0
:104138006164647265737320726571756972656410
:10414800000000004E6F206D6F72652070726F6303
:1041580065737365730000004E6F7420656E6F752C
:104168006768207370616365000000005065726DB8
:10417800697373696F6E2064656E69656400000019
:104188004261642061646472657373004465766992
:104198006365206F72207265736F75726365206244
:1041A8007573790046696C65206578697374730066
:1041B80043726F73732D646576696365206C696EED
:1041C8006B0000004E6F2073756368206465766924
:1041D80063650000486F737420697320646F776E9D
:1041E80000000000436F6E6E656374696F6E206136
:1041F8006C726561647920696E2070726F67726590
:104208007373000049732061206469726563746F79
:1042180072790000496E76616C6964206172677515
:104228006D656E74000000004E6574776F726B20C8
:10423800696E74657266616365206973206E6F7458
:1042480020636F6E6669677572656400436F6E6E92
:10425800656374696F6E2061626F72746564206251
:1042680079206E6574776F726B000000546F6F2051
:104278006D616E79206F70656E2066696C6573205C
:10428800696E2073797374656D00000046696C650A
:104298002064657363726970746F722076616C75DF
:1042A8006520746F6F206C61726765004E6F7420B3
:1042B8006120636861726163746572206465766900
:1042C80063650000546578742066696C65206275C2
:1042D8007379000046696C6520746F6F206C617299
:1042E80067650000486F737420697320756E726586
:1042F80061636861626C65004E6F2073706163650D
:10430800206C656674206F6E20646576696365004D
:104318004E6F7420737570706F727465640000005E
:10432800496C6C6567616C207365656B0000000003
:10433800526561642D6F6E6C792066696C652073B7
:10434800797374656D000000546F6F206D616E792C
:10435800206C696E6B73000042726F6B656E207023
:10436800697065004D617468656D61746963732077
:10437800617267756D656E74206F7574206F662045
:10438800646F6D61696E206F662066756E6374690F
:104398006F6E0000526573756C7420746F6F206CBB
:1043A80061726765000000004E6F206D6573736170
:1043B8006765206F66206465736972656420747927
:1043C800706500004964656E74696669657220727B
:1043D800656D6F7665640000496C6C6567616C207B
:1043E800627974652073657175656E636500000098
:1043F800446561646C6F636B000000004E65747700
:104408006F726B20697320756E7265616368616293
:104418006C6500004E6F206C6F636B004E6F7420EC
:10442800612073747265616D0000000053747265D9
:10443800616D20696F63746C2074696D656F757444
:10444800000000004E6F2073747265616D20726504
:10445800736F7572636573005669727475616C2049
:104468006369726375697420697320676F6E65008C
:1044780050726F746F636F6C206572726F72000098
:10448800556E6B6E6F776E2070726F746F636F6CA2
:10449800000000004D756C7469686F702061747459
:1044A800656D707465640000426164206D657373A6
:1044B8006167650046756E6374696F6E206E6F7410
:1044C80020696D706C656D656E7465640000000030
:1044D80046696C65206F722070617468206E616D2A
:1044E8006520746F6F206C6F6E670000546F6F20CB
:1044F8006D616E792073796D626F6C6963206C6988
:104508006E6B73004E6F20627566666572207370FD
:1045180061636520617661696C61626C65000000A9
:104528004E6F206461746100416464726573732026
:1045380066616D696C79206E6F7420737570706F29
:10454800727465642062792070726F746F636F6C27
:104558002066616D696C790050726F746F636F6C5F
:104568002077726F6E67207479706520666F72208D
:10457800736F636B65740000536F636B6574206FB2
:104588007065726174696F6E206F6E206E6F6E2D2C
:10459800736F636B6574000050726F746F636F6C38
:1045A800206E6F7420617661696C61626C650000D1
:1045B800436F6E6E656374696F6E2072656675739E
:1045C80065640000436F6E6E656374696F6E207278
:1045D800657365742062792070656572000000005B
:1045E8004164647265737320616C726561647920DB
:1045F800696E207573650000416464726573732089
:104608006E6F7420617661696C61626C6500000090
:10461800536F667477617265206361757365642092
:10462800636F6E6E656374696F6E2061626F72741A
:1046380000000000536F636B6574206973206E6F10
:104648007420636F6E6E656374656400536F636B8B
:10465800657420697320616C726561647920636F89
:104668006E6E6563746564004F7065726174696F1E
:104678006E2063616E63656C6564000053746174D9
:1046880065206E6F74207265636F76657261626C07
:104698006500000050726576696F7573206F776EDC
:1046A80065722064696564004F7065726174696F32
:1046B8006E206E6F7420737570706F7274656420ED
:1046C8006F6E20736F636B657400000056616C75C4
:1046D8006520746F6F206C6172676520666F722049
:1046E800646566696E6564206461746120747970BC
:1046F800650000004D65737361676520746F6F20F6
:104708006C6F6E6700000000436F6E6E65637469BE
:104718006F6E2074696D6564206F75740000000009
:104728002E2E2F2E2E2F2E2E2F2E2E2F2E2E2F2E9C
:104738002E2F6E65776C69622F6C6962632F7374B4
:10474800646C69622F6D707265632E6300000000EF
:104758006E660000696E697479000000616E000081
:1047680043000000504F5349580000002E2E2F2EB2
:104778002E2F2E2E2F2E2E2F2E2E2F2E2E2F6E65D5
:10478800776C69622F6C6962632F7374646C6962F9
:104798002F6764746F612D6765746865782E630090
:1047A800474D5400545A00002531315B2D2B302DD4
:1047B80039412D5A612D7A5D256E00002531315B16
:1047C800412D5A612D7A5D256E00000025687525FA
:1047D8006E3A256875256E3A256875256E000000C5
:1047E8004D256875256E2E256875256E2E256875EC
:1047F800256E00002F256875256E3A256875256E8B
:104808003A256875256E0000B4380210A8390210E0
:10481800483A021084390210FFFFFFFFFFFFFF7FB5
:1048280006005250D3F07542B03A021006005250BA
:10483800E182887FB83A021006005250ABB3605349
:10484800C83A021006005250BBFF3CB6D03A0210DC
:1048580006005250861C0302883802100600525087
:104868005422A29DD83A021005005250DE65F46821
:104878006C7C021000000000000000000000F03F07
:104888000000000000002440000000000000594023
:104898000000000000408F40000000000088C34076
:1048A80000000000006AF8400000000080842E41EB
:1048B80000000000D01263410000000084D7974137
:1048C8000000000065CDCD410D0A000006005250E1
:1048D80053B4F4A1543B02100800525012000000D7
:1048E8000800525092100000001010100000001034
:1048F8000081018504800081000010001000101064
:104908000084018001800581010000000000010091
:10491800000001000100000000000100010000008B
:10492800010000000000010000000100010000007B
:10493800010000000000010001000000000001006B
:10494800000001000100000000000100010000005B
:10495800010000000000010001000000000001004B
:10496800000001000100000001000000000001003B
:10497800000001000100000000000100010000002B
:10498800010000000000010000000100010000001B
:10499800010000000000010001000000000001000B
:1049A80000000100010000000100000000000100FB
:1049B80000000100010000000000010001000000EB
:1049C80001000000000001000100000000000100DB
:1049D80000000100010000000000010001000000CB
:1049E80001000000000001000000010001000000BB
:1049F80001000000000001000100000000000100AB
:104A0800000001000100000000000100010000009A
:104A1800010000000000010001000000000001008A
:104A2800000001000100000001000000000001007A
:104A3800000001000100000000000100010000006A
:104A4800010000000000010001000000000001005A
:104A5800000001000100000000000100010000004A
:104A6800010000000000010000000100010000003A
:104A7800010000000000010001000000000001002A
:104A8800000001000100000001000000000001001A
:104A9800000001000100000000000100010000000A
:104AA80001000000000001000000010001000000FA
:104AB80001000000000001000100000000000100EA
:104AC80000000100010000000000010001000000DA
:104AD80001000000000001000100000000000100CA
:104AE80000000100010000000100000000000100BA
:104AF80000000100010000000000010001000000AA
:104B0800010000000000010000000000000000009B
:104B1800000000000000000002000000D43B02106A
:104B2800300000000100000004000000E83B021013
:104B3800400000000200000008000000003C0210D5
:104B4800400000000C000000100000000C3C0210A7
:104B5800400000000A00000020000000243C021071
:104B6800000100000B00000040000000343C02106F
:104B7800600000000D000000800000004C3C0210A6
:104B8800400000000E000000E3C20140E3C2814083
:104B98009C33A240E3C2014153444C545253205326
:104BA8007461746520536176652046696C65000000
:104BB800F3C3000100000000000000000000000036
:104BC80000000000000000000000000000000000DD
:104BD80000000000000000000000000000000000CD
:104BE80000000000000000000000000000000000BD
:104BF80000000000000000000000000000000000AD
:104C0800000000000000000000000000000000009C
:104C1800000000000000C3000100000000000000C8
:104C2800000000000000000000000000000000007C
:104C3800000000000000000000000000000000006C
:104C4800000000000000000000000000000000005C
:104C5800000000000000000000000000000000004C
:104C6800000000000000000000000000000000003C
:104C7800000000000000000000000000000000002C
:104C8800000000000000000000000000000000001C
:104C9800000000000000000000000000000000000C
:104CA80000000000000000000000000000000000FC
:104CB800F321420111C03D3E61121AFE6128032111
:104CC8007201013000EDB03E05ED3C3E3085FE3509
:104CD800281632F03DFE34280218FE21A2011100E8
:104CE8003E012B00EDB018FE21F03D36342336503E
:104CF80018FE596F7520646F206E6F742068617696
:104D080065206120524F4D20696D61676520696E8D
:104D18007374616C6C656420666F72204D6F646596
:104D28006C20594F5520444F204E4F54204841562F
:104D380045204120524F4D20494D41474520494E7D
:104D48005354414C4C454420464F52204D4F444506
:104D58004C20284D6F64656C2034206D6F6465208D
:104D680072657175697265732061204D6F64656C39
:104D7800203320524F4D20696D616765290000007E
:104D8800C34232C3DA32C35C33C36D33C38233C325
:104D98007F34C387342AE640C31E1DC36534C32A43
:104DA80033C36E33C35F32C36433C39A34C3D23060
:104DB800C37930003C3C3C3C3C3C321A40218230B8
:104DC8002204402AB14036192B36972B36C32B368E
:104DD800F02B22B14021A234CD7935113200CD8398
:104DE8001E3A1A40ED44280E215C37221640C606AA
:104DF8004FFE05C25531C32B1ACDF81A2AA4402BF1
:104E08001896E37DFE5B20037CFE1DE3C2781DD768
:104E1800F5E6DFFE402802F1C9F1F1D72805FE23A7
:104E28002016D72863CD1C2BF5FE08302FCD8734EC
:104E3800C24A1EF17ECA1E1D111530D5FEAD284589
:104E4800FEA7CA5231FEBB281D22E6402AB14023E4
:104E580023E9D70E002809CD1C2BFE64D24A1E4F29
:104E680022E64079B7C9CDD23021C534CD79356134
:104E7800CD5F32F5E6B72009CDAF0F21CE34CD791D
:104E880035F1C3FE31CDD230281C2BD7281BCF2CAF
:104E9800CD4731D5CF2CCD4731D51115302819CF75
:104EA8002CCD47312812C39719CDF81A23ED5BA4EE
:104EB80040ED52D5E511000021D634CD793579C1C0
:104EC800E1CD8233C3FB31C5CD022B2BD7C122E6FE
:104ED80040C9CDD23021DF34CD79352AA4401164C0
:104EE8000019ED5BA040ED52E52AA240237CB528CD
:104EF8000B2AA440ED5BF94037ED52E3FDE12100B8
:104F080000E5612EFF79B720016FCD3437CD4936E2
:104F180020687AB728F7FA8D3194A520F0CD0B37A1
:104F28002058C0C062E5DDE1E5E100CD0B37204A3D
:104F3800627AB5283CE5FDE1E5E1CD0B37203B5D24
:104F4800E1193848D5D5E1CDA536202ED1FDE5E1CA
:104F58007DB420102AA240237CB5211132280E21CD
:104F6800793018093A8038B72803211C32E3AF1882
:104F78000A00FDE3DD2AA44018C0E1CD253721371A
:104F880035CA7935CD3C351E2AC3A2193E20B7183B
:104F9800EADD22F9402AA440E5C3E81A213135CDDB
:104FA8007935DDE5E1AFED52D5CDAF0F3E2CCD2AF9
:104FB80003E1CDAF0F3E2CCD2A03FDE5E1CDAF0FC8
:104FC80018C5C5D5CD3437CD4B373A4038E6040F30
:104FD8002007ED78E60428F2AFCD2537D1C1C9C541
:104FE800D5CD3337E601206C7CFE023018CD423235
:104FF80020623E85321A40ED79CD4B372EFFCD86A3
:105008003520511809CD4936204A7A8420F70610F0
:1050180010FE2E80CD9235C2D4321E5A26FF54CDB2
:105028001936CA9C320601CD19361DC2A5320601B1
:10503800ED41CD4936201D7ABD20F721FFFF23ED34
:1050480078E604200DCDCD36C2D232F5F1143E08F3
:1050580028ECE6FBCD2537D1C1C9DDE5D5E5DDE195
:10506800E5FDE5C5792F4F782F47C5FDE1CD3437EC
:10507800CD493620257AB73E04201FDD7E00CD0BB2
:1050880037201762EBFD19EB381BD800E5E1CDA5F9
:10509800362007D1FD19FD23FDE5CD2537C1FDE1FA
:1050A800E1D1DDE1C93E20B718F0DDE5E5DDE1E558
:1050B800D5C5CD333720172E00CD92352010E1E528
:1050C800DD7E00CD3B36200600E1E5CDC735CD2598
:1050D80037E1D1E5CC4D37C1E1DDE1C9D5163DCD8C
:1050E8002A33D1C9F578B1C45C33F118013DC5D56F
:1050F800E52FF6806FCD3337CC8635CD2537E1D116
:10510800C1C9DDE5FDE5E5D5C5E5DDE1E56FE5D539
:10511800FDE1C5CD33372024CD4936201F7A8520BF
:10512800F7061010FECD92352012ED5ADDE5E1CDDF
:105138003B362008ED5AFDE5E1CD3B36206FED5AB0
:10514800ED5AE1CD3B362066E5E100CDC735205E5E
:10515800E1DDE17D2F6FCD863520557D2F6F3E0136
:10516800ED79CD493620497ABD20F7C0E5E1CD0B70
:1051780037203DC0007DDDE5E1BD20657ABC2061BA
:10518800CD0B37202BC0007DFDE5E1BD20537ABC57
:10519800204FCD0B372019C0C0E5E17DE1E5BD20EA
:1051A800407ABC203CCDCD362006C0180EE1E1E1A6
:1051B800CD2537C1D1E1FDE1DDE1C9DD7E00BA20B1
:1051C80020DD232B7CB5C22534CDCD3620E2060662
:1051D80010FECDCD3620D93A1A40B728023E0A181B
:1051E800CF3E4018CBC5D5F5CD3437CD493620054F
:1051F800F1F58220F6CD2537D1D1CC4D37C1C9D5AF
:10520800163DCD6534D1C9C5F6F04FED78E608797D
:10521800C1C0E52AB1402377E1C9E5F5CD3C35F1B8
:10522800E1C945584154524F4E20535452494E47B4
:105238005920464C4F5050592056455253494F4ECD
:1052480020342E318D45524153494E472EAE2042CF
:10525800595445532EAE57524954494E472EAE52D3
:10526800454144494E472EAE5645524946D95041CC
:10527800524954D9434845434B5355CD4F55542073
:105288004F46204D454D4F52D95441504520544F1B
:105298004F2053484F52D457524954452D50524FDE
:1052A80054454354454480454FC6204552524F52B9
:1052B8008D425245414B8D444F4E458DCB4721176A
:1052C800352030CB4F213135202FCB5721093520C0
:1052D80022CB5F21EE34201BCB6721F4342014CB82
:1052E8006F21FC34200DCB7721E8342006212735A7
:1052F800CB7FC8CD7935212A357E23F5E67FCD2AA7
:1053080003F11730F4C9CD9235C0C0060410FEC3AE
:105318003B363E85321A40ED79CD4B37C0CD143639
:10532800C0001800CD1936C0C0060410FE3A1A4055
:10533800E67FED79000006051616CDEC35C0555808
:105348000604C3EA350000DD5600CDEE35C0DD2386
:105358002B7CB520F0C00601979357CDEC35C0C023
:10536800000604CDEC35C0C00605000010FE3A1A50
:1053780040ED797A835F060823CD14362BC0C0062A
:105388000210FE3A1A40F680321A40E67FED79AFF5
:10539800C9DD7E00ED78E605C0C53A1A40CB0A3073
:1053A80016EE80ED79EE800000BF060610FE321A78
:1053B80040ED79C110DBC900C3253655CDEE35C0A7
:1053C800000000540604C3EC35CD5E36C07AD6160C
:1053D800C249363CCD1937CDCD36321A40C90614EC
:1053E800CD1C37ED78F26036CD1C37ED78FA68368B
:1053F800ED78FA5E36ED78F275363E063E06CD1942
:1054080037ED78F25E36ED78FA8636C38E363E058D
:10541800CD193710DB04ED78F27536ED58FA9B3666
:105428003E00C3DF36CDCD36C0C0DD7200DD232B94
:1054380000E5E17CB5C2A536CDCD36C03E02CD191A
:1054480037CDCD36C03A1A40B7C83E10C9ED78FA04
:10545800D6363E08B7C9ED58FAD6363A1A408232DF
:105468001A4006080608003E03CD19377B2FED5871
:10547800FAFB36ED58F2F336C30337ED58FAFB362C
:10548800C30337AB07CB1AAF10DCC9CDCD36C06A22
:10549800003E02CD1937C3CD363D20FD3A4038E6EF
:1054A80004C80FD1C9F5AFED793A1240FEFB2801C7
:1054B800FBF1C9F6AFE52AB140234EE12805ED78A6
:1054C800E601C03CED79F316071802161FAFB720A6
:1054D80004ED78E60410F71520F4B7C92136400129
:1054E800013816000A5FAE73A32007142CCB01F80D
:1054F80018F25FC50607CD6000C10AA3C8C3FB0345
:10550800F33E01D39CC36900C300400000000000C3
:10551800C303400000000000C30640000000000074
:10552800C309400000000000C30C40000000000058
:10553800C30F400000000000C31240C90000C900AA
:1055480000C90000C90000C90000C90000C9000066
:10555800C33A014D4FAFD39CC30043000000000085
:10556800000000000000C31540AFD3E43E01D3841F
:105578003E50D3EC310042213B0011004001200095
:10558800EDB021003C11013C01FF033620EDB0EDE8
:1055980056CDA000CDD400CCF900C2B900C31A4042
:1055A8003E05ED3C7DFE05C8F521570111C03D01C2
:1055B8003100EDB0C6301218FE218801371F3804BB
:1055C800232318F95E2356EB11C03D7EA728FE124F
:1055D800231318F73E81D3F43ED0CD4701060010BF
:1055E800FE3E0CCD47010600CB4F2808DBF010F833
:1055F800E60218C5E699C818C0110100210043CD7C
:105608000801E61CC8C3B90006810EF4ED410D3E41
:1056180018ED51CD47017BD3F23E81D3F4111681A9
:105628003E80D3F0066410FE3EC0D3E4DBF0A3282E
:10563800FBEDA27AD3F4EDA218FAAFD3E43E81D3FE
:10564800F4DBF0E3E1ED45D3F0066410FEDBF0CBCC
:1056580047C8CB7FC018F65468697320524F4D2055
:10566800636F646520646F6573204E4F5420776FB5
:10567800726B207768656E20656D756C6174696EF4
:1056880067204D6F64656C20E201E2019A01AE016A
:10569800C4019A019A01E2019A01456D756C617421
:1056A8006F72206F7220524F4D2062756700426FF3
:1056B8006F7420736563746F722043524320657260
:1056C800726F7200426F6F7420736563746F72201B
:1056D8006E6F7420666F756E64206F6E20646973D8
:1056E8006B00596F7520646F206E6F742068617647
:1056F800652061206469736B20696D616765206C42
:105708006F616465640000006300000091000000A0
:105718006400000091000000650000009100000096
:105728006600000091000000620000009100000087
:10573800610000009100000060000000910000007E
:1057480033000000930000003500000093000000C3
:105758006700000091000000410000009200000076
:105768004200000092000000430000009200000088
:105778004400000092000000450000009200000074
:105788004600000092000000470000009200000060
:10579800500000009200000051000000920000003C
:1057A8005200000092000000530000009200000028
:1057B8005400000093000000550000009300000012
:1057C80056000000930000005700000093000000FE
:1057D800400000009300000041000000930000001A
:1057E8004200000093000000430000009300000006
:1057F80044000000930000004500000093000000F2
:1058080046000000930000004700000093000000DD
:1058180050000000930000005100000093000000B9
:1058280052000000930000005300000093000000A5
:105838005400000092000000550000009200000093
:10584800560000009200000057000000920000007F
:1058580034000000930000003600000093000000B0
:1058680037000000930000003300000092000000A1
:105878003400000092000000350000009200000093
:105888003600000092000000900000009100000027
:10589800FC3D0210043E0210183E0210383E021071
:1058A800503E0210683E0210803E0210983E0210E0
:1058B800A83E0210B83E0210C83E0210D43E0210A4
:1058C800E83E0210FC3E0210083F02101C3F021086
:1058D800343F0210483F02105C3F0210743F021030
:1058E800883F0210050000000000000000000000D2
:1058F800040E1F0E0400000000150A150A150A15EB
:105908000A150A12121E12121F040404001E101C8B
:10591800101F080E0808000F10100F1E111E141279
:10592800001010101E1E101C101000040A040000A5
:10593800000000000000041F041F00000000001108
:10594800191513111010101F0011110A041F040457
:10595800040400040404041C00000000000000000B
:10596800001C0404040404000000000704040404E8
:105978000404040404070000000000040404041FD5
:1059880004040404041F00000000000000000000DC
:10599800001F00000000000000000000001F0000C1
:1059A8000000000000000000001F000000000000D0
:1059B80000000000001F0004040404070404040499
:1059C80004040404041C0404040404040404041F5C
:1059D8000000000000000000001F04040404040488
:1059E8000404040404040404040004081000100857
:1059F800041E0000100804020408101E0000000025
:105A08001F0A0A0A1200000000011F041F100000EC
:105A180000060A081C080808160000000000000418
:105A2800000000000000000000000000000000046A
:105A38000404040400040000000A0A0A000000002C
:105A48000000000A0A1F0A1F0A0A000000040E14B8
:105A58000E050E04000000181902040813030000C4
:105A6800000C12120C13120D0000000604080000AE
:105A780000000000000408101010080400000010C6
:105A880008040404081000000000110A1F0A11008D
:105A98000000000004040E040400000000000000E0
:105AA800000000060408000000001E0000000000BE
:105AB8000000000000000C0C0000000001020408B7
:105AC8001000000000040A1111110A04000000046B
:105AD8000C040404040E0000000C12020408101E3A
:105AE8000000001E02040C02120C000000040C143A
:105AF800141E04040000001E10141A02120C0000E8
:105B080000040810141A120C0000001E02020404FB
:105B180008080000000C12120C12120C0000000CF5
:105B280012120E02020C000000000C0C00000C0CFB
:105B3800000000000C0C00000C0810000002040813
:105B48001008040200000000001E001E00000000F3
:105B580000100804020408100000000E12020404D9
:105B680000040000000C12161A16100C0000000C9D
:105B780012121E1212120000001C12121C12121C09
:105B8800000000040A1010100A0400000018141283
:105B9800121214180000001E10101C10101E000015
:105BA800001E10101C1010100000000C121010160F
:105BB800120C0000001212121E1212120000000E27
:105BC80004040404040E0000000E04040404140871
:105BD80000000012141418181412000000101010FD
:105BE8001010101E000000121E1E121212120000C9
:105BF8000012121A161612120000000C12121212BB
:105C0800120C0000001C12121C1010100000000CD6
:105C180012121212140A0000001C12121C14141280
:105C28000000000C12100C02120C0000001F0404EB
:105C3800040404040000001212121212120C0000D4
:105C48000011111111110A0400000011111115158C
:105C5800150A000000110A0A040A0A1100000011BE
:105C68000A0A040404040000001E02020408101EAC
:105C78000000001C10101010101C0000000010087C
:105C8800040201000000001C04040404041C0000B9
:105C980000040A11000000000000000000000000DD
:105CA800001E0000000C04020000000000000000BC
:105CB800000C020E120E00000010101C1212121C12
:105CC80000000000000C1210100E00000002020E6E
:105CD8001212120E00000000000C121E100E00001E
:105CE80000040A081C08080800000000010D121230
:105CF8000E02120C0010101C1212121200000004E6
:105D0800000C0404040E0000000200020202021249
:105D1800120C00101012141814120000000C0404C5
:105D28000404040E00000000001A1B1515110000E1
:105D3800000000141A12121200000000000C1212C7
:105D4800120C00000000001C1212121C101000009F
:105D5800000E1212120E0202000000140A080808AF
:105D680000000000000E100C021C00000008081CB7
:105D780008080A040000000000121212120D0000A8
:105D880000000011110A0A0400000000001111159A
:105D9800150A0000000000110A040A1100000000A2
:105DA800001212160A02120C0000001E040C081E33
:105DB800000000060808180808060000000404048B
:105DC8000404040400000018040406040418000075
:105DD800000915120000000000000000000000008B
:105DE8000000000000000404041F0E04000000006E
:105DF80000040E1F04040404000000000800000052
:105E08000000000000000010387CFE7C3810000004
:105E180000CC33CC33CC33CC33CC339090F090904F
:105E28003E08080800784070404F080E08080078BF
:105E38008080783C223C282400808080F01E101C42
:105E48001010003844443800000000000000107CA6
:105E5800107C000000000088C8A898882020203EF8
:105E680000888850203E080808080018181818F8F4
:105E7800000000000000000000F8181818181800AA
:105E88000000001F1818181818181818181F0000F4
:105E980000000018181818FF1818181818FF000024
:105EA800000000000000000000FF000000000000EB
:105EB8000000000000FF00000000000000000000DB
:105EC80000FF0000000000000000000000FF0018B4
:105ED8001818181F181818181818181818F8181853
:105EE80018181818181818FF000000000000000003
:105EF80000FF18181818181818181818181818184B
:105F08001800081020402010087C000040201008CD
:105F18001020407C00000000FE24242444000000DF
:105F28000204FE10FE408000001C2220F82078A603
:105F38004000000000000010000000000000000009
:105F480000000000000000101010101000100000E9
:105F580000484848000000000000004848FC48FC91
:105F68004848000000107C907C127C10000000C2A1
:105F7800C40810204686000000708888708A8472E1
:105F88000000001810200000000000000008102089
:105F98002020100800000020100808081020000029
:105FA80000004428FE2844000000000010107C1067
:105FB8001000000000000000000000181020000081
:105FC80000007C00000000000000000000003030ED
:105FD80000000002040810204080000000384482BD
:105FE800828244380000001030501010107C0000ED
:105FF800007C82021C6080FE000000FE04081C0277
:10600800827C00000008182848FE0808000000FEEE
:1060180080BCC202827C0000003C4080BCC2827C02
:10602800000000FE0204081020200000007C82828C
:106038007C82827C0000007C82867A0204780000E0
:106048000000606000006060000000006060000008
:106058006040800000081020402010080000000068
:1060680000FE00FE000000000020100804081020B8
:106078000000007C820C101000100000007C829E42
:10608800A69A807C00000010284482FE82820000CC
:1060980000FC42427C4242FC0000003C428080807E
:1060A800423C000000F84442424244F8000000FE2E
:1060B8008080F88080FE000000FE8080F88080806C
:1060C8000000003C4280808E423C000000828282B8
:1060D800FE8282820000007C10101010107C0000EC
:1060E800000E040404048478000000828CB0C0B060
:1060F8008C82000000808080808080FE000000820A
:10610800C6AA9282828200000082C2A2928A8682F5
:106118000000007C82828282827C000000FC8282F5
:10612800FC8080800000007C8282828A847A000061
:1061380000FC8282FC8884820000007C82807C02D1
:10614800827C000000FE1010101010100000008269
:1061580082828282827C0000008282444428281045
:106168000000008282829292AA44000000824428A1
:1061780010284482000000824428101010100000EB
:1061880000FE0408102040FE0000003C20202020D3
:10619800203C000000804020100804020000007825
:1061A8000808080808780000001028448200000049
:1061B800000000000000000000FE00000030100891
:1061C80000000000000000000078047C847C0000CF
:1061D800008080B8C484C4B800000000003844803F
:1061E800403C0000000404748C848C74000000009F
:1061F800007884FC80780000001C2220F8202020F1
:10620800000000000474888878088870008080B8CE
:10621800C48484840000001000301010107C00003A
:106228000008000808080888887000808090A0C0CE
:10623800B08C000000301010101010380000000062
:1062480000C4AA9292820000000000B8C48484842A
:10625800000000000078848484780000000000B802
:10626800C484C4B88080000000748C848C740404D6
:1062780000000098644040400000000000788078EA
:1062880004F80000002020F8202024180000000056
:1062980000888888887400000000008282442810E2
:1062A8000000000000828292AA44000000000084DE
:1062B80048304884000000000084848C740484788A
:1062C800000000FC083040FC0000000C10106010BA
:1062D800100C0000001010101010101000000060CA
:1062E80010100C10106000000062928C000000007A
:1062F8000000000000000000000000000000181866
:1063080018FF7E3C18000000183C7EFF181818186B
:10631800000000002463021007FF0100809027A0FE
:1063280046A0A500061842A08300000000000080D7
:106338000004008410001080100418C6108400F8AF
:10634800E007E0FF1F001FF8FF07FFFF0000100035
:1063580015001F0014001F000004100415041F047A
:1063680014041F040005100515051F0514051F0555
:10637800E007F007F507FF07F407FF070006100618
:1063880015061F0614061F06E007F007F507FF07A6
:10639800F407FF070080108015801F8014801F807D
:1063A8000084108415841F8414841F84008510853C
:1063B80015851F8514851F85E087F087F587FF877A
:1063C800F487FF870086108615861F8614861F8629
:1063D800E087F087F587FF87F487FF8700A010A084
:1063E80015A01FA014A01FA000A410A415A41FA4EA
:1063F80014A41FA400A510A515A51FA514A51FA5C5
:10640800E0A7F0A7F5A7FFA7F4A7FFA700A610A687
:1064180015A61FA614A61FA6E0A7F0A7F5A7FFA715
:10642800F4A7FFA700F810F815F81FF814F81FF8DC
:1064380000FC10FC15FC1FFC14FC1FFC00FD10FDEB
:1064480015FD1FFD14FD1FFDE0FFF0FFF5FFFFFF29
:10645800F4FFFFFF00FE10FE15FE1FFE14FE1FFED8
:10646800E0FFF0FFF5FFFFFFF4FFFFFF00C010C0E3
:1064780015C01FC014C01FC000C410C415C41FC459
:1064880014C41FC400C510C515C51FC514C51FC534
:10649800E0C7F0C7F5C7FFC7F4C7FFC700C610C6F7
:1064A80015C61FC614C61FC6E0C7F0C7F5C7FFC785
:1064B800F4C7FFC700E010E015E01FE014E01FE09C
:1064C80000E410E415E41FE414E41FE400E510E51B
:1064D80015E51FE514E51FE5E0E7F0E7F5E7FFE759
:1064E800F4E7FFE700E610E615E61FE614E61FE608
:1064F800E0E7F0E7F5E7FFE7F4E7FFE700008210E1
:106508000421863108428A520C638E731084929457
:1065180014A596B518C69AD61CE79EF74108C31865
:106528004529C739494ACB5A4D6BCF7BEF7B00F8D9
:10653800E007E0FFFF5A1FF8FF07FFFF000000C851
:10654800600660CE1D0019C879063CE7202020208F
:1065580020202020202020202020202030303030F3
:106568003030303030303030303030300A000100D8
:1065780002000300040005000600070008000900E7
:106588000A000B000C000D000E000F0010000000A8
:106598001F0000001C0000001F0000001E0000007B
:1065A8001F0000001E0000001F0000001F00000068
:1065B8001E0000001F0000001E0000001F00000059
:1065C800000000001F0000003B0000005A0000000F
:1065D8007800000097000000B5000000D40000001B
:1065E800F300000011010000300100004E0100001E
:1065F800002020202020202020202828282828208B
:106608002020202020202020202020202020202082
:1066180020881010101010101010101010101010EA
:1066280010040404040404040404041010101010DA
:1066380010104141414141410101010101010101A4
:1066480001010101010101010101010110101010F6
:106658001010424242424242020202020202020276
:1066680002020202020202020202020210101010CA
:1066780020000000000000000000000000000000F2
:106688000000000000000000000000000000000002
:1066980000000000000000000000000000000000F2
:1066A80000000000000000000000000000000000E2
:1066B80000000000000000000000000000000000D2
:1066C80000000000000000000000000000000000C2
:1066D80000000000000000000000000000000000B2
:1066E80000000000000000000000000000000000A2
:1066F800000000000A000100020003000400050079
:1067080006000700080009000A000B000C000D0035
:106718000E000F0010000000050000001900000026
:106728007D00000000000000000000000000F03FB5
:106738000000000000002440000000000000594054
:106748000000000000408F40000000000088C340A7
:1067580000000000006AF8400000000080842E411C
:1067680000000000D01263410000000084D7974168
:106778000000000065CDCD41000000205FA002426E
:10678800000000E876483742000000A2941A6D42E3
:10679800000040E59C30A2420000901EC4BCD642D6
:1067A80000003426F56B0C430080E03779C3414381
:1067B80000A0D8855734764300C84E676DC1AB43F7
:1067C800003D9160E458E143408CB5781DAF154415
:1067D80050EFE2D6E41A4B4492D54D06CFF08044F0
:1067E800F64AE1C7022DB544B49DD9794378EA4405
:1067F800BC89D897B2D29C3C33A7A8D523F649398F
:106808003DA7F444FD0FA5329D978CCF08BA5B25B0
:10681800436FAC642806C80A0080E03779C3414357
:10682800176E05B5B5B89346F5F93FE9034F384DEE
:10683800321D30F94877825A3CBF737FDD4F15759A
:1068480035000000CEFBFFFFCB0300000100000075
:106858000000000034000000CEFBFFFFCB03000067
:106868000100000000000000BC89D897B2D29C3C0F
:1068780033A7A8D523F649393DA7F444FD0FA5321F
:106888009D978CCF08BA5B25436FAC6428066811C6
:1068980000000000000000000000000000000000F0
:1068A80000000000000000000000000000000000E0
:1068B80000000000000000000000000000000000D0
:1068C80010111213141516171819000000000000F3
:1068D800001A1B1C1D1E1F00000000000000000005
:1068E80000000000000000000000000000000000A0
:1068F800001A1B1C1D1E1F000000000000000000E5
:10690800000000000000000000000000000000007F
:10691800000000000000000000000000000000006F
:10692800000000000000000000000000000000005F
:10693800000000000000000000000000000000004F
:10694800000000000000000000000000000000003F
:10695800000000000000000000000000000000002F
:10696800000000000000000000000000000000001F
:10697800000000000000000000000000000000000F
:1069880000000000000000000000000000000000FF
:106998001F0000001C0000001F0000001E00000077
:1069A8001F0000001E0000001F0000001F00000064
:1069B8001E0000001F0000001E0000001F00000055
:1069C8001F0000001D0000001F0000001E00000046
:1069D8001F0000001E0000001F0000001F00000034
:1069E8001E0000001F0000001E0000001F00000025
:0869F8004C61FF7F010000006B
:106A00002848021034480210404802104C48021036
:106A1000584802106448021070480210E8480210FA
:086A2000E0480210D448021006
:106A28004FF050412DE9F0410027044616461D4617
:106A3800D1F8008009E02368C3E88F7F8CF31088C1
:106A48003046294600F0E4FCF0B92168EFF3108CD9
:106A580072B6D1E8CF2F0123002AFAD1C1E8423F0C
:106A6800002AF6D1BFF35F8F94F904E0BEF1000F5E
:106A7800E1DA0023226884F80480C2E88F3F8CF3AF
:106A880010880120BDE8F0810020BDE8F08100BF3A
:106A980030B501460468EFF3108C72B6D4E8CFEF36
:106AA8000125BEF1000FF9D1C4E84E5FBEF1000F19
:106AB800F4D1BFF35F8F90F90440002C11DB002163
:106AC8000568C5E88F1F8CF310884FF0504C9CF96F
:106AD80000C0A44501D1084630BDBDE83040FFF7ED
:106AE8009FBF4FF05040006800230A680871C2E851
:106AF8008F3F8CF31088012030BD00BF0368EFF38F
:106B0800108272B6D3E8CFCF0121BCF1000FF9D1C2
:106B1800C3E84C1FBCF1000FF4D1BFF35F8F4FF0F7
:106B2800FF0C0023016880F804C0C1E88F3F82F39E
:106B3800108840BF704700BFF0B51D4684461C460C
:106B480085B96CB1DCF80C209707FBD514F1080F58
:106B5800F8D011F8012B013CCCF80820002CF1D119
:106B68001846F0BD964664B9DCF80C607007FAD593
:106B7800DCF80860013D01328EF80060002DE0D09D
:106B8800F0E7DCF80C6004F10807B607ECD5AF4273
:106B9800EAD911F8010B013CCCF80800E4E700BF82
:106BA800844610466AB3013900B501EB020EDCF8E1
:106BB8000C309B07FBD511F8013F8E45CCF8083007
:106BC800F5D1DCF80C30590705D5DCF80830DCF8CD
:106BD8000C305907F9D4DCF80C30DA0606D5DCF8A5
:106BE8000C30DA06F7D401E0DCF80830DCF80C30B9
:106BF8005B07F9D40123CCF820305DF804FBDCF8FE
:106C08000830DCF80C305907F9D4DCF80C30DA0617
:106C180006D5DCF80C30DA06F7D401E0DCF80830E9
:106C2800DCF80C305B07F9D40123CCF8203070472E
:106C3800844610466AB3023900B501EB420EDCF80F
:106C48000C309B07FBD531F8023F8E45CCF8083055
:106C5800F5D1DCF80C30590705D5DCF80830DCF83C
:106C68000C305907F9D4DCF80C30DA0606D5DCF814
:106C78000C30DA06F7D401E0DCF80830DCF80C3028
:106C88005B07F9D40123CCF820305DF804FBDCF86D
:106C98000830DCF80C305907F9D4DCF80C30DA0687
:106CA80006D5DCF80C30DA06F7D401E0DCF8083059
:106CB800DCF80C305B07F9D40123CCF8203070479E
:106CC80081F0004102E000BF83F0004330B54FEA95
:106CD80041044FEA430594EA050F08BF90EA020F02
:106CE8001FBF54EA000C55EA020C7FEA645C7FEA95
:106CF800655C00F0E2804FEA5454D4EB5555B8BFB8
:106D08006D420CDD2C4480EA020281EA030382EA28
:106D1800000083EA010180EA020281EA0303362DBA
:106D280088BF30BD11F0004F4FEA01314FF4801C8D
:106D38004CEA113102D0404261EB410113F0004F9F
:106D48004FEA03334CEA133302D0524263EB430356
:106D580094EA050F00F0A780A4F10104D5F1200EF4
:106D68000DDB02FA0EFC22FA05F2801841F100014F
:106D780003FA0EF2801843FA05F359410EE0A5F123
:106D880020050EF1200E012A03FA0EFC28BF4CF054
:106D9800020C43FA05F3C01851EBE37101F000450A
:106DA80007D54FF0000EDCF1000C7EEB00006EEB17
:106DB8000101B1F5801F1BD3B1F5001F0CD34908A1
:106DC8005FEA30004FEA3C0C04F101044FEA4452F8
:106DD80012F5800F80F09A80BCF1004F08BF5FEA7F
:106DE800500C50F1000041EB045141EA050130BD5F
:106DF8005FEA4C0C404141EB0101013C28BFB1F571
:106E0800801FE9D291F0000F04BF01460020B1FABB
:106E180081F308BF2033A3F10B03B3F120020CDA8E
:106E28000C3208DD02F1140CC2F10C0201FA0CF06C
:106E380021FA02F10CE002F11402D8BFC2F1200CD1
:106E480001FA02F120FA0CFCDCBF41EA0C01904087
:106E5800E41AA2BF01EB0451294330BD6FEA0404D0
:106E68001F3C1CDA0C340EDC04F11404C4F12002BB
:106E780020FA04F001FA02F340EA030021FA04F3CD
:106E880045EA030130BDC4F10C04C4F1200220FA24
:106E980002F001FA04F340EA0300294630BD21FA62
:106EA80004F0294630BD94F0000F83F4801306BF28
:106EB80081F480110134013D4EE77FEA645C18BF1C
:106EC8007FEA655C29D094EA050F08BF90EA020FB3
:106ED80005D054EA000C04BF1946104630BD91EAAB
:106EE800030F1EBF0021002030BD5FEA545C05D1AE
:106EF8004000494128BF41F0004130BD14F58004ED
:106F08003CBF01F5801130BD01F0004545F0FE4160
:106F180041F470014FF0000030BD7FEA645C1ABF95
:106F2800194610467FEA655C1CBF0B46024650EACC
:106F3800013406BF52EA033591EA030F41F40021F8
:106F480030BD00BF90F0000F04BF0021704730B57E
:106F58004FF4806404F132044FF000054FF0000153
:106F680050E700BF90F0000F04BF0021704730B514
:106F78004FF4806404F1320410F0004548BF4042E9
:106F88004FF000013EE700BF42004FEAE2014FEA3E
:106F980031014FEA02701FBF12F07F4393F07F4F19
:106FA80081F06051704732F07F4208BF704793F01C
:106FB8007F4F04BF41F40021704730B54FF460742F
:106FC80001F0004521F000411CE700BF50EA010232
:106FD80008BF704730B54FF000050AE050EA0102DB
:106FE80008BF704730B511F0004502D5404261EB4B
:106FF80041014FF4806404F132045FEA915C3FF48C
:10700800D8AE4FF003025FEADC0C18BF03325FEA28
:10701800DC0C18BF033202EBDC02C2F1200300FAD9
:1070280003FC20FA02F001FA03FE40EA0E0021FAFE
:1070380002F11444BDE600BF7BB972B90029BEBF96
:1070480000204FF0004106E008BF00281CBF6FF089
:1070580000414FF0FF3000F0D7B9ADF1080C6DE9F1
:1070680004CE002909DB002B1ADB00F04DF8DDF80F
:1070780004E0DDE9022304B07047404261EB4101BE
:10708800002B1BDB00F040F8DDF804E0DDE902230B
:1070980004B0404261EB4101524263EB4303704745
:1070A800524263EB430300F02FF8DDF804E0DDE91A
:1070B800022304B0404261EB41017047524263EB46
:1070C800430300F021F8DDF804E0DDE9022304B011
:1070D800524263EB4303704753B94AB9002908BFCA
:1070E80000281CBF4FF0FF314FF0FF3000F08CB983
:1070F800ADF1080C6DE904CE00F006F8DDF804E007
:10710800DDE9022304B070472DE9F04F099D0E46D2
:1071180004460F46002B47D18A429446B2FA82F3BE
:107128005AD943B102FA03FCC3F120029F409C40A4
:1071380020FA02F217434FEA1C461FFA8CFE220C73
:10714800B7FBF6F106FB117701FB0EF042EA0742A6
:10715800904208D91CEB020201F1FF3702D290429B
:1071680000F23C813946121AA4B2B2FBF6F006FBD3
:10717800102200FB0EFE44EA0244A64508D91CEB87
:10718800040400F1FF3202D2A64500F22A8110461B
:1071980040EA0140A4EB0E0400211DB1DC400023AD
:1071A800C5E90043BDE8F08F8B4205D90DB1C5E9AB
:1071B800000100210846F5E7B3FA83F100294FD111
:1071C800B342C0F00281824240F2FF800846002D9F
:1071D800E8D0C5E90047E5E7002B40F0AF808A1A00
:1071E8004FEA1C4E1FFA8CF70121B2FBFEF60EFB8C
:1071F8001620220C42EA004207FB06F090420FD903
:107208001CEB020206F1FF382CBF4FF001094FF0CA
:107218000009904203D9B9F1000F00F0DC8046461E
:10722800121AA4B2B2FBFEF00EFB102200FB07F705
:1072380044EA0244A7420FD91CEB040400F1FF32D0
:107248002CBF4FF0010E4FF0000EA74203D9BEF13C
:10725800000F00F0C9801046E41B40EA06409CE796
:10726800C1F120048B4006FA01FC00FA01FE22FA63
:1072780004F7E6408A401F4320FA04F34FEA174810
:1072880043EA0C031FFA87FC4FEA1349B6FBF8F0F0
:1072980008FB106649EA064600FB0CF9B1450ED911
:1072A800BE1900F1FF3A2CBF4FF0010B4FF0000B55
:1072B800B14503D9BBF1000F00F0A2805046A6EB00
:1072C80009061FFA83F9B6FBF8F308FB136603FBFC
:1072D8000CFC49EA0646B4450ED9BE1903F1FF383D
:1072E8002CBF4FF001094FF00009B44503D9B9F19B
:1072F800000F00F08280434643EA0040A6EB0C06EC
:10730800A0FB028C66454346E14602D307D1C64539
:1073180005D2B8EB02036CEB070C0138E1465DB10E
:10732800BEEB030266EB090606FA04F422FA01F33F
:10733800CE401C43C5E90046002133E702FA03FCAE
:10734800C3F1200299409C40D6404FEA1C4E20FAD7
:1073580002F21FFA8CF7B6FBFEF00A430EFB10662A
:10736800110C41EA064100FB07F68E420ED91CEBD0
:10737800010100F1FF382CBF4FF001094FF000095F
:107388008E4202D9B9F1000F34D04046891B92B21F
:10739800B1FBFEF60EFB161142EA014206FB07F1AD
:1073A80091420ED91CEB020206F1FF382CBF4FF0B8
:1073B80001094FF00009914202D9B9F1000F16D026
:1073C8004646521A46EA00410FE7841A66EB030262
:1073D80001201746FBE6023E624421E70239624477
:1073E800C1E664440238D3E66444023834E7023E16
:1073F8006244E6E702386144C8E7023B3E447BE763
:1074080002383E445BE700BF704700BF0000000041
:107418005FF800F079100010100000000000000074
:107428000000010000000000000000000000020051
:107438000000000000000000000003000000000041
:10744800000000000000FF000000000001B54868CF
:1074580001318E460047704609380149884701BD09
:1074680001090010000000000000000000000000FA
:107478000000000000000000E8130020313B00106D
:10748800393C0010813B0010493C0010000000000E
:1074980000010000008009400000000000000940D1
:1074A8000000000000C4FFFF000001000100000010
:1074B8000100000001200000010000002800000079
:1074C800010000000E15E33FE3C20140E3C2814022
:1074D8000500000008000000100000004000000047
:1074E80091000000A00F00009100000088380210F1
:1074F800100000004000000001000000045E0210BF
:10750800FFFFE001E96A0110996A0110C96A0110D8
:107518009D6A01100000000000000000FFFFFFFF4F
:10752800FFFFFFFF000020500101000000000000E5
:10753800280C00200000000000000000C86A02209B
:10754800306B0220986B0220000000000000000051
:107558000000000000000000000000000000000023
:107568000000000000000000000000000000000013
:107578000000000000000000000000000000000003
:1075880000000000000000000000000000000000F3
:1075980000000000000000000000000000000000E3
:1075A80000000000000000000000000000000000D3
:1075B80000000000000000000000000000000000C3
:1075C80000000000000000000000000000000000B3
:1075D80001000000000000000E33CDAB34126DE650
:1075E800ECDE05000B0000000000000000000000B9
:1075F8000000000000000000000000000000000083
:107608000000000000000000000000000000000072
:107618000000000000000000000000000000000062
:107628000000000000000000000000000000000052
:107638000000000000000000000000000000000042
:107648000000000000000000000000000000000032
:107658000000000000000000000000000000000022
:10766800480D0020480D0020500D0020500D00202E
:10767800580D0020580D0020600D0020600D0020DE
:10768800680D0020680D0020700D0020700D00208E
:10769800780D0020780D0020800D0020800D00203E
:1076A800880D0020880D0020900D0020900D0020EE
:1076B800980D0020980D0020A00D0020A00D00209E
:1076C800A80D0020A80D0020B00D0020B00D00204E
:1076D800B80D0020B80D0020C00D0020C00D0020FE
:1076E800C80D0020C80D0020D00D0020D00D0020AE
:1076F800D80D0020D80D0020E00D0020E00D00205E
:10770800E80D0020E80D0020F00D0020F00D00200D
:10771800F80D0020F80D0020000E0020000E0020BB
:10772800080E0020080E0020100E0020100E002069
:10773800180E0020180E0020200E0020200E002019
:10774800280E0020280E0020300E0020300E0020C9
:10775800380E0020380E0020400E0020400E002079
:10776800480E0020480E0020500E0020500E002029
:10777800580E0020580E0020600E0020600E0020D9
:10778800680E0020680E0020700E0020700E002089
:10779800780E0020780E0020800E0020800E002039
:1077A800880E0020880E0020900E0020900E0020E9
:1077B800980E0020980E0020A00E0020A00E002099
:1077C800A80E0020A80E0020B00E0020B00E002049
:1077D800B80E0020B80E0020C00E0020C00E0020F9
:1077E800C80E0020C80E0020D00E0020D00E0020A9
:1077F800D80E0020D80E0020E00E0020E00E002059
:10780800E80E0020E80E0020F00E0020F00E002008
:10781800F80E0020F80E0020000F0020000F0020B6
:10782800080F0020080F0020100F0020100F002064
:10783800180F0020180F0020200F0020200F002014
:10784800280F0020280F0020300F0020300F0020C4
:10785800380F0020380F0020400F0020400F002074
:10786800480F0020480F0020500F0020500F002024
:10787800580F0020580F0020600F0020600F0020D4
:10788800680F0020680F0020700F0020700F002084
:10789800780F0020780F0020800F0020800F002034
:1078A800880F0020880F0020900F0020900F0020E4
:1078B800980F0020980F0020A00F0020A00F002094
:1078C800A80F0020A80F0020B00F0020B00F002044
:1078D800B80F0020B80F0020C00F0020C00F0020F4
:1078E800C80F0020C80F0020D00F0020D00F0020A4
:1078F800D80F0020D80F0020E00F0020E00F002054
:10790800E80F0020E80F0020F00F0020F00F002003
:10791800F80F0020F80F00200010002000100020B1
:10792800081000200810002010100020101000205F
:10793800181000201810002020100020201000200F
:1079480028100020281000203010002030100020BF
:10795800381000203810002040100020401000206F
:10796800481000204810002050100020501000201F
:1079780058100020581000206010002060100020CF
:10798800681000206810002070100020701000207F
:10799800781000207810002080100020801000202F
:1079A80088100020881000209010002090100020DF
:1079B8009810002098100020A0100020A01000208F
:1079C800A8100020A8100020B0100020B01000203F
:1079D800B8100020B8100020C0100020C0100020EF
:1079E800C8100020C8100020D0100020D01000209F
:1079F800D8100020D8100020E0100020E01000204F
:107A0800E8100020E8100020F0100020F0100020FE
:107A1800F8100020F81000200011002000110020AC
:107A2800081100200811002010110020101100205A
:107A3800181100201811002020110020201100200A
:107A480028110020281100203011002030110020BA
:107A5800381100203811002040110020401100206A
:107A6800FFFFFFFF0000020000000000030000000D
:107A7800C86A022043000000000000000000000067
:107A880000000000000000000000000000000000EE
:107A9800000000004300000000000000000000009B
:107AA80000000000000000000000000000000000CE
:107AB800000000004300000000000000000000007B
:107AC80000000000000000000000000000000000AE
:107AD800000000004300000000000000000000005B
:107AE800000000000000000000000000000000008E
:107AF800000000004300000000000000000000003B
:107B0800000000000000000000000000000000006D
:107B1800000000004300000000000000000000001A
:107B2800000000000000000000000000000000004D
:107B380000000000430000000000000000000000FA
:107B4800000000000000000000000000000000002D
:107B5800000000006D2902102D2502100000000011
:107B6800F8650210E8380210083B0210083B0210C2
:107B7800083B0210083B0210083B0210083B0210A9
:107B8800083B0210083B0210083B0210FFFFFFFFF2
:107B9800FFFFFFFFFFFFFFFFFFFF00000100415352
:107BA80043494900000000000000000000000000F8
:107BB8000000000000000000000000000000415329
:107BC80043494900000000000000000000000000D8
:107BD800000000000000000000000000000000009D
:107BE800046C0220000000000100000000000000FA
:107BF8004A00000000000000000000000000000033
:107C0800000000000000000000000000000000006C
:107C180000000000000000004A0000000000000012
:107C2800000000000000000000000000000000004C
:107C3800000000000000000000000000000000003C
:107C4800A8470210A847021000000000000000002A
:107C5800D3DEFFFFFE010000FF010000E084FDFF0E
:047C6800793512ABAD
:040000051000014D99
:00000001FF
